time_s,room_c,dock_c,sink_c,t2_c,t3_c,t4_c,t5_c,t6_c,t7_c,tevap_c,tcond_c,q_room_w,q_dock_w,q_dock_external_w,q_useful_w,q_cascade_w,q_cascade_refrigerant_w,q_dock_refrigerant_w,q_evap_total_w,q_evap_load_requested_w,q_map_capacity_balance_error_w,q_cond_w,refrigerant_q_condenser_stage_w,refrigerant_q_subcooler_w,refrigerant_q_oil_cooling_w,w_air_comp_w,w_air_turb_w,w_air_input_w,w_ref_comp_w,w_total_input_w,w_ref_isentropic_w,refrigerant_compressor_speed_rpm,refrigerant_compressor_map_capacity_w,refrigerant_compressor_volumetric_efficiency,refrigerant_compressor_suction_density_kg_m3,refrigerant_compressor_displacement_m3_per_rev,low_pressure_receiver_enabled,refrigerant_evaporators_series,refrigerant_evaporator_outlet_c,refrigerant_evaporating_pressure_pa,refrigerant_condensing_pressure_pa,refrigerant_pressure_ratio,refrigerant_condensing_pressure_from_tcond_pa,refrigerant_pressure_ratio_from_tcond,refrigerant_compressor_eta_is_effective,m_ref_kg_s,m_air_kg_s,air_low_pressure_pa,air_high_pressure_pa,air_pressure_ratio,air_damper_opening,air_damper_resistance_head_coefficient,air_compressor_map_mass_flow_kg_s,air_compressor_suction_density_kg_m3,air_compressor_suction_mixture_density_kg_m3,air_compressor_volumetric_flow_m3_s,air_compressor_map_volumetric_flow_cfm,air_compressor_map_speed_eval_rpm,air_compressor_map_head_eval_ft,air_compressor_map_d_q_d_speed_m3_s_per_rpm,air_compressor_actual_head_j_kg,air_compressor_actual_head_m,air_compressor_isentropic_head_j_kg,air_compressor_isentropic_head_m,air_compressor_eta_is_target,air_compressor_eta_is_effective,regenerator_ua_w_k,regenerator_ua_ref_w_k,regenerator_air_flow_ratio,regenerator_ua_flow_exponent,cascade_ua_w_k,cascade_ua_ref_w_k,cascade_air_flow_ratio,cascade_ua_flow_exponent,condenser_ua_w_k,condenser_ua_ref_w_k,condenser_sink_flow_ratio,condenser_ua_flow_exponent,dock_evaporator_ua_w_k,dock_evaporator_ua_ref_w_k,dock_evaporator_lmtd_k,dock_evaporator_air_inlet_c,dock_evaporator_air_outlet_c,dock_evaporator_air_delta_t_k,dock_air_m_dot_kg_s,dock_air_m_dot_nominal_kg_s,dock_air_flow_ratio,dock_evaporator_ua_flow_exponent,humidity_ratio_room_kg_kg_da,room_relative_humidity,room_saturation_humidity_ratio_kg_kg_da,room_dry_air_mass_kg,room_moisture_infiltration_dry_air_mass_flow_kg_s,room_moisture_deposition_rate_kg_s,room_moisture_deposition_load_w,room_moisture_cumulative_deposited_water_kg,humidity_ratio_supply_vapor_kg_kg_da,humidity_ratio_supply_ice_kg_kg_da,ice_mass_flow_kg_s,valve_flow_kg_s,cascade_valve_flow_kg_s,dock_valve_flow_kg_s,compressor_map_flow_kg_s,receiver_enabled,receiver_mass_kg,receiver_volume_m3,receiver_liquid_mass_kg,receiver_vapor_mass_kg,receiver_liquid_volume_m3,receiver_liquid_fill_fraction,receiver_liquid_fill_fraction_raw,receiver_overfill_mass_kg,receiver_liquid_feed_fraction,receiver_starvation_flow_multiplier,receiver_outlet_enthalpy_j_kg,receiver_outlet_density_kg_m3,receiver_inlet_m_dot_kg_s,receiver_outlet_m_dot_kg_s,m_ref_cascade_kg_s,m_ref_dock_kg_s,valve_opening,cascade_valve_opening,dock_valve_opening,refrigerant_subcooling_k,refrigerant_superheat_k,refrigerant_cascade_superheat_k,refrigerant_dock_superheat_k,refrigerant_raw_superheat_k,refrigerant_raw_cascade_superheat_k,refrigerant_raw_dock_superheat_k,refrigerant_compressor_work_w,refrigerant_compressor_isentropic_work_w,refrigerant_compressor_eta_is_target,cop_system,cop_room_only,base_room_load_w,base_dock_load_w,infiltration_magnitude_w,infiltration_room_w,infiltration_dock_w,infiltration_q_m3_s,infiltration_q_unprotected_m3_s,infiltration_sensible_w,infiltration_latent_w,infiltration_total_w,infiltration_cumulative_volume_m3,infiltration_velocity_m_s,infiltration_region_density_kg_m3,infiltration_indoor_density_kg_m3,infiltration_outdoor_density_kg_m3,infiltration_room_humidity_ratio_kg_kg_da,infiltration_outdoor_humidity_ratio_kg_kg_da,infiltration_stage,infiltration_door_open_fraction,infiltration_effective_length_m,infiltration_effective_volume_m3,infiltration_maximum_effective_length_m,load_w,dock_load_w,regenerator_model_transient,regenerator_model_lumped_matrix,regenerator_model_two_lump_matrix,regenerator_cell_count,regenerator_gas_effectiveness,regenerator_solid_capacitance_j_k,regenerator_solid_capacitance_per_cell_j_k,regenerator_solid_mean_k,regenerator_matrix_k,regenerator_matrix_c,regenerator_solid_min_k,regenerator_solid_max_k,regenerator_q_hot_to_solid_w,regenerator_q_solid_to_cold_w,regenerator_q_solid_net_total_w,regenerator_q_heat_leak_w,regenerator_q_hot_to_cold_w,regenerator_cell_1_k,regenerator_cell_1_c,regenerator_cell_2_k,regenerator_cell_2_c,regenerator_cell_3_k,regenerator_cell_3_c,regenerator_cell_4_k,regenerator_cell_4_c,regenerator_cell_5_k,regenerator_cell_5_c,regenerator_cell_6_k,regenerator_cell_6_c,cascade_exchanger_model_lumped,cascade_exchanger_cell_count,cascade_exchanger_solid_capacitance_j_k,cascade_exchanger_solid_capacitance_per_cell_j_k,cascade_exchanger_matrix_mean_k,cascade_exchanger_matrix_mean_c,cascade_exchanger_matrix_min_k,cascade_exchanger_matrix_max_k,cascade_exchanger_q_air_to_matrix_w,cascade_exchanger_q_matrix_to_refrigerant_w,cascade_exchanger_q_matrix_net_total_w,cascade_exchanger_q_heat_leak_w,cascade_exchanger_air_side_ua_w_k,cascade_exchanger_refrigerant_side_ua_w_k,cascade_exchanger_air_effectiveness,cascade_exchanger_air_capacity_rate_w_k,cascade_exchanger_cell_1_k,cascade_exchanger_cell_1_c,lpr_inventory_enabled,lpr_volume_m3,lpr_liquid_mass_kg,lpr_vapor_mass_kg,lpr_liquid_volume_m3,lpr_vapor_volume_m3,lpr_liquid_fill_fraction,lpr_liquid_fill_fraction_raw,lpr_overfill_mass_kg,lpr_volume_residual_m3,lpr_evaporator_outlet_quality,lpr_evaporator_outlet_quality_raw,lpr_return_superheat_k,lpr_vapor_return_m_dot_kg_s,lpr_liquid_return_m_dot_kg_s,lpr_boil_off_m_dot_kg_s,lpr_boil_off_heat_w,lpr_liquid_carryover_m_dot_kg_s,lpr_suction_enthalpy_j_kg,lpr_suction_temperature_k,lpr_suction_superheat_k,lpr_suction_vapor_quality,lpr_h_fg_j_kg,lpr_cp_vapor_j_kg_k,startup_initialization_enabled,startup_iterations,startup_newton_iterations,startup_cost,startup_solved_air_cycle_compressor_mass_flow_speed_rpm,startup_solved_air_cycle_pressure_ratio,startup_solved_air_cycle_regenerator_ua_w_k,startup_solved_boundary_conditions_load_after_w,startup_solved_boundary_conditions_load_before_w,startup_solved_boundary_conditions_sink_m_dot_kg_s,startup_solved_vcc_cycle_cascade_ua_w_k,startup_solved_vcc_cycle_compressor_displacement_m3_per_rev,startup_solved_vcc_cycle_condenser_ua_w_k,startup_solved_vcc_cycle_dock_evaporator_ua_w_k,startup_solved_vcc_cycle_expansion_valves_cascade_flow_coefficient_m2,startup_solved_vcc_cycle_expansion_valves_cascade_opening,newton_iterations,pid_open_loop_air_speed_step_output
0.0,-30.0,5.0,35.0,30.84775685509669,5.0,-26.5,-40.00001469450069,1.5,-4.999999999999602,-5.0,40.0,35353.7532153836,15450.0,15450.0,50803.7532153836,87551.70349521976,82258.3529299623,15450.0,97708.3529299623,97708.3529299623,97708.3529299623,123773.55681777591,119268.77796709444,4504.778850681467,0.0,99406.92806322286,47208.97778338671,57997.722533151275,26065.2038878136,84062.92642096488,19891.006725441013,1450.0,0.0,0.886918697191838,2.8846981178461464,0.0014947306377116572,1.0,1.0,-4.999999999999602,354655.9902153604,1554533.227914083,4.383214356453171,1554533.227914083,4.383214356453171,0.7631249235975,0.09241955431130137,3.3699304502360934,101325.0,128351.07116782667,1.2667265844345095,1.0,0.0,3.3699304502360934,1.2847212910722052,1.2850212022149787,2.6230829002791807,5557.997904371698,14200.501253132832,6454.11178072111,0.00048155034846614024,29498.213548074422,3007.9806608856666,19291.772021735764,1967.2132707637945,0.6539979782265523,0.6539979782265523,30484.863174865135,30484.863174865135,1.0,0.8,4324.433322199387,4324.433322199387,1.0,0.8,17892.472591228227,17892.472591228227,1.0,0.8,2034.6934298245008,2034.6934298245008,7.593281510390789,5.0,0.6076759061833688,4.392324093816631,3.5,3.5,1.0,0.6,0.0002334323654385558,1.0,0.0002334323654385558,198.92221095423284,0.0,0.0,0.0,0.0,7.885554614010179e-05,0.00015457681929845402,0.0005209131302545024,0.09241955431130136,0.09241955431130136,0.09241955431130136,0.09241955431130137,0.0,0.0,0.0,0.0,0.0,0.0,1.0,1.0,0.0,1.0,1.0,487378.5533508723,595.762855415961,0.0,0.09241955431130136,0.09241955431130137,0.09241955431130137,0.375,0.375,0.5,10.0,3.979039320256561e-13,3.979039320256561e-13,3.979039320256561e-13,3.979039320256561e-13,3.979039320256561e-13,3.979039320256561e-13,26065.2038878136,19891.006725441013,0.7631249235975,0.6043538498882594,0.4205629606366707,35353.7532153836,15450.0,0.0,0.0,0.0,0.0,0.0,0.0,0.0,0.0,0.0,0.0,0.0,0.0,0.0,0.0,0.0,0.0,0.0,0.0,0.0,0.0,35353.7532153836,15450.0,1.0,0.0,0.0,6.0,0.9,143955.44449186765,23992.574081977942,260.65000000000003,260.65000000000003,-12.499999999999943,244.89999999999998,276.4,106683.57322834912,106683.57322834912,0.0,0.0,nan,276.4,3.25,270.09999999999997,-3.0500000000000114,263.79999999999995,-9.350000000000023,257.5,-15.649999999999977,251.2,-21.94999999999999,244.89999999999998,-28.25,1.0,1.0,25732.562594332754,25732.562594332754,277.66088232852275,4.510882328522769,277.66088232852275,277.66088232852275,82258.35292996248,82258.3529299623,1.7462298274040222e-10,0.0,8648.866644398773,8648.866644398773,0.9222077657657849,3386.780102487274,277.66088232852275,4.510882328522769,1.0,0.002,0.12907645846231844,0.0051924566121229875,0.0002000000000000002,0.0017999999999999737,0.1000000000000001,0.1000000000000001,0.0,-2.6020852139652106e-17,0.95522707888413,0.95522707888413,0.0,0.08828166089655762,0.004137893414743754,0.0,0.0,0.0,1601879.7459044957,268.1500000000004,0.0,1.0,1279238.016715626,2619.5792953536006,1.0,233.0,233.0,0.0,14200.501253132832,1.2667265844345095,30484.863174865135,35353.7532153836,35353.7532153836,6.175450114020733,4324.433322199387,0.0014947306377116572,17892.472591228227,2034.6934298245008,6.517971929346776e-06,0.375,0.0,
30.0,-29.88389903864577,5.079021759627558,34.945296071356594,29.83041830537843,5.530928900467275,-26.348495021530482,-39.85910522807387,0.8392737925386179,-5.268027779987051,-5.2680277799874515,39.677333518244616,35583.435849091125,15986.191538705187,15986.191538705187,51569.62738779631,83068.14000621763,84925.39238012127,15986.191538705187,100911.58391882645,100911.58391882645,100911.58391882645,126764.84457035497,122105.35721166286,4659.487358692095,0.0,99106.6277573026,47669.263285088215,57152.62719134932,25853.260651528522,83005.88784287784,19704.80523743928,1450.0,0.0,0.8867229632502226,2.8563298419600596,0.0014947306377116572,1.0,1.0,-5.268027779987051,350966.05502630555,1540667.7653000539,4.389791386476331,1540667.7653000539,4.389791386476331,0.7621787248825912,0.09790120898746948,3.4010775536618216,101325.0,128351.07116782667,1.2667265844345095,1.0,0.0,3.4010775536618216,1.2878194015001987,1.2881200358798681,2.6409584680117875,5595.874087387761,14200.501253132832,6438.58630787141,0.00047314602413655547,29139.772967128592,2971.429893707698,19245.365344423368,1962.481106639206,0.6604500785278352,0.6604500785278352,30710.064454072042,30484.863174865135,1.0092426546736435,0.8,4356.379272240823,4324.433322199387,1.0092426546736435,0.8,17892.472591228227,17892.472591228227,1.0,0.8,2034.6934298245008,2034.6934298245008,7.856805995625619,5.079021759627558,0.5342622603510305,4.544759499276528,3.5,3.5,1.0,0.6,0.0002334323654385558,0.9879945287993376,0.00023626888472979193,198.82727351808688,0.0,0.0,0.0,0.0,8.012228461543429e-05,0.0001533100808231215,0.0005214194746375983,0.09203678678320813,0.09203678678320813,0.09203678678320813,0.09149049998095346,0.0,0.0,0.0,0.0,0.0,0.0,1.0,1.0,0.0,1.0,1.0,486933.8767103298,595.8916604603777,0.0,0.09203678678320813,0.09790120898746818,0.09790120898747078,0.375,0.375,0.5,9.768617079371586,3.979039320256561e-13,3.979039320256561e-13,3.979039320256561e-13,3.979039320256561e-13,3.979039320256561e-13,3.979039320256561e-13,25853.260651528522,19704.80523743928,0.7621787248825912,0.6212767398550408,0.4286856845197192,35353.7532153836,15450.0,0.0,0.0,0.0,0.0,0.0,0.0,0.0,0.0,0.0,0.0,0.0,0.0,0.0,0.0,0.0,0.0,0.0,0.0,0.0,0.0,35353.7532153836,15450.0,1.0,0.0,0.0,6.0,0.9,143955.44449186765,23992.574081977942,260.9313178563023,260.9313178563023,-12.218682143697663,245.01899432175446,276.84364135898556,109620.6816195191,108270.79303473893,1349.8885847801857,0.0,nan,276.84364135898556,3.6936413589855874,270.4787120080564,-2.6712879919435863,264.11378261013294,-9.036217389867033,257.74885310238045,-15.401146897619526,251.3839237365041,-21.766076263495876,245.01899432175446,-28.131005678245515,1.0,1.0,25732.562594332754,25732.562594332754,277.7012232122938,4.5512232122938485,277.7012232122938,277.7012232122938,79525.58605949818,84925.39238012127,-5399.806320623087,0.0,8648.866644398773,8648.866644398773,0.9203670027418808,3418.0829414301306,277.7012232122938,4.5512232122938485,1.0,0.002,0.32133328084484647,0.005073491035551416,0.0004976197708776263,0.001776227297359294,0.24880988543881316,0.24880988543881316,0.0,0.00027384706823692026,0.9344708227373607,0.9344708227373607,0.0,0.0914858233095029,0.006415385677966583,0.0,0.0,0.0,1601570.8238398086,267.8819722200129,0.0,1.0,1280160.1025263267,2615.807858961276,,,,,,,,,,,,,,,,,9.0,14200.501253132832
60.0,-30.178066211588074,4.941901244505783,34.797828109319894,28.210986381769203,4.255753485678966,-26.73396449485925,-40.21767944851888,-0.23686113561193461,-6.009393660710657,-6.009393660711001,39.58399067199781,36315.88462181796,16919.75062855993,16919.75062855993,53235.63525037789,83087.54429907161,78917.05454057935,16919.75062855993,95836.80516913929,95836.80516913929,95836.80516913929,121398.0552847083,118086.83063062781,3311.2246540804967,0.0,98669.95662078305,48303.648310649485,55962.56478903729,25561.25011556902,81523.81490460632,19469.967195053003,1450.0,0.0,0.8832303355554765,2.779009151482283,0.0014947306377116572,1.0,1.0,-6.009393660710657,340916.466928779,1536674.1734265967,4.507480050084011,1536674.1734265967,4.507480050084011,0.7616985517932123,0.09781885039246653,3.450759743137704,101325.0,128351.07116782667,1.2667265844345095,1.0,0.0,3.450759743137704,1.2928974547037602,1.293199274527113,2.6690127129443315,5655.31766598271,14200.501253132832,6413.297869358187,0.00045968921275875245,28593.69065522496,2915.744995000837,19169.776509405037,1954.7731905803755,0.6704198048635642,0.6704198048635642,31068.427911363582,30484.863174865135,1.0239854483928437,0.8,4407.2149564058045,4324.433322199387,1.0239854483928437,0.8,17892.472591228227,17892.472591228227,1.0,0.8,2034.6934298245008,2034.6934298245008,8.315626511861947,4.941901244505783,0.13173759743828395,4.810163647067499,3.5,3.5,1.0,0.6,0.0002334323654385558,1.0187198307132737,0.00022914285007597646,199.0693670133044,0.0,0.0,0.0,0.0,7.693514255014986e-05,0.00015649722288840594,0.0005400343166561596,0.09193385275724754,0.09193385275724754,0.09193385275724754,0.08866324910756758,0.0,0.0,0.0,0.0,0.0,0.0,1.0,1.0,0.0,1.0,1.0,500216.2759661663,591.5483271709825,0.0,0.09193385275724754,0.09781885039246539,0.09781885039246767,0.375,0.375,0.5,6.926904289904226,3.410605131648481e-13,3.410605131648481e-13,3.410605131648481e-13,3.410605131648481e-13,3.410605131648481e-13,3.410605131648481e-13,25561.25011556902,19469.967195053003,0.7616985517932123,0.6530071649943106,0.4454635085994487,35353.7532153836,15450.0,0.0,0.0,0.0,0.0,0.0,0.0,0.0,0.0,0.0,0.0,0.0,0.0,0.0,0.0,0.0,0.0,0.0,0.0,0.0,0.0,35353.7532153836,15450.0,1.0,0.0,0.0,6.0,0.9,143955.44449186765,23992.574081977942,260.2856969686067,260.2856969686067,-12.864303031393263,244.7360479538947,275.83534941401496,105926.0838853595,109024.43152878871,-3098.347643429215,0.0,nan,275.83534941401496,2.685349414014979,269.61548941668894,-3.5345105833110324,263.395621381805,-9.754378618195005,257.1757682466983,-15.974231753301694,250.95590539853862,-22.19409460146136,244.7360479538947,-28.413952046105265,1.0,1.0,25732.562594332754,25732.562594332754,276.26516077922685,3.115160779226869,276.26516077922685,276.26516077922685,79844.84940806615,78917.05454057935,927.7948674867948,0.0,8648.866644398773,8648.866644398773,0.9174124590124734,3468.0135418533923,276.26516077922685,3.115160779226869,1.0,0.002,0.5981704439030394,0.003466251458786533,0.0009249153362835498,0.0012472976049530766,0.4624576681417749,0.4624576681417749,0.0,0.00017221294123662655,0.9058573559443461,0.9058573559443461,0.0,0.0886099251780353,0.009208925214431235,0.0,0.0,0.0,1600710.9504458678,267.1406063392893,0.0,1.0,1282703.298859004,2605.4456891878554,,,,,,,,,,,,,,,,,13.0,14200.501253132832
90.0,-30.282208001096457,4.930585923010727,34.77532927158819,27.823971246276074,4.210923957198114,-26.839500326855074,-40.32172387288881,-0.49793360686038934,-6.038807033554349,-6.038807033554618,38.70994013079639,36425.5504471995,16947.712117893458,16947.712117893458,53373.262565092955,82183.67888547682,80822.62179386723,16947.712117893458,97770.3339117607,97770.3339117607,97770.3339117607,123004.70831541858,120326.27621718426,2678.432098234327,0.0,98572.55209382014,48432.026771632256,55711.694802430975,25234.374403657883,80946.06920608885,19163.018840518387,1450.0,0.0,0.886300630000845,2.775975950377577,0.0014947306377116572,1.0,1.0,-6.038807033554349,340522.468889962,1499657.3075912397,4.403989294685414,1499657.3075912397,4.403989294685414,0.7594013837624833,0.08918282967302793,3.4627105169943806,101325.0,128351.07116782667,1.2667265844345095,1.0,0.0,3.4627105169943806,1.2941443647932436,1.2944409241597834,2.675675613321234,5669.435552355237,14200.501253132832,6407.118210894011,0.0004564449783182646,28466.87634153742,2902.813533830352,19151.305096712873,1952.8896306804947,0.6727575188419342,0.6727575188419342,31154.475825354682,30484.863174865135,1.0275317452773505,0.8,4419.421291872504,4324.433322199387,1.0275317452773505,0.8,17892.472591228227,17892.472591228227,1.0,0.8,2034.6934298245008,2034.6934298245008,8.329368871729859,4.930585923010727,0.11247302524428626,4.818112897766441,3.5,3.5,1.0,0.6,0.00022914285007597646,1.010918786418904,0.00022666791156161615,199.15552024187838,0.0,2.8463703600750466e-05,80.66613600452682,0.000853911108022514,7.603254170546794e-05,0.00015311030837050852,0.0005301766750548125,0.09052413687968101,0.09052413687968101,0.09052413687968101,0.08887435166066786,0.0,0.0,0.0,0.0,0.0,0.0,1.0,1.0,0.0,1.0,1.0,499723.77362911456,591.6669675505497,0.0,0.09052413687968101,0.0891828296730268,0.08918282967302905,0.375,0.375,0.5,6.152163799620544,2.8421709430404007e-13,2.8421709430404007e-13,2.8421709430404007e-13,2.8421709430404007e-13,2.8421709430404007e-13,2.8421709430404007e-13,25234.374403657883,19163.018840518387,0.7594013837624833,0.659368182897239,0.44999776770456856,35353.7532153836,15450.0,0.0,0.0,0.0,0.0,0.0,0.0,0.0,0.0,0.0,0.0,0.0,0.0,0.0,0.0,0.0,0.0,0.0,0.0,0.0,0.0,35434.419351388126,15450.0,1.0,0.0,0.0,6.0,0.9,143955.44449186765,23992.574081977942,260.13670926064884,260.13670926064884,-13.013290739351135,244.61118421426602,275.6622347371247,107675.72663599624,108390.74637407922,-715.0197380829856,0.0,nan,275.6622347371247,2.512234737124743,269.45202468107243,-3.697975318927547,263.2418135966901,-9.908186403309855,257.03160440637,-16.118395593629998,250.82139392837016,-22.32860607162982,244.61118421426602,-28.53881578573396,1.0,1.0,25732.562594332754,25732.562594332754,276.4560730665692,3.3060730665692404,276.4560730665692,276.4560730665692,78215.35648866021,80822.62179386723,-2607.2653052070236,0.0,8648.866644398773,8648.866644398773,0.9166985495331553,3480.0240695793523,276.4560730665692,3.3060730665692404,1.0,0.002,0.6078222110076515,0.003009121721549259,0.0009397823233155089,0.001083986956421568,0.46989116165775446,0.46989116165775446,0.0,2.3769279737076692e-05,0.996365855802852,0.996365855802852,0.0,0.08885872641008645,0.00032410326294147524,0.0,0.0,0.0,1600676.6726013182,267.1111929664456,0.0,1.0,1282803.9789860037,2605.0366761809173,,,,,,,,,,,,,,,,,9.0,14200.501253132832
120.0,-30.28079335881525,4.932370998462745,34.775308543469976,27.769780775439017,4.2136855862022955,-26.839475006430906,-40.3250688110478,-0.5344252563379854,-6.0432359775090845,-6.043235977509452,38.70989621032333,36460.130689739504,16957.312777877043,16957.312777877043,53417.44346761655,82025.38049540311,80814.29107849703,16957.312777877043,97771.60385637407,97771.60385637407,97771.60385637407,123004.4786384944,120326.74046636568,2677.7381721287247,0.0,98558.91865646603,48443.247805234605,55684.07872359047,25232.87478212033,80916.9535057108,19161.835607369812,1450.0,0.0,0.8862779832505993,2.775519450096972,0.0014947306377116572,1.0,1.0,-6.0432359775090845,340463.1732964932,1499655.4646326127,4.404750887188125,1499655.4646326127,4.404750887188125,0.759399623420936,0.08916228950829176,3.4644124198976263,101325.0,128351.07116782667,1.2667265844345095,1.0,0.0,3.4644124198976263,1.2943227444406709,1.2946161411477786,2.676621758195819,5671.44031981021,14200.501253132832,6406.235106403127,0.00045598278555645773,28448.956622600508,2900.9862310371545,19148.665438292268,1952.6204604316733,0.6730884964364607,0.6730884964364607,31166.725024266754,30484.863174865135,1.0280367713983276,0.8,4421.158903212328,4324.433322199387,1.0280367713983276,0.8,17892.472591228227,17892.472591228227,1.0,0.8,2034.6934298245008,2034.6934298245008,8.334087351596585,4.932370998462745,0.11152870198028797,4.820842296482457,3.5,3.5,1.0,0.6,0.00022666791156161615,0.9998524339136786,0.00022670136499481215,199.15436021906874,0.0,1.6429922246469613e-05,46.56239964649488,0.0013468087754166024,7.600368697985466e-05,0.0001506642245817615,0.0005219630108752998,0.09052636383977741,0.09052636383977741,0.09052636383977741,0.08885746601689594,0.0,0.0,0.0,0.0,0.0,0.0,1.0,1.0,0.0,1.0,1.0,499724.42133577,591.6667527683861,0.0,0.09052636383977741,0.08916228950829064,0.08916228950829289,0.375,0.375,0.5,6.1519861395131965,3.410605131648481e-13,3.410605131648481e-13,3.410605131648481e-13,3.410605131648481e-13,3.410605131648481e-13,3.410605131648481e-13,25232.87478212033,19161.835607369812,0.759399623420936,0.6601514411173001,0.45058704152976164,35353.7532153836,15450.0,0.0,0.0,0.0,0.0,0.0,0.0,0.0,0.0,0.0,0.0,0.0,0.0,0.0,0.0,0.0,0.0,0.0,0.0,0.0,0.0,35400.31561503009,15450.0,1.0,0.0,0.0,6.0,0.9,143955.44449186765,23992.574081977942,260.1350592217519,260.1350592217519,-13.014940778248103,244.60989224121124,275.6602080312042,107792.83752059369,108388.27268591027,-595.4351653165911,0.0,nan,275.6602080312042,2.510208031204229,269.4501560058359,-3.699843994164098,263.24009754417636,-9.909902455823612,257.0300352772015,-16.1199647227985,250.81996623088236,-22.33003376911762,244.60989224121124,-28.540107758788736,1.0,1.0,25732.562594332754,25732.562594332754,276.4506809079283,3.3006809079283244,276.4506809079283,276.4506809079283,78089.37939255738,80814.29107849703,-2724.9116859396454,0.0,8648.866644398773,8648.866644398773,0.9165967842015347,3481.7344819971145,276.4506809079283,3.3006809079283244,1.0,0.002,0.6078267027215694,0.0030091203600448486,0.0009397806915259932,0.0010841647533544449,0.4698903457629966,0.4698903457629966,0.0,2.3945444880438087e-05,0.9965784025565574,0.9965784025565574,0.0,0.0888572120464587,0.00030507746183306133,0.0,0.0,0.0,1600671.510112742,267.1067640224909,0.0,1.0,1282819.137532465,2604.9751025501605,,,,,,,,,,,,,,,,,9.0,14200.501253132832
150.0,-30.310547981716976,4.9161217629910015,34.75802576288584,27.411956630554073,4.0205475107234765,-26.873384239368757,-40.356626466941066,-0.7779162802033446,-6.190796111548423,-6.19079611154869,37.90571370062835,36578.2036817609,17160.188116163823,17160.188116163823,53738.39179792472,81710.38345863196,80612.79138159257,17160.188116163823,97772.9794977564,97772.9794977564,97772.9794977564,122657.50810337176,120051.48073923468,2606.0273641370763,0.0,98472.27728030704,48591.44246514749,55423.14979462172,24884.528605615353,80307.67840023707,18846.51076471628,1450.0,0.0,0.8884582040468861,2.7603439869294975,0.0014947306377116572,1.0,1.0,-6.190796111548423,338492.24115822616,1466197.0673584852,4.331552954778424,1466197.0673584852,4.331552954778424,0.7573585605500859,0.0887774107452553,3.4754056025003712,101325.0,128351.07116782667,1.2667265844345095,1.0,0.0,3.4754056025003712,1.295479823264433,1.2957734822578353,2.6827168899804414,5684.35517266606,14200.501253132832,6400.512397059116,0.00045299633108030206,28334.038826852735,2889.267877088785,19131.55987709931,1950.8761786236187,0.6752147123821948,0.6752147123821948,31245.817897933444,30484.863174865135,1.0312989107110173,0.8,4432.378630736471,4324.433322199387,1.0312989107110173,0.8,17892.472591228227,17892.472591228227,1.0,0.8,2034.6934298245008,2034.6934298245008,8.433795413417121,4.9161217629910015,0.03760346415267257,4.878518298838329,3.5,3.5,1.0,0.6,0.00022666791156161615,1.0029611931411666,0.00022599868580330275,199.17897643938838,0.0,0.0,0.0,0.0013468087754166024,7.573195640118207e-05,0.00015093595516043408,0.0005245636641833174,0.08936660924865562,0.08936660924865562,0.08936660924865562,0.08858901978549844,0.0,0.0,0.0,0.0,0.0,0.0,1.0,1.0,0.0,1.0,1.0,496443.95869980415,592.7036731788164,0.0,0.08936660924865562,0.08877741074525419,0.08877741074525643,0.375,0.375,0.5,6.0229336233940165,2.8421709430404007e-13,2.8421709430404007e-13,2.8421709430404007e-13,2.8421709430404007e-13,2.8421709430404007e-13,2.8421709430404007e-13,24884.528605615353,18846.51076471628,0.7573585605500859,0.6691563355885293,0.4554757952217545,35353.7532153836,15450.0,0.0,0.0,0.0,0.0,0.0,0.0,0.0,0.0,0.0,0.0,0.0,0.0,0.0,0.0,0.0,0.0,0.0,0.0,0.0,0.0,35353.7532153836,15450.0,1.0,0.0,0.0,6.0,0.9,143955.44449186765,23992.574081977942,260.02232241578594,260.02232241578594,-13.127677584214041,244.56320508281672,275.48142177590506,107642.87195742979,108197.0252830248,-554.1533255950244,0.0,nan,275.48142177590506,2.331421775905085,269.29778886057403,-3.852211139425947,263.11415090124973,-10.035849098750248,256.9305082347428,-16.219491765257203,250.7468596394272,-22.403140360572763,244.56320508281672,-28.586794917183255,1.0,1.0,25732.562594332754,25732.562594332754,276.27982295867355,3.1298229586735715,276.27982295867355,276.27982295867355,77682.80380884971,80612.79138159257,-2929.987572742859,0.0,8648.866644398773,8648.866644398773,0.9159388664056853,3492.782630512873,276.27982295867355,3.1298229586735715,1.0,0.002,0.6111894839399997,0.0030088275775155934,0.0009446928290700874,0.001090019067102756,0.4723464145350437,0.4723464145350437,0.0,3.47118961728436e-05,0.9978741413561791,0.9978741413561791,0.0,0.08858868251924647,0.00018872822600883641,0.0,0.0,0.0,1600499.3499258603,266.95920388845155,0.0,1.0,1283323.9614162366,2602.925711673132,,,,,,,,,,,,,,,,,10.0,14200.501253132832
180.0,-30.47694681918147,4.688546855363341,34.710498832366675,27.233949733804934,3.6613377014565303,-27.035587568606,-40.50851461999116,-0.8995311642323778,-6.607768425120071,-6.607768425120312,36.836052501687035,36559.37457233877,17452.807108347242,17452.807108347242,54012.181680686015,82473.04471544393,79313.84177692355,17452.807108347242,96766.6488852708,96766.6488852708,96766.6488852708,121113.590455526,118628.42611263736,2485.1643428886478,0.0,98430.0689560483,48638.102298613565,55324.407397149706,24346.94157025521,79671.34896740492,18375.02807759639,1450.0,0.0,0.8902267288743038,2.717815429691534,0.0014947306377116572,1.0,1.0,-6.607768425120071,332971.2485967619,1422572.4304413928,4.272358158359103,1422572.4304413928,4.272358158359103,0.7547160707875219,0.08769714996177475,3.480883518428563,101325.0,128351.07116782667,1.2667265844345095,1.0,0.0,3.480883518428563,1.2960599110339832,1.296352834119682,2.6857427567924312,5690.766621346602,14200.501253132832,6397.649551664665,0.00045150796294967836,28277.323396470423,2883.484512700099,19123.00264063368,1950.0035833473898,0.6762663627145352,0.6762663627145352,31285.21128602392,30484.863174865135,1.032924438599229,0.8,4437.966783753777,4324.433322199387,1.032924438599229,0.8,17892.472591228227,17892.472591228227,1.0,0.8,2034.6934298245008,2034.6934298245008,8.577610195484146,4.688546855363341,-0.2731609224183913,4.961707777781732,3.5,3.5,1.0,0.6,0.00022599868580330275,1.0175267169634459,0.00022210589858292796,199.3167988417616,0.0,4.44319005159122e-06,12.592000606209519,0.001480104476964339,7.44366281114049e-05,0.00015156205769189786,0.0005275698686388463,0.08794275795339766,0.08794275795339766,0.08794275795339766,0.08739775518620078,0.0,0.0,0.0,0.0,0.0,0.0,1.0,1.0,0.0,1.0,1.0,492206.81680472085,594.0391860087384,0.0,0.08794275795339766,0.08769714996177363,0.08769714996177584,0.375,0.375,0.5,5.826516511280507,2.2737367544323206e-13,2.2737367544323206e-13,2.2737367544323206e-13,2.2737367544323206e-13,2.2737367544323206e-13,2.2737367544323206e-13,24346.94157025521,18375.02807759639,0.7547160707875219,0.6779373310571588,0.45887731344044286,35353.7532153836,15450.0,0.0,0.0,0.0,0.0,0.0,0.0,0.0,0.0,0.0,0.0,0.0,0.0,0.0,0.0,0.0,0.0,0.0,0.0,0.0,0.0,35366.34521598981,15450.0,1.0,0.0,0.0,6.0,0.9,143955.44449186765,23992.574081977942,259.77898458699804,259.77898458699804,-13.371015413001942,244.40420897174408,275.1537648925533,106894.54980050973,108071.438210473,-1176.8884099632767,0.0,nan,275.1537648925533,2.0037648925533063,269.00385103993426,-4.146148960065716,262.853938357827,-10.296061642172958,256.7040270638857,-16.445972936114288,250.55411719604407,-22.595882803955902,244.40420897174408,-28.745791028255894,1.0,1.0,25732.562594332754,25732.562594332754,275.712663382646,2.562663382646008,275.712663382646,275.712663382646,79023.8498793617,79313.84177692355,-289.9918975618493,0.0,8648.866644398773,8648.866644398773,0.9156106538270408,3498.2879360207057,275.712663382646,2.562663382646008,1.0,0.002,0.6194466327962528,0.0030082425994390955,0.0009566348840618554,0.0011068605198773652,0.47831744203092774,0.47831744203092774,0.0,6.349540393922083e-05,0.9965861271196259,0.9965861271196259,0.0,0.08739776303983414,0.0002993869219406026,0.0,0.0,0.0,1600011.1837663427,266.5422315748799,0.0,1.0,1284748.2113724365,2597.1562870703087,,,,,,,,,,,,,,,,,14.0,14200.501253132832
210.0,-30.563802377858607,4.545559223171218,34.68351604904711,27.287807722482853,3.621249769934349,-27.076668209626227,-40.55206080721689,-0.862280177802524,-6.6923745908419505,-6.69237459084219,36.55077468770108,36374.66641457953,17362.607742650714,17362.607742650714,53737.27415723025,82763.1711105026,79276.93237312579,17362.607742650714,96639.5401157765,96639.5401157765,96639.5401157765,120851.17779819775,118403.98694327008,2447.1908549276695,0.0,98442.3060839166,48589.202710335594,55392.33708175667,24211.637682421242,79603.97476417791,18256.73107266586,1450.0,0.0,0.8908326396853921,2.7092496443077843,0.0014947306377116572,1.0,1.0,-6.6923745908419505,331859.6959606301,1411105.6243293488,4.25211510016195,1411105.6243293488,4.25211510016195,0.7540477563779622,0.0873307583095306,3.479287555699399,101325.0,128351.07116782667,1.2667265844345095,1.0,0.0,3.479287555699399,1.2958907084963078,1.296178548451047,2.684861873681157,5688.900135736888,14200.501253132832,6398.484484518465,0.0004519416483381742,28293.811450754874,2885.1658263275303,19125.498310807398,1950.2580708812284,0.6759604779333162,0.6759604779333162,31273.735505096014,30484.863174865135,1.0324508493804803,0.8,4436.338885699643,4324.433322199387,1.0324508493804803,0.8,17892.472591228227,17892.472591228227,1.0,0.8,2034.6934298245008,2034.6934298245008,8.533279504494347,4.545559223171218,-0.39050552242955305,4.936064745600771,3.5,3.5,1.0,0.6,0.00022210589858292796,1.0091199769304615,0.00022009860438847826,199.3888055124961,0.0,2.5863262911240768e-05,73.29648709045634,0.002256002364301562,7.40690553664262e-05,0.00014803684321650177,0.0005150627463881976,0.08754894549611714,0.08754894549611714,0.08754894549611714,0.08718159982683658,0.0,0.0,0.0,0.0,0.0,0.0,1.0,1.0,0.0,1.0,1.0,491123.6593518159,594.3796301779566,0.0,0.08754894549611714,0.08733075830952951,0.08733075830953171,0.375,0.375,0.5,5.764672599319833,2.2737367544323206e-13,2.2737367544323206e-13,2.2737367544323206e-13,2.2737367544323206e-13,2.2737367544323206e-13,2.2737367544323206e-13,24211.637682421242,18256.73107266586,0.7540477563779622,0.6750576754040707,0.45694535382607887,35353.7532153836,15450.0,0.0,0.0,0.0,0.0,0.0,0.0,0.0,0.0,0.0,0.0,0.0,0.0,0.0,0.0,0.0,0.0,0.0,0.0,0.0,0.0,35427.049702474054,15450.0,1.0,0.0,0.0,6.0,0.9,143955.44449186765,23992.574081977942,259.69200491662076,259.69200491662076,-13.457995083379217,244.31006904798335,275.0739604636922,107368.45841609883,107793.32597441207,-424.8675583132359,0.0,nan,275.0739604636922,1.9239604636921968,268.9211709792195,-4.228829020780495,262.76838649016605,-10.381613509833926,256.61560761121774,-16.534392388782237,250.46283490744582,-22.687165092554153,244.31006904798335,-28.83993095201663,1.0,1.0,25732.562594332754,25732.562594332754,275.62378967467663,2.4737896746766523,275.62378967467663,275.62378967467663,79452.88701022076,79276.93237312579,175.95463709496835,0.0,8648.866644398773,8648.866644398773,0.9157063021714172,3496.6839934778964,275.62378967467663,2.4737896746766523,1.0,0.002,0.6224392458624817,0.003004569446674381,0.0009610894691131008,0.0011090042783569508,0.4805447345565504,0.4805447345565504,0.0,7.009374747005137e-05,0.9982911593878202,0.9982911593878202,0.0,0.08718152396303883,0.0001492343464917841,0.0,0.0,0.0,1599911.829934641,266.457625409158,0.0,1.0,1285036.7919113426,2595.989539672265,,,,,,,,,,,,,,,,,14.0,14200.501253132832
240.0,-30.633215547985998,4.43893339984463,34.671191681399016,27.36504308357837,3.628716218294407,-27.135887301668173,-40.60992932701481,-0.8092966032425909,-6.726414086808063,-6.7264140868082185,36.4131759604035,36298.755553819916,17250.46186687865,17250.46186687865,53549.217420698566,82950.94261353361,79358.61000808662,17250.46186687865,96609.07187496527,96609.07187496527,96609.07187496527,120757.41434926662,118324.7525305955,2432.661818671115,0.0,98460.3914397035,48536.54293566628,55470.94278226358,24148.34247430135,79619.28525656492,18201.37544905028,1450.0,0.0,0.8911587037475801,2.7058094033874642,0.0014947306377116572,1.0,1.0,-6.726414086808063,331413.3101416669,1405599.9052855899,4.241229492818945,1405599.9052855899,4.241229492818945,0.7537318749069495,0.08718450618091025,3.4769442308301093,101325.0,128351.07116782667,1.2667265844345095,1.0,0.0,3.4769442308301093,1.2956427745555719,1.295927958568237,2.6835670287458377,5686.156514696079,14200.501253132832,6399.709534944306,0.0004525785503816094,28318.08188542512,2887.6407219004573,19129.16006851061,1950.6314662510247,0.6755104440303245,0.6755104440303245,31256.883903591697,30484.863174865135,1.0317554864037384,0.8,4433.9484000786415,4324.433322199387,1.0317554864037384,0.8,17892.472591228227,17892.472591228227,1.0,0.8,2034.6934298245008,2034.6934298245008,8.478162662748934,4.43893339984463,-0.4652490783013974,4.904182478146027,3.5,3.5,1.0,0.6,0.00022009860438847826,1.0072865373907112,0.00021850644897788936,199.446384984126,0.0,1.334106639144976e-05,37.80858215336862,0.002656234356045055,7.358318495174017e-05,0.0001465154194367381,0.0005094259423382202,0.08735633392457587,0.08735633392457587,0.08735633392457587,0.08710276531758847,0.0,0.0,0.0,0.0,0.0,0.0,1.0,1.0,0.0,1.0,1.0,490568.78224722436,594.5543601379438,0.0,0.08735633392457587,0.08718450618090914,0.08718450618091135,0.375,0.375,0.5,5.741594035580017,1.7053025658242404e-13,1.7053025658242404e-13,1.7053025658242404e-13,1.7053025658242404e-13,1.7053025658242404e-13,1.7053025658242404e-13,24148.34247430135,18201.37544905028,0.7537318749069495,0.6725659147547198,0.4559040618972015,35353.7532153836,15450.0,0.0,0.0,0.0,0.0,0.0,0.0,0.0,0.0,0.0,0.0,0.0,0.0,0.0,0.0,0.0,0.0,0.0,0.0,0.0,0.0,35391.56179753697,15450.0,1.0,0.0,0.0,6.0,0.9,143955.44449186765,23992.574081977942,259.65372300356887,259.65372300356887,-13.496276996431106,244.2408549963413,275.06661617456706,107654.68098336943,107845.74723591178,-191.06625254235524,0.0,nan,275.06661617456706,1.916616174567082,268.90145107985074,-4.248548920149233,262.7362894715258,-10.413710528474155,256.57113571218247,-16.57886428781751,250.40599058694585,-22.74400941305413,244.2408549963413,-28.909145003658665,1.0,1.0,25732.562594332754,25732.562594332754,275.5991939172163,2.4491939172163484,275.5991939172163,275.5991939172163,79737.43591862761,79358.61000808662,378.8259105409961,0.0,8648.866644398773,8648.866644398773,0.9158467033529011,3494.3289519842597,275.5991939172163,2.4491939172163484,1.0,0.002,0.6236192655050942,0.003004510656606894,0.0009628442065101985,0.0011103925697225675,0.48142210325509927,0.48142210325509927,0.0,7.323677623276596e-05,0.9990631798534058,0.9990631798534058,0.0,0.08710282997904911,8.16762018611469e-05,0.0,0.0,0.0,1599871.8283467751,266.4235859131919,0.0,1.0,1285152.8574021617,2595.520494372667,,,,,,,,,,,,,,,,,10.0,14200.501253132832
270.0,-30.63650397938439,4.426041832860956,34.670323298188926,27.44434392023834,3.6340464896213227,-27.1380119341697,-40.61407899772746,-0.7550015387717336,-6.720155790270724,-6.720155790270894,36.40850911385132,36276.063802088946,17220.875327738704,17220.875327738704,53496.939129827646,83151.46812512122,79423.77984834941,17220.875327738704,96644.65517608811,96644.65517608811,96644.65517608811,120793.0659046774,118360.90920434048,2432.156700336912,0.0,98479.11316383563,48494.40854888788,55538.56068327528,24148.410728589282,79686.97141186456,18201.244739459104,1450.0,0.0,0.8912070036917761,2.7064416463463554,0.0014947306377116572,1.0,1.0,-6.720155790270724,331495.3445114972,1405413.4571391249,4.239617480028837,1405413.4571391249,4.239617480028837,0.7537243317594672,0.08717857917752359,3.4745318245638743,101325.0,128351.07116782667,1.2667265844345095,1.0,0.0,3.4745318245638743,1.2953878358560005,1.295670901187967,2.682232863695128,5683.329579049043,14200.501253132832,6400.968993213218,0.0004532340593334321,28343.131718529243,2890.195093995324,19132.924673559333,1951.0153491313888,0.6750462462498891,0.6750462462498891,31239.533142507094,30484.863174865135,1.0310396240730881,0.8,4431.487106125332,4324.433322199387,1.0310396240730881,0.8,17892.472591228227,17892.472591228227,1.0,0.8,2034.6934298245008,2034.6934298245008,8.463621632288884,4.426041832860956,-0.469729404591412,4.895771237452368,3.5,3.5,1.0,0.6,0.00021850644897788936,1.0003441081805788,0.0002184312849858314,199.4491135302453,0.0,1.0584988032495806e-05,29.997856084093115,0.002973783997019929,7.354845735877038e-05,0.00014495799161911899,0.0005036611551054923,0.08734585532081132,0.08734585532081132,0.08734585532081132,0.0871278398526369,0.0,0.0,0.0,0.0,0.0,0.0,1.0,1.0,0.0,1.0,1.0,490549.8056789064,594.5603368096138,0.0,0.08734585532081132,0.08717857917752249,0.0871785791775247,0.375,0.375,0.5,5.74084427984192,1.7053025658242404e-13,1.7053025658242404e-13,1.7053025658242404e-13,1.7053025658242404e-13,1.7053025658242404e-13,1.7053025658242404e-13,24148.410728589282,18201.244739459104,0.7537243317594672,0.6713385912651526,0.4552320556216774,35353.7532153836,15450.0,0.0,0.0,0.0,0.0,0.0,0.0,0.0,0.0,0.0,0.0,0.0,0.0,0.0,0.0,0.0,0.0,0.0,0.0,0.0,0.0,35383.75107146769,15450.0,1.0,0.0,0.0,6.0,0.9,143955.44449186765,23992.574081977942,259.6499453811052,259.6499453811052,-13.500054618894751,244.23052177678701,275.0694485582204,107683.75975387199,107721.320160166,-37.56040629401007,0.0,nan,275.0694485582204,1.919448558220438,268.90162826868,-4.248371731319992,262.73380969542904,-10.416190304570932,256.5660138334402,-16.583986166559782,250.39825015407484,-22.751749845925133,244.23052177678701,-28.919478223212963,1.0,1.0,25732.562594332754,25732.562594332754,275.6129872866068,2.4629872866068467,275.6129872866068,275.6129872866068,79904.21235198974,79423.77984834941,480.43250364033156,0.0,8648.866644398773,8648.866644398773,0.915991196612377,3491.9044836866938,275.6129872866068,2.4629872866068467,1.0,0.002,0.6236642949899531,0.0030044686059743815,0.0009629261023725886,0.0011101176373155344,0.4814630511862943,0.4814630511862943,0.0,7.304373968812288e-05,0.9994189019289765,0.9994189019289765,0.0,0.08712791987332896,5.065930419462554e-05,0.0,0.0,0.0,1599879.184031772,266.42984420972925,0.0,1.0,1285131.5199688077,2595.6067142588977,,,,,,,,,,,,,,,,,9.0,14200.501253132832
300.0,-30.636639218685556,4.423979677747077,34.67026786269964,27.466560818161838,3.634395423755116,-27.13815709227139,-40.614316624682374,-0.7398222572043874,-6.71763808008086,-6.717638080081048,36.4078286705645,36269.30146343708,17213.799435844452,17213.799435844452,53483.10089928153,83211.52747722492,79443.85690453781,17213.799435844452,96657.65634038227,96657.65634038227,96657.65634038227,120806.55666356851,118374.41908042715,2432.1375831413566,0.0,98484.38785358763,48484.505739237306,55555.424571500356,24148.900323186248,79704.32489468661,18201.603456748693,1450.0,0.0,0.891222108222689,2.7066960303444163,0.0014947306377116572,1.0,1.0,-6.71763808008086,331528.3514081974,1405386.2738827385,4.239113390795176,1405386.2738827385,4.239113390795176,0.7537239051532572,0.08717820451934591,3.4738514494136528,101325.0,128351.07116782667,1.2667265844345095,1.0,0.0,3.4738514494136528,1.295315810544961,1.2955987627719372,2.6818567496309225,5682.532638479442,14200.501253132832,6401.323535925726,0.0004534187191087197,28350.20129321036,2890.9159899874435,19133.984425453018,1951.1234137501613,0.6749152934598546,0.6749152934598546,31234.63924154698,30484.863174865135,1.0308377281704075,0.8,4430.792881313954,4324.433322199387,1.0308377281704075,0.8,17892.472591228227,17892.472591228227,1.0,0.8,2034.6934298245008,2034.6934298245008,8.460144011635798,4.423979677747077,-0.46977993443329247,4.89375961218037,3.5,3.5,1.0,0.6,0.0002184312849858314,1.0000141495815449,0.0002184281943182842,199.44922574524924,0.0,4.997130528451416e-07,1.4161867917631312,0.0029887753886052833,7.354646917496901e-05,0.0001448848158108624,0.0005033083274025945,0.08734348277827146,0.08734348277827146,0.08734348277827146,0.08713750599299536,0.0,0.0,0.0,0.0,0.0,0.0,1.0,1.0,0.0,1.0,1.0,490546.5700306894,594.5613611388261,0.0,0.08734348277827146,0.0871782045193448,0.087178204519347,0.375,0.375,0.5,5.740832046063279,1.7053025658242404e-13,1.7053025658242404e-13,1.7053025658242404e-13,1.7053025658242404e-13,1.7053025658242404e-13,1.7053025658242404e-13,24148.900323186248,18201.603456748693,0.7537239051532572,0.6710188056915205,0.455048098222521,35353.7532153836,15450.0,0.0,0.0,0.0,0.0,0.0,0.0,0.0,0.0,0.0,0.0,0.0,0.0,0.0,0.0,0.0,0.0,0.0,0.0,0.0,0.0,35355.169402175365,15450.0,1.0,0.0,0.0,6.0,0.9,143955.44449186765,23992.574081977942,259.6496987344657,259.6496987344657,-13.50030126553429,244.22973318797335,275.0697216261039,107669.84515587379,107696.09725240267,-26.252096528877225,0.0,nan,275.0697216261039,1.9197216261039216,268.9017149593176,-4.24828504068239,262.73368276811846,-10.416317231881521,256.5656620814159,-16.584337918584083,250.39767778386482,-22.752322216135155,244.22973318797335,-28.920266812026625,1.0,1.0,25732.562594332754,25732.562594332754,275.61782634790706,2.467826347907078,275.61782634790706,275.61782634790706,79947.69464027109,79443.85690453781,503.83773573327926,0.0,8648.866644398773,8648.866644398773,0.916031939659813,3491.220706660721,275.61782634790706,2.467826347907078,1.0,0.002,0.6236663744060821,0.0030044962911638757,0.0009629342904083845,0.001110023533297001,0.48146714520419226,0.48146714520419226,0.0,7.295782370538538e-05,0.9995338308453653,0.9995338308453653,0.0,0.08713756472944255,4.063978990335535e-05,0.0,0.0,0.0,1599882.1430640689,266.4323619199191,0.0,1.0,1285122.935715945,2595.6414025120735,,,,,,,,,,,,,,,,,10.0,14200.501253132832
330.0,-30.63678070016769,4.421787174667203,34.67021751845372,27.490883669257187,3.6347195950660165,-27.138295644044064,-40.61445164317263,-0.7232540140433829,-6.714892660031126,-6.714892660031353,36.40712944255957,36261.4476396745,17206.17034460927,17206.17034460927,53467.617984283774,83277.38318666523,79465.6715589278,17206.17034460927,96671.84190353708,96671.84190353708,96671.84190353708,120821.29247574083,118389.16856568815,2432.123910052694,0.0,98490.24964340961,48474.03307906855,55573.573960378955,24149.450572203754,79723.02453258271,18202.009142789753,1450.0,0.0,0.8912384225585511,2.7069734431776453,0.0014947306377116572,1.0,1.0,-6.714892660031126,331564.34650022956,1405358.3406042703,4.238568939749671,1405358.3406042703,4.238568939749671,0.7537235304119274,0.08717788776964125,3.4731033961537205,101325.0,128351.07116782667,1.2667265844345095,1.0,0.0,3.4731033961537205,1.2952370394449229,1.2955199704615754,2.6814423077664054,5681.654485900191,14200.501253132832,6401.71394855599,0.0004536221280534049,28357.9952593644,2891.710753352511,19135.15139493129,1951.2424115198658,0.6747709497769404,0.6747709497769404,31229.25831441576,30484.863174865135,1.03061574932812,0.8,4430.029569356242,4324.433322199387,1.03061574932812,0.8,17892.472591228227,17892.472591228227,1.0,0.8,2034.6934298245008,2034.6934298245008,8.45639450759585,4.421787174667203,-0.46980354163962534,4.891590716306828,3.5,3.5,1.0,0.6,0.0002184281943182842,1.0000148026992206,0.00021842496103928366,199.449343139832,0.0,2.0547708310791075e-08,0.05823220535278191,0.002989391819854607,7.354533952065913e-05,0.00014488285479762508,0.0005031931350420781,0.08734096132683779,0.08734096132683779,0.08734096132683779,0.08714803209639992,0.0,0.0,0.0,0.0,0.0,0.0,1.0,1.0,0.0,1.0,1.0,490543.19840277935,594.5624289622824,0.0,0.08734096132683779,0.08717788776964015,0.08717788776964236,0.375,0.375,0.5,5.740829136950889,2.2737367544323206e-13,2.2737367544323206e-13,2.2737367544323206e-13,2.2737367544323206e-13,2.2737367544323206e-13,2.2737367544323206e-13,24149.450572203754,18202.009142789753,0.7537235304119274,0.6706672043335689,0.4548428493810403,35353.7532153836,15450.0,0.0,0.0,0.0,0.0,0.0,0.0,0.0,0.0,0.0,0.0,0.0,0.0,0.0,0.0,0.0,0.0,0.0,0.0,0.0,0.0,35353.81144758895,15450.0,1.0,0.0,0.0,6.0,0.9,143955.44449186765,23992.574081977942,259.64952551151913,259.64952551151913,-13.500474488480847,244.22909793900666,275.06998965840353,107652.35147603152,107670.14002055545,-17.78854452390717,0.0,nan,275.06998965840353,1.9199896584035514,268.9018212708854,-4.2481787291145565,262.73361320581967,-10.416386794180312,256.565401957782,-16.584598042217976,250.39722903721747,-22.752770962782506,244.22909793900666,-28.920902060993313,1.0,1.0,25732.562594332754,25732.562594332754,275.6230940237952,2.473094023795227,275.6230940237952,275.6230940237952,79995.31685404702,79465.6715589278,529.6452951192186,0.0,8648.866644398773,8648.866644398773,0.9160767310936339,3490.468913134489,275.6230940237952,2.473094023795227,1.0,0.002,0.623667911738954,0.003004526904253676,0.0009629420917864611,0.0011099210861584,0.48147104589323053,0.48147104589323053,0.0,7.286317794486094e-05,0.9996584467926648,0.9996584467926648,0.0,0.08714811188246482,2.9775887176428986e-05,0.0,0.0,0.0,1599885.3696182596,266.43510733996885,0.0,1.0,1285113.574936833,2595.679229409103,,,,,,,,,,,,,,,,,10.0,14200.501253132832
360.0,-30.636793702629376,4.42152702188499,34.67021257291771,27.493915194086753,3.6347514247706427,-27.13830958865982,-40.614466346427776,-0.7211906043672157,-6.714539950354492,-6.71453995035459,36.407045372414345,36260.47785803037,17205.223472110152,17205.223472110152,53465.701330140524,83285.61730361695,79468.43545694524,17205.223472110152,96673.6589290554,96673.6589290554,96673.6589290554,120823.1824085491,118391.05813404094,2432.12427450815,0.0,98490.98344004068,48472.70297380917,55575.867184701674,24149.523479493702,79725.39066419538,18202.0632305524,1450.0,0.0,0.8912404975512513,2.7070090845941612,0.0014947306377116572,1.0,1.0,-6.714539950354492,331568.97108534345,1405354.9821361362,4.238499692947468,1405354.9821361362,4.238499692947468,0.7537234946274811,0.08717785459262292,3.473010122633319,101325.0,128351.07116782667,1.2667265844345095,1.0,0.0,3.473010122633319,1.295227235889615,1.295510160576734,2.681390590314381,5681.544902825275,14200.501253132832,6401.762648351496,0.000453647506045449,28358.968146445386,2891.809960225499,19135.29696187905,1951.257255217536,0.6747529339947982,0.6747529339947982,31228.58735928356,30484.863174865135,1.0305880711544073,0.8,4429.9343909486915,4324.433322199387,1.0305880711544073,0.8,17892.472591228227,17892.472591228227,1.0,0.8,2034.6934298245008,2034.6934298245008,8.455929143878032,4.42152702188499,-0.46979450536736334,4.891321527252353,3.5,3.5,1.0,0.6,0.00021842496103928366,1.0000013603925773,0.00021842466389599218,199.4493539286604,0.0,2.1495845761567356e-08,0.060919226888281885,0.002990036695227454,7.354521650443595e-05,0.00014487974453484772,0.0005031688193340554,0.08734064660511748,0.08734064660511748,0.08734064660511748,0.08714938243443096,0.0,0.0,0.0,0.0,0.0,0.0,1.0,1.0,0.0,1.0,1.0,490542.7715550278,594.5625643518671,0.0,0.08734064660511748,0.08717785459262181,0.08717785459262402,0.375,0.375,0.5,5.740833232861442,1.1368683772161603e-13,1.1368683772161603e-13,1.1368683772161603e-13,1.1368683772161603e-13,1.1368683772161603e-13,1.1368683772161603e-13,24149.523479493702,18202.0632305524,0.7537234946274811,0.6706232592241399,0.4548171862933865,35353.7532153836,15450.0,0.0,0.0,0.0,0.0,0.0,0.0,0.0,0.0,0.0,0.0,0.0,0.0,0.0,0.0,0.0,0.0,0.0,0.0,0.0,0.0,35353.81413461049,15450.0,1.0,0.0,0.0,6.0,0.9,143955.44449186765,23992.574081977942,259.6495093635,259.6495093635,-13.50049063649999,244.2290359184348,275.07001724771413,107650.00982276756,107666.98064788476,-16.970825117211433,0.0,nan,275.07001724771413,1.9200172477141564,268.90183277702494,-4.248167222975042,262.73360742587084,-10.416392574129134,256.5653772427025,-16.584622757297495,250.3971855692528,-22.75281443074718,244.2290359184348,-28.920964081565188,1.0,1.0,25732.562594332754,25732.562594332754,275.6237663011253,2.473766301125295,275.6237663011253,275.6237663011253,80001.19978808901,79468.43545694524,532.7643311437714,0.0,8648.866644398773,8648.866644398773,0.9160823157401221,3490.3751732464857,275.6237663011253,2.473766301125295,1.0,0.002,0.6236680493433101,0.0030045310896946306,0.000962943001569838,0.0011099080187036293,0.48147150078491896,0.48147150078491896,0.0,7.285102027346745e-05,0.9996743387734839,0.9996743387734839,0.0,0.08714946414557125,2.8390447051677223e-05,0.0,0.0,0.0,1599885.7841324576,266.4354600496455,0.0,1.0,1285112.372328089,2595.6840892074893,,,,,,,,,,,,,,,,,9.0,14200.501253132832
390.0,-30.636807200656182,4.42126899179084,34.67020772941947,27.49689723076301,3.6347830383892497,-27.13832334648049,-40.61447982732204,-0.7191446507129005,-6.714190862319413,-6.7141908623195885,36.406962441747616,36259.527255874775,17204.28547460061,17204.28547460061,53463.81273047539,83293.73729516643,79471.16915499921,17204.28547460061,96675.45462959982,96675.45462959982,96675.45462959982,120825.05037212028,118392.92559016135,2432.124781958933,0.0,98491.6743367075,48471.432094318865,55578.04693598737,24149.595742520465,79727.64267850784,18202.116854980686,1450.0,0.0,0.8912425502087814,2.7070443604076746,0.0014947306377116572,1.0,1.0,-6.714190862319413,331573.5482349023,1405351.6691943044,4.238431191738754,1405351.6691943044,4.238431191738754,0.7537234597650848,0.08717782264372798,3.472919267623703,101325.0,128351.07116782667,1.2667265844345095,1.0,0.0,3.472919267623703,1.295217509361504,1.2955004315391105,2.681340579881234,5681.438936718525,14200.501253132832,6401.809736703906,0.00045367204533129445,28359.90898345848,2891.905898901101,19135.437712115556,1951.2716077473508,0.6747355121371055,0.6747355121371055,31227.933798037935,30484.863174865135,1.0305611106544927,0.8,4429.841679952665,4324.433322199387,1.0305611106544927,0.8,17892.472591228227,17892.472591228227,1.0,0.8,2034.6934298245008,2034.6934298245008,8.455468141991565,4.42126899179084,-0.46978586950286516,4.891054861293705,3.5,3.5,1.0,0.6,0.00021842466389599218,1.000001412241647,0.00021842435542802075,199.44936512868642,0.0,1.975501250276213e-09,0.0055985705432827874,0.002990095960264962,7.354510371538196e-05,0.00014487956018061022,0.000503155016036089,0.08734033556273975,0.08734033556273975,0.08734033556273975,0.08715071882350493,0.0,0.0,0.0,0.0,0.0,0.0,1.0,1.0,0.0,1.0,1.0,490542.3490449713,594.5626983785962,0.0,0.08734033556273975,0.08717782264372688,0.08717782264372909,0.375,0.375,0.5,5.7408375730819365,1.7053025658242404e-13,1.7053025658242404e-13,1.7053025658242404e-13,1.7053025658242404e-13,1.7053025658242404e-13,1.7053025658242404e-13,24149.595742520465,18202.116854980686,0.7537234597650848,0.6705806284284838,0.4547924162525032,35353.7532153836,15450.0,0.0,0.0,0.0,0.0,0.0,0.0,0.0,0.0,0.0,0.0,0.0,0.0,0.0,0.0,0.0,0.0,0.0,0.0,0.0,0.0,35353.75881395414,15450.0,1.0,0.0,0.0,6.0,0.9,143955.44449186765,23992.574081977942,259.6494941120528,259.6494941120528,-13.500505887947156,244.22897605353464,275.070044514686,107647.7239782712,107663.9171483018,-16.193170030571956,0.0,nan,275.070044514686,1.920044514686026,268.9018443646733,-4.248155635326668,262.7336022734439,-10.416397726556056,256.56535369141767,-16.584646308582307,250.39714377456147,-22.752856225438506,244.22897605353464,-28.92102394646534,1.0,1.0,25732.562594332754,25732.562594332754,275.62443146503085,2.474431465030875,275.62443146503085,275.62443146503085,80006.98995705618,79471.16915499921,535.8208020569728,0.0,8648.866644398773,8648.866644398773,0.9160877555120975,3490.283863961821,275.62443146503085,2.474431465030875,1.0,0.002,0.6236681785057072,0.0030045352211383503,0.0009629438911607847,0.0011098950815441656,0.4814719455803923,0.4814719455803923,0.0,7.283897270494999e-05,0.9996900349867339,0.9996900349867339,0.0,0.08715080056877571,2.7022074952270942e-05,0.0,0.0,0.0,1599886.1943886634,266.43580913768056,0.0,1.0,1285111.182065446,2595.688899127688,,,,,,,,,,,,,,,,,9.0,14200.501253132832
420.0,-30.636807200656182,4.42126899179084,34.67020772941947,27.496897160913818,3.6347830383892497,-27.13832334648049,-40.61447993209583,-0.7191446507129005,-6.714190862319413,-6.7141908623195885,36.406962441747616,36259.52776041247,17204.28547460061,17204.28547460061,53463.813235013076,83293.7372121125,79471.16915499921,17204.28547460061,96675.45462959982,96675.45462959982,96675.45462959982,120825.05037212028,118392.92559016135,2432.124781958933,0.0,98491.6742745127,48471.429570970635,55578.04967060229,24149.595742520465,79727.64541312275,18202.116854980686,1450.0,0.0,0.8912425502087814,2.7070443604076746,0.0014947306377116572,1.0,1.0,-6.714190862319413,331573.5482349023,1405351.6691943044,4.238431191738754,1405351.6691943044,4.238431191738754,0.7537234597650848,0.08717782264372798,3.4729192743727633,101325.0,128351.07116782667,1.2667265844345095,1.0,0.0,3.4729192743727633,1.2952175100036714,1.2955004317818644,2.6813405837625828,5681.438944942636,14200.501253132832,6401.8097330494975,0.0004536720434268228,28359.908910437054,2891.905891454988,19135.437701192284,1951.271606633487,0.6747355134892564,0.6747355134892564,31227.933846587108,30484.863174865135,1.0305611126572225,0.8,4429.8416868396125,4324.433322199387,1.0305611126572225,0.8,17892.472591228227,17892.472591228227,1.0,0.8,2034.6934298245008,2034.6934298245008,8.455468141991565,4.42126899179084,-0.46978586950286516,4.891054861293705,3.5,3.5,1.0,0.6,0.00021842435542802075,1.0,0.00021842435542802075,199.44936512868642,0.0,2.05079136884228e-09,0.005811942739299021,0.0029901574840060273,7.354510283878366e-05,0.0001448792525892371,0.0005031539487738815,0.08734033556273975,0.08734033556273975,0.08734033556273975,0.08715071882350493,0.0,0.0,0.0,0.0,0.0,0.0,1.0,1.0,0.0,1.0,1.0,490542.3490449713,594.5626983785962,0.0,0.08734033556273975,0.08717782264372688,0.08717782264372909,0.375,0.375,0.5,5.7408375730819365,1.7053025658242404e-13,1.7053025658242404e-13,1.7053025658242404e-13,1.7053025658242404e-13,1.7053025658242404e-13,1.7053025658242404e-13,24149.595742520465,18202.116854980686,0.7537234597650848,0.6705806117561979,0.4547924069816358,35353.7532153836,15450.0,0.0,0.0,0.0,0.0,0.0,0.0,0.0,0.0,0.0,0.0,0.0,0.0,0.0,0.0,0.0,0.0,0.0,0.0,0.0,0.0,35353.75902732634,15450.0,1.0,0.0,0.0,6.0,0.9,143955.44449186765,23992.574081977942,259.6494941120528,259.6494941120528,-13.500505887947156,244.22897605353464,275.070044514686,107647.72418748299,107663.91735751358,-16.193170030571956,0.0,nan,275.070044514686,1.920044514686026,268.9018443646733,-4.248155635326668,262.7336022734439,-10.416397726556056,256.56535369141767,-16.584646308582307,250.39714377456147,-22.752856225438506,244.22897605353464,-28.92102394646534,1.0,1.0,25732.562594332754,25732.562594332754,275.62443146503085,2.474431465030875,275.62443146503085,275.62443146503085,80006.98985390966,79471.16915499921,535.820698910451,0.0,8648.866644398773,8648.866644398773,0.9160877551080128,3490.283870744627,275.62443146503085,2.474431465030875,1.0,0.002,0.6236681785057072,0.0030045352211383503,0.0009629438911607847,0.0011098950815441656,0.4814719455803923,0.4814719455803923,0.0,7.283897270494999e-05,0.9996900349867339,0.9996900349867339,0.0,0.08715080056877571,2.7022074952270942e-05,0.0,0.0,0.0,1599886.1943886634,266.43580913768056,0.0,1.0,1285111.182065446,2595.688899127688,,,,,,,,,,,,,,,,,9.0,14200.501253132832
450.0,-30.636807200656182,4.42126899179084,34.67020772941947,27.496897160913818,3.6347830383892497,-27.13832334648049,-40.61447993209583,-0.7191446507129005,-6.714190862319413,-6.7141908623195885,36.406962441747616,36259.52776041247,17204.28547460061,17204.28547460061,53463.813235013076,83293.7372121125,79471.16915499921,17204.28547460061,96675.45462959982,96675.45462959982,96675.45462959982,120825.05037212028,118392.92559016135,2432.124781958933,0.0,98491.6742745127,48471.429570970635,55578.04967060229,24149.595742520465,79727.64541312275,18202.116854980686,1450.0,0.0,0.8912425502087814,2.7070443604076746,0.0014947306377116572,1.0,1.0,-6.714190862319413,331573.5482349023,1405351.6691943044,4.238431191738754,1405351.6691943044,4.238431191738754,0.7537234597650848,0.08717782264372798,3.4729192743727633,101325.0,128351.07116782667,1.2667265844345095,1.0,0.0,3.4729192743727633,1.2952175100036714,1.2955004317818644,2.6813405837625828,5681.438944942636,14200.501253132832,6401.8097330494975,0.0004536720434268228,28359.908910437054,2891.905891454988,19135.437701192284,1951.271606633487,0.6747355134892564,0.6747355134892564,31227.933846587108,30484.863174865135,1.0305611126572225,0.8,4429.8416868396125,4324.433322199387,1.0305611126572225,0.8,17892.472591228227,17892.472591228227,1.0,0.8,2034.6934298245008,2034.6934298245008,8.455468141991565,4.42126899179084,-0.46978586950286516,4.891054861293705,3.5,3.5,1.0,0.6,0.00021842435542802075,1.0,0.00021842435542802075,199.44936512868642,0.0,0.0,0.0,0.0029901574840060273,7.354510283878366e-05,0.0001448792525892371,0.0005031539487738815,0.08734033556273975,0.08734033556273975,0.08734033556273975,0.08715071882350493,0.0,0.0,0.0,0.0,0.0,0.0,1.0,1.0,0.0,1.0,1.0,490542.3490449713,594.5626983785962,0.0,0.08734033556273975,0.08717782264372688,0.08717782264372909,0.375,0.375,0.5,5.7408375730819365,1.7053025658242404e-13,1.7053025658242404e-13,1.7053025658242404e-13,1.7053025658242404e-13,1.7053025658242404e-13,1.7053025658242404e-13,24149.595742520465,18202.116854980686,0.7537234597650848,0.6705806117561979,0.4547924069816358,35353.7532153836,15450.0,0.0,0.0,0.0,0.0,0.0,0.0,0.0,0.0,0.0,0.0,0.0,0.0,0.0,0.0,0.0,0.0,0.0,0.0,0.0,0.0,35353.7532153836,15450.0,1.0,0.0,0.0,6.0,0.9,143955.44449186765,23992.574081977942,259.6494941120528,259.6494941120528,-13.500505887947156,244.22897605353464,275.070044514686,107647.72418748299,107663.91735751358,-16.193170030571956,0.0,nan,275.070044514686,1.920044514686026,268.9018443646733,-4.248155635326668,262.7336022734439,-10.416397726556056,256.56535369141767,-16.584646308582307,250.39714377456147,-22.752856225438506,244.22897605353464,-28.92102394646534,1.0,1.0,25732.562594332754,25732.562594332754,275.62443146503085,2.474431465030875,275.62443146503085,275.62443146503085,80006.98985390966,79471.16915499921,535.820698910451,0.0,8648.866644398773,8648.866644398773,0.9160877551080128,3490.283870744627,275.62443146503085,2.474431465030875,1.0,0.002,0.6236681785057072,0.0030045352211383503,0.0009629438911607847,0.0011098950815441656,0.4814719455803923,0.4814719455803923,0.0,7.283897270494999e-05,0.9996900349867339,0.9996900349867339,0.0,0.08715080056877571,2.7022074952270942e-05,0.0,0.0,0.0,1599886.1943886634,266.43580913768056,0.0,1.0,1285111.182065446,2595.688899127688,,,,,,,,,,,,,,,,,9.0,14200.501253132832
480.0,-30.636807200656182,4.42126899179084,34.67020772941947,27.496897160913818,3.6347830383892497,-27.13832334648049,-40.61447993209583,-0.7191446507129005,-6.714190862319413,-6.7141908623195885,36.406962441747616,36259.52776041247,17204.28547460061,17204.28547460061,53463.813235013076,83293.7372121125,79471.16915499921,17204.28547460061,96675.45462959982,96675.45462959982,96675.45462959982,120825.05037212028,118392.92559016135,2432.124781958933,0.0,98491.6742745127,48471.429570970635,55578.04967060229,24149.595742520465,79727.64541312275,18202.116854980686,1450.0,0.0,0.8912425502087814,2.7070443604076746,0.0014947306377116572,1.0,1.0,-6.714190862319413,331573.5482349023,1405351.6691943044,4.238431191738754,1405351.6691943044,4.238431191738754,0.7537234597650848,0.08717782264372798,3.4729192743727633,101325.0,128351.07116782667,1.2667265844345095,1.0,0.0,3.4729192743727633,1.2952175100036714,1.2955004317818644,2.6813405837625828,5681.438944942636,14200.501253132832,6401.8097330494975,0.0004536720434268228,28359.908910437054,2891.905891454988,19135.437701192284,1951.271606633487,0.6747355134892564,0.6747355134892564,31227.933846587108,30484.863174865135,1.0305611126572225,0.8,4429.8416868396125,4324.433322199387,1.0305611126572225,0.8,17892.472591228227,17892.472591228227,1.0,0.8,2034.6934298245008,2034.6934298245008,8.455468141991565,4.42126899179084,-0.46978586950286516,4.891054861293705,3.5,3.5,1.0,0.6,0.00021842435542802075,1.0,0.00021842435542802075,199.44936512868642,0.0,0.0,0.0,0.0029901574840060273,7.354510283878366e-05,0.0001448792525892371,0.0005031539487738815,0.08734033556273975,0.08734033556273975,0.08734033556273975,0.08715071882350493,0.0,0.0,0.0,0.0,0.0,0.0,1.0,1.0,0.0,1.0,1.0,490542.3490449713,594.5626983785962,0.0,0.08734033556273975,0.08717782264372688,0.08717782264372909,0.375,0.375,0.5,5.7408375730819365,1.7053025658242404e-13,1.7053025658242404e-13,1.7053025658242404e-13,1.7053025658242404e-13,1.7053025658242404e-13,1.7053025658242404e-13,24149.595742520465,18202.116854980686,0.7537234597650848,0.6705806117561979,0.4547924069816358,35353.7532153836,15450.0,0.0,0.0,0.0,0.0,0.0,0.0,0.0,0.0,0.0,0.0,0.0,0.0,0.0,0.0,0.0,0.0,0.0,0.0,0.0,0.0,35353.7532153836,15450.0,1.0,0.0,0.0,6.0,0.9,143955.44449186765,23992.574081977942,259.6494941120528,259.6494941120528,-13.500505887947156,244.22897605353464,275.070044514686,107647.72418748299,107663.91735751358,-16.193170030571956,0.0,nan,275.070044514686,1.920044514686026,268.9018443646733,-4.248155635326668,262.7336022734439,-10.416397726556056,256.56535369141767,-16.584646308582307,250.39714377456147,-22.752856225438506,244.22897605353464,-28.92102394646534,1.0,1.0,25732.562594332754,25732.562594332754,275.62443146503085,2.474431465030875,275.62443146503085,275.62443146503085,80006.98985390966,79471.16915499921,535.820698910451,0.0,8648.866644398773,8648.866644398773,0.9160877551080128,3490.283870744627,275.62443146503085,2.474431465030875,1.0,0.002,0.6236681785057072,0.0030045352211383503,0.0009629438911607847,0.0011098950815441656,0.4814719455803923,0.4814719455803923,0.0,7.283897270494999e-05,0.9996900349867339,0.9996900349867339,0.0,0.08715080056877571,2.7022074952270942e-05,0.0,0.0,0.0,1599886.1943886634,266.43580913768056,0.0,1.0,1285111.182065446,2595.688899127688,,,,,,,,,,,,,,,,,9.0,14200.501253132832
510.0,-30.636807200656182,4.42126899179084,34.67020772941947,27.496897160913818,3.6347830383892497,-27.13832334648049,-40.61447993209583,-0.7191446507129005,-6.714190862319413,-6.7141908623195885,36.406962441747616,36259.52776041247,17204.28547460061,17204.28547460061,53463.813235013076,83293.7372121125,79471.16915499921,17204.28547460061,96675.45462959982,96675.45462959982,96675.45462959982,120825.05037212028,118392.92559016135,2432.124781958933,0.0,98491.6742745127,48471.429570970635,55578.04967060229,24149.595742520465,79727.64541312275,18202.116854980686,1450.0,0.0,0.8912425502087814,2.7070443604076746,0.0014947306377116572,1.0,1.0,-6.714190862319413,331573.5482349023,1405351.6691943044,4.238431191738754,1405351.6691943044,4.238431191738754,0.7537234597650848,0.08717782264372798,3.4729192743727633,101325.0,128351.07116782667,1.2667265844345095,1.0,0.0,3.4729192743727633,1.2952175100036714,1.2955004317818644,2.6813405837625828,5681.438944942636,14200.501253132832,6401.8097330494975,0.0004536720434268228,28359.908910437054,2891.905891454988,19135.437701192284,1951.271606633487,0.6747355134892564,0.6747355134892564,31227.933846587108,30484.863174865135,1.0305611126572225,0.8,4429.8416868396125,4324.433322199387,1.0305611126572225,0.8,17892.472591228227,17892.472591228227,1.0,0.8,2034.6934298245008,2034.6934298245008,8.455468141991565,4.42126899179084,-0.46978586950286516,4.891054861293705,3.5,3.5,1.0,0.6,0.00021842435542802075,1.0,0.00021842435542802075,199.44936512868642,0.0,0.0,0.0,0.0029901574840060273,7.354510283878366e-05,0.0001448792525892371,0.0005031539487738815,0.08734033556273975,0.08734033556273975,0.08734033556273975,0.08715071882350493,0.0,0.0,0.0,0.0,0.0,0.0,1.0,1.0,0.0,1.0,1.0,490542.3490449713,594.5626983785962,0.0,0.08734033556273975,0.08717782264372688,0.08717782264372909,0.375,0.375,0.5,5.7408375730819365,1.7053025658242404e-13,1.7053025658242404e-13,1.7053025658242404e-13,1.7053025658242404e-13,1.7053025658242404e-13,1.7053025658242404e-13,24149.595742520465,18202.116854980686,0.7537234597650848,0.6705806117561979,0.4547924069816358,35353.7532153836,15450.0,0.0,0.0,0.0,0.0,0.0,0.0,0.0,0.0,0.0,0.0,0.0,0.0,0.0,0.0,0.0,0.0,0.0,0.0,0.0,0.0,35353.7532153836,15450.0,1.0,0.0,0.0,6.0,0.9,143955.44449186765,23992.574081977942,259.6494941120528,259.6494941120528,-13.500505887947156,244.22897605353464,275.070044514686,107647.72418748299,107663.91735751358,-16.193170030571956,0.0,nan,275.070044514686,1.920044514686026,268.9018443646733,-4.248155635326668,262.7336022734439,-10.416397726556056,256.56535369141767,-16.584646308582307,250.39714377456147,-22.752856225438506,244.22897605353464,-28.92102394646534,1.0,1.0,25732.562594332754,25732.562594332754,275.62443146503085,2.474431465030875,275.62443146503085,275.62443146503085,80006.98985390966,79471.16915499921,535.820698910451,0.0,8648.866644398773,8648.866644398773,0.9160877551080128,3490.283870744627,275.62443146503085,2.474431465030875,1.0,0.002,0.6236681785057072,0.0030045352211383503,0.0009629438911607847,0.0011098950815441656,0.4814719455803923,0.4814719455803923,0.0,7.283897270494999e-05,0.9996900349867339,0.9996900349867339,0.0,0.08715080056877571,2.7022074952270942e-05,0.0,0.0,0.0,1599886.1943886634,266.43580913768056,0.0,1.0,1285111.182065446,2595.688899127688,,,,,,,,,,,,,,,,,9.0,14200.501253132832
540.0,-30.636807200656182,4.42126899179084,34.67020772941947,27.496897160913818,3.6347830383892497,-27.13832334648049,-40.61447993209583,-0.7191446507129005,-6.714190862319413,-6.7141908623195885,36.406962441747616,36259.52776041247,17204.28547460061,17204.28547460061,53463.813235013076,83293.7372121125,79471.16915499921,17204.28547460061,96675.45462959982,96675.45462959982,96675.45462959982,120825.05037212028,118392.92559016135,2432.124781958933,0.0,98491.6742745127,48471.429570970635,55578.04967060229,24149.595742520465,79727.64541312275,18202.116854980686,1450.0,0.0,0.8912425502087814,2.7070443604076746,0.0014947306377116572,1.0,1.0,-6.714190862319413,331573.5482349023,1405351.6691943044,4.238431191738754,1405351.6691943044,4.238431191738754,0.7537234597650848,0.08717782264372798,3.4729192743727633,101325.0,128351.07116782667,1.2667265844345095,1.0,0.0,3.4729192743727633,1.2952175100036714,1.2955004317818644,2.6813405837625828,5681.438944942636,14200.501253132832,6401.8097330494975,0.0004536720434268228,28359.908910437054,2891.905891454988,19135.437701192284,1951.271606633487,0.6747355134892564,0.6747355134892564,31227.933846587108,30484.863174865135,1.0305611126572225,0.8,4429.8416868396125,4324.433322199387,1.0305611126572225,0.8,17892.472591228227,17892.472591228227,1.0,0.8,2034.6934298245008,2034.6934298245008,8.455468141991565,4.42126899179084,-0.46978586950286516,4.891054861293705,3.5,3.5,1.0,0.6,0.00021842435542802075,1.0,0.00021842435542802075,199.44936512868642,0.0,0.0,0.0,0.0029901574840060273,7.354510283878366e-05,0.0001448792525892371,0.0005031539487738815,0.08734033556273975,0.08734033556273975,0.08734033556273975,0.08715071882350493,0.0,0.0,0.0,0.0,0.0,0.0,1.0,1.0,0.0,1.0,1.0,490542.3490449713,594.5626983785962,0.0,0.08734033556273975,0.08717782264372688,0.08717782264372909,0.375,0.375,0.5,5.7408375730819365,1.7053025658242404e-13,1.7053025658242404e-13,1.7053025658242404e-13,1.7053025658242404e-13,1.7053025658242404e-13,1.7053025658242404e-13,24149.595742520465,18202.116854980686,0.7537234597650848,0.6705806117561979,0.4547924069816358,35353.7532153836,15450.0,0.0,0.0,0.0,0.0,0.0,0.0,0.0,0.0,0.0,0.0,0.0,0.0,0.0,0.0,0.0,0.0,0.0,0.0,0.0,0.0,35353.7532153836,15450.0,1.0,0.0,0.0,6.0,0.9,143955.44449186765,23992.574081977942,259.6494941120528,259.6494941120528,-13.500505887947156,244.22897605353464,275.070044514686,107647.72418748299,107663.91735751358,-16.193170030571956,0.0,nan,275.070044514686,1.920044514686026,268.9018443646733,-4.248155635326668,262.7336022734439,-10.416397726556056,256.56535369141767,-16.584646308582307,250.39714377456147,-22.752856225438506,244.22897605353464,-28.92102394646534,1.0,1.0,25732.562594332754,25732.562594332754,275.62443146503085,2.474431465030875,275.62443146503085,275.62443146503085,80006.98985390966,79471.16915499921,535.820698910451,0.0,8648.866644398773,8648.866644398773,0.9160877551080128,3490.283870744627,275.62443146503085,2.474431465030875,1.0,0.002,0.6236681785057072,0.0030045352211383503,0.0009629438911607847,0.0011098950815441656,0.4814719455803923,0.4814719455803923,0.0,7.283897270494999e-05,0.9996900349867339,0.9996900349867339,0.0,0.08715080056877571,2.7022074952270942e-05,0.0,0.0,0.0,1599886.1943886634,266.43580913768056,0.0,1.0,1285111.182065446,2595.688899127688,,,,,,,,,,,,,,,,,9.0,14200.501253132832
570.0,-30.636807200656182,4.42126899179084,34.67020772941947,27.496897160913818,3.6347830383892497,-27.13832334648049,-40.61447993209583,-0.7191446507129005,-6.714190862319413,-6.7141908623195885,36.406962441747616,36259.52776041247,17204.28547460061,17204.28547460061,53463.813235013076,83293.7372121125,79471.16915499921,17204.28547460061,96675.45462959982,96675.45462959982,96675.45462959982,120825.05037212028,118392.92559016135,2432.124781958933,0.0,98491.6742745127,48471.429570970635,55578.04967060229,24149.595742520465,79727.64541312275,18202.116854980686,1450.0,0.0,0.8912425502087814,2.7070443604076746,0.0014947306377116572,1.0,1.0,-6.714190862319413,331573.5482349023,1405351.6691943044,4.238431191738754,1405351.6691943044,4.238431191738754,0.7537234597650848,0.08717782264372798,3.4729192743727633,101325.0,128351.07116782667,1.2667265844345095,1.0,0.0,3.4729192743727633,1.2952175100036714,1.2955004317818644,2.6813405837625828,5681.438944942636,14200.501253132832,6401.8097330494975,0.0004536720434268228,28359.908910437054,2891.905891454988,19135.437701192284,1951.271606633487,0.6747355134892564,0.6747355134892564,31227.933846587108,30484.863174865135,1.0305611126572225,0.8,4429.8416868396125,4324.433322199387,1.0305611126572225,0.8,17892.472591228227,17892.472591228227,1.0,0.8,2034.6934298245008,2034.6934298245008,8.455468141991565,4.42126899179084,-0.46978586950286516,4.891054861293705,3.5,3.5,1.0,0.6,0.00021842435542802075,1.0,0.00021842435542802075,199.44936512868642,0.0,0.0,0.0,0.0029901574840060273,7.354510283878366e-05,0.0001448792525892371,0.0005031539487738815,0.08734033556273975,0.08734033556273975,0.08734033556273975,0.08715071882350493,0.0,0.0,0.0,0.0,0.0,0.0,1.0,1.0,0.0,1.0,1.0,490542.3490449713,594.5626983785962,0.0,0.08734033556273975,0.08717782264372688,0.08717782264372909,0.375,0.375,0.5,5.7408375730819365,1.7053025658242404e-13,1.7053025658242404e-13,1.7053025658242404e-13,1.7053025658242404e-13,1.7053025658242404e-13,1.7053025658242404e-13,24149.595742520465,18202.116854980686,0.7537234597650848,0.6705806117561979,0.4547924069816358,35353.7532153836,15450.0,0.0,0.0,0.0,0.0,0.0,0.0,0.0,0.0,0.0,0.0,0.0,0.0,0.0,0.0,0.0,0.0,0.0,0.0,0.0,0.0,35353.7532153836,15450.0,1.0,0.0,0.0,6.0,0.9,143955.44449186765,23992.574081977942,259.6494941120528,259.6494941120528,-13.500505887947156,244.22897605353464,275.070044514686,107647.72418748299,107663.91735751358,-16.193170030571956,0.0,nan,275.070044514686,1.920044514686026,268.9018443646733,-4.248155635326668,262.7336022734439,-10.416397726556056,256.56535369141767,-16.584646308582307,250.39714377456147,-22.752856225438506,244.22897605353464,-28.92102394646534,1.0,1.0,25732.562594332754,25732.562594332754,275.62443146503085,2.474431465030875,275.62443146503085,275.62443146503085,80006.98985390966,79471.16915499921,535.820698910451,0.0,8648.866644398773,8648.866644398773,0.9160877551080128,3490.283870744627,275.62443146503085,2.474431465030875,1.0,0.002,0.6236681785057072,0.0030045352211383503,0.0009629438911607847,0.0011098950815441656,0.4814719455803923,0.4814719455803923,0.0,7.283897270494999e-05,0.9996900349867339,0.9996900349867339,0.0,0.08715080056877571,2.7022074952270942e-05,0.0,0.0,0.0,1599886.1943886634,266.43580913768056,0.0,1.0,1285111.182065446,2595.688899127688,,,,,,,,,,,,,,,,,9.0,14200.501253132832
600.0,-30.636807200656182,4.42126899179084,34.67020772941947,27.496897160913818,3.6347830383892497,-27.13832334648049,-40.61447993209583,-0.7191446507129005,-6.714190862319413,-6.7141908623195885,36.406962441747616,36259.52776041247,17204.28547460061,17204.28547460061,53463.813235013076,83293.7372121125,79471.16915499921,17204.28547460061,96675.45462959982,96675.45462959982,96675.45462959982,120825.05037212028,118392.92559016135,2432.124781958933,0.0,98491.6742745127,48471.429570970635,55578.04967060229,24149.595742520465,79727.64541312275,18202.116854980686,1450.0,0.0,0.8912425502087814,2.7070443604076746,0.0014947306377116572,1.0,1.0,-6.714190862319413,331573.5482349023,1405351.6691943044,4.238431191738754,1405351.6691943044,4.238431191738754,0.7537234597650848,0.08717782264372798,3.4729192743727633,101325.0,128351.07116782667,1.2667265844345095,1.0,0.0,3.4729192743727633,1.2952175100036714,1.2955004317818644,2.6813405837625828,5681.438944942636,14200.501253132832,6401.8097330494975,0.0004536720434268228,28359.908910437054,2891.905891454988,19135.437701192284,1951.271606633487,0.6747355134892564,0.6747355134892564,31227.933846587108,30484.863174865135,1.0305611126572225,0.8,4429.8416868396125,4324.433322199387,1.0305611126572225,0.8,17892.472591228227,17892.472591228227,1.0,0.8,2034.6934298245008,2034.6934298245008,8.455468141991565,4.42126899179084,-0.46978586950286516,4.891054861293705,3.5,3.5,1.0,0.6,0.00021842435542802075,1.0,0.00021842435542802075,199.44936512868642,0.0,0.0,0.0,0.0029901574840060273,7.354510283878366e-05,0.0001448792525892371,0.0005031539487738815,0.08734033556273975,0.08734033556273975,0.08734033556273975,0.08715071882350493,0.0,0.0,0.0,0.0,0.0,0.0,1.0,1.0,0.0,1.0,1.0,490542.3490449713,594.5626983785962,0.0,0.08734033556273975,0.08717782264372688,0.08717782264372909,0.375,0.375,0.5,5.7408375730819365,1.7053025658242404e-13,1.7053025658242404e-13,1.7053025658242404e-13,1.7053025658242404e-13,1.7053025658242404e-13,1.7053025658242404e-13,24149.595742520465,18202.116854980686,0.7537234597650848,0.6705806117561979,0.4547924069816358,35353.7532153836,15450.0,0.0,0.0,0.0,0.0,0.0,0.0,0.0,0.0,0.0,0.0,0.0,0.0,0.0,0.0,0.0,0.0,0.0,0.0,0.0,0.0,35353.7532153836,15450.0,1.0,0.0,0.0,6.0,0.9,143955.44449186765,23992.574081977942,259.6494941120528,259.6494941120528,-13.500505887947156,244.22897605353464,275.070044514686,107647.72418748299,107663.91735751358,-16.193170030571956,0.0,nan,275.070044514686,1.920044514686026,268.9018443646733,-4.248155635326668,262.7336022734439,-10.416397726556056,256.56535369141767,-16.584646308582307,250.39714377456147,-22.752856225438506,244.22897605353464,-28.92102394646534,1.0,1.0,25732.562594332754,25732.562594332754,275.62443146503085,2.474431465030875,275.62443146503085,275.62443146503085,80006.98985390966,79471.16915499921,535.820698910451,0.0,8648.866644398773,8648.866644398773,0.9160877551080128,3490.283870744627,275.62443146503085,2.474431465030875,1.0,0.002,0.6236681785057072,0.0030045352211383503,0.0009629438911607847,0.0011098950815441656,0.4814719455803923,0.4814719455803923,0.0,7.283897270494999e-05,0.9996900349867339,0.9996900349867339,0.0,0.08715080056877571,2.7022074952270942e-05,0.0,0.0,0.0,1599886.1943886634,266.43580913768056,0.0,1.0,1285111.182065446,2595.688899127688,,,,,,,,,,,,,,,,,9.0,14200.501253132832
630.0,-30.636807200656182,4.42126899179084,34.67020772941947,27.496897160913818,3.6347830383892497,-27.13832334648049,-40.61447993209583,-0.7191446507129005,-6.714190862319413,-6.7141908623195885,36.406962441747616,36259.52776041247,17204.28547460061,17204.28547460061,53463.813235013076,83293.7372121125,79471.16915499921,17204.28547460061,96675.45462959982,96675.45462959982,96675.45462959982,120825.05037212028,118392.92559016135,2432.124781958933,0.0,98491.6742745127,48471.429570970635,55578.04967060229,24149.595742520465,79727.64541312275,18202.116854980686,1450.0,0.0,0.8912425502087814,2.7070443604076746,0.0014947306377116572,1.0,1.0,-6.714190862319413,331573.5482349023,1405351.6691943044,4.238431191738754,1405351.6691943044,4.238431191738754,0.7537234597650848,0.08717782264372798,3.4729192743727633,101325.0,128351.07116782667,1.2667265844345095,1.0,0.0,3.4729192743727633,1.2952175100036714,1.2955004317818644,2.6813405837625828,5681.438944942636,14200.501253132832,6401.8097330494975,0.0004536720434268228,28359.908910437054,2891.905891454988,19135.437701192284,1951.271606633487,0.6747355134892564,0.6747355134892564,31227.933846587108,30484.863174865135,1.0305611126572225,0.8,4429.8416868396125,4324.433322199387,1.0305611126572225,0.8,17892.472591228227,17892.472591228227,1.0,0.8,2034.6934298245008,2034.6934298245008,8.455468141991565,4.42126899179084,-0.46978586950286516,4.891054861293705,3.5,3.5,1.0,0.6,0.00021842435542802075,1.0,0.00021842435542802075,199.44936512868642,0.0,0.0,0.0,0.0029901574840060273,7.354510283878366e-05,0.0001448792525892371,0.0005031539487738815,0.08734033556273975,0.08734033556273975,0.08734033556273975,0.08715071882350493,0.0,0.0,0.0,0.0,0.0,0.0,1.0,1.0,0.0,1.0,1.0,490542.3490449713,594.5626983785962,0.0,0.08734033556273975,0.08717782264372688,0.08717782264372909,0.375,0.375,0.5,5.7408375730819365,1.7053025658242404e-13,1.7053025658242404e-13,1.7053025658242404e-13,1.7053025658242404e-13,1.7053025658242404e-13,1.7053025658242404e-13,24149.595742520465,18202.116854980686,0.7537234597650848,0.6705806117561979,0.4547924069816358,35353.7532153836,15450.0,0.0,0.0,0.0,0.0,0.0,0.0,0.0,0.0,0.0,0.0,0.0,0.0,0.0,0.0,0.0,0.0,0.0,0.0,0.0,0.0,35353.7532153836,15450.0,1.0,0.0,0.0,6.0,0.9,143955.44449186765,23992.574081977942,259.6494941120528,259.6494941120528,-13.500505887947156,244.22897605353464,275.070044514686,107647.72418748299,107663.91735751358,-16.193170030571956,0.0,nan,275.070044514686,1.920044514686026,268.9018443646733,-4.248155635326668,262.7336022734439,-10.416397726556056,256.56535369141767,-16.584646308582307,250.39714377456147,-22.752856225438506,244.22897605353464,-28.92102394646534,1.0,1.0,25732.562594332754,25732.562594332754,275.62443146503085,2.474431465030875,275.62443146503085,275.62443146503085,80006.98985390966,79471.16915499921,535.820698910451,0.0,8648.866644398773,8648.866644398773,0.9160877551080128,3490.283870744627,275.62443146503085,2.474431465030875,1.0,0.002,0.6236681785057072,0.0030045352211383503,0.0009629438911607847,0.0011098950815441656,0.4814719455803923,0.4814719455803923,0.0,7.283897270494999e-05,0.9996900349867339,0.9996900349867339,0.0,0.08715080056877571,2.7022074952270942e-05,0.0,0.0,0.0,1599886.1943886634,266.43580913768056,0.0,1.0,1285111.182065446,2595.688899127688,,,,,,,,,,,,,,,,,9.0,14200.501253132832
660.0,-31.334224047078692,4.178052809582331,34.62742730181272,24.51993426019328,4.89078359680568,-27.711872816359815,-41.14868680536745,1.268697951300426,-6.452188546420871,-6.452188546421117,39.211222896647925,39997.06462901034,16423.722895025323,16423.722895025323,56420.787524035666,77022.70519492283,77038.93089212615,16423.722895025323,93462.65378715147,93462.65378715147,93462.65378715147,118737.0615883359,117749.60879061146,987.4527977244413,0.0,91235.38509537895,54381.80810010289,40948.418883640064,25274.407801184432,66222.8266848245,19220.925953747166,1450.0,0.0,0.8822861497781539,2.733622630840485,0.0014947306377116572,1.0,1.0,-6.452188546420871,335022.88862795255,1520803.6106340054,4.539402119247077,1520803.6106340054,4.539402119247077,0.7604896662641654,0.08965291477119242,3.903988399901155,101325.0,128351.07116782667,1.2667265844345095,1.0,0.0,3.903988399901155,1.2858351735795117,1.2861160459202288,3.036149951500565,6433.237419222372,15200.501253132832,6448.521632303159,0.00033463202727879827,23369.788982387585,2383.055271921358,19275.062694021777,1965.5093935260031,0.824785483024611,0.8247854830246111,34292.11841158562,30484.863174865135,1.1584774396835538,0.8,4864.511895534332,4324.433322199387,1.1584774396835538,0.8,17892.472591228227,17892.472591228227,1.0,0.8,2034.6934298245008,2034.6934298245008,8.07184151395325,4.178052809582331,-0.49109371352365994,4.669146523105991,3.5,3.5,1.0,0.6,0.00021842435542802075,1.075921324320647,0.0002030114567772297,200.02954906244773,0.0,0.0,0.0,0.0029901574840060273,6.919907227513486e-05,0.00014922528315288589,0.0005825737744008317,0.0910084797996102,0.0910084797996102,0.0910084797996102,0.08712197481922791,0.0,0.0,0.0,0.0,0.0,0.0,1.0,1.0,0.0,1.0,1.0,521213.4788197446,584.5771449450922,0.0,0.0910084797996102,0.08965291477119242,0.0896529147711924,0.375,0.375,0.5,2.2431737724593517,2.2737367544323206e-13,2.2737367544323206e-13,2.2737367544323206e-13,2.2737367544323206e-13,2.2737367544323206e-13,2.2737367544323206e-13,25274.407801184432,19220.925953747166,0.7604896662641654,0.8519839811815969,0.6039770065897232,35353.7532153836,15450.0,0.0,0.0,0.0,0.0,0.0,0.0,0.0,0.0,0.0,0.0,0.0,0.0,0.0,0.0,0.0,0.0,0.0,0.0,0.0,0.0,35353.7532153836,15450.0,1.0,0.0,0.0,6.0,0.9,143955.44449186765,23992.574081977942,259.891916054561,259.891916054561,-13.258083945438955,243.70553488327334,276.0783018742455,128497.84721074438,127334.56820640778,1163.2790043365833,0.0,nan,276.0783018742455,2.9283018742455056,269.60374989902124,-3.546250100978739,263.12919267999814,-10.020807320001836,256.65463481593594,-16.495365184064042,250.18008217489216,-22.969917825107814,243.70553488327334,-29.444465116726633,1.0,1.0,25732.562594332754,25732.562594332754,275.6052133201597,2.4552133201597144,275.6052133201597,275.6052133201597,77020.59687774074,77038.93089212615,-18.334014385414775,0.0,8648.866644398773,8648.866644398773,0.8896800669834926,3923.5083419006605,275.6052133201597,2.4552133201597144,1.0,0.002,0.7000791836381016,0.002519010965416778,0.0010815045318809382,0.0009214918463863748,0.5407522659404691,0.5407522659404691,0.0,2.9963782673132072e-06,0.9715890539537027,0.9715890539537027,0.0,0.08710579064673478,0.002547124124457642,0.0,0.0,0.0,1600193.6170444617,266.6978114535791,0.0,1.0,1284217.189696238,2599.3052196263993,,,,,,,,,,,,,,,,,30.0,15200.501253132832
690.0,-31.91144634521079,3.9983572123435107,34.59616875578997,24.458803852926962,4.871525740398413,-28.22634424328418,-41.64927477305753,1.2130203163504067,-6.479644034778573,-6.479644034778779,38.56208000298964,39627.24564762998,16188.511926803938,16188.511926803938,55815.75757443391,76899.48111289261,76988.9175585784,16188.511926803938,93177.42948538234,93177.42948538234,93177.42948538234,118209.84152368264,118209.81983460175,0.021689080891584396,0.0,91262.74113690035,54228.06306383911,41149.64230340138,25032.41203830031,66182.05434170169,18995.409706699065,1450.0,0.0,0.884559312592467,2.7308278399558406,0.0014947306377116572,1.0,1.0,-6.479644034778573,334660.1115998451,1493462.607737525,4.46262508130418,1493462.607737525,4.46262508130418,0.758832575847487,0.0885642678411661,3.906186418362977,101325.0,128351.07116782667,1.2667265844345095,1.0,0.0,3.906186418362977,1.2861279748275152,1.286389087134354,3.0371677584315373,6435.394029975619,15200.501253132832,6447.053828320343,0.0003340743850350606,23363.64201868972,2382.428456067028,19270.675329691698,1965.0620068720407,0.8248146977374564,0.8248146977374564,34307.56322521957,30484.863174865135,1.1591296841420908,0.8,4866.702821120933,4324.433322199387,1.1591296841420908,0.8,17892.472591228227,17892.472591228227,1.0,0.8,2034.6934298245008,2034.6934298245008,7.956241313562531,3.9983572123435107,-0.6039205209340839,4.602277733277594,3.5,3.5,1.0,0.6,0.0002030114567772297,1.0627761860993379,0.0001910199526791563,200.51203346947057,0.0,0.00010276783889543134,291.2440554296524,0.006073192650868968,6.53433200358799e-05,0.00013766813674134982,0.0005377574059803979,0.08976294338155531,0.08976294338155531,0.08976294338155531,0.08725713897515794,0.0,0.0,0.0,0.0,0.0,0.0,1.0,1.0,0.0,1.0,1.0,529028.3033591482,581.9253080331755,0.0,0.08976294338155531,0.08856426784116611,0.08856426784116608,0.375,0.375,0.5,4.981252350969886e-05,2.2737367544323206e-13,2.2737367544323206e-13,2.2737367544323206e-13,2.2737367544323206e-13,2.2737367544323206e-13,2.2737367544323206e-13,25032.41203830031,18995.409706699065,0.758832575847487,0.8433669539215872,0.598761190503883,35353.7532153836,15450.0,0.0,0.0,0.0,0.0,0.0,0.0,0.0,0.0,0.0,0.0,0.0,0.0,0.0,0.0,0.0,0.0,0.0,0.0,0.0,0.0,35644.997270813255,15450.0,1.0,0.0,0.0,6.0,0.9,143955.44449186765,23992.574081977942,259.66421362928565,259.66421362928565,-13.485786370714322,243.1596517975299,276.16877497342443,129412.98282080055,130506.21027118592,-1093.2274503853605,0.0,nan,276.16877497342443,3.018774973424456,269.5669524957757,-3.5830475042242824,262.9651272105421,-10.18487278945787,256.36330021301427,-16.786699786985707,249.7614750854274,-23.38852491457257,243.1596517975299,-29.990348202470074,1.0,1.0,25732.562594332754,25732.562594332754,275.5719751858665,2.421975185866529,275.5719751858665,275.5719751858665,76954.69792587857,76988.9175585784,-34.219632699823705,0.0,8648.866644398773,8648.866644398773,0.8895431408457468,3925.717350454792,275.5719751858665,2.421975185866529,1.0,0.002,0.7394673061955436,0.002333719672192577,0.001142288074953575,0.0008545832285898751,0.5711440374767875,0.5711440374767875,0.0,-3.1286964565497948e-06,0.985171153191349,0.985171153191349,0.0,0.0872509618806291,0.001313305960536992,0.0,0.0,0.0,1600161.4477135593,266.6703559652214,0.0,1.0,1284310.933974966,2598.9256697614887,,,,,,,,,,,,,,,,,21.0,15200.501253132832
720.0,-32.38403331896683,3.9565796310409715,34.58774804532915,25.241884623561077,5.440527101363556,-28.597724739317496,-42.01207113275302,1.9248183260779361,-6.2544441719171004,-6.254444171917405,37.76461507919484,38870.27787151751,15776.031775570693,15776.031775570693,54646.3096470882,77239.23577770354,77914.10499411367,15776.031775570693,93690.13676968437,93690.13676968437,93690.13676968437,118501.00143191154,118500.92393223377,0.07749967776984652,0.0,90952.97527480313,53742.45132799496,41345.026607564636,24810.864662227174,66155.89126979181,18781.76593125527,1450.0,0.0,0.8886474464247962,2.7538185215136486,0.0014947306377116572,1.0,1.0,-6.2544441719171004,337644.87885984743,1460385.3423097208,4.325210994584373,1460385.3423097208,4.325210994584373,0.756997637403956,0.09487605624539071,3.8811129900715313,101325.0,128351.07116782667,1.2667265844345095,1.0,0.0,3.8811129900715313,1.2828246483286379,1.2830697061895568,3.0254431072307058,6410.550901000634,15200.501253132832,6463.657693020734,0.00034044386242850237,23434.76613731022,2389.681097756137,19320.30539241179,1970.1228648327196,0.8244291954615307,0.8244291954615307,34131.276337465424,30484.863174865135,1.1516893441523772,0.8,4841.695626983371,4324.433322199387,1.1516893441523772,0.8,17892.472591228227,17892.472591228227,1.0,0.8,2034.6934298245008,2034.6934298245008,7.7535178245164085,3.9565796310409715,-0.5284329561859487,4.485012587226921,3.5,3.5,1.0,0.6,0.0001910199526791563,1.0513386576420543,0.0001816921229811681,200.9086203642381,0.0,8.014802903540631e-05,227.1395142863415,0.008477633521931156,6.267418445420555e-05,0.00012834576822495075,0.0004981244282785663,0.0884520523545918,0.0884520523545918,0.0884520523545918,0.08839841988155803,0.0,0.0,0.0,0.0,0.0,0.0,1.0,1.0,0.0,1.0,1.0,525104.0363805156,583.2019280548516,0.0,0.0884520523545918,0.09487605624539086,0.09487605624539056,0.375,0.375,0.5,0.00016646107866807037,2.8421709430404007e-13,2.8421709430404007e-13,2.8421709430404007e-13,2.8421709430404007e-13,2.8421709430404007e-13,2.8421709430404007e-13,24810.864662227174,18781.76593125527,0.756997637403956,0.8260233306242353,0.5875558038058888,35353.7532153836,15450.0,0.0,0.0,0.0,0.0,0.0,0.0,0.0,0.0,0.0,0.0,0.0,0.0,0.0,0.0,0.0,0.0,0.0,0.0,0.0,0.0,35580.89272966994,15450.0,1.0,0.0,0.0,6.0,0.9,143955.44449186765,23992.574081977942,259.6764114693257,259.6764114693257,-13.473588530674249,242.72273930770388,276.6300821955963,132811.21744304063,132752.5021160408,58.71532699986369,0.0,nan,276.6300821955963,3.48008219559631,269.84861479780625,-3.301385202193728,263.0671465205579,-10.082853479442065,256.2856775657302,-16.864322434269752,249.50420842855993,-23.645791571440043,242.72273930770388,-30.4272606922961,1.0,1.0,25732.562594332754,25732.562594332754,275.90414714964874,2.754147149648759,275.90414714964874,275.90414714964874,78162.16373156235,77914.10499411367,248.05873744867858,0.0,8648.866644398773,8648.866644398773,0.8911041422611587,3900.518555021889,275.90414714964874,2.754147149648759,1.0,0.002,0.9341686854407718,0.0019187580927750424,0.0014437205818238809,0.0006967627233912235,0.7218602909119404,0.7218602909119404,0.0,0.00014048330521510433,0.9315794433665019,0.9315794433665019,0.0,0.08838458366589,0.006491472579500707,0.0,0.0,0.0,1600424.99491742,266.8955558280829,0.0,1.0,1283541.5804762323,2602.0429756092044,,,,,,,,,,,,,,,,,19.0,15200.501253132832
750.0,-32.769714149795774,4.003285119648655,34.61023013820186,25.497355427965545,5.641426806091619,-28.922371649556663,-42.327796400617785,2.1563555305762128,-6.321328472226185,-6.321328472226471,37.67292816946928,38459.77720171581,15951.52799944707,15951.52799944707,54411.30520116288,77287.70554182486,78869.8150856756,15951.52799944707,94821.34308512267,94821.34308512267,94821.34308512267,119576.23160052265,119576.15997077267,0.07162974997687828,0.0,90853.08279762254,53515.62611375926,41486.06298207031,24754.88851539998,66240.95149747029,18733.38131997755,1450.0,0.0,0.8886406708749626,2.746974397854966,0.0014947306377116572,1.0,1.0,-6.321328472226185,336756.22873979586,1456618.197694457,4.325438027220438,1456618.197694457,4.325438027220438,0.7567548247419309,0.08832686279346413,3.872941995098819,101325.0,128351.07116782667,1.2667265844345095,1.0,0.0,3.872941995098819,1.2817649893537288,1.281997888080123,3.021569497737313,6402.343187304533,15200.501253132832,6469.000832637054,0.0003425223431788407,23458.415569506717,2392.092668699986,19336.276394287874,1971.7514537877742,0.824278874973246,0.824278874973246,34073.77834610369,30484.863174865135,1.1492646665237514,0.8,4833.539243653783,4324.433322199387,1.1492646665237514,0.8,17892.472591228227,17892.472591228227,1.0,0.8,2034.6934298245008,2034.6934298245008,7.839769748911483,4.003285119648655,-0.531619784245323,4.534904903893978,3.5,3.5,1.0,0.6,0.0001816921229811681,1.0418552797599656,0.00017439286099603813,201.2333314631113,0.0,6.246804652051265e-05,177.03444383913285,0.010351674917546535,6.0433820185037084e-05,0.000121258302796131,0.0004696263731535443,0.08834968040186097,0.08834968040186097,0.08834968040186097,0.08817804908681552,0.0,0.0,0.0,0.0,0.0,0.0,1.0,1.0,0.0,1.0,1.0,524653.3690945501,583.3483407479692,0.0,0.08834968040186097,0.08832686279346426,0.088326862793464,0.375,0.375,0.5,0.00016529611615187696,2.8421709430404007e-13,2.8421709430404007e-13,2.8421709430404007e-13,2.8421709430404007e-13,2.8421709430404007e-13,2.8421709430404007e-13,24754.88851539998,18733.38131997755,0.7567548247419309,0.821414909827206,0.5806042385001757,35353.7532153836,15450.0,0.0,0.0,0.0,0.0,0.0,0.0,0.0,0.0,0.0,0.0,0.0,0.0,0.0,0.0,0.0,0.0,0.0,0.0,0.0,0.0,35530.78765922273,15450.0,1.0,0.0,0.0,6.0,0.9,143955.44449186765,23992.574081977942,259.5978401510471,259.5978401510471,-13.552159848952897,242.35597480460572,276.83969853501895,134365.46550381056,134748.8291820684,-383.36367825782645,0.0,nan,276.83969853501895,3.6896985350189766,269.94295778805497,-3.2070422119450086,263.04621521344825,-10.103784786551728,256.1494706437149,-17.000529356285085,249.2527239214395,-23.89727607856048,242.35597480460572,-30.794025195394255,1.0,1.0,25732.562594332754,25732.562594332754,275.9477640434101,2.7977640434100977,275.9477640434101,275.9477640434101,78777.31669102398,78869.8150856756,-92.49839465161494,0.0,8648.866644398773,8648.866644398773,0.8916123797772649,3892.306705074313,275.9477640434101,2.7977640434100977,1.0,0.002,0.9372864575276004,0.0019132800494158927,0.0014483396157225015,0.0006965045072534781,0.7241698078612507,0.7241698078612507,0.0,0.00014484412297597954,0.9983130754378365,0.9983130754378365,0.0,0.088177862039119,0.00014900075434513658,0.0,0.0,0.0,1600346.796954261,266.8286715277738,0.0,1.0,1283770.1803176955,2601.1161611560096,,,,,,,,,,,,,,,,,14.0,15200.501253132832
780.0,-33.13989830530464,3.996908335571257,34.6169400519122,25.621031526848697,5.760772373490322,-29.24898134881367,-42.64270457262171,2.2683276815224165,-6.222883191793642,-6.222883191794003,37.86756574620763,38154.860299131,15789.577909779327,15789.577909779327,53944.43820891033,77225.16487127799,78822.5977811066,15789.577909779327,94612.17569088592,94612.17569088592,94612.17569088592,119472.01063838493,119471.36849796954,0.6421404153902588,0.0,90805.2805688454,53358.65257901086,41607.36443314949,24859.834947499014,66467.1993806485,18825.24091797044,1450.0,0.0,0.8884336465074741,2.7570527606059474,0.0014947306377116572,1.0,1.0,-6.222883191793642,338064.8493650395,1464624.0642682302,4.332376072280564,1464624.0642682302,4.332376072280564,0.7572552656816544,0.09074628301863163,3.8690164902058255,101325.0,128351.07116782667,1.2667265844345095,1.0,0.0,3.8690164902058255,1.2812589166363173,1.2814823706771072,3.019699172407038,6398.380192362568,15200.501253132832,6471.556222850456,0.0003435213694765841,23469.861345567617,2393.2598130419274,19343.914626642447,1972.530336724819,0.8242023394098844,0.8242023394098844,34046.14656716148,30484.863174865135,1.1480998042362467,0.8,4829.619534881468,4324.433322199387,1.1480998042362467,0.8,17892.472591228227,17892.472591228227,1.0,0.8,2034.6934298245008,2034.6934298245008,7.760175404479107,3.996908335571257,-0.49195532037169354,4.48886365594295,3.5,3.5,1.0,0.6,0.00017439286099603813,1.0402686713318747,0.00016764213496188422,201.5458945375293,0.0,4.89618268829915e-05,138.7578173863979,0.01182052972403628,5.8273265322426264e-05,0.00011611959567361187,0.00044926863049723733,0.08859001359318631,0.08859001359318631,0.08859001359318631,0.08848094717260174,0.0,0.0,0.0,0.0,0.0,0.0,1.0,1.0,0.0,1.0,1.0,525603.9245491514,583.0395418048794,0.0,0.08859001359318631,0.09074628301863363,0.09074628301862962,0.375,0.375,0.5,0.0014416751083733694,3.410605131648481e-13,3.410605131648481e-13,3.410605131648481e-13,3.410605131648481e-13,3.410605131648481e-13,3.410605131648481e-13,24859.834947499014,18825.24091797044,0.7572552656816544,0.8115948725322089,0.5740404388128854,35353.7532153836,15450.0,0.0,0.0,0.0,0.0,0.0,0.0,0.0,0.0,0.0,0.0,0.0,0.0,0.0,0.0,0.0,0.0,0.0,0.0,0.0,0.0,35492.511032769995,15450.0,1.0,0.0,0.0,6.0,0.9,143955.44449186765,23992.574081977942,259.4784756465014,259.4784756465014,-13.671524353498569,242.00743078443608,276.94950880073725,135845.35721983964,136422.41421257064,-577.0569927309828,0.0,nan,276.94950880073725,3.7995088007372715,269.96109969626167,-3.1889003037383077,262.97268778114193,-10.177312218858049,255.98427270534725,-17.165727294652726,248.99585411108401,-24.154145888915963,242.00743078443608,-31.142569215563896,1.0,1.0,25732.562594332754,25732.562594332754,276.04074996060916,2.8907499606091847,276.04074996060916,276.04074996060916,78825.44327202754,78822.5977811066,2.8454909209394827,0.0,8648.866644398773,8648.866644398773,0.8918564626503755,3888.3615726568546,276.04074996060916,2.8907499606091847,1.0,0.002,1.005198878842614,0.0014511050585527478,0.0015535958486171217,0.0005263247331668121,0.7767979243085609,0.7767979243085609,0.0,7.992058178393378e-05,0.9748667694043673,0.9748667694043673,0.0,0.08846553576182782,0.002280747256803813,0.0,0.0,0.0,1600461.8723515442,266.92711680820634,0.0,1.0,1283433.6801166246,2602.4806019774574,,,,,,,,,,,,,,,,,14.0,15200.501253132832
810.0,-33.428597602135575,4.007127951013599,34.62878603042058,25.76683951718735,5.844695606302918,-29.487415554751248,-42.87465118160469,2.4002291350988627,-6.239556903819107,-6.239556903819389,37.8329577623745,37848.915823042174,15831.128100716965,15831.128100716965,53680.04392375914,77371.35586184592,79222.71368839483,15831.128100716965,95053.84178911179,95053.84178911179,95053.84178911179,119895.27488636,119895.2385104184,0.03637594158583258,0.0,90748.5828567317,53211.217486337635,41708.183744882284,24841.43309724821,66549.61684213049,18809.094332186018,1450.0,0.0,0.8884746650659966,2.755343733782034,0.0014947306377116572,1.0,1.0,-6.239556903819107,337842.92722078884,1463198.1344419792,4.3310012332617,1463198.1344419792,4.3310012332617,0.7571662334678099,0.08847158387801868,3.864347816068911,101325.0,128351.07116782667,1.2667265844345095,1.0,0.0,3.864347816068911,1.280659495302827,1.2808741989718904,3.017467039632686,6393.650570862306,15200.501253132832,6474.585398325613,0.00034470980550511894,23483.544229475596,2394.6550788980535,19352.969034850114,1973.453629409647,0.8241076749632642,0.8241076749632642,34013.27629041453,30484.863174865135,1.1467144123992765,0.8,4824.95671847783,4324.433322199387,1.1467144123992765,0.8,17892.472591228227,17892.472591228227,1.0,0.8,2034.6934298245008,2034.6934298245008,7.780596265100466,4.007127951013599,-0.49354812594929065,4.50067607696289,3.5,3.5,1.0,0.6,0.00016764213496188422,1.0313547327697925,0.0001625455622932633,201.79027176162796,0.0,4.535270391104461e-05,128.5295628839004,0.013181110841367619,5.672785936392562e-05,0.00011091427559795859,0.0004286113386778366,0.08854669025044913,0.08854669025044913,0.08854669025044913,0.0884301826767295,0.0,0.0,0.0,0.0,0.0,0.0,1.0,1.0,0.0,1.0,1.0,525440.429734993,583.0926103135678,0.0,0.08854669025044913,0.0884715838780207,0.08847158387801664,0.375,0.375,0.5,8.377421703230089e-05,2.8421709430404007e-13,2.8421709430404007e-13,2.8421709430404007e-13,2.8421709430404007e-13,2.8421709430404007e-13,2.8421709430404007e-13,24841.43309724821,18809.094332186018,0.7571662334678099,0.8066168743104766,0.5687322875626416,35353.7532153836,15450.0,0.0,0.0,0.0,0.0,0.0,0.0,0.0,0.0,0.0,0.0,0.0,0.0,0.0,0.0,0.0,0.0,0.0,0.0,0.0,0.0,35482.2827782675,15450.0,1.0,0.0,0.0,6.0,0.9,143955.44449186765,23992.574081977942,259.37386355541594,259.37386355541594,-13.77613644458404,241.72727088596284,277.0204615342542,137019.08928605684,137524.9984092559,-505.90912319905203,0.0,nan,277.0204615342542,3.8704615342542183,269.9618204981697,-3.188179501830291,262.90318046679687,-10.246819533203109,255.84454226094186,-17.305457739058113,248.78590568637037,-24.364094313629607,241.72727088596284,-31.42272911403714,1.0,1.0,25732.562594332754,25732.562594332754,276.0703384842892,2.920338484289232,276.0703384842892,276.0703384842892,79158.62325007033,79222.71368839483,-64.09043832449242,0.0,8648.866644398773,8648.866644398773,0.8921466824795686,3883.6695551492558,276.0703384842892,2.920338484289232,1.0,0.002,1.0061730184731794,0.0014479860786035048,0.0015550480668221082,0.000525519215933169,0.7775240334110541,0.7775240334110541,0.0,8.056728275527723e-05,0.9995307502574216,0.9995307502574216,0.0,0.08843006861005841,4.1515267960267844e-05,0.0,0.0,0.0,1600442.3917210428,266.91044309618087,0.0,1.0,1283490.686430389,2602.2493804321953,,,,,,,,,,,,,,,,,14.0,15200.501253132832
840.0,-33.60617558692587,4.0061497991018244,34.63114434760052,25.64392351722347,5.798587998872754,-29.59438382397392,-42.98160035451872,2.289072981024556,-6.270387936849204,-6.270387936849477,37.77040961614533,37588.18624542725,15877.250802044759,15877.250802044759,53465.437047472005,77154.24743968884,79101.8749625341,15877.250802044759,94979.12576457886,94979.12576457886,94979.12576457886,119787.08457084629,119787.04842026296,0.03615058333114582,0.0,90798.46070169003,53218.82925288863,41755.14605422377,24807.958806267423,66563.10486049119,18779.760510348173,1450.0,0.0,0.8885452761740061,2.7521858098559964,0.0014947306377116572,1.0,1.0,-6.270387936849204,337432.8768875949,1460623.6702073237,4.328634730793835,1460623.6702073237,4.328634730793835,0.75700546977705,0.08836488242241344,3.8684551317251503,101325.0,128351.07116782667,1.2667265844345095,1.0,0.0,3.8684551317251503,1.281186814018667,1.2813950760915274,3.0194309599480365,6397.811882346557,15200.501253132832,6471.921384666293,0.00034366439260050824,23471.50415602679,2393.427333087934,19345.006119746613,1972.6416380462863,0.8241911549916321,0.8241911549916321,34042.1946852353,30484.863174865135,1.1479332255815935,0.8,4829.058940274599,4324.433322199387,1.1479332255815935,0.8,17892.472591228227,17892.472591228227,1.0,0.8,2034.6934298245008,2034.6934298245008,7.803264398123225,4.0061497991018244,-0.5076386307616465,4.513788429863471,3.5,3.5,1.0,0.6,0.0001625455622932633,1.019209002009031,0.00015948207087345076,201.94085681682034,0.0,3.428129279513002e-05,97.15318378139847,0.014209549625221519,5.602813586740278e-05,0.00010651742642586052,0.00041205788487527626,0.08846907719001416,0.08846907719001416,0.08846907719001416,0.0883358519515047,0.0,0.0,0.0,0.0,0.0,0.0,1.0,1.0,0.0,1.0,1.0,525132.9293713003,583.192535758932,0.0,0.08846907719001416,0.08836488242241544,0.08836488242241143,0.375,0.375,0.5,8.336789027588152e-05,2.8421709430404007e-13,2.8421709430404007e-13,2.8421709430404007e-13,2.8421709430404007e-13,2.8421709430404007e-13,2.8421709430404007e-13,24807.958806267423,18779.760510348173,0.75700546977705,0.803229313889873,0.5647000139823386,35353.7532153836,15450.0,0.0,0.0,0.0,0.0,0.0,0.0,0.0,0.0,0.0,0.0,0.0,0.0,0.0,0.0,0.0,0.0,0.0,0.0,0.0,0.0,35450.906399165,15450.0,1.0,0.0,0.0,6.0,0.9,143955.44449186765,23992.574081977942,259.26312859173703,259.26312859173703,-13.886871408262948,241.54219521058042,276.9840678428891,137607.28954064372,138148.63833274538,-541.3487921016522,0.0,nan,276.9840678428891,3.8340678428891124,269.89569001235844,-3.254309987641534,262.8073136019147,-10.342686398085277,255.71893887939228,-17.431061120607694,248.6305660032869,-24.519433996713076,241.54219521058042,-31.60780478941956,1.0,1.0,25732.562594332754,25732.562594332754,276.0255358257469,2.8755358257469084,276.0255358257469,276.0255358257469,78949.22329045829,79101.8749625341,-152.65167207580816,0.0,8648.866644398773,8648.866644398773,0.8918913626776571,3887.797407383776,276.0255358257469,2.8755358257469084,1.0,0.002,1.0062797818529226,0.0014477360962276385,0.0015551143851607193,0.0005260313787837563,0.7775571925803596,0.7775571925803596,0.0,8.114576394447574e-05,0.9996712844040183,0.9996712844040183,0.0,0.0883358355074241,2.904691498933541e-05,0.0,0.0,0.0,1600406.3600157308,266.8796120631508,0.0,1.0,1283596.0815493856,2601.8219682941985,,,,,,,,,,,,,,,,,13.0,15200.501253132832
870.0,-33.816843927684744,3.98336607544834,34.62789115047318,25.62676212927329,5.77395412717107,-29.82477137249646,-43.20103089613838,2.2735529306655278,-6.260570650181535,-6.260570650181813,37.76637118510074,37604.285570149965,15826.882241098583,15826.882241098583,53431.167811248546,77195.0305182399,78988.64824367024,15826.882241098583,94815.53048476882,94815.53048476882,94815.53048476882,119625.10158738482,119625.0796328513,0.021954533526454965,0.0,90805.87978286644,53166.14849995923,41821.92364767468,24809.57110261599,66631.49475029067,18780.83388735818,1450.0,0.0,0.8886099064507911,2.7531910527191648,0.0014947306377116572,1.0,1.0,-6.260570650181535,337563.40357241436,1460457.5674108013,4.326468900226925,1460457.5674108013,4.326468900226925,0.7569995389955725,0.08933564045254137,3.869065067045041,101325.0,128351.07116782667,1.2667265844345095,1.0,0.0,3.869065067045041,1.2812653180167624,1.2814696675011081,3.0197219987456365,6398.428558634972,15200.501253132832,6471.525130686079,0.0003435091946390454,23469.721550125934,2393.245557874089,19343.821690082437,1972.5208598331171,0.8242032888531923,0.8242032888531923,34046.48853564167,30484.863174865135,1.1481142190260867,0.8,4829.668044854512,4324.433322199387,1.1481142190260867,0.8,17892.472591228227,17892.472591228227,1.0,0.8,2034.6934298245008,2034.6934298245008,7.77850953323406,3.98336607544834,-0.516102934103496,4.499469009551836,3.5,3.5,1.0,0.6,0.00015948207087345076,1.0228663480601499,0.0001559168225408002,202.11976965361458,0.0,2.062146940559738e-05,58.44124429546298,0.01482819370738944,5.461743168321031e-05,0.00010486463919024045,0.0004057281122592417,0.08845787933733106,0.08845787933733106,0.08845787933733106,0.08837454449351287,0.0,0.0,0.0,0.0,0.0,0.0,1.0,1.0,0.0,1.0,1.0,525113.2402451898,583.19893163801,0.0,0.08845787933733106,0.08933564045254322,0.08933564045253953,0.375,0.375,0.5,5.0080227922867315e-05,2.8421709430404007e-13,2.8421709430404007e-13,2.8421709430404007e-13,2.8421709430404007e-13,2.8421709430404007e-13,2.8421709430404007e-13,24809.57110261599,18780.83388735818,0.7569995389955725,0.8018905775937956,0.5643620289635769,35353.7532153836,15450.0,0.0,0.0,0.0,0.0,0.0,0.0,0.0,0.0,0.0,0.0,0.0,0.0,0.0,0.0,0.0,0.0,0.0,0.0,0.0,0.0,35412.19445967906,15450.0,1.0,0.0,0.0,6.0,0.9,143955.44449186765,23992.574081977942,259.1462719155998,259.1462719155998,-14.003728084400166,241.342896889263,276.94965462654596,138267.36219459027,138834.12488384335,-566.7626892530743,0.0,nan,276.94965462654596,3.799654626545987,269.8282984037769,-3.321701596223079,262.7069447111869,-10.44305528881307,255.58559310374116,-17.564406896258816,248.4642437590853,-24.685756240914685,241.342896889263,-31.80710311073699,1.0,1.0,25732.562594332754,25732.562594332754,276.02226160302735,2.8722616030273684,276.02226160302735,276.02226160302735,78910.15476388442,78988.64824367024,-78.493479785815,0.0,8648.866644398773,8648.866644398773,0.8918534425427975,3888.4103923802663,276.02226160302735,2.8722616030273684,1.0,0.002,1.0351307751517225,0.0011238370496242135,0.001599733307746242,0.0004081943563321789,0.799866653873121,0.799866653873121,0.0,7.927664078420747e-06,0.9891208056780864,0.9891208056780864,0.0,0.08836374066018557,0.0009718997923558069,0.0,0.0,0.0,1600417.8347844728,266.88942934981844,0.0,1.0,1283562.523389907,2601.958046802276,,,,,,,,,,,,,,,,,15.0,15200.501253132832
900.0,-34.07775534888489,3.975972526469579,34.629776364341886,25.648880539834522,5.817760950562063,-30.07237098024849,-43.437299808114744,2.2935758618731117,-6.277931144101444,-6.2779311441017365,37.74591620490119,37470.623848889176,15842.281171032679,15842.281171032679,53312.905019921855,77096.89217611036,79097.73879832133,15842.281171032679,94940.019969354,94940.019969354,94940.019969354,119736.31959148079,119736.300573334,0.019018146795529427,0.0,90797.76854870048,53089.683569502835,41897.87219910849,24796.299622126786,66694.17182123527,18769.41941387016,1450.0,0.0,0.888595981539392,2.7514136187226375,0.0014947306377116572,1.0,1.0,-6.277931144101444,337332.6123921178,1459616.46287195,4.326935520765129,1459616.46287195,4.326935520765129,0.7569443707286637,0.0884620113267561,3.8683978801861154,101325.0,128351.07116782667,1.2667265844345095,1.0,0.0,3.8683978801861154,1.2811795208520482,1.2813792886916213,3.019403461595638,6397.753616637537,15200.501253132832,6471.958804467722,0.0003436790525603583,23471.6726047663,2393.4445100790076,19345.117970037216,1972.6530436017617,0.8241900053645466,0.8241900053645466,34041.79163629594,30484.863174865135,1.1479162366437266,0.8,4829.0017657268945,4324.433322199387,1.1479162366437266,0.8,17892.472591228227,17892.472591228227,1.0,0.8,2034.6934298245008,2034.6934298245008,7.786077715107742,3.975972526469579,-0.5278742883229386,4.503846814792517,3.5,3.5,1.0,0.6,0.0001559168225408002,1.0284531992605739,0.00015160322574998998,202.34175602366867,0.0,2.4020239058442127e-05,68.07335749162499,0.015548800879142705,5.313527916577885e-05,0.00010278154337502136,0.0003975999045141899,0.08843631305987328,0.08843631305987328,0.08843631305987328,0.08831610675262751,0.0,0.0,0.0,0.0,0.0,0.0,1.0,1.0,0.0,1.0,1.0,525012.7193273292,583.231592210177,0.0,0.08843631305987328,0.08846201132675785,0.08846201132675434,0.375,0.375,0.5,4.3812571064618824e-05,2.8421709430404007e-13,2.8421709430404007e-13,2.8421709430404007e-13,2.8421709430404007e-13,2.8421709430404007e-13,2.8421709430404007e-13,24796.299622126786,18769.41941387016,0.7569443707286637,0.799363775935623,0.5618275604249817,35353.7532153836,15450.0,0.0,0.0,0.0,0.0,0.0,0.0,0.0,0.0,0.0,0.0,0.0,0.0,0.0,0.0,0.0,0.0,0.0,0.0,0.0,0.0,35421.82657287522,15450.0,1.0,0.0,0.0,6.0,0.9,143955.44449186765,23992.574081977942,259.03660813902644,259.03660813902644,-14.113391860973536,241.10303273971664,276.9701715780954,139327.44719718827,139858.6536060273,-531.2064088390463,0.0,nan,276.9701715780954,3.820171578095426,269.7967501711708,-3.3532498288291777,262.6233261917476,-10.526673808252383,255.44989923292016,-17.700100767079817,248.27646892050808,-24.873531079491897,241.10303273971664,-32.04696726028334,1.0,1.0,25732.562594332754,25732.562594332754,276.01751438656174,2.8675143865617656,276.01751438656174,276.01751438656174,78993.37217336764,79097.73879832133,-104.36662495369092,0.0,8648.866644398773,8648.866644398773,0.8918949219797352,3887.739869587046,276.01751438656174,2.8675143865617656,1.0,0.002,1.0386774350569135,0.0010445415385137318,0.001605157109420885,0.0003796381363404995,0.8025785547104425,0.8025785547104425,0.0,-1.5204754238615573e-05,0.9983207270078149,0.9983207270078149,0.0,0.08831345946030071,0.0001485518664553909,0.0,0.0,0.0,1600397.5423316075,266.87206885589853,0.0,1.0,1283621.8650226858,2601.71742312907,,,,,,,,,,,,,,,,,16.0,15200.501253132832
930.0,-34.312389725369016,3.9596576148523783,34.629533123246155,25.658747122529917,5.811876229374103,-30.294725085688885,-43.65108157563952,2.3025142773263276,-6.279972851166974,-6.279972851167255,37.72558432116525,37359.571005832426,15820.22907000033,15820.22907000033,53179.800075832754,77152.4341432631,79112.34249852748,15820.22907000033,94932.57156852781,94932.57156852781,94932.57156852781,119720.53754322365,119720.51938052486,0.018162698788426353,0.0,90794.67621770677,53019.4031428889,41972.52563868652,24787.96597469584,66760.49161338236,18761.895315881582,1450.0,0.0,0.8886595307326042,2.751204640491366,0.0014947306377116572,1.0,1.0,-6.279972851166974,337305.47799810057,1458780.7833963393,4.324806083951456,1458780.7833963393,4.324806083951456,0.7568953150506251,0.08855261011156698,3.868143293569729,101325.0,128351.07116782667,1.2667265844345095,1.0,0.0,3.868143293569729,1.2811468300304316,1.2813410661341282,3.019281789486883,6397.495808039336,15200.501253132832,6472.124335393588,0.0003437439109406221,23472.417986334887,2393.520517846042,19345.61275305196,1972.7034974279657,0.8241849120237437,0.8241849120237438,34039.99934049705,30484.863174865135,1.147840690094578,0.8,4828.747519426642,4324.433322199387,1.147840690094578,0.8,17892.472591228227,17892.472591228227,1.0,0.8,2034.6934298245008,2034.6934298245008,7.77523966908611,3.9596576148523783,-0.5379199459153066,4.4975775607676844,3.5,3.5,1.0,0.6,0.00015160322574998998,1.0256048113517233,0.000147818364414828,202.54176909830775,0.0,2.909402498102007e-05,82.45246679621089,0.016421621628573305,5.182636390845026e-05,9.977686184153972e-05,0.00038595119898578525,0.08840691114838324,0.08840691114838324,0.08840691114838324,0.08831571444679907,0.0,0.0,0.0,0.0,0.0,0.0,1.0,1.0,0.0,1.0,1.0,524912.7871465624,583.2640597291543,0.0,0.08840691114838324,0.08855261011156862,0.08855261011156534,0.375,0.375,0.5,4.1801016614655474e-05,2.8421709430404007e-13,2.8421709430404007e-13,2.8421709430404007e-13,2.8421709430404007e-13,2.8421709430404007e-13,2.8421709430404007e-13,24787.96597469584,18761.895315881582,0.7568953150506251,0.796575920737718,0.5596059900545067,35353.7532153836,15450.0,0.0,0.0,0.0,0.0,0.0,0.0,0.0,0.0,0.0,0.0,0.0,0.0,0.0,0.0,0.0,0.0,0.0,0.0,0.0,0.0,35436.20568217981,15450.0,1.0,0.0,0.0,6.0,0.9,143955.44449186765,23992.574081977942,258.91768713810256,258.91768713810256,-14.232312861897412,240.87771788383105,276.9576569634974,140097.18473782085,140671.21142658536,-574.0266887645048,0.0,nan,276.9576569634974,3.807656963497436,269.7416665839498,-3.4083334160501977,262.52568069588244,-10.624319304117535,255.30969408242754,-17.840305917572437,248.0937066190269,-25.056293380973074,240.87771788383105,-32.272282116168924,1.0,1.0,25732.562594332754,25732.562594332754,276.01716118977237,2.867161189772389,276.01716118977237,276.01716118977237,79025.0101045962,79112.34249852748,-87.33239393128315,0.0,8648.866644398773,8648.866644398773,0.8919107493702576,3887.4840100375777,276.01716118977237,2.867161189772389,1.0,0.002,1.0454727341011687,0.0010421565880494204,0.001615651677931885,0.00037880009822289726,0.8078258389659425,0.8078258389659425,0.0,-5.54822384521772e-06,0.9973238075060166,0.9973238075060166,0.0,0.08831562628106376,0.00023698383050321686,0.0,0.0,0.0,1600395.1555244213,266.870027148833,0.0,1.0,1283628.843602722,2601.6891278713897,,,,,,,,,,,,,,,,,12.0,15200.501253132832
960.0,-34.492008310811315,3.95199078458249,34.62918807054644,25.647248268965654,5.817460476323664,-30.449485209908087,-43.800999282952375,2.292124514032258,-6.286844457548511,-6.286844457548785,37.71213773969665,37226.736493938755,15819.000449092819,15819.000449092819,53045.736943031574,77094.19308347447,79111.91033866891,15819.000449092819,94930.91078776174,94930.91078776174,94930.91078776174,119711.60331668513,119711.58751517456,0.015801510565028844,0.0,90799.9843019673,52974.46263350993,42028.357409397075,24780.6925289234,66809.04993832047,18755.535360376773,1450.0,0.0,0.8886734770317805,2.7505013916541303,0.0014947306377116572,1.0,1.0,-6.286844457548511,337214.16658873635,1458228.3020381979,4.324338792731211,1458228.3020381979,4.324338792731211,0.756860823743557,0.08844689577533349,3.8685802330885255,101325.0,128351.07116782667,1.2667265844345095,1.0,0.0,3.8685802330885255,1.2812029501820035,1.2813923453661773,3.0194905752745633,6397.938200069824,15200.501253132832,6471.840248393255,0.0003436326082130674,23471.138978931314,2393.3900953874477,19344.76359799686,1972.6169077102643,0.8241936454537437,0.8241936454537437,34043.0753905402,30484.863174865135,1.1479703484140147,0.8,4829.183872813929,4324.433322199387,1.1479703484140147,0.8,17892.472591228227,17892.472591228227,1.0,0.8,2034.6934298245008,2034.6934298245008,7.774635833201301,3.95199078458249,-0.5452374880807138,4.497228272663204,3.5,3.5,1.0,0.6,0.000147818364414828,1.0195770324587365,0.00014498008459288279,202.69513071185224,0.0,2.5553083687182954e-05,72.4174391694765,0.017188214139188793,5.09263419507662e-05,9.689202246406181e-05,0.0003748345628484389,0.08839035838472883,0.08839035838472883,0.08839035838472883,0.08829452527665894,0.0,0.0,0.0,0.0,0.0,0.0,1.0,1.0,0.0,1.0,1.0,524846.7189423688,583.2855237079104,0.0,0.08839035838472883,0.08844689577533506,0.08844689577533194,0.375,0.375,0.5,3.64113880715729e-05,2.8421709430404007e-13,2.8421709430404007e-13,2.8421709430404007e-13,2.8421709430404007e-13,2.8421709430404007e-13,2.8421709430404007e-13,24780.6925289234,18755.535360376773,0.756860823743557,0.7939902901179484,0.5572109845643257,35353.7532153836,15450.0,0.0,0.0,0.0,0.0,0.0,0.0,0.0,0.0,0.0,0.0,0.0,0.0,0.0,0.0,0.0,0.0,0.0,0.0,0.0,0.0,35426.170654553076,15450.0,1.0,0.0,0.0,6.0,0.9,143955.44449186765,23992.574081977942,258.82658857567026,258.82658857567026,-14.32341142432972,240.7003434860577,276.9528409234872,140826.37334548958,141269.835863093,-443.46251760341073,0.0,nan,276.9528409234872,3.8028409234872242,269.70233705494337,-3.4476629450566065,262.4518355447359,-10.698164455264077,255.20133594264036,-17.948664057359622,247.95083850215707,-25.19916149784291,240.7003434860577,-32.44965651394227,1.0,1.0,25732.562594332754,25732.562594332754,276.01023961616664,2.860239616166666,276.01023961616664,276.01023961616664,79015.65751265522,79111.91033866891,-96.25282601368963,0.0,8648.866644398773,8648.866644398773,0.8918835851417634,3887.9231342539683,276.01023961616664,2.860239616166666,1.0,0.002,1.049593001033694,0.001002444766918962,0.0016219961153941319,0.00036445892009387404,0.8109980576970659,0.8109980576970659,0.0,-1.3544964511994027e-05,0.9982622184069574,0.9982622184069574,0.0,0.08829319438789336,0.00015370138744013261,0.0,0.0,0.0,1600387.1220058007,266.86315554245147,0.0,1.0,1283652.3302476152,2601.593902484646,,,,,,,,,,,,,,,,,15.0,15200.501253132832
990.0,-34.65602494358306,3.9473916032128282,34.6282802725254,25.623709021043055,5.8113832863254355,-30.586727432113914,-43.93324783360583,2.2708288380087165,-6.29349964392253,-6.2934996439228135,37.70073294957843,37091.41718546234,15822.176976824569,15822.176976824569,52913.594162286914,77042.11234365484,79078.82405465357,15822.176976824569,94901.00103147814,94901.00103147814,94901.00103147814,119675.261505577,119675.24602486366,0.015480713337019525,0.0,90809.89494275195,52943.294443144194,42074.00055511973,24774.260474098865,66848.2610292186,18749.935117424724,1450.0,0.0,0.888681101221304,2.7498204268561706,0.0014947306377116572,1.0,1.0,-6.29349964392253,337125.7495331213,1457759.836145155,4.324083337342156,1457759.836145155,4.324083337342156,0.756831274016333,0.08848829081122836,3.8693945113185078,101325.0,128351.07116782667,1.2667265844345095,1.0,0.0,3.8693945113185078,1.2813078593625808,1.2814936331554916,3.0198788550656643,6398.760918354869,15200.501253132832,6471.311410581352,0.00034342552065495525,23468.76098498631,2393.1476074894395,19343.18286638726,1972.4557179451963,0.8242098029274613,0.8242098029274613,34048.80771611192,30484.863174865135,1.148211978988297,0.8,4829.9970324326505,4324.433322199387,1.148211978988297,0.8,17892.472591228227,17892.472591228227,1.0,0.8,2034.6934298245008,2034.6934298245008,7.776197015679794,3.9473916032128282,-0.5507397334821444,4.498131336694973,3.5,3.5,1.0,0.6,0.00014498008459288279,1.0178873174580065,0.00014243235189818936,202.83535853020646,0.0,1.9176849983533343e-05,54.347192853333496,0.017763519638694793,5.0144429955683185e-05,9.48356546371996e-05,0.0003669565615304777,0.08837675346856594,0.08837675346856594,0.08837675346856594,0.08827342277430032,0.0,0.0,0.0,0.0,0.0,0.0,1.0,1.0,0.0,1.0,1.0,524790.6656562567,583.3037335953202,0.0,0.08837675346856594,0.08848829081122936,0.08848829081122737,0.375,0.375,0.5,3.565643052691647e-05,2.8421709430404007e-13,2.8421709430404007e-13,2.8421709430404007e-13,2.8421709430404007e-13,2.8421709430404007e-13,2.8421709430404007e-13,24774.260474098865,18749.935117424724,0.756831274016333,0.791547803153159,0.5548598664256967,35353.7532153836,15450.0,0.0,0.0,0.0,0.0,0.0,0.0,0.0,0.0,0.0,0.0,0.0,0.0,0.0,0.0,0.0,0.0,0.0,0.0,0.0,0.0,35408.10040823693,15450.0,1.0,0.0,0.0,6.0,0.9,143955.44449186765,23992.574081977942,258.7407414406492,258.7407414406492,-14.409258559350803,240.5414031573422,276.94008162106934,141421.62857347645,141839.49185792072,-417.86328444426977,0.0,nan,276.94008162106934,3.790081621069362,269.66034463490115,-3.4896553650988267,262.38060838911633,-10.769391610883645,255.10087283435644,-18.04912716564354,247.82113800711002,-25.328861992889955,240.5414031573422,-32.60859684265779,1.0,1.0,25732.562594332754,25732.562594332754,275.9997589246281,2.8497589246281336,275.9997589246281,275.9997589246281,78982.51462597366,79078.82405465357,-96.30942867990234,0.0,8648.866644398773,8648.866644398773,0.8918329601882283,3888.7414838751,275.9997589246281,2.8497589246281336,1.0,0.002,1.055488765233713,0.0009983623094827901,0.0016310848390572732,0.0003630645476818292,0.8155424195286366,0.8155424195286366,0.0,-5.850613260897745e-06,0.9975701916148353,0.9975701916148353,0.0,0.08827328122022635,0.00021500959100201613,0.0,0.0,0.0,1600379.3408591382,266.85650035607745,0.0,1.0,1283675.0763165117,2601.5016845029572,,,,,,,,,,,,,,,,,16.0,15200.501253132832
1020.0,-34.78998410389662,3.951020803850685,34.63044512083546,25.72403362663465,5.868638892009067,-30.68727163452127,-44.03080438552422,2.3615956455265117,-6.271781367787355,-6.2717813677876295,37.73504520174163,36902.436490644235,15794.229355181193,15794.229355181193,52696.665845825424,77144.50185810795,79209.40910176383,15794.229355181193,95003.63845694502,95003.63845694502,95003.63845694502,119797.7931945279,119797.77779699824,0.015397529658182923,0.0,90770.47644829475,52865.3090165593,42116.85270192828,24794.154737582878,66911.00743951116,18767.212823255963,1450.0,0.0,0.8886667882359532,2.752043152735633,0.0014947306377116572,1.0,1.0,-6.271781367787355,337414.35360628413,1459169.5987018938,4.324562909391053,1459169.5987018938,4.324562909391053,0.7569208558180327,0.08836643609709126,3.8661508063031325,101325.0,128351.07116782667,1.2667265844345095,1.0,0.0,3.8661508063031325,1.280890980569486,1.2810734303824036,3.0183293230656028,6395.477645985482,15200.501253132832,6473.417847082259,0.0003442512021428827,23478.25550423646,2394.11577901082,19349.4791460512,1973.0977597906726,0.8241446704828536,0.8241446704828536,34025.97136801459,30484.863174865135,1.1472494353799718,0.8,4826.757579983643,4324.433322199387,1.1472494353799718,0.8,17892.472591228227,17892.472591228227,1.0,0.8,2034.6934298245008,2034.6934298245008,7.762461471428402,3.951020803850685,-0.5391652246301097,4.490186028480794,3.5,3.5,1.0,0.6,0.00014243235189818936,1.0146038326646638,0.0001403822332546467,202.9500215405967,0.0,1.7225675818908995e-05,48.817565270788094,0.018280289913262065,4.9574772124865025e-05,9.285757977332433e-05,0.0003590014069119953,0.08841679842100833,0.08841679842100833,0.08841679842100833,0.08834335278973515,0.0,0.0,0.0,0.0,0.0,0.0,1.0,1.0,0.0,1.0,1.0,524959.3227250425,583.2489404100282,0.0,0.08841679842100833,0.08836643609709224,0.08836643609709027,0.375,0.375,0.5,3.551090631961509e-05,2.8421709430404007e-13,2.8421709430404007e-13,2.8421709430404007e-13,2.8421709430404007e-13,2.8421709430404007e-13,2.8421709430404007e-13,24794.154737582878,18767.212823255963,0.7569208558180327,0.7875634796481614,0.5515151826701272,35353.7532153836,15450.0,0.0,0.0,0.0,0.0,0.0,0.0,0.0,0.0,0.0,0.0,0.0,0.0,0.0,0.0,0.0,0.0,0.0,0.0,0.0,0.0,35402.57078065439,15450.0,1.0,0.0,0.0,6.0,0.9,143955.44449186765,23992.574081977942,258.6961128672078,258.6961128672078,-14.453887132792204,240.41245654253248,276.97977805388996,142071.96294909008,142289.0309054516,-217.06795636152538,0.0,nan,276.97977805388996,3.8297780538899815,269.66630842055486,-3.4836915794451215,262.35284130702416,-10.797158692975813,255.03937727018138,-18.1106227298186,247.7259156090641,-25.42408439093589,240.41245654253248,-32.737543457467496,1.0,1.0,25732.562594332754,25732.562594332754,276.0365757162659,2.886575716265895,276.0365757162659,276.0365757162659,79154.26455788015,79209.40910176383,-55.14454388368176,0.0,8648.866644398773,8648.866644398773,0.892034612172346,3885.4815603346483,276.0365757162659,2.886575716265895,1.0,0.002,1.055944965348689,0.0009983506385170576,0.0016318627543290883,0.0003627670727200117,0.8159313771645441,0.8159313771645441,0.0,-5.3701729508998965e-06,0.9997386914246801,0.9997386914246801,0.0,0.08834334518956863,2.3090907522629532e-05,0.0,0.0,0.0,1600404.7312161755,266.8782186322126,0.0,1.0,1283600.8445251044,2601.802655232498,,,,,,,,,,,,,,,,,11.0,15200.501253132832
1050.0,-34.8009488024209,3.9557344822969815,34.63069372549583,25.664949416555487,5.864541623169868,-30.69072915615919,-44.036898587923474,2.3081603444199827,-6.275369706436663,-6.275369706436974,37.735492260297335,36900.69225552152,15807.055971593963,15807.055971593963,52707.74822711549,76969.72874317196,79179.77440255543,15807.055971593963,94986.83037414939,94986.83037414939,94986.83037414939,119780.00924124353,119779.99384879705,0.015392446481286855,0.0,90794.3784795508,52880.09885437011,42126.977361311874,24793.17886709414,66920.156228406,18766.46711218713,1450.0,0.0,0.8886469154980766,2.751675811532232,0.0014947306377116572,1.0,1.0,-6.275369706436663,337366.65645881474,1459187.973478539,4.325228784595891,1459187.973478539,4.325228784595891,0.7569205712904469,0.08835953496359747,3.8681188214928244,101325.0,128351.07116782667,1.2667265844345095,1.0,0.0,3.8681188214928244,1.2811436788330455,1.2813235380069659,3.019270114196852,6397.471069500758,15200.501253132832,6472.140215756242,0.00034375013390210043,23472.489514815497,2393.5278117211788,19345.660220518646,1972.7083377625027,0.824184422717835,0.824184422717835,34039.82705525413,30484.863174865135,1.147833428200819,0.8,4828.723079886232,4324.433322199387,1.147833428200819,0.8,17892.472591228227,17892.472591228227,1.0,0.8,2034.6934298245008,2034.6934298245008,7.768765426719529,3.9557344822969815,-0.53809806115546,4.4938325434524415,3.5,3.5,1.0,0.6,0.0001403822332546467,1.001188119064331,0.0001402156403791948,202.9594121403952,0.0,1.3869054095592049e-05,39.30489930690786,0.018696361536129826,4.953938610607727e-05,9.084284714856944e-05,0.00035139092685337723,0.08841934815941296,0.08841934815941296,0.08841934815941296,0.08832958546043582,0.0,0.0,0.0,0.0,0.0,0.0,1.0,1.0,0.0,1.0,1.0,524961.5202980461,583.2482264267144,0.0,0.08841934815941296,0.08835953496359845,0.08835953496359648,0.375,0.375,0.5,3.550191842410539e-05,2.8421709430404007e-13,2.8421709430404007e-13,2.8421709430404007e-13,2.8421709430404007e-13,2.8421709430404007e-13,2.8421709430404007e-13,24793.17886709414,18766.46711218713,0.7569205712904469,0.7876214162922457,0.5514137195014207,35353.7532153836,15450.0,0.0,0.0,0.0,0.0,0.0,0.0,0.0,0.0,0.0,0.0,0.0,0.0,0.0,0.0,0.0,0.0,0.0,0.0,0.0,0.0,35393.05811469051,15450.0,1.0,0.0,0.0,6.0,0.9,143955.44449186765,23992.574081977942,258.68413061786237,258.68413061786237,-14.465869382137612,240.38718660516415,276.9811245742665,142239.56351641857,142314.2350445207,-74.67152810215724,0.0,nan,276.9811245742665,3.831124574266539,269.6623265746957,-3.4876734253042514,262.3435004134795,-10.806499586520488,255.0247088684958,-18.125291131504184,247.70593667107278,-25.4440633289272,240.38718660516415,-32.76281339483583,1.0,1.0,25732.562594332754,25732.562594332754,276.02956095188625,2.879560951886276,276.02956095188625,276.02956095188625,79003.15663252183,79179.77440255543,-176.61777003359748,0.0,8648.866644398773,8648.866644398773,0.8919122707620082,3887.4594156002886,276.02956095188625,2.879560951886276,1.0,0.002,1.055971353185624,0.000998349474580226,0.0016318914830072758,0.000362815078141167,0.8159457415036379,0.8159457415036379,0.0,-5.293438851557489e-06,0.9996608960070389,0.9996608960070389,0.0,0.08832957189247513,2.9963071122342662e-05,0.0,0.0,0.0,1600400.5366328775,266.8746302935633,0.0,1.0,1283613.1098832814,2601.752922226529,,,,,,,,,,,,,,,,,13.0,15200.501253132832
1080.0,-34.800943199584864,3.9557374254318742,34.630693754780864,25.665280396956973,5.864545679381366,-30.69072976540011,-44.037130976188905,2.30846074059758,-6.275374563206867,-6.275374563207154,37.73549326109227,36901.542522118674,15807.068022447294,15807.068022447294,52708.61054456597,76970.81474260203,79179.74052599183,15807.068022447294,94986.80854843912,94986.80854843912,94986.80854843912,119779.98624411617,119779.97085167104,0.015392445131551474,0.0,90794.27930761344,52879.05451639603,42128.02754579712,24793.17769567705,66921.20524147418,18766.466239190504,1450.0,0.0,0.8886468871597879,2.7516753143668824,0.0014947306377116572,1.0,1.0,-6.275374563206867,337366.5919049298,1459188.0146129078,4.325229734140684,1459188.0146129078,4.325229734140684,0.7569205718419318,0.08835953335656248,3.8681107198941813,101325.0,128351.07116782667,1.2667265844345095,1.0,0.0,3.8681107198941813,1.2811426247919997,1.2813222703775986,3.019266274527545,6397.462933702244,15200.501253132832,6472.145438220369,0.0003437521804313134,23472.513038638477,2393.5302104835473,19345.67583081341,1972.7099295695687,0.8241842617775176,0.8241842617775176,34039.77001934863,30484.863174865135,1.147831024115998,0.8,4828.71498905214,4324.433322199387,1.147831024115998,0.8,17892.472591228227,17892.472591228227,1.0,0.8,2034.6934298245008,2034.6934298245008,7.768771349407028,3.9557374254318742,-0.5380985439916639,4.493835969423538,3.5,3.5,1.0,0.6,0.0001402156403791948,0.9999993932174627,0.00014021572545964847,202.95940736945835,0.0,1.127053068949831e-06,3.194068397403821,0.018730173128198323,4.953803720534593e-05,9.067760317384888e-05,0.0003507510088910755,0.08841935220332907,0.08841935220332907,0.08841935220332907,0.08832956668452079,0.0,0.0,0.0,0.0,0.0,0.0,1.0,1.0,0.0,1.0,1.0,524961.5252174963,583.2482248286076,0.0,0.08841935220332907,0.08835953335656346,0.08835953335656149,0.375,0.375,0.5,3.5501916159591555e-05,2.8421709430404007e-13,2.8421709430404007e-13,2.8421709430404007e-13,2.8421709430404007e-13,2.8421709430404007e-13,2.8421709430404007e-13,24793.17769567705,18766.466239190504,0.7569205718419318,0.7876219556174401,0.5514177813888067,35353.7532153836,15450.0,0.0,0.0,0.0,0.0,0.0,0.0,0.0,0.0,0.0,0.0,0.0,0.0,0.0,0.0,0.0,0.0,0.0,0.0,0.0,0.0,35356.947283781,15450.0,1.0,0.0,0.0,6.0,0.9,143955.44449186765,23992.574081977942,258.6841232163727,258.6841232163727,-14.465876783627266,240.38717202486248,276.9811249593643,142239.45574841305,142313.7360051896,-74.28025677656339,0.0,nan,276.9811249593643,3.831124959364331,269.66232360069506,-3.4876763993049167,262.3434942837585,-10.806505716241475,255.02469972181285,-18.125300278187126,247.70592470774343,-25.444075292256542,240.38717202486248,-32.7628279751375,1.0,1.0,25732.562594332754,25732.562594332754,276.0295521782371,2.879552178237134,276.0295521782371,276.0295521782371,79004.21379522284,79179.74052599183,-175.52673076899373,0.0,8648.866644398773,8648.866644398773,0.8919127744255805,3887.451273493652,276.0295521782371,2.879552178237134,1.0,0.002,1.0559713598571931,0.0009983494739219097,0.001631891477006523,0.00036281514345438477,0.8159457385032615,0.8159457385032615,0.0,-5.293379539092393e-06,0.9996607270650552,0.9996607270650552,0.0,0.08832955535835024,2.9977998212237913e-05,0.0,0.0,0.0,1600400.5309554383,266.8746254367931,0.0,1.0,1283613.126484116,2601.7528549151534,,,,,,,,,,,,,,,,,9.0,15200.501253132832
1110.0,-34.800943199584864,3.9557374254318742,34.630693754780864,25.665280396956973,5.864545679381366,-30.69072976540011,-44.037130976188905,2.30846074059758,-6.275374563206867,-6.275374563207154,37.73549326109227,36901.542522118674,15807.068022447294,15807.068022447294,52708.61054456597,76970.81474260203,79179.74052599183,15807.068022447294,94986.80854843912,94986.80854843912,94986.80854843912,119779.98624411617,119779.97085167104,0.015392445131551474,0.0,90794.27930761344,52879.05451639603,42128.02754579712,24793.17769567705,66921.20524147418,18766.466239190504,1450.0,0.0,0.8886468871597879,2.7516753143668824,0.0014947306377116572,1.0,1.0,-6.275374563206867,337366.5919049298,1459188.0146129078,4.325229734140684,1459188.0146129078,4.325229734140684,0.7569205718419318,0.08835953335656248,3.8681107198941813,101325.0,128351.07116782667,1.2667265844345095,1.0,0.0,3.8681107198941813,1.2811426247919997,1.2813222703775986,3.019266274527545,6397.462933702244,15200.501253132832,6472.145438220369,0.0003437521804313134,23472.513038638477,2393.5302104835473,19345.67583081341,1972.7099295695687,0.8241842617775176,0.8241842617775176,34039.77001934863,30484.863174865135,1.147831024115998,0.8,4828.71498905214,4324.433322199387,1.147831024115998,0.8,17892.472591228227,17892.472591228227,1.0,0.8,2034.6934298245008,2034.6934298245008,7.768771349407028,3.9557374254318742,-0.5380985439916639,4.493835969423538,3.5,3.5,1.0,0.6,0.0001402156403791948,0.9999993932174627,0.00014021572545964847,202.95940736945835,0.0,0.0,0.0,0.018730173128198323,4.953803720534593e-05,9.067760317384888e-05,0.0003507510088910755,0.08841935220332907,0.08841935220332907,0.08841935220332907,0.08832956668452079,0.0,0.0,0.0,0.0,0.0,0.0,1.0,1.0,0.0,1.0,1.0,524961.5252174963,583.2482248286076,0.0,0.08841935220332907,0.08835953335656346,0.08835953335656149,0.375,0.375,0.5,3.5501916159591555e-05,2.8421709430404007e-13,2.8421709430404007e-13,2.8421709430404007e-13,2.8421709430404007e-13,2.8421709430404007e-13,2.8421709430404007e-13,24793.17769567705,18766.466239190504,0.7569205718419318,0.7876219556174401,0.5514177813888067,35353.7532153836,15450.0,0.0,0.0,0.0,0.0,0.0,0.0,0.0,0.0,0.0,0.0,0.0,0.0,0.0,0.0,0.0,0.0,0.0,0.0,0.0,0.0,35353.7532153836,15450.0,1.0,0.0,0.0,6.0,0.9,143955.44449186765,23992.574081977942,258.6841232163727,258.6841232163727,-14.465876783627266,240.38717202486248,276.9811249593643,142239.45574841305,142313.7360051896,-74.28025677656339,0.0,nan,276.9811249593643,3.831124959364331,269.66232360069506,-3.4876763993049167,262.3434942837585,-10.806505716241475,255.02469972181285,-18.125300278187126,247.70592470774343,-25.444075292256542,240.38717202486248,-32.7628279751375,1.0,1.0,25732.562594332754,25732.562594332754,276.0295521782371,2.879552178237134,276.0295521782371,276.0295521782371,79004.21379522284,79179.74052599183,-175.52673076899373,0.0,8648.866644398773,8648.866644398773,0.8919127744255805,3887.451273493652,276.0295521782371,2.879552178237134,1.0,0.002,1.0559713598571931,0.0009983494739219097,0.001631891477006523,0.00036281514345438477,0.8159457385032615,0.8159457385032615,0.0,-5.293379539092393e-06,0.9996607270650552,0.9996607270650552,0.0,0.08832955535835024,2.9977998212237913e-05,0.0,0.0,0.0,1600400.5309554383,266.8746254367931,0.0,1.0,1283613.126484116,2601.7528549151534,,,,,,,,,,,,,,,,,9.0,15200.501253132832
1140.0,-34.800943199584864,3.9557374254318742,34.630693754780864,25.665280396956973,5.864545679381366,-30.69072976540011,-44.037130976188905,2.30846074059758,-6.275374563206867,-6.275374563207154,37.73549326109227,36901.542522118674,15807.068022447294,15807.068022447294,52708.61054456597,76970.81474260203,79179.74052599183,15807.068022447294,94986.80854843912,94986.80854843912,94986.80854843912,119779.98624411617,119779.97085167104,0.015392445131551474,0.0,90794.27930761344,52879.05451639603,42128.02754579712,24793.17769567705,66921.20524147418,18766.466239190504,1450.0,0.0,0.8886468871597879,2.7516753143668824,0.0014947306377116572,1.0,1.0,-6.275374563206867,337366.5919049298,1459188.0146129078,4.325229734140684,1459188.0146129078,4.325229734140684,0.7569205718419318,0.08835953335656248,3.8681107198941813,101325.0,128351.07116782667,1.2667265844345095,1.0,0.0,3.8681107198941813,1.2811426247919997,1.2813222703775986,3.019266274527545,6397.462933702244,15200.501253132832,6472.145438220369,0.0003437521804313134,23472.513038638477,2393.5302104835473,19345.67583081341,1972.7099295695687,0.8241842617775176,0.8241842617775176,34039.77001934863,30484.863174865135,1.147831024115998,0.8,4828.71498905214,4324.433322199387,1.147831024115998,0.8,17892.472591228227,17892.472591228227,1.0,0.8,2034.6934298245008,2034.6934298245008,7.768771349407028,3.9557374254318742,-0.5380985439916639,4.493835969423538,3.5,3.5,1.0,0.6,0.0001402156403791948,0.9999993932174627,0.00014021572545964847,202.95940736945835,0.0,0.0,0.0,0.018730173128198323,4.953803720534593e-05,9.067760317384888e-05,0.0003507510088910755,0.08841935220332907,0.08841935220332907,0.08841935220332907,0.08832956668452079,0.0,0.0,0.0,0.0,0.0,0.0,1.0,1.0,0.0,1.0,1.0,524961.5252174963,583.2482248286076,0.0,0.08841935220332907,0.08835953335656346,0.08835953335656149,0.375,0.375,0.5,3.5501916159591555e-05,2.8421709430404007e-13,2.8421709430404007e-13,2.8421709430404007e-13,2.8421709430404007e-13,2.8421709430404007e-13,2.8421709430404007e-13,24793.17769567705,18766.466239190504,0.7569205718419318,0.7876219556174401,0.5514177813888067,35353.7532153836,15450.0,0.0,0.0,0.0,0.0,0.0,0.0,0.0,0.0,0.0,0.0,0.0,0.0,0.0,0.0,0.0,0.0,0.0,0.0,0.0,0.0,35353.7532153836,15450.0,1.0,0.0,0.0,6.0,0.9,143955.44449186765,23992.574081977942,258.6841232163727,258.6841232163727,-14.465876783627266,240.38717202486248,276.9811249593643,142239.45574841305,142313.7360051896,-74.28025677656339,0.0,nan,276.9811249593643,3.831124959364331,269.66232360069506,-3.4876763993049167,262.3434942837585,-10.806505716241475,255.02469972181285,-18.125300278187126,247.70592470774343,-25.444075292256542,240.38717202486248,-32.7628279751375,1.0,1.0,25732.562594332754,25732.562594332754,276.0295521782371,2.879552178237134,276.0295521782371,276.0295521782371,79004.21379522284,79179.74052599183,-175.52673076899373,0.0,8648.866644398773,8648.866644398773,0.8919127744255805,3887.451273493652,276.0295521782371,2.879552178237134,1.0,0.002,1.0559713598571931,0.0009983494739219097,0.001631891477006523,0.00036281514345438477,0.8159457385032615,0.8159457385032615,0.0,-5.293379539092393e-06,0.9996607270650552,0.9996607270650552,0.0,0.08832955535835024,2.9977998212237913e-05,0.0,0.0,0.0,1600400.5309554383,266.8746254367931,0.0,1.0,1283613.126484116,2601.7528549151534,,,,,,,,,,,,,,,,,9.0,15200.501253132832
1170.0,-34.800943199584864,3.9557374254318742,34.630693754780864,25.665280396956973,5.864545679381366,-30.69072976540011,-44.037130976188905,2.30846074059758,-6.275374563206867,-6.275374563207154,37.73549326109227,36901.542522118674,15807.068022447294,15807.068022447294,52708.61054456597,76970.81474260203,79179.74052599183,15807.068022447294,94986.80854843912,94986.80854843912,94986.80854843912,119779.98624411617,119779.97085167104,0.015392445131551474,0.0,90794.27930761344,52879.05451639603,42128.02754579712,24793.17769567705,66921.20524147418,18766.466239190504,1450.0,0.0,0.8886468871597879,2.7516753143668824,0.0014947306377116572,1.0,1.0,-6.275374563206867,337366.5919049298,1459188.0146129078,4.325229734140684,1459188.0146129078,4.325229734140684,0.7569205718419318,0.08835953335656248,3.8681107198941813,101325.0,128351.07116782667,1.2667265844345095,1.0,0.0,3.8681107198941813,1.2811426247919997,1.2813222703775986,3.019266274527545,6397.462933702244,15200.501253132832,6472.145438220369,0.0003437521804313134,23472.513038638477,2393.5302104835473,19345.67583081341,1972.7099295695687,0.8241842617775176,0.8241842617775176,34039.77001934863,30484.863174865135,1.147831024115998,0.8,4828.71498905214,4324.433322199387,1.147831024115998,0.8,17892.472591228227,17892.472591228227,1.0,0.8,2034.6934298245008,2034.6934298245008,7.768771349407028,3.9557374254318742,-0.5380985439916639,4.493835969423538,3.5,3.5,1.0,0.6,0.0001402156403791948,0.9999993932174627,0.00014021572545964847,202.95940736945835,0.0,0.0,0.0,0.018730173128198323,4.953803720534593e-05,9.067760317384888e-05,0.0003507510088910755,0.08841935220332907,0.08841935220332907,0.08841935220332907,0.08832956668452079,0.0,0.0,0.0,0.0,0.0,0.0,1.0,1.0,0.0,1.0,1.0,524961.5252174963,583.2482248286076,0.0,0.08841935220332907,0.08835953335656346,0.08835953335656149,0.375,0.375,0.5,3.5501916159591555e-05,2.8421709430404007e-13,2.8421709430404007e-13,2.8421709430404007e-13,2.8421709430404007e-13,2.8421709430404007e-13,2.8421709430404007e-13,24793.17769567705,18766.466239190504,0.7569205718419318,0.7876219556174401,0.5514177813888067,35353.7532153836,15450.0,0.0,0.0,0.0,0.0,0.0,0.0,0.0,0.0,0.0,0.0,0.0,0.0,0.0,0.0,0.0,0.0,0.0,0.0,0.0,0.0,35353.7532153836,15450.0,1.0,0.0,0.0,6.0,0.9,143955.44449186765,23992.574081977942,258.6841232163727,258.6841232163727,-14.465876783627266,240.38717202486248,276.9811249593643,142239.45574841305,142313.7360051896,-74.28025677656339,0.0,nan,276.9811249593643,3.831124959364331,269.66232360069506,-3.4876763993049167,262.3434942837585,-10.806505716241475,255.02469972181285,-18.125300278187126,247.70592470774343,-25.444075292256542,240.38717202486248,-32.7628279751375,1.0,1.0,25732.562594332754,25732.562594332754,276.0295521782371,2.879552178237134,276.0295521782371,276.0295521782371,79004.21379522284,79179.74052599183,-175.52673076899373,0.0,8648.866644398773,8648.866644398773,0.8919127744255805,3887.451273493652,276.0295521782371,2.879552178237134,1.0,0.002,1.0559713598571931,0.0009983494739219097,0.001631891477006523,0.00036281514345438477,0.8159457385032615,0.8159457385032615,0.0,-5.293379539092393e-06,0.9996607270650552,0.9996607270650552,0.0,0.08832955535835024,2.9977998212237913e-05,0.0,0.0,0.0,1600400.5309554383,266.8746254367931,0.0,1.0,1283613.126484116,2601.7528549151534,,,,,,,,,,,,,,,,,9.0,15200.501253132832
1200.0,-34.800943199584864,3.9557374254318742,34.630693754780864,25.665280396956973,5.864545679381366,-30.69072976540011,-44.037130976188905,2.30846074059758,-6.275374563206867,-6.275374563207154,37.73549326109227,36901.542522118674,15807.068022447294,15807.068022447294,52708.61054456597,76970.81474260203,79179.74052599183,15807.068022447294,94986.80854843912,94986.80854843912,94986.80854843912,119779.98624411617,119779.97085167104,0.015392445131551474,0.0,90794.27930761344,52879.05451639603,42128.02754579712,24793.17769567705,66921.20524147418,18766.466239190504,1450.0,0.0,0.8886468871597879,2.7516753143668824,0.0014947306377116572,1.0,1.0,-6.275374563206867,337366.5919049298,1459188.0146129078,4.325229734140684,1459188.0146129078,4.325229734140684,0.7569205718419318,0.08835953335656248,3.8681107198941813,101325.0,128351.07116782667,1.2667265844345095,1.0,0.0,3.8681107198941813,1.2811426247919997,1.2813222703775986,3.019266274527545,6397.462933702244,15200.501253132832,6472.145438220369,0.0003437521804313134,23472.513038638477,2393.5302104835473,19345.67583081341,1972.7099295695687,0.8241842617775176,0.8241842617775176,34039.77001934863,30484.863174865135,1.147831024115998,0.8,4828.71498905214,4324.433322199387,1.147831024115998,0.8,17892.472591228227,17892.472591228227,1.0,0.8,2034.6934298245008,2034.6934298245008,7.768771349407028,3.9557374254318742,-0.5380985439916639,4.493835969423538,3.5,3.5,1.0,0.6,0.0001402156403791948,0.9999993932174627,0.00014021572545964847,202.95940736945835,0.0,0.0,0.0,0.018730173128198323,4.953803720534593e-05,9.067760317384888e-05,0.0003507510088910755,0.08841935220332907,0.08841935220332907,0.08841935220332907,0.08832956668452079,0.0,0.0,0.0,0.0,0.0,0.0,1.0,1.0,0.0,1.0,1.0,524961.5252174963,583.2482248286076,0.0,0.08841935220332907,0.08835953335656346,0.08835953335656149,0.375,0.375,0.5,3.5501916159591555e-05,2.8421709430404007e-13,2.8421709430404007e-13,2.8421709430404007e-13,2.8421709430404007e-13,2.8421709430404007e-13,2.8421709430404007e-13,24793.17769567705,18766.466239190504,0.7569205718419318,0.7876219556174401,0.5514177813888067,35353.7532153836,15450.0,0.0,0.0,0.0,0.0,0.0,0.0,0.0,0.0,0.0,0.0,0.0,0.0,0.0,0.0,0.0,0.0,0.0,0.0,0.0,0.0,35353.7532153836,15450.0,1.0,0.0,0.0,6.0,0.9,143955.44449186765,23992.574081977942,258.6841232163727,258.6841232163727,-14.465876783627266,240.38717202486248,276.9811249593643,142239.45574841305,142313.7360051896,-74.28025677656339,0.0,nan,276.9811249593643,3.831124959364331,269.66232360069506,-3.4876763993049167,262.3434942837585,-10.806505716241475,255.02469972181285,-18.125300278187126,247.70592470774343,-25.444075292256542,240.38717202486248,-32.7628279751375,1.0,1.0,25732.562594332754,25732.562594332754,276.0295521782371,2.879552178237134,276.0295521782371,276.0295521782371,79004.21379522284,79179.74052599183,-175.52673076899373,0.0,8648.866644398773,8648.866644398773,0.8919127744255805,3887.451273493652,276.0295521782371,2.879552178237134,1.0,0.002,1.0559713598571931,0.0009983494739219097,0.001631891477006523,0.00036281514345438477,0.8159457385032615,0.8159457385032615,0.0,-5.293379539092393e-06,0.9996607270650552,0.9996607270650552,0.0,0.08832955535835024,2.9977998212237913e-05,0.0,0.0,0.0,1600400.5309554383,266.8746254367931,0.0,1.0,1283613.126484116,2601.7528549151534,,,,,,,,,,,,,,,,,9.0,15200.501253132832
1230.0,-34.800943199584864,3.9557374254318742,34.630693754780864,25.665280396956973,5.864545679381366,-30.69072976540011,-44.037130976188905,2.30846074059758,-6.275374563206867,-6.275374563207154,37.73549326109227,36901.542522118674,15807.068022447294,15807.068022447294,52708.61054456597,76970.81474260203,79179.74052599183,15807.068022447294,94986.80854843912,94986.80854843912,94986.80854843912,119779.98624411617,119779.97085167104,0.015392445131551474,0.0,90794.27930761344,52879.05451639603,42128.02754579712,24793.17769567705,66921.20524147418,18766.466239190504,1450.0,0.0,0.8886468871597879,2.7516753143668824,0.0014947306377116572,1.0,1.0,-6.275374563206867,337366.5919049298,1459188.0146129078,4.325229734140684,1459188.0146129078,4.325229734140684,0.7569205718419318,0.08835953335656248,3.8681107198941813,101325.0,128351.07116782667,1.2667265844345095,1.0,0.0,3.8681107198941813,1.2811426247919997,1.2813222703775986,3.019266274527545,6397.462933702244,15200.501253132832,6472.145438220369,0.0003437521804313134,23472.513038638477,2393.5302104835473,19345.67583081341,1972.7099295695687,0.8241842617775176,0.8241842617775176,34039.77001934863,30484.863174865135,1.147831024115998,0.8,4828.71498905214,4324.433322199387,1.147831024115998,0.8,17892.472591228227,17892.472591228227,1.0,0.8,2034.6934298245008,2034.6934298245008,7.768771349407028,3.9557374254318742,-0.5380985439916639,4.493835969423538,3.5,3.5,1.0,0.6,0.0001402156403791948,0.9999993932174627,0.00014021572545964847,202.95940736945835,0.0,0.0,0.0,0.018730173128198323,4.953803720534593e-05,9.067760317384888e-05,0.0003507510088910755,0.08841935220332907,0.08841935220332907,0.08841935220332907,0.08832956668452079,0.0,0.0,0.0,0.0,0.0,0.0,1.0,1.0,0.0,1.0,1.0,524961.5252174963,583.2482248286076,0.0,0.08841935220332907,0.08835953335656346,0.08835953335656149,0.375,0.375,0.5,3.5501916159591555e-05,2.8421709430404007e-13,2.8421709430404007e-13,2.8421709430404007e-13,2.8421709430404007e-13,2.8421709430404007e-13,2.8421709430404007e-13,24793.17769567705,18766.466239190504,0.7569205718419318,0.7876219556174401,0.5514177813888067,35353.7532153836,15450.0,0.0,0.0,0.0,0.0,0.0,0.0,0.0,0.0,0.0,0.0,0.0,0.0,0.0,0.0,0.0,0.0,0.0,0.0,0.0,0.0,35353.7532153836,15450.0,1.0,0.0,0.0,6.0,0.9,143955.44449186765,23992.574081977942,258.6841232163727,258.6841232163727,-14.465876783627266,240.38717202486248,276.9811249593643,142239.45574841305,142313.7360051896,-74.28025677656339,0.0,nan,276.9811249593643,3.831124959364331,269.66232360069506,-3.4876763993049167,262.3434942837585,-10.806505716241475,255.02469972181285,-18.125300278187126,247.70592470774343,-25.444075292256542,240.38717202486248,-32.7628279751375,1.0,1.0,25732.562594332754,25732.562594332754,276.0295521782371,2.879552178237134,276.0295521782371,276.0295521782371,79004.21379522284,79179.74052599183,-175.52673076899373,0.0,8648.866644398773,8648.866644398773,0.8919127744255805,3887.451273493652,276.0295521782371,2.879552178237134,1.0,0.002,1.0559713598571931,0.0009983494739219097,0.001631891477006523,0.00036281514345438477,0.8159457385032615,0.8159457385032615,0.0,-5.293379539092393e-06,0.9996607270650552,0.9996607270650552,0.0,0.08832955535835024,2.9977998212237913e-05,0.0,0.0,0.0,1600400.5309554383,266.8746254367931,0.0,1.0,1283613.126484116,2601.7528549151534,,,,,,,,,,,,,,,,,9.0,15200.501253132832
1260.0,-34.800943199584864,3.9557374254318742,34.630693754780864,25.665280396956973,5.864545679381366,-30.69072976540011,-44.037130976188905,2.30846074059758,-6.275374563206867,-6.275374563207154,37.73549326109227,36901.542522118674,15807.068022447294,15807.068022447294,52708.61054456597,76970.81474260203,79179.74052599183,15807.068022447294,94986.80854843912,94986.80854843912,94986.80854843912,119779.98624411617,119779.97085167104,0.015392445131551474,0.0,90794.27930761344,52879.05451639603,42128.02754579712,24793.17769567705,66921.20524147418,18766.466239190504,1450.0,0.0,0.8886468871597879,2.7516753143668824,0.0014947306377116572,1.0,1.0,-6.275374563206867,337366.5919049298,1459188.0146129078,4.325229734140684,1459188.0146129078,4.325229734140684,0.7569205718419318,0.08835953335656248,3.8681107198941813,101325.0,128351.07116782667,1.2667265844345095,1.0,0.0,3.8681107198941813,1.2811426247919997,1.2813222703775986,3.019266274527545,6397.462933702244,15200.501253132832,6472.145438220369,0.0003437521804313134,23472.513038638477,2393.5302104835473,19345.67583081341,1972.7099295695687,0.8241842617775176,0.8241842617775176,34039.77001934863,30484.863174865135,1.147831024115998,0.8,4828.71498905214,4324.433322199387,1.147831024115998,0.8,17892.472591228227,17892.472591228227,1.0,0.8,2034.6934298245008,2034.6934298245008,7.768771349407028,3.9557374254318742,-0.5380985439916639,4.493835969423538,3.5,3.5,1.0,0.6,0.0001402156403791948,0.9999993932174627,0.00014021572545964847,202.95940736945835,0.0,0.0,0.0,0.018730173128198323,4.953803720534593e-05,9.067760317384888e-05,0.0003507510088910755,0.08841935220332907,0.08841935220332907,0.08841935220332907,0.08832956668452079,0.0,0.0,0.0,0.0,0.0,0.0,1.0,1.0,0.0,1.0,1.0,524961.5252174963,583.2482248286076,0.0,0.08841935220332907,0.08835953335656346,0.08835953335656149,0.375,0.375,0.5,3.5501916159591555e-05,2.8421709430404007e-13,2.8421709430404007e-13,2.8421709430404007e-13,2.8421709430404007e-13,2.8421709430404007e-13,2.8421709430404007e-13,24793.17769567705,18766.466239190504,0.7569205718419318,0.7876219556174401,0.5514177813888067,35353.7532153836,15450.0,0.0,0.0,0.0,0.0,0.0,0.0,0.0,0.0,0.0,0.0,0.0,0.0,0.0,0.0,0.0,0.0,0.0,0.0,0.0,0.0,35353.7532153836,15450.0,1.0,0.0,0.0,6.0,0.9,143955.44449186765,23992.574081977942,258.6841232163727,258.6841232163727,-14.465876783627266,240.38717202486248,276.9811249593643,142239.45574841305,142313.7360051896,-74.28025677656339,0.0,nan,276.9811249593643,3.831124959364331,269.66232360069506,-3.4876763993049167,262.3434942837585,-10.806505716241475,255.02469972181285,-18.125300278187126,247.70592470774343,-25.444075292256542,240.38717202486248,-32.7628279751375,1.0,1.0,25732.562594332754,25732.562594332754,276.0295521782371,2.879552178237134,276.0295521782371,276.0295521782371,79004.21379522284,79179.74052599183,-175.52673076899373,0.0,8648.866644398773,8648.866644398773,0.8919127744255805,3887.451273493652,276.0295521782371,2.879552178237134,1.0,0.002,1.0559713598571931,0.0009983494739219097,0.001631891477006523,0.00036281514345438477,0.8159457385032615,0.8159457385032615,0.0,-5.293379539092393e-06,0.9996607270650552,0.9996607270650552,0.0,0.08832955535835024,2.9977998212237913e-05,0.0,0.0,0.0,1600400.5309554383,266.8746254367931,0.0,1.0,1283613.126484116,2601.7528549151534,,,,,,,,,,,,,,,,,9.0,15200.501253132832
1290.0,-34.800943199584864,3.9557374254318742,34.630693754780864,25.665280396956973,5.864545679381366,-30.69072976540011,-44.037130976188905,2.30846074059758,-6.275374563206867,-6.275374563207154,37.73549326109227,36901.542522118674,15807.068022447294,15807.068022447294,52708.61054456597,76970.81474260203,79179.74052599183,15807.068022447294,94986.80854843912,94986.80854843912,94986.80854843912,119779.98624411617,119779.97085167104,0.015392445131551474,0.0,90794.27930761344,52879.05451639603,42128.02754579712,24793.17769567705,66921.20524147418,18766.466239190504,1450.0,0.0,0.8886468871597879,2.7516753143668824,0.0014947306377116572,1.0,1.0,-6.275374563206867,337366.5919049298,1459188.0146129078,4.325229734140684,1459188.0146129078,4.325229734140684,0.7569205718419318,0.08835953335656248,3.8681107198941813,101325.0,128351.07116782667,1.2667265844345095,1.0,0.0,3.8681107198941813,1.2811426247919997,1.2813222703775986,3.019266274527545,6397.462933702244,15200.501253132832,6472.145438220369,0.0003437521804313134,23472.513038638477,2393.5302104835473,19345.67583081341,1972.7099295695687,0.8241842617775176,0.8241842617775176,34039.77001934863,30484.863174865135,1.147831024115998,0.8,4828.71498905214,4324.433322199387,1.147831024115998,0.8,17892.472591228227,17892.472591228227,1.0,0.8,2034.6934298245008,2034.6934298245008,7.768771349407028,3.9557374254318742,-0.5380985439916639,4.493835969423538,3.5,3.5,1.0,0.6,0.0001402156403791948,0.9999993932174627,0.00014021572545964847,202.95940736945835,0.0,0.0,0.0,0.018730173128198323,4.953803720534593e-05,9.067760317384888e-05,0.0003507510088910755,0.08841935220332907,0.08841935220332907,0.08841935220332907,0.08832956668452079,0.0,0.0,0.0,0.0,0.0,0.0,1.0,1.0,0.0,1.0,1.0,524961.5252174963,583.2482248286076,0.0,0.08841935220332907,0.08835953335656346,0.08835953335656149,0.375,0.375,0.5,3.5501916159591555e-05,2.8421709430404007e-13,2.8421709430404007e-13,2.8421709430404007e-13,2.8421709430404007e-13,2.8421709430404007e-13,2.8421709430404007e-13,24793.17769567705,18766.466239190504,0.7569205718419318,0.7876219556174401,0.5514177813888067,35353.7532153836,15450.0,0.0,0.0,0.0,0.0,0.0,0.0,0.0,0.0,0.0,0.0,0.0,0.0,0.0,0.0,0.0,0.0,0.0,0.0,0.0,0.0,35353.7532153836,15450.0,1.0,0.0,0.0,6.0,0.9,143955.44449186765,23992.574081977942,258.6841232163727,258.6841232163727,-14.465876783627266,240.38717202486248,276.9811249593643,142239.45574841305,142313.7360051896,-74.28025677656339,0.0,nan,276.9811249593643,3.831124959364331,269.66232360069506,-3.4876763993049167,262.3434942837585,-10.806505716241475,255.02469972181285,-18.125300278187126,247.70592470774343,-25.444075292256542,240.38717202486248,-32.7628279751375,1.0,1.0,25732.562594332754,25732.562594332754,276.0295521782371,2.879552178237134,276.0295521782371,276.0295521782371,79004.21379522284,79179.74052599183,-175.52673076899373,0.0,8648.866644398773,8648.866644398773,0.8919127744255805,3887.451273493652,276.0295521782371,2.879552178237134,1.0,0.002,1.0559713598571931,0.0009983494739219097,0.001631891477006523,0.00036281514345438477,0.8159457385032615,0.8159457385032615,0.0,-5.293379539092393e-06,0.9996607270650552,0.9996607270650552,0.0,0.08832955535835024,2.9977998212237913e-05,0.0,0.0,0.0,1600400.5309554383,266.8746254367931,0.0,1.0,1283613.126484116,2601.7528549151534,,,,,,,,,,,,,,,,,9.0,15200.501253132832
1320.0,-34.800943199584864,3.9557374254318742,34.630693754780864,25.665280396956973,5.864545679381366,-30.69072976540011,-44.037130976188905,2.30846074059758,-6.275374563206867,-6.275374563207154,37.73549326109227,36901.542522118674,15807.068022447294,15807.068022447294,52708.61054456597,76970.81474260203,79179.74052599183,15807.068022447294,94986.80854843912,94986.80854843912,94986.80854843912,119779.98624411617,119779.97085167104,0.015392445131551474,0.0,90794.27930761344,52879.05451639603,42128.02754579712,24793.17769567705,66921.20524147418,18766.466239190504,1450.0,0.0,0.8886468871597879,2.7516753143668824,0.0014947306377116572,1.0,1.0,-6.275374563206867,337366.5919049298,1459188.0146129078,4.325229734140684,1459188.0146129078,4.325229734140684,0.7569205718419318,0.08835953335656248,3.8681107198941813,101325.0,128351.07116782667,1.2667265844345095,1.0,0.0,3.8681107198941813,1.2811426247919997,1.2813222703775986,3.019266274527545,6397.462933702244,15200.501253132832,6472.145438220369,0.0003437521804313134,23472.513038638477,2393.5302104835473,19345.67583081341,1972.7099295695687,0.8241842617775176,0.8241842617775176,34039.77001934863,30484.863174865135,1.147831024115998,0.8,4828.71498905214,4324.433322199387,1.147831024115998,0.8,17892.472591228227,17892.472591228227,1.0,0.8,2034.6934298245008,2034.6934298245008,7.768771349407028,3.9557374254318742,-0.5380985439916639,4.493835969423538,3.5,3.5,1.0,0.6,0.0001402156403791948,0.9999993932174627,0.00014021572545964847,202.95940736945835,0.0,0.0,0.0,0.018730173128198323,4.953803720534593e-05,9.067760317384888e-05,0.0003507510088910755,0.08841935220332907,0.08841935220332907,0.08841935220332907,0.08832956668452079,0.0,0.0,0.0,0.0,0.0,0.0,1.0,1.0,0.0,1.0,1.0,524961.5252174963,583.2482248286076,0.0,0.08841935220332907,0.08835953335656346,0.08835953335656149,0.375,0.375,0.5,3.5501916159591555e-05,2.8421709430404007e-13,2.8421709430404007e-13,2.8421709430404007e-13,2.8421709430404007e-13,2.8421709430404007e-13,2.8421709430404007e-13,24793.17769567705,18766.466239190504,0.7569205718419318,0.7876219556174401,0.5514177813888067,35353.7532153836,15450.0,0.0,0.0,0.0,0.0,0.0,0.0,0.0,0.0,0.0,0.0,0.0,0.0,0.0,0.0,0.0,0.0,0.0,0.0,0.0,0.0,35353.7532153836,15450.0,1.0,0.0,0.0,6.0,0.9,143955.44449186765,23992.574081977942,258.6841232163727,258.6841232163727,-14.465876783627266,240.38717202486248,276.9811249593643,142239.45574841305,142313.7360051896,-74.28025677656339,0.0,nan,276.9811249593643,3.831124959364331,269.66232360069506,-3.4876763993049167,262.3434942837585,-10.806505716241475,255.02469972181285,-18.125300278187126,247.70592470774343,-25.444075292256542,240.38717202486248,-32.7628279751375,1.0,1.0,25732.562594332754,25732.562594332754,276.0295521782371,2.879552178237134,276.0295521782371,276.0295521782371,79004.21379522284,79179.74052599183,-175.52673076899373,0.0,8648.866644398773,8648.866644398773,0.8919127744255805,3887.451273493652,276.0295521782371,2.879552178237134,1.0,0.002,1.0559713598571931,0.0009983494739219097,0.001631891477006523,0.00036281514345438477,0.8159457385032615,0.8159457385032615,0.0,-5.293379539092393e-06,0.9996607270650552,0.9996607270650552,0.0,0.08832955535835024,2.9977998212237913e-05,0.0,0.0,0.0,1600400.5309554383,266.8746254367931,0.0,1.0,1283613.126484116,2601.7528549151534,,,,,,,,,,,,,,,,,9.0,15200.501253132832
1350.0,-34.800943199584864,3.9557374254318742,34.630693754780864,25.665280396956973,5.864545679381366,-30.69072976540011,-44.037130976188905,2.30846074059758,-6.275374563206867,-6.275374563207154,37.73549326109227,36901.542522118674,15807.068022447294,15807.068022447294,52708.61054456597,76970.81474260203,79179.74052599183,15807.068022447294,94986.80854843912,94986.80854843912,94986.80854843912,119779.98624411617,119779.97085167104,0.015392445131551474,0.0,90794.27930761344,52879.05451639603,42128.02754579712,24793.17769567705,66921.20524147418,18766.466239190504,1450.0,0.0,0.8886468871597879,2.7516753143668824,0.0014947306377116572,1.0,1.0,-6.275374563206867,337366.5919049298,1459188.0146129078,4.325229734140684,1459188.0146129078,4.325229734140684,0.7569205718419318,0.08835953335656248,3.8681107198941813,101325.0,128351.07116782667,1.2667265844345095,1.0,0.0,3.8681107198941813,1.2811426247919997,1.2813222703775986,3.019266274527545,6397.462933702244,15200.501253132832,6472.145438220369,0.0003437521804313134,23472.513038638477,2393.5302104835473,19345.67583081341,1972.7099295695687,0.8241842617775176,0.8241842617775176,34039.77001934863,30484.863174865135,1.147831024115998,0.8,4828.71498905214,4324.433322199387,1.147831024115998,0.8,17892.472591228227,17892.472591228227,1.0,0.8,2034.6934298245008,2034.6934298245008,7.768771349407028,3.9557374254318742,-0.5380985439916639,4.493835969423538,3.5,3.5,1.0,0.6,0.0001402156403791948,0.9999993932174627,0.00014021572545964847,202.95940736945835,0.0,0.0,0.0,0.018730173128198323,4.953803720534593e-05,9.067760317384888e-05,0.0003507510088910755,0.08841935220332907,0.08841935220332907,0.08841935220332907,0.08832956668452079,0.0,0.0,0.0,0.0,0.0,0.0,1.0,1.0,0.0,1.0,1.0,524961.5252174963,583.2482248286076,0.0,0.08841935220332907,0.08835953335656346,0.08835953335656149,0.375,0.375,0.5,3.5501916159591555e-05,2.8421709430404007e-13,2.8421709430404007e-13,2.8421709430404007e-13,2.8421709430404007e-13,2.8421709430404007e-13,2.8421709430404007e-13,24793.17769567705,18766.466239190504,0.7569205718419318,0.7876219556174401,0.5514177813888067,35353.7532153836,15450.0,0.0,0.0,0.0,0.0,0.0,0.0,0.0,0.0,0.0,0.0,0.0,0.0,0.0,0.0,0.0,0.0,0.0,0.0,0.0,0.0,35353.7532153836,15450.0,1.0,0.0,0.0,6.0,0.9,143955.44449186765,23992.574081977942,258.6841232163727,258.6841232163727,-14.465876783627266,240.38717202486248,276.9811249593643,142239.45574841305,142313.7360051896,-74.28025677656339,0.0,nan,276.9811249593643,3.831124959364331,269.66232360069506,-3.4876763993049167,262.3434942837585,-10.806505716241475,255.02469972181285,-18.125300278187126,247.70592470774343,-25.444075292256542,240.38717202486248,-32.7628279751375,1.0,1.0,25732.562594332754,25732.562594332754,276.0295521782371,2.879552178237134,276.0295521782371,276.0295521782371,79004.21379522284,79179.74052599183,-175.52673076899373,0.0,8648.866644398773,8648.866644398773,0.8919127744255805,3887.451273493652,276.0295521782371,2.879552178237134,1.0,0.002,1.0559713598571931,0.0009983494739219097,0.001631891477006523,0.00036281514345438477,0.8159457385032615,0.8159457385032615,0.0,-5.293379539092393e-06,0.9996607270650552,0.9996607270650552,0.0,0.08832955535835024,2.9977998212237913e-05,0.0,0.0,0.0,1600400.5309554383,266.8746254367931,0.0,1.0,1283613.126484116,2601.7528549151534,,,,,,,,,,,,,,,,,9.0,15200.501253132832
1380.0,-34.800943199584864,3.9557374254318742,34.630693754780864,25.665280396956973,5.864545679381366,-30.69072976540011,-44.037130976188905,2.30846074059758,-6.275374563206867,-6.275374563207154,37.73549326109227,36901.542522118674,15807.068022447294,15807.068022447294,52708.61054456597,76970.81474260203,79179.74052599183,15807.068022447294,94986.80854843912,94986.80854843912,94986.80854843912,119779.98624411617,119779.97085167104,0.015392445131551474,0.0,90794.27930761344,52879.05451639603,42128.02754579712,24793.17769567705,66921.20524147418,18766.466239190504,1450.0,0.0,0.8886468871597879,2.7516753143668824,0.0014947306377116572,1.0,1.0,-6.275374563206867,337366.5919049298,1459188.0146129078,4.325229734140684,1459188.0146129078,4.325229734140684,0.7569205718419318,0.08835953335656248,3.8681107198941813,101325.0,128351.07116782667,1.2667265844345095,1.0,0.0,3.8681107198941813,1.2811426247919997,1.2813222703775986,3.019266274527545,6397.462933702244,15200.501253132832,6472.145438220369,0.0003437521804313134,23472.513038638477,2393.5302104835473,19345.67583081341,1972.7099295695687,0.8241842617775176,0.8241842617775176,34039.77001934863,30484.863174865135,1.147831024115998,0.8,4828.71498905214,4324.433322199387,1.147831024115998,0.8,17892.472591228227,17892.472591228227,1.0,0.8,2034.6934298245008,2034.6934298245008,7.768771349407028,3.9557374254318742,-0.5380985439916639,4.493835969423538,3.5,3.5,1.0,0.6,0.0001402156403791948,0.9999993932174627,0.00014021572545964847,202.95940736945835,0.0,0.0,0.0,0.018730173128198323,4.953803720534593e-05,9.067760317384888e-05,0.0003507510088910755,0.08841935220332907,0.08841935220332907,0.08841935220332907,0.08832956668452079,0.0,0.0,0.0,0.0,0.0,0.0,1.0,1.0,0.0,1.0,1.0,524961.5252174963,583.2482248286076,0.0,0.08841935220332907,0.08835953335656346,0.08835953335656149,0.375,0.375,0.5,3.5501916159591555e-05,2.8421709430404007e-13,2.8421709430404007e-13,2.8421709430404007e-13,2.8421709430404007e-13,2.8421709430404007e-13,2.8421709430404007e-13,24793.17769567705,18766.466239190504,0.7569205718419318,0.7876219556174401,0.5514177813888067,35353.7532153836,15450.0,0.0,0.0,0.0,0.0,0.0,0.0,0.0,0.0,0.0,0.0,0.0,0.0,0.0,0.0,0.0,0.0,0.0,0.0,0.0,0.0,35353.7532153836,15450.0,1.0,0.0,0.0,6.0,0.9,143955.44449186765,23992.574081977942,258.6841232163727,258.6841232163727,-14.465876783627266,240.38717202486248,276.9811249593643,142239.45574841305,142313.7360051896,-74.28025677656339,0.0,nan,276.9811249593643,3.831124959364331,269.66232360069506,-3.4876763993049167,262.3434942837585,-10.806505716241475,255.02469972181285,-18.125300278187126,247.70592470774343,-25.444075292256542,240.38717202486248,-32.7628279751375,1.0,1.0,25732.562594332754,25732.562594332754,276.0295521782371,2.879552178237134,276.0295521782371,276.0295521782371,79004.21379522284,79179.74052599183,-175.52673076899373,0.0,8648.866644398773,8648.866644398773,0.8919127744255805,3887.451273493652,276.0295521782371,2.879552178237134,1.0,0.002,1.0559713598571931,0.0009983494739219097,0.001631891477006523,0.00036281514345438477,0.8159457385032615,0.8159457385032615,0.0,-5.293379539092393e-06,0.9996607270650552,0.9996607270650552,0.0,0.08832955535835024,2.9977998212237913e-05,0.0,0.0,0.0,1600400.5309554383,266.8746254367931,0.0,1.0,1283613.126484116,2601.7528549151534,,,,,,,,,,,,,,,,,9.0,15200.501253132832
1410.0,-34.800943199584864,3.9557374254318742,34.630693754780864,25.665280396956973,5.864545679381366,-30.69072976540011,-44.037130976188905,2.30846074059758,-6.275374563206867,-6.275374563207154,37.73549326109227,36901.542522118674,15807.068022447294,15807.068022447294,52708.61054456597,76970.81474260203,79179.74052599183,15807.068022447294,94986.80854843912,94986.80854843912,94986.80854843912,119779.98624411617,119779.97085167104,0.015392445131551474,0.0,90794.27930761344,52879.05451639603,42128.02754579712,24793.17769567705,66921.20524147418,18766.466239190504,1450.0,0.0,0.8886468871597879,2.7516753143668824,0.0014947306377116572,1.0,1.0,-6.275374563206867,337366.5919049298,1459188.0146129078,4.325229734140684,1459188.0146129078,4.325229734140684,0.7569205718419318,0.08835953335656248,3.8681107198941813,101325.0,128351.07116782667,1.2667265844345095,1.0,0.0,3.8681107198941813,1.2811426247919997,1.2813222703775986,3.019266274527545,6397.462933702244,15200.501253132832,6472.145438220369,0.0003437521804313134,23472.513038638477,2393.5302104835473,19345.67583081341,1972.7099295695687,0.8241842617775176,0.8241842617775176,34039.77001934863,30484.863174865135,1.147831024115998,0.8,4828.71498905214,4324.433322199387,1.147831024115998,0.8,17892.472591228227,17892.472591228227,1.0,0.8,2034.6934298245008,2034.6934298245008,7.768771349407028,3.9557374254318742,-0.5380985439916639,4.493835969423538,3.5,3.5,1.0,0.6,0.0001402156403791948,0.9999993932174627,0.00014021572545964847,202.95940736945835,0.0,0.0,0.0,0.018730173128198323,4.953803720534593e-05,9.067760317384888e-05,0.0003507510088910755,0.08841935220332907,0.08841935220332907,0.08841935220332907,0.08832956668452079,0.0,0.0,0.0,0.0,0.0,0.0,1.0,1.0,0.0,1.0,1.0,524961.5252174963,583.2482248286076,0.0,0.08841935220332907,0.08835953335656346,0.08835953335656149,0.375,0.375,0.5,3.5501916159591555e-05,2.8421709430404007e-13,2.8421709430404007e-13,2.8421709430404007e-13,2.8421709430404007e-13,2.8421709430404007e-13,2.8421709430404007e-13,24793.17769567705,18766.466239190504,0.7569205718419318,0.7876219556174401,0.5514177813888067,35353.7532153836,15450.0,0.0,0.0,0.0,0.0,0.0,0.0,0.0,0.0,0.0,0.0,0.0,0.0,0.0,0.0,0.0,0.0,0.0,0.0,0.0,0.0,35353.7532153836,15450.0,1.0,0.0,0.0,6.0,0.9,143955.44449186765,23992.574081977942,258.6841232163727,258.6841232163727,-14.465876783627266,240.38717202486248,276.9811249593643,142239.45574841305,142313.7360051896,-74.28025677656339,0.0,nan,276.9811249593643,3.831124959364331,269.66232360069506,-3.4876763993049167,262.3434942837585,-10.806505716241475,255.02469972181285,-18.125300278187126,247.70592470774343,-25.444075292256542,240.38717202486248,-32.7628279751375,1.0,1.0,25732.562594332754,25732.562594332754,276.0295521782371,2.879552178237134,276.0295521782371,276.0295521782371,79004.21379522284,79179.74052599183,-175.52673076899373,0.0,8648.866644398773,8648.866644398773,0.8919127744255805,3887.451273493652,276.0295521782371,2.879552178237134,1.0,0.002,1.0559713598571931,0.0009983494739219097,0.001631891477006523,0.00036281514345438477,0.8159457385032615,0.8159457385032615,0.0,-5.293379539092393e-06,0.9996607270650552,0.9996607270650552,0.0,0.08832955535835024,2.9977998212237913e-05,0.0,0.0,0.0,1600400.5309554383,266.8746254367931,0.0,1.0,1283613.126484116,2601.7528549151534,,,,,,,,,,,,,,,,,9.0,15200.501253132832
1440.0,-34.800943199584864,3.9557374254318742,34.630693754780864,25.665280396956973,5.864545679381366,-30.69072976540011,-44.037130976188905,2.30846074059758,-6.275374563206867,-6.275374563207154,37.73549326109227,36901.542522118674,15807.068022447294,15807.068022447294,52708.61054456597,76970.81474260203,79179.74052599183,15807.068022447294,94986.80854843912,94986.80854843912,94986.80854843912,119779.98624411617,119779.97085167104,0.015392445131551474,0.0,90794.27930761344,52879.05451639603,42128.02754579712,24793.17769567705,66921.20524147418,18766.466239190504,1450.0,0.0,0.8886468871597879,2.7516753143668824,0.0014947306377116572,1.0,1.0,-6.275374563206867,337366.5919049298,1459188.0146129078,4.325229734140684,1459188.0146129078,4.325229734140684,0.7569205718419318,0.08835953335656248,3.8681107198941813,101325.0,128351.07116782667,1.2667265844345095,1.0,0.0,3.8681107198941813,1.2811426247919997,1.2813222703775986,3.019266274527545,6397.462933702244,15200.501253132832,6472.145438220369,0.0003437521804313134,23472.513038638477,2393.5302104835473,19345.67583081341,1972.7099295695687,0.8241842617775176,0.8241842617775176,34039.77001934863,30484.863174865135,1.147831024115998,0.8,4828.71498905214,4324.433322199387,1.147831024115998,0.8,17892.472591228227,17892.472591228227,1.0,0.8,2034.6934298245008,2034.6934298245008,7.768771349407028,3.9557374254318742,-0.5380985439916639,4.493835969423538,3.5,3.5,1.0,0.6,0.0001402156403791948,0.9999993932174627,0.00014021572545964847,202.95940736945835,0.0,0.0,0.0,0.018730173128198323,4.953803720534593e-05,9.067760317384888e-05,0.0003507510088910755,0.08841935220332907,0.08841935220332907,0.08841935220332907,0.08832956668452079,0.0,0.0,0.0,0.0,0.0,0.0,1.0,1.0,0.0,1.0,1.0,524961.5252174963,583.2482248286076,0.0,0.08841935220332907,0.08835953335656346,0.08835953335656149,0.375,0.375,0.5,3.5501916159591555e-05,2.8421709430404007e-13,2.8421709430404007e-13,2.8421709430404007e-13,2.8421709430404007e-13,2.8421709430404007e-13,2.8421709430404007e-13,24793.17769567705,18766.466239190504,0.7569205718419318,0.7876219556174401,0.5514177813888067,35353.7532153836,15450.0,0.0,0.0,0.0,0.0,0.0,0.0,0.0,0.0,0.0,0.0,0.0,0.0,0.0,0.0,0.0,0.0,0.0,0.0,0.0,0.0,35353.7532153836,15450.0,1.0,0.0,0.0,6.0,0.9,143955.44449186765,23992.574081977942,258.6841232163727,258.6841232163727,-14.465876783627266,240.38717202486248,276.9811249593643,142239.45574841305,142313.7360051896,-74.28025677656339,0.0,nan,276.9811249593643,3.831124959364331,269.66232360069506,-3.4876763993049167,262.3434942837585,-10.806505716241475,255.02469972181285,-18.125300278187126,247.70592470774343,-25.444075292256542,240.38717202486248,-32.7628279751375,1.0,1.0,25732.562594332754,25732.562594332754,276.0295521782371,2.879552178237134,276.0295521782371,276.0295521782371,79004.21379522284,79179.74052599183,-175.52673076899373,0.0,8648.866644398773,8648.866644398773,0.8919127744255805,3887.451273493652,276.0295521782371,2.879552178237134,1.0,0.002,1.0559713598571931,0.0009983494739219097,0.001631891477006523,0.00036281514345438477,0.8159457385032615,0.8159457385032615,0.0,-5.293379539092393e-06,0.9996607270650552,0.9996607270650552,0.0,0.08832955535835024,2.9977998212237913e-05,0.0,0.0,0.0,1600400.5309554383,266.8746254367931,0.0,1.0,1283613.126484116,2601.7528549151534,,,,,,,,,,,,,,,,,9.0,15200.501253132832
1470.0,-34.800943199584864,3.9557374254318742,34.630693754780864,25.665280396956973,5.864545679381366,-30.69072976540011,-44.037130976188905,2.30846074059758,-6.275374563206867,-6.275374563207154,37.73549326109227,36901.542522118674,15807.068022447294,15807.068022447294,52708.61054456597,76970.81474260203,79179.74052599183,15807.068022447294,94986.80854843912,94986.80854843912,94986.80854843912,119779.98624411617,119779.97085167104,0.015392445131551474,0.0,90794.27930761344,52879.05451639603,42128.02754579712,24793.17769567705,66921.20524147418,18766.466239190504,1450.0,0.0,0.8886468871597879,2.7516753143668824,0.0014947306377116572,1.0,1.0,-6.275374563206867,337366.5919049298,1459188.0146129078,4.325229734140684,1459188.0146129078,4.325229734140684,0.7569205718419318,0.08835953335656248,3.8681107198941813,101325.0,128351.07116782667,1.2667265844345095,1.0,0.0,3.8681107198941813,1.2811426247919997,1.2813222703775986,3.019266274527545,6397.462933702244,15200.501253132832,6472.145438220369,0.0003437521804313134,23472.513038638477,2393.5302104835473,19345.67583081341,1972.7099295695687,0.8241842617775176,0.8241842617775176,34039.77001934863,30484.863174865135,1.147831024115998,0.8,4828.71498905214,4324.433322199387,1.147831024115998,0.8,17892.472591228227,17892.472591228227,1.0,0.8,2034.6934298245008,2034.6934298245008,7.768771349407028,3.9557374254318742,-0.5380985439916639,4.493835969423538,3.5,3.5,1.0,0.6,0.0001402156403791948,0.9999993932174627,0.00014021572545964847,202.95940736945835,0.0,0.0,0.0,0.018730173128198323,4.953803720534593e-05,9.067760317384888e-05,0.0003507510088910755,0.08841935220332907,0.08841935220332907,0.08841935220332907,0.08832956668452079,0.0,0.0,0.0,0.0,0.0,0.0,1.0,1.0,0.0,1.0,1.0,524961.5252174963,583.2482248286076,0.0,0.08841935220332907,0.08835953335656346,0.08835953335656149,0.375,0.375,0.5,3.5501916159591555e-05,2.8421709430404007e-13,2.8421709430404007e-13,2.8421709430404007e-13,2.8421709430404007e-13,2.8421709430404007e-13,2.8421709430404007e-13,24793.17769567705,18766.466239190504,0.7569205718419318,0.7876219556174401,0.5514177813888067,35353.7532153836,15450.0,0.0,0.0,0.0,0.0,0.0,0.0,0.0,0.0,0.0,0.0,0.0,0.0,0.0,0.0,0.0,0.0,0.0,0.0,0.0,0.0,35353.7532153836,15450.0,1.0,0.0,0.0,6.0,0.9,143955.44449186765,23992.574081977942,258.6841232163727,258.6841232163727,-14.465876783627266,240.38717202486248,276.9811249593643,142239.45574841305,142313.7360051896,-74.28025677656339,0.0,nan,276.9811249593643,3.831124959364331,269.66232360069506,-3.4876763993049167,262.3434942837585,-10.806505716241475,255.02469972181285,-18.125300278187126,247.70592470774343,-25.444075292256542,240.38717202486248,-32.7628279751375,1.0,1.0,25732.562594332754,25732.562594332754,276.0295521782371,2.879552178237134,276.0295521782371,276.0295521782371,79004.21379522284,79179.74052599183,-175.52673076899373,0.0,8648.866644398773,8648.866644398773,0.8919127744255805,3887.451273493652,276.0295521782371,2.879552178237134,1.0,0.002,1.0559713598571931,0.0009983494739219097,0.001631891477006523,0.00036281514345438477,0.8159457385032615,0.8159457385032615,0.0,-5.293379539092393e-06,0.9996607270650552,0.9996607270650552,0.0,0.08832955535835024,2.9977998212237913e-05,0.0,0.0,0.0,1600400.5309554383,266.8746254367931,0.0,1.0,1283613.126484116,2601.7528549151534,,,,,,,,,,,,,,,,,9.0,15200.501253132832
1500.0,-34.800943199584864,3.9557374254318742,34.630693754780864,25.665280396956973,5.864545679381366,-30.69072976540011,-44.037130976188905,2.30846074059758,-6.275374563206867,-6.275374563207154,37.73549326109227,36901.542522118674,15807.068022447294,15807.068022447294,52708.61054456597,76970.81474260203,79179.74052599183,15807.068022447294,94986.80854843912,94986.80854843912,94986.80854843912,119779.98624411617,119779.97085167104,0.015392445131551474,0.0,90794.27930761344,52879.05451639603,42128.02754579712,24793.17769567705,66921.20524147418,18766.466239190504,1450.0,0.0,0.8886468871597879,2.7516753143668824,0.0014947306377116572,1.0,1.0,-6.275374563206867,337366.5919049298,1459188.0146129078,4.325229734140684,1459188.0146129078,4.325229734140684,0.7569205718419318,0.08835953335656248,3.8681107198941813,101325.0,128351.07116782667,1.2667265844345095,1.0,0.0,3.8681107198941813,1.2811426247919997,1.2813222703775986,3.019266274527545,6397.462933702244,15200.501253132832,6472.145438220369,0.0003437521804313134,23472.513038638477,2393.5302104835473,19345.67583081341,1972.7099295695687,0.8241842617775176,0.8241842617775176,34039.77001934863,30484.863174865135,1.147831024115998,0.8,4828.71498905214,4324.433322199387,1.147831024115998,0.8,17892.472591228227,17892.472591228227,1.0,0.8,2034.6934298245008,2034.6934298245008,7.768771349407028,3.9557374254318742,-0.5380985439916639,4.493835969423538,3.5,3.5,1.0,0.6,0.0001402156403791948,0.9999993932174627,0.00014021572545964847,202.95940736945835,0.0,0.0,0.0,0.018730173128198323,4.953803720534593e-05,9.067760317384888e-05,0.0003507510088910755,0.08841935220332907,0.08841935220332907,0.08841935220332907,0.08832956668452079,0.0,0.0,0.0,0.0,0.0,0.0,1.0,1.0,0.0,1.0,1.0,524961.5252174963,583.2482248286076,0.0,0.08841935220332907,0.08835953335656346,0.08835953335656149,0.375,0.375,0.5,3.5501916159591555e-05,2.8421709430404007e-13,2.8421709430404007e-13,2.8421709430404007e-13,2.8421709430404007e-13,2.8421709430404007e-13,2.8421709430404007e-13,24793.17769567705,18766.466239190504,0.7569205718419318,0.7876219556174401,0.5514177813888067,35353.7532153836,15450.0,0.0,0.0,0.0,0.0,0.0,0.0,0.0,0.0,0.0,0.0,0.0,0.0,0.0,0.0,0.0,0.0,0.0,0.0,0.0,0.0,35353.7532153836,15450.0,1.0,0.0,0.0,6.0,0.9,143955.44449186765,23992.574081977942,258.6841232163727,258.6841232163727,-14.465876783627266,240.38717202486248,276.9811249593643,142239.45574841305,142313.7360051896,-74.28025677656339,0.0,nan,276.9811249593643,3.831124959364331,269.66232360069506,-3.4876763993049167,262.3434942837585,-10.806505716241475,255.02469972181285,-18.125300278187126,247.70592470774343,-25.444075292256542,240.38717202486248,-32.7628279751375,1.0,1.0,25732.562594332754,25732.562594332754,276.0295521782371,2.879552178237134,276.0295521782371,276.0295521782371,79004.21379522284,79179.74052599183,-175.52673076899373,0.0,8648.866644398773,8648.866644398773,0.8919127744255805,3887.451273493652,276.0295521782371,2.879552178237134,1.0,0.002,1.0559713598571931,0.0009983494739219097,0.001631891477006523,0.00036281514345438477,0.8159457385032615,0.8159457385032615,0.0,-5.293379539092393e-06,0.9996607270650552,0.9996607270650552,0.0,0.08832955535835024,2.9977998212237913e-05,0.0,0.0,0.0,1600400.5309554383,266.8746254367931,0.0,1.0,1283613.126484116,2601.7528549151534,,,,,,,,,,,,,,,,,9.0,15200.501253132832
1530.0,-34.800943199584864,3.9557374254318742,34.630693754780864,25.665280396956973,5.864545679381366,-30.69072976540011,-44.037130976188905,2.30846074059758,-6.275374563206867,-6.275374563207154,37.73549326109227,36901.542522118674,15807.068022447294,15807.068022447294,52708.61054456597,76970.81474260203,79179.74052599183,15807.068022447294,94986.80854843912,94986.80854843912,94986.80854843912,119779.98624411617,119779.97085167104,0.015392445131551474,0.0,90794.27930761344,52879.05451639603,42128.02754579712,24793.17769567705,66921.20524147418,18766.466239190504,1450.0,0.0,0.8886468871597879,2.7516753143668824,0.0014947306377116572,1.0,1.0,-6.275374563206867,337366.5919049298,1459188.0146129078,4.325229734140684,1459188.0146129078,4.325229734140684,0.7569205718419318,0.08835953335656248,3.8681107198941813,101325.0,128351.07116782667,1.2667265844345095,1.0,0.0,3.8681107198941813,1.2811426247919997,1.2813222703775986,3.019266274527545,6397.462933702244,15200.501253132832,6472.145438220369,0.0003437521804313134,23472.513038638477,2393.5302104835473,19345.67583081341,1972.7099295695687,0.8241842617775176,0.8241842617775176,34039.77001934863,30484.863174865135,1.147831024115998,0.8,4828.71498905214,4324.433322199387,1.147831024115998,0.8,17892.472591228227,17892.472591228227,1.0,0.8,2034.6934298245008,2034.6934298245008,7.768771349407028,3.9557374254318742,-0.5380985439916639,4.493835969423538,3.5,3.5,1.0,0.6,0.0001402156403791948,0.9999993932174627,0.00014021572545964847,202.95940736945835,0.0,0.0,0.0,0.018730173128198323,4.953803720534593e-05,9.067760317384888e-05,0.0003507510088910755,0.08841935220332907,0.08841935220332907,0.08841935220332907,0.08832956668452079,0.0,0.0,0.0,0.0,0.0,0.0,1.0,1.0,0.0,1.0,1.0,524961.5252174963,583.2482248286076,0.0,0.08841935220332907,0.08835953335656346,0.08835953335656149,0.375,0.375,0.5,3.5501916159591555e-05,2.8421709430404007e-13,2.8421709430404007e-13,2.8421709430404007e-13,2.8421709430404007e-13,2.8421709430404007e-13,2.8421709430404007e-13,24793.17769567705,18766.466239190504,0.7569205718419318,0.7876219556174401,0.5514177813888067,35353.7532153836,15450.0,0.0,0.0,0.0,0.0,0.0,0.0,0.0,0.0,0.0,0.0,0.0,0.0,0.0,0.0,0.0,0.0,0.0,0.0,0.0,0.0,35353.7532153836,15450.0,1.0,0.0,0.0,6.0,0.9,143955.44449186765,23992.574081977942,258.6841232163727,258.6841232163727,-14.465876783627266,240.38717202486248,276.9811249593643,142239.45574841305,142313.7360051896,-74.28025677656339,0.0,nan,276.9811249593643,3.831124959364331,269.66232360069506,-3.4876763993049167,262.3434942837585,-10.806505716241475,255.02469972181285,-18.125300278187126,247.70592470774343,-25.444075292256542,240.38717202486248,-32.7628279751375,1.0,1.0,25732.562594332754,25732.562594332754,276.0295521782371,2.879552178237134,276.0295521782371,276.0295521782371,79004.21379522284,79179.74052599183,-175.52673076899373,0.0,8648.866644398773,8648.866644398773,0.8919127744255805,3887.451273493652,276.0295521782371,2.879552178237134,1.0,0.002,1.0559713598571931,0.0009983494739219097,0.001631891477006523,0.00036281514345438477,0.8159457385032615,0.8159457385032615,0.0,-5.293379539092393e-06,0.9996607270650552,0.9996607270650552,0.0,0.08832955535835024,2.9977998212237913e-05,0.0,0.0,0.0,1600400.5309554383,266.8746254367931,0.0,1.0,1283613.126484116,2601.7528549151534,,,,,,,,,,,,,,,,,9.0,15200.501253132832
1560.0,-34.800943199584864,3.9557374254318742,34.630693754780864,25.665280396956973,5.864545679381366,-30.69072976540011,-44.037130976188905,2.30846074059758,-6.275374563206867,-6.275374563207154,37.73549326109227,36901.542522118674,15807.068022447294,15807.068022447294,52708.61054456597,76970.81474260203,79179.74052599183,15807.068022447294,94986.80854843912,94986.80854843912,94986.80854843912,119779.98624411617,119779.97085167104,0.015392445131551474,0.0,90794.27930761344,52879.05451639603,42128.02754579712,24793.17769567705,66921.20524147418,18766.466239190504,1450.0,0.0,0.8886468871597879,2.7516753143668824,0.0014947306377116572,1.0,1.0,-6.275374563206867,337366.5919049298,1459188.0146129078,4.325229734140684,1459188.0146129078,4.325229734140684,0.7569205718419318,0.08835953335656248,3.8681107198941813,101325.0,128351.07116782667,1.2667265844345095,1.0,0.0,3.8681107198941813,1.2811426247919997,1.2813222703775986,3.019266274527545,6397.462933702244,15200.501253132832,6472.145438220369,0.0003437521804313134,23472.513038638477,2393.5302104835473,19345.67583081341,1972.7099295695687,0.8241842617775176,0.8241842617775176,34039.77001934863,30484.863174865135,1.147831024115998,0.8,4828.71498905214,4324.433322199387,1.147831024115998,0.8,17892.472591228227,17892.472591228227,1.0,0.8,2034.6934298245008,2034.6934298245008,7.768771349407028,3.9557374254318742,-0.5380985439916639,4.493835969423538,3.5,3.5,1.0,0.6,0.0001402156403791948,0.9999993932174627,0.00014021572545964847,202.95940736945835,0.0,0.0,0.0,0.018730173128198323,4.953803720534593e-05,9.067760317384888e-05,0.0003507510088910755,0.08841935220332907,0.08841935220332907,0.08841935220332907,0.08832956668452079,0.0,0.0,0.0,0.0,0.0,0.0,1.0,1.0,0.0,1.0,1.0,524961.5252174963,583.2482248286076,0.0,0.08841935220332907,0.08835953335656346,0.08835953335656149,0.375,0.375,0.5,3.5501916159591555e-05,2.8421709430404007e-13,2.8421709430404007e-13,2.8421709430404007e-13,2.8421709430404007e-13,2.8421709430404007e-13,2.8421709430404007e-13,24793.17769567705,18766.466239190504,0.7569205718419318,0.7876219556174401,0.5514177813888067,35353.7532153836,15450.0,0.0,0.0,0.0,0.0,0.0,0.0,0.0,0.0,0.0,0.0,0.0,0.0,0.0,0.0,0.0,0.0,0.0,0.0,0.0,0.0,35353.7532153836,15450.0,1.0,0.0,0.0,6.0,0.9,143955.44449186765,23992.574081977942,258.6841232163727,258.6841232163727,-14.465876783627266,240.38717202486248,276.9811249593643,142239.45574841305,142313.7360051896,-74.28025677656339,0.0,nan,276.9811249593643,3.831124959364331,269.66232360069506,-3.4876763993049167,262.3434942837585,-10.806505716241475,255.02469972181285,-18.125300278187126,247.70592470774343,-25.444075292256542,240.38717202486248,-32.7628279751375,1.0,1.0,25732.562594332754,25732.562594332754,276.0295521782371,2.879552178237134,276.0295521782371,276.0295521782371,79004.21379522284,79179.74052599183,-175.52673076899373,0.0,8648.866644398773,8648.866644398773,0.8919127744255805,3887.451273493652,276.0295521782371,2.879552178237134,1.0,0.002,1.0559713598571931,0.0009983494739219097,0.001631891477006523,0.00036281514345438477,0.8159457385032615,0.8159457385032615,0.0,-5.293379539092393e-06,0.9996607270650552,0.9996607270650552,0.0,0.08832955535835024,2.9977998212237913e-05,0.0,0.0,0.0,1600400.5309554383,266.8746254367931,0.0,1.0,1283613.126484116,2601.7528549151534,,,,,,,,,,,,,,,,,9.0,15200.501253132832
1590.0,-34.800943199584864,3.9557374254318742,34.630693754780864,25.665280396956973,5.864545679381366,-30.69072976540011,-44.037130976188905,2.30846074059758,-6.275374563206867,-6.275374563207154,37.73549326109227,36901.542522118674,15807.068022447294,15807.068022447294,52708.61054456597,76970.81474260203,79179.74052599183,15807.068022447294,94986.80854843912,94986.80854843912,94986.80854843912,119779.98624411617,119779.97085167104,0.015392445131551474,0.0,90794.27930761344,52879.05451639603,42128.02754579712,24793.17769567705,66921.20524147418,18766.466239190504,1450.0,0.0,0.8886468871597879,2.7516753143668824,0.0014947306377116572,1.0,1.0,-6.275374563206867,337366.5919049298,1459188.0146129078,4.325229734140684,1459188.0146129078,4.325229734140684,0.7569205718419318,0.08835953335656248,3.8681107198941813,101325.0,128351.07116782667,1.2667265844345095,1.0,0.0,3.8681107198941813,1.2811426247919997,1.2813222703775986,3.019266274527545,6397.462933702244,15200.501253132832,6472.145438220369,0.0003437521804313134,23472.513038638477,2393.5302104835473,19345.67583081341,1972.7099295695687,0.8241842617775176,0.8241842617775176,34039.77001934863,30484.863174865135,1.147831024115998,0.8,4828.71498905214,4324.433322199387,1.147831024115998,0.8,17892.472591228227,17892.472591228227,1.0,0.8,2034.6934298245008,2034.6934298245008,7.768771349407028,3.9557374254318742,-0.5380985439916639,4.493835969423538,3.5,3.5,1.0,0.6,0.0001402156403791948,0.9999993932174627,0.00014021572545964847,202.95940736945835,0.0,0.0,0.0,0.018730173128198323,4.953803720534593e-05,9.067760317384888e-05,0.0003507510088910755,0.08841935220332907,0.08841935220332907,0.08841935220332907,0.08832956668452079,0.0,0.0,0.0,0.0,0.0,0.0,1.0,1.0,0.0,1.0,1.0,524961.5252174963,583.2482248286076,0.0,0.08841935220332907,0.08835953335656346,0.08835953335656149,0.375,0.375,0.5,3.5501916159591555e-05,2.8421709430404007e-13,2.8421709430404007e-13,2.8421709430404007e-13,2.8421709430404007e-13,2.8421709430404007e-13,2.8421709430404007e-13,24793.17769567705,18766.466239190504,0.7569205718419318,0.7876219556174401,0.5514177813888067,35353.7532153836,15450.0,0.0,0.0,0.0,0.0,0.0,0.0,0.0,0.0,0.0,0.0,0.0,0.0,0.0,0.0,0.0,0.0,0.0,0.0,0.0,0.0,35353.7532153836,15450.0,1.0,0.0,0.0,6.0,0.9,143955.44449186765,23992.574081977942,258.6841232163727,258.6841232163727,-14.465876783627266,240.38717202486248,276.9811249593643,142239.45574841305,142313.7360051896,-74.28025677656339,0.0,nan,276.9811249593643,3.831124959364331,269.66232360069506,-3.4876763993049167,262.3434942837585,-10.806505716241475,255.02469972181285,-18.125300278187126,247.70592470774343,-25.444075292256542,240.38717202486248,-32.7628279751375,1.0,1.0,25732.562594332754,25732.562594332754,276.0295521782371,2.879552178237134,276.0295521782371,276.0295521782371,79004.21379522284,79179.74052599183,-175.52673076899373,0.0,8648.866644398773,8648.866644398773,0.8919127744255805,3887.451273493652,276.0295521782371,2.879552178237134,1.0,0.002,1.0559713598571931,0.0009983494739219097,0.001631891477006523,0.00036281514345438477,0.8159457385032615,0.8159457385032615,0.0,-5.293379539092393e-06,0.9996607270650552,0.9996607270650552,0.0,0.08832955535835024,2.9977998212237913e-05,0.0,0.0,0.0,1600400.5309554383,266.8746254367931,0.0,1.0,1283613.126484116,2601.7528549151534,,,,,,,,,,,,,,,,,9.0,15200.501253132832
1620.0,-34.800943199584864,3.9557374254318742,34.630693754780864,25.665280396956973,5.864545679381366,-30.69072976540011,-44.037130976188905,2.30846074059758,-6.275374563206867,-6.275374563207154,37.73549326109227,36901.542522118674,15807.068022447294,15807.068022447294,52708.61054456597,76970.81474260203,79179.74052599183,15807.068022447294,94986.80854843912,94986.80854843912,94986.80854843912,119779.98624411617,119779.97085167104,0.015392445131551474,0.0,90794.27930761344,52879.05451639603,42128.02754579712,24793.17769567705,66921.20524147418,18766.466239190504,1450.0,0.0,0.8886468871597879,2.7516753143668824,0.0014947306377116572,1.0,1.0,-6.275374563206867,337366.5919049298,1459188.0146129078,4.325229734140684,1459188.0146129078,4.325229734140684,0.7569205718419318,0.08835953335656248,3.8681107198941813,101325.0,128351.07116782667,1.2667265844345095,1.0,0.0,3.8681107198941813,1.2811426247919997,1.2813222703775986,3.019266274527545,6397.462933702244,15200.501253132832,6472.145438220369,0.0003437521804313134,23472.513038638477,2393.5302104835473,19345.67583081341,1972.7099295695687,0.8241842617775176,0.8241842617775176,34039.77001934863,30484.863174865135,1.147831024115998,0.8,4828.71498905214,4324.433322199387,1.147831024115998,0.8,17892.472591228227,17892.472591228227,1.0,0.8,2034.6934298245008,2034.6934298245008,7.768771349407028,3.9557374254318742,-0.5380985439916639,4.493835969423538,3.5,3.5,1.0,0.6,0.0001402156403791948,0.9999993932174627,0.00014021572545964847,202.95940736945835,0.0,0.0,0.0,0.018730173128198323,4.953803720534593e-05,9.067760317384888e-05,0.0003507510088910755,0.08841935220332907,0.08841935220332907,0.08841935220332907,0.08832956668452079,0.0,0.0,0.0,0.0,0.0,0.0,1.0,1.0,0.0,1.0,1.0,524961.5252174963,583.2482248286076,0.0,0.08841935220332907,0.08835953335656346,0.08835953335656149,0.375,0.375,0.5,3.5501916159591555e-05,2.8421709430404007e-13,2.8421709430404007e-13,2.8421709430404007e-13,2.8421709430404007e-13,2.8421709430404007e-13,2.8421709430404007e-13,24793.17769567705,18766.466239190504,0.7569205718419318,0.7876219556174401,0.5514177813888067,35353.7532153836,15450.0,0.0,0.0,0.0,0.0,0.0,0.0,0.0,0.0,0.0,0.0,0.0,0.0,0.0,0.0,0.0,0.0,0.0,0.0,0.0,0.0,35353.7532153836,15450.0,1.0,0.0,0.0,6.0,0.9,143955.44449186765,23992.574081977942,258.6841232163727,258.6841232163727,-14.465876783627266,240.38717202486248,276.9811249593643,142239.45574841305,142313.7360051896,-74.28025677656339,0.0,nan,276.9811249593643,3.831124959364331,269.66232360069506,-3.4876763993049167,262.3434942837585,-10.806505716241475,255.02469972181285,-18.125300278187126,247.70592470774343,-25.444075292256542,240.38717202486248,-32.7628279751375,1.0,1.0,25732.562594332754,25732.562594332754,276.0295521782371,2.879552178237134,276.0295521782371,276.0295521782371,79004.21379522284,79179.74052599183,-175.52673076899373,0.0,8648.866644398773,8648.866644398773,0.8919127744255805,3887.451273493652,276.0295521782371,2.879552178237134,1.0,0.002,1.0559713598571931,0.0009983494739219097,0.001631891477006523,0.00036281514345438477,0.8159457385032615,0.8159457385032615,0.0,-5.293379539092393e-06,0.9996607270650552,0.9996607270650552,0.0,0.08832955535835024,2.9977998212237913e-05,0.0,0.0,0.0,1600400.5309554383,266.8746254367931,0.0,1.0,1283613.126484116,2601.7528549151534,,,,,,,,,,,,,,,,,9.0,15200.501253132832
1650.0,-34.800943199584864,3.9557374254318742,34.630693754780864,25.665280396956973,5.864545679381366,-30.69072976540011,-44.037130976188905,2.30846074059758,-6.275374563206867,-6.275374563207154,37.73549326109227,36901.542522118674,15807.068022447294,15807.068022447294,52708.61054456597,76970.81474260203,79179.74052599183,15807.068022447294,94986.80854843912,94986.80854843912,94986.80854843912,119779.98624411617,119779.97085167104,0.015392445131551474,0.0,90794.27930761344,52879.05451639603,42128.02754579712,24793.17769567705,66921.20524147418,18766.466239190504,1450.0,0.0,0.8886468871597879,2.7516753143668824,0.0014947306377116572,1.0,1.0,-6.275374563206867,337366.5919049298,1459188.0146129078,4.325229734140684,1459188.0146129078,4.325229734140684,0.7569205718419318,0.08835953335656248,3.8681107198941813,101325.0,128351.07116782667,1.2667265844345095,1.0,0.0,3.8681107198941813,1.2811426247919997,1.2813222703775986,3.019266274527545,6397.462933702244,15200.501253132832,6472.145438220369,0.0003437521804313134,23472.513038638477,2393.5302104835473,19345.67583081341,1972.7099295695687,0.8241842617775176,0.8241842617775176,34039.77001934863,30484.863174865135,1.147831024115998,0.8,4828.71498905214,4324.433322199387,1.147831024115998,0.8,17892.472591228227,17892.472591228227,1.0,0.8,2034.6934298245008,2034.6934298245008,7.768771349407028,3.9557374254318742,-0.5380985439916639,4.493835969423538,3.5,3.5,1.0,0.6,0.0001402156403791948,0.9999993932174627,0.00014021572545964847,202.95940736945835,0.0,0.0,0.0,0.018730173128198323,4.953803720534593e-05,9.067760317384888e-05,0.0003507510088910755,0.08841935220332907,0.08841935220332907,0.08841935220332907,0.08832956668452079,0.0,0.0,0.0,0.0,0.0,0.0,1.0,1.0,0.0,1.0,1.0,524961.5252174963,583.2482248286076,0.0,0.08841935220332907,0.08835953335656346,0.08835953335656149,0.375,0.375,0.5,3.5501916159591555e-05,2.8421709430404007e-13,2.8421709430404007e-13,2.8421709430404007e-13,2.8421709430404007e-13,2.8421709430404007e-13,2.8421709430404007e-13,24793.17769567705,18766.466239190504,0.7569205718419318,0.7876219556174401,0.5514177813888067,35353.7532153836,15450.0,0.0,0.0,0.0,0.0,0.0,0.0,0.0,0.0,0.0,0.0,0.0,0.0,0.0,0.0,0.0,0.0,0.0,0.0,0.0,0.0,35353.7532153836,15450.0,1.0,0.0,0.0,6.0,0.9,143955.44449186765,23992.574081977942,258.6841232163727,258.6841232163727,-14.465876783627266,240.38717202486248,276.9811249593643,142239.45574841305,142313.7360051896,-74.28025677656339,0.0,nan,276.9811249593643,3.831124959364331,269.66232360069506,-3.4876763993049167,262.3434942837585,-10.806505716241475,255.02469972181285,-18.125300278187126,247.70592470774343,-25.444075292256542,240.38717202486248,-32.7628279751375,1.0,1.0,25732.562594332754,25732.562594332754,276.0295521782371,2.879552178237134,276.0295521782371,276.0295521782371,79004.21379522284,79179.74052599183,-175.52673076899373,0.0,8648.866644398773,8648.866644398773,0.8919127744255805,3887.451273493652,276.0295521782371,2.879552178237134,1.0,0.002,1.0559713598571931,0.0009983494739219097,0.001631891477006523,0.00036281514345438477,0.8159457385032615,0.8159457385032615,0.0,-5.293379539092393e-06,0.9996607270650552,0.9996607270650552,0.0,0.08832955535835024,2.9977998212237913e-05,0.0,0.0,0.0,1600400.5309554383,266.8746254367931,0.0,1.0,1283613.126484116,2601.7528549151534,,,,,,,,,,,,,,,,,9.0,15200.501253132832
1680.0,-34.800943199584864,3.9557374254318742,34.630693754780864,25.665280396956973,5.864545679381366,-30.69072976540011,-44.037130976188905,2.30846074059758,-6.275374563206867,-6.275374563207154,37.73549326109227,36901.542522118674,15807.068022447294,15807.068022447294,52708.61054456597,76970.81474260203,79179.74052599183,15807.068022447294,94986.80854843912,94986.80854843912,94986.80854843912,119779.98624411617,119779.97085167104,0.015392445131551474,0.0,90794.27930761344,52879.05451639603,42128.02754579712,24793.17769567705,66921.20524147418,18766.466239190504,1450.0,0.0,0.8886468871597879,2.7516753143668824,0.0014947306377116572,1.0,1.0,-6.275374563206867,337366.5919049298,1459188.0146129078,4.325229734140684,1459188.0146129078,4.325229734140684,0.7569205718419318,0.08835953335656248,3.8681107198941813,101325.0,128351.07116782667,1.2667265844345095,1.0,0.0,3.8681107198941813,1.2811426247919997,1.2813222703775986,3.019266274527545,6397.462933702244,15200.501253132832,6472.145438220369,0.0003437521804313134,23472.513038638477,2393.5302104835473,19345.67583081341,1972.7099295695687,0.8241842617775176,0.8241842617775176,34039.77001934863,30484.863174865135,1.147831024115998,0.8,4828.71498905214,4324.433322199387,1.147831024115998,0.8,17892.472591228227,17892.472591228227,1.0,0.8,2034.6934298245008,2034.6934298245008,7.768771349407028,3.9557374254318742,-0.5380985439916639,4.493835969423538,3.5,3.5,1.0,0.6,0.0001402156403791948,0.9999993932174627,0.00014021572545964847,202.95940736945835,0.0,0.0,0.0,0.018730173128198323,4.953803720534593e-05,9.067760317384888e-05,0.0003507510088910755,0.08841935220332907,0.08841935220332907,0.08841935220332907,0.08832956668452079,0.0,0.0,0.0,0.0,0.0,0.0,1.0,1.0,0.0,1.0,1.0,524961.5252174963,583.2482248286076,0.0,0.08841935220332907,0.08835953335656346,0.08835953335656149,0.375,0.375,0.5,3.5501916159591555e-05,2.8421709430404007e-13,2.8421709430404007e-13,2.8421709430404007e-13,2.8421709430404007e-13,2.8421709430404007e-13,2.8421709430404007e-13,24793.17769567705,18766.466239190504,0.7569205718419318,0.7876219556174401,0.5514177813888067,35353.7532153836,15450.0,0.0,0.0,0.0,0.0,0.0,0.0,0.0,0.0,0.0,0.0,0.0,0.0,0.0,0.0,0.0,0.0,0.0,0.0,0.0,0.0,35353.7532153836,15450.0,1.0,0.0,0.0,6.0,0.9,143955.44449186765,23992.574081977942,258.6841232163727,258.6841232163727,-14.465876783627266,240.38717202486248,276.9811249593643,142239.45574841305,142313.7360051896,-74.28025677656339,0.0,nan,276.9811249593643,3.831124959364331,269.66232360069506,-3.4876763993049167,262.3434942837585,-10.806505716241475,255.02469972181285,-18.125300278187126,247.70592470774343,-25.444075292256542,240.38717202486248,-32.7628279751375,1.0,1.0,25732.562594332754,25732.562594332754,276.0295521782371,2.879552178237134,276.0295521782371,276.0295521782371,79004.21379522284,79179.74052599183,-175.52673076899373,0.0,8648.866644398773,8648.866644398773,0.8919127744255805,3887.451273493652,276.0295521782371,2.879552178237134,1.0,0.002,1.0559713598571931,0.0009983494739219097,0.001631891477006523,0.00036281514345438477,0.8159457385032615,0.8159457385032615,0.0,-5.293379539092393e-06,0.9996607270650552,0.9996607270650552,0.0,0.08832955535835024,2.9977998212237913e-05,0.0,0.0,0.0,1600400.5309554383,266.8746254367931,0.0,1.0,1283613.126484116,2601.7528549151534,,,,,,,,,,,,,,,,,9.0,15200.501253132832
1710.0,-34.800943199584864,3.9557374254318742,34.630693754780864,25.665280396956973,5.864545679381366,-30.69072976540011,-44.037130976188905,2.30846074059758,-6.275374563206867,-6.275374563207154,37.73549326109227,36901.542522118674,15807.068022447294,15807.068022447294,52708.61054456597,76970.81474260203,79179.74052599183,15807.068022447294,94986.80854843912,94986.80854843912,94986.80854843912,119779.98624411617,119779.97085167104,0.015392445131551474,0.0,90794.27930761344,52879.05451639603,42128.02754579712,24793.17769567705,66921.20524147418,18766.466239190504,1450.0,0.0,0.8886468871597879,2.7516753143668824,0.0014947306377116572,1.0,1.0,-6.275374563206867,337366.5919049298,1459188.0146129078,4.325229734140684,1459188.0146129078,4.325229734140684,0.7569205718419318,0.08835953335656248,3.8681107198941813,101325.0,128351.07116782667,1.2667265844345095,1.0,0.0,3.8681107198941813,1.2811426247919997,1.2813222703775986,3.019266274527545,6397.462933702244,15200.501253132832,6472.145438220369,0.0003437521804313134,23472.513038638477,2393.5302104835473,19345.67583081341,1972.7099295695687,0.8241842617775176,0.8241842617775176,34039.77001934863,30484.863174865135,1.147831024115998,0.8,4828.71498905214,4324.433322199387,1.147831024115998,0.8,17892.472591228227,17892.472591228227,1.0,0.8,2034.6934298245008,2034.6934298245008,7.768771349407028,3.9557374254318742,-0.5380985439916639,4.493835969423538,3.5,3.5,1.0,0.6,0.0001402156403791948,0.9999993932174627,0.00014021572545964847,202.95940736945835,0.0,0.0,0.0,0.018730173128198323,4.953803720534593e-05,9.067760317384888e-05,0.0003507510088910755,0.08841935220332907,0.08841935220332907,0.08841935220332907,0.08832956668452079,0.0,0.0,0.0,0.0,0.0,0.0,1.0,1.0,0.0,1.0,1.0,524961.5252174963,583.2482248286076,0.0,0.08841935220332907,0.08835953335656346,0.08835953335656149,0.375,0.375,0.5,3.5501916159591555e-05,2.8421709430404007e-13,2.8421709430404007e-13,2.8421709430404007e-13,2.8421709430404007e-13,2.8421709430404007e-13,2.8421709430404007e-13,24793.17769567705,18766.466239190504,0.7569205718419318,0.7876219556174401,0.5514177813888067,35353.7532153836,15450.0,0.0,0.0,0.0,0.0,0.0,0.0,0.0,0.0,0.0,0.0,0.0,0.0,0.0,0.0,0.0,0.0,0.0,0.0,0.0,0.0,35353.7532153836,15450.0,1.0,0.0,0.0,6.0,0.9,143955.44449186765,23992.574081977942,258.6841232163727,258.6841232163727,-14.465876783627266,240.38717202486248,276.9811249593643,142239.45574841305,142313.7360051896,-74.28025677656339,0.0,nan,276.9811249593643,3.831124959364331,269.66232360069506,-3.4876763993049167,262.3434942837585,-10.806505716241475,255.02469972181285,-18.125300278187126,247.70592470774343,-25.444075292256542,240.38717202486248,-32.7628279751375,1.0,1.0,25732.562594332754,25732.562594332754,276.0295521782371,2.879552178237134,276.0295521782371,276.0295521782371,79004.21379522284,79179.74052599183,-175.52673076899373,0.0,8648.866644398773,8648.866644398773,0.8919127744255805,3887.451273493652,276.0295521782371,2.879552178237134,1.0,0.002,1.0559713598571931,0.0009983494739219097,0.001631891477006523,0.00036281514345438477,0.8159457385032615,0.8159457385032615,0.0,-5.293379539092393e-06,0.9996607270650552,0.9996607270650552,0.0,0.08832955535835024,2.9977998212237913e-05,0.0,0.0,0.0,1600400.5309554383,266.8746254367931,0.0,1.0,1283613.126484116,2601.7528549151534,,,,,,,,,,,,,,,,,9.0,15200.501253132832
1740.0,-34.800943199584864,3.9557374254318742,34.630693754780864,25.665280396956973,5.864545679381366,-30.69072976540011,-44.037130976188905,2.30846074059758,-6.275374563206867,-6.275374563207154,37.73549326109227,36901.542522118674,15807.068022447294,15807.068022447294,52708.61054456597,76970.81474260203,79179.74052599183,15807.068022447294,94986.80854843912,94986.80854843912,94986.80854843912,119779.98624411617,119779.97085167104,0.015392445131551474,0.0,90794.27930761344,52879.05451639603,42128.02754579712,24793.17769567705,66921.20524147418,18766.466239190504,1450.0,0.0,0.8886468871597879,2.7516753143668824,0.0014947306377116572,1.0,1.0,-6.275374563206867,337366.5919049298,1459188.0146129078,4.325229734140684,1459188.0146129078,4.325229734140684,0.7569205718419318,0.08835953335656248,3.8681107198941813,101325.0,128351.07116782667,1.2667265844345095,1.0,0.0,3.8681107198941813,1.2811426247919997,1.2813222703775986,3.019266274527545,6397.462933702244,15200.501253132832,6472.145438220369,0.0003437521804313134,23472.513038638477,2393.5302104835473,19345.67583081341,1972.7099295695687,0.8241842617775176,0.8241842617775176,34039.77001934863,30484.863174865135,1.147831024115998,0.8,4828.71498905214,4324.433322199387,1.147831024115998,0.8,17892.472591228227,17892.472591228227,1.0,0.8,2034.6934298245008,2034.6934298245008,7.768771349407028,3.9557374254318742,-0.5380985439916639,4.493835969423538,3.5,3.5,1.0,0.6,0.0001402156403791948,0.9999993932174627,0.00014021572545964847,202.95940736945835,0.0,0.0,0.0,0.018730173128198323,4.953803720534593e-05,9.067760317384888e-05,0.0003507510088910755,0.08841935220332907,0.08841935220332907,0.08841935220332907,0.08832956668452079,0.0,0.0,0.0,0.0,0.0,0.0,1.0,1.0,0.0,1.0,1.0,524961.5252174963,583.2482248286076,0.0,0.08841935220332907,0.08835953335656346,0.08835953335656149,0.375,0.375,0.5,3.5501916159591555e-05,2.8421709430404007e-13,2.8421709430404007e-13,2.8421709430404007e-13,2.8421709430404007e-13,2.8421709430404007e-13,2.8421709430404007e-13,24793.17769567705,18766.466239190504,0.7569205718419318,0.7876219556174401,0.5514177813888067,35353.7532153836,15450.0,0.0,0.0,0.0,0.0,0.0,0.0,0.0,0.0,0.0,0.0,0.0,0.0,0.0,0.0,0.0,0.0,0.0,0.0,0.0,0.0,35353.7532153836,15450.0,1.0,0.0,0.0,6.0,0.9,143955.44449186765,23992.574081977942,258.6841232163727,258.6841232163727,-14.465876783627266,240.38717202486248,276.9811249593643,142239.45574841305,142313.7360051896,-74.28025677656339,0.0,nan,276.9811249593643,3.831124959364331,269.66232360069506,-3.4876763993049167,262.3434942837585,-10.806505716241475,255.02469972181285,-18.125300278187126,247.70592470774343,-25.444075292256542,240.38717202486248,-32.7628279751375,1.0,1.0,25732.562594332754,25732.562594332754,276.0295521782371,2.879552178237134,276.0295521782371,276.0295521782371,79004.21379522284,79179.74052599183,-175.52673076899373,0.0,8648.866644398773,8648.866644398773,0.8919127744255805,3887.451273493652,276.0295521782371,2.879552178237134,1.0,0.002,1.0559713598571931,0.0009983494739219097,0.001631891477006523,0.00036281514345438477,0.8159457385032615,0.8159457385032615,0.0,-5.293379539092393e-06,0.9996607270650552,0.9996607270650552,0.0,0.08832955535835024,2.9977998212237913e-05,0.0,0.0,0.0,1600400.5309554383,266.8746254367931,0.0,1.0,1283613.126484116,2601.7528549151534,,,,,,,,,,,,,,,,,9.0,15200.501253132832
1770.0,-34.800943199584864,3.9557374254318742,34.630693754780864,25.665280396956973,5.864545679381366,-30.69072976540011,-44.037130976188905,2.30846074059758,-6.275374563206867,-6.275374563207154,37.73549326109227,36901.542522118674,15807.068022447294,15807.068022447294,52708.61054456597,76970.81474260203,79179.74052599183,15807.068022447294,94986.80854843912,94986.80854843912,94986.80854843912,119779.98624411617,119779.97085167104,0.015392445131551474,0.0,90794.27930761344,52879.05451639603,42128.02754579712,24793.17769567705,66921.20524147418,18766.466239190504,1450.0,0.0,0.8886468871597879,2.7516753143668824,0.0014947306377116572,1.0,1.0,-6.275374563206867,337366.5919049298,1459188.0146129078,4.325229734140684,1459188.0146129078,4.325229734140684,0.7569205718419318,0.08835953335656248,3.8681107198941813,101325.0,128351.07116782667,1.2667265844345095,1.0,0.0,3.8681107198941813,1.2811426247919997,1.2813222703775986,3.019266274527545,6397.462933702244,15200.501253132832,6472.145438220369,0.0003437521804313134,23472.513038638477,2393.5302104835473,19345.67583081341,1972.7099295695687,0.8241842617775176,0.8241842617775176,34039.77001934863,30484.863174865135,1.147831024115998,0.8,4828.71498905214,4324.433322199387,1.147831024115998,0.8,17892.472591228227,17892.472591228227,1.0,0.8,2034.6934298245008,2034.6934298245008,7.768771349407028,3.9557374254318742,-0.5380985439916639,4.493835969423538,3.5,3.5,1.0,0.6,0.0001402156403791948,0.9999993932174627,0.00014021572545964847,202.95940736945835,0.0,0.0,0.0,0.018730173128198323,4.953803720534593e-05,9.067760317384888e-05,0.0003507510088910755,0.08841935220332907,0.08841935220332907,0.08841935220332907,0.08832956668452079,0.0,0.0,0.0,0.0,0.0,0.0,1.0,1.0,0.0,1.0,1.0,524961.5252174963,583.2482248286076,0.0,0.08841935220332907,0.08835953335656346,0.08835953335656149,0.375,0.375,0.5,3.5501916159591555e-05,2.8421709430404007e-13,2.8421709430404007e-13,2.8421709430404007e-13,2.8421709430404007e-13,2.8421709430404007e-13,2.8421709430404007e-13,24793.17769567705,18766.466239190504,0.7569205718419318,0.7876219556174401,0.5514177813888067,35353.7532153836,15450.0,0.0,0.0,0.0,0.0,0.0,0.0,0.0,0.0,0.0,0.0,0.0,0.0,0.0,0.0,0.0,0.0,0.0,0.0,0.0,0.0,35353.7532153836,15450.0,1.0,0.0,0.0,6.0,0.9,143955.44449186765,23992.574081977942,258.6841232163727,258.6841232163727,-14.465876783627266,240.38717202486248,276.9811249593643,142239.45574841305,142313.7360051896,-74.28025677656339,0.0,nan,276.9811249593643,3.831124959364331,269.66232360069506,-3.4876763993049167,262.3434942837585,-10.806505716241475,255.02469972181285,-18.125300278187126,247.70592470774343,-25.444075292256542,240.38717202486248,-32.7628279751375,1.0,1.0,25732.562594332754,25732.562594332754,276.0295521782371,2.879552178237134,276.0295521782371,276.0295521782371,79004.21379522284,79179.74052599183,-175.52673076899373,0.0,8648.866644398773,8648.866644398773,0.8919127744255805,3887.451273493652,276.0295521782371,2.879552178237134,1.0,0.002,1.0559713598571931,0.0009983494739219097,0.001631891477006523,0.00036281514345438477,0.8159457385032615,0.8159457385032615,0.0,-5.293379539092393e-06,0.9996607270650552,0.9996607270650552,0.0,0.08832955535835024,2.9977998212237913e-05,0.0,0.0,0.0,1600400.5309554383,266.8746254367931,0.0,1.0,1283613.126484116,2601.7528549151534,,,,,,,,,,,,,,,,,9.0,15200.501253132832
1800.0,-34.800943199584864,3.9557374254318742,34.630693754780864,25.665280396956973,5.864545679381366,-30.69072976540011,-44.037130976188905,2.30846074059758,-6.275374563206867,-6.275374563207154,37.73549326109227,36901.542522118674,15807.068022447294,15807.068022447294,52708.61054456597,76970.81474260203,79179.74052599183,15807.068022447294,94986.80854843912,94986.80854843912,94986.80854843912,119779.98624411617,119779.97085167104,0.015392445131551474,0.0,90794.27930761344,52879.05451639603,42128.02754579712,24793.17769567705,66921.20524147418,18766.466239190504,1450.0,0.0,0.8886468871597879,2.7516753143668824,0.0014947306377116572,1.0,1.0,-6.275374563206867,337366.5919049298,1459188.0146129078,4.325229734140684,1459188.0146129078,4.325229734140684,0.7569205718419318,0.08835953335656248,3.8681107198941813,101325.0,128351.07116782667,1.2667265844345095,1.0,0.0,3.8681107198941813,1.2811426247919997,1.2813222703775986,3.019266274527545,6397.462933702244,15200.501253132832,6472.145438220369,0.0003437521804313134,23472.513038638477,2393.5302104835473,19345.67583081341,1972.7099295695687,0.8241842617775176,0.8241842617775176,34039.77001934863,30484.863174865135,1.147831024115998,0.8,4828.71498905214,4324.433322199387,1.147831024115998,0.8,17892.472591228227,17892.472591228227,1.0,0.8,2034.6934298245008,2034.6934298245008,7.768771349407028,3.9557374254318742,-0.5380985439916639,4.493835969423538,3.5,3.5,1.0,0.6,0.0001402156403791948,0.9999993932174627,0.00014021572545964847,202.95940736945835,0.0,0.0,0.0,0.018730173128198323,4.953803720534593e-05,9.067760317384888e-05,0.0003507510088910755,0.08841935220332907,0.08841935220332907,0.08841935220332907,0.08832956668452079,0.0,0.0,0.0,0.0,0.0,0.0,1.0,1.0,0.0,1.0,1.0,524961.5252174963,583.2482248286076,0.0,0.08841935220332907,0.08835953335656346,0.08835953335656149,0.375,0.375,0.5,3.5501916159591555e-05,2.8421709430404007e-13,2.8421709430404007e-13,2.8421709430404007e-13,2.8421709430404007e-13,2.8421709430404007e-13,2.8421709430404007e-13,24793.17769567705,18766.466239190504,0.7569205718419318,0.7876219556174401,0.5514177813888067,35353.7532153836,15450.0,0.0,0.0,0.0,0.0,0.0,0.0,0.0,0.0,0.0,0.0,0.0,0.0,0.0,0.0,0.0,0.0,0.0,0.0,0.0,0.0,35353.7532153836,15450.0,1.0,0.0,0.0,6.0,0.9,143955.44449186765,23992.574081977942,258.6841232163727,258.6841232163727,-14.465876783627266,240.38717202486248,276.9811249593643,142239.45574841305,142313.7360051896,-74.28025677656339,0.0,nan,276.9811249593643,3.831124959364331,269.66232360069506,-3.4876763993049167,262.3434942837585,-10.806505716241475,255.02469972181285,-18.125300278187126,247.70592470774343,-25.444075292256542,240.38717202486248,-32.7628279751375,1.0,1.0,25732.562594332754,25732.562594332754,276.0295521782371,2.879552178237134,276.0295521782371,276.0295521782371,79004.21379522284,79179.74052599183,-175.52673076899373,0.0,8648.866644398773,8648.866644398773,0.8919127744255805,3887.451273493652,276.0295521782371,2.879552178237134,1.0,0.002,1.0559713598571931,0.0009983494739219097,0.001631891477006523,0.00036281514345438477,0.8159457385032615,0.8159457385032615,0.0,-5.293379539092393e-06,0.9996607270650552,0.9996607270650552,0.0,0.08832955535835024,2.9977998212237913e-05,0.0,0.0,0.0,1600400.5309554383,266.8746254367931,0.0,1.0,1283613.126484116,2601.7528549151534,,,,,,,,,,,,,,,,,9.0,15200.501253132832
1830.0,-34.800943199584864,3.9557374254318742,34.630693754780864,25.665280396956973,5.864545679381366,-30.69072976540011,-44.037130976188905,2.30846074059758,-6.275374563206867,-6.275374563207154,37.73549326109227,36901.542522118674,15807.068022447294,15807.068022447294,52708.61054456597,76970.81474260203,79179.74052599183,15807.068022447294,94986.80854843912,94986.80854843912,94986.80854843912,119779.98624411617,119779.97085167104,0.015392445131551474,0.0,90794.27930761344,52879.05451639603,42128.02754579712,24793.17769567705,66921.20524147418,18766.466239190504,1450.0,0.0,0.8886468871597879,2.7516753143668824,0.0014947306377116572,1.0,1.0,-6.275374563206867,337366.5919049298,1459188.0146129078,4.325229734140684,1459188.0146129078,4.325229734140684,0.7569205718419318,0.08835953335656248,3.8681107198941813,101325.0,128351.07116782667,1.2667265844345095,1.0,0.0,3.8681107198941813,1.2811426247919997,1.2813222703775986,3.019266274527545,6397.462933702244,15200.501253132832,6472.145438220369,0.0003437521804313134,23472.513038638477,2393.5302104835473,19345.67583081341,1972.7099295695687,0.8241842617775176,0.8241842617775176,34039.77001934863,30484.863174865135,1.147831024115998,0.8,4828.71498905214,4324.433322199387,1.147831024115998,0.8,17892.472591228227,17892.472591228227,1.0,0.8,2034.6934298245008,2034.6934298245008,7.768771349407028,3.9557374254318742,-0.5380985439916639,4.493835969423538,3.5,3.5,1.0,0.6,0.0001402156403791948,0.9999993932174627,0.00014021572545964847,202.95940736945835,0.0,0.0,0.0,0.018730173128198323,4.953803720534593e-05,9.067760317384888e-05,0.0003507510088910755,0.08841935220332907,0.08841935220332907,0.08841935220332907,0.08832956668452079,0.0,0.0,0.0,0.0,0.0,0.0,1.0,1.0,0.0,1.0,1.0,524961.5252174963,583.2482248286076,0.0,0.08841935220332907,0.08835953335656346,0.08835953335656149,0.375,0.375,0.5,3.5501916159591555e-05,2.8421709430404007e-13,2.8421709430404007e-13,2.8421709430404007e-13,2.8421709430404007e-13,2.8421709430404007e-13,2.8421709430404007e-13,24793.17769567705,18766.466239190504,0.7569205718419318,0.7876219556174401,0.5514177813888067,35353.7532153836,15450.0,0.0,0.0,0.0,0.0,0.0,0.0,0.0,0.0,0.0,0.0,0.0,0.0,0.0,0.0,0.0,0.0,0.0,0.0,0.0,0.0,35353.7532153836,15450.0,1.0,0.0,0.0,6.0,0.9,143955.44449186765,23992.574081977942,258.6841232163727,258.6841232163727,-14.465876783627266,240.38717202486248,276.9811249593643,142239.45574841305,142313.7360051896,-74.28025677656339,0.0,nan,276.9811249593643,3.831124959364331,269.66232360069506,-3.4876763993049167,262.3434942837585,-10.806505716241475,255.02469972181285,-18.125300278187126,247.70592470774343,-25.444075292256542,240.38717202486248,-32.7628279751375,1.0,1.0,25732.562594332754,25732.562594332754,276.0295521782371,2.879552178237134,276.0295521782371,276.0295521782371,79004.21379522284,79179.74052599183,-175.52673076899373,0.0,8648.866644398773,8648.866644398773,0.8919127744255805,3887.451273493652,276.0295521782371,2.879552178237134,1.0,0.002,1.0559713598571931,0.0009983494739219097,0.001631891477006523,0.00036281514345438477,0.8159457385032615,0.8159457385032615,0.0,-5.293379539092393e-06,0.9996607270650552,0.9996607270650552,0.0,0.08832955535835024,2.9977998212237913e-05,0.0,0.0,0.0,1600400.5309554383,266.8746254367931,0.0,1.0,1283613.126484116,2601.7528549151534,,,,,,,,,,,,,,,,,9.0,15200.501253132832
1860.0,-34.800943199584864,3.9557374254318742,34.630693754780864,25.665280396956973,5.864545679381366,-30.69072976540011,-44.037130976188905,2.30846074059758,-6.275374563206867,-6.275374563207154,37.73549326109227,36901.542522118674,15807.068022447294,15807.068022447294,52708.61054456597,76970.81474260203,79179.74052599183,15807.068022447294,94986.80854843912,94986.80854843912,94986.80854843912,119779.98624411617,119779.97085167104,0.015392445131551474,0.0,90794.27930761344,52879.05451639603,42128.02754579712,24793.17769567705,66921.20524147418,18766.466239190504,1450.0,0.0,0.8886468871597879,2.7516753143668824,0.0014947306377116572,1.0,1.0,-6.275374563206867,337366.5919049298,1459188.0146129078,4.325229734140684,1459188.0146129078,4.325229734140684,0.7569205718419318,0.08835953335656248,3.8681107198941813,101325.0,128351.07116782667,1.2667265844345095,1.0,0.0,3.8681107198941813,1.2811426247919997,1.2813222703775986,3.019266274527545,6397.462933702244,15200.501253132832,6472.145438220369,0.0003437521804313134,23472.513038638477,2393.5302104835473,19345.67583081341,1972.7099295695687,0.8241842617775176,0.8241842617775176,34039.77001934863,30484.863174865135,1.147831024115998,0.8,4828.71498905214,4324.433322199387,1.147831024115998,0.8,17892.472591228227,17892.472591228227,1.0,0.8,2034.6934298245008,2034.6934298245008,7.768771349407028,3.9557374254318742,-0.5380985439916639,4.493835969423538,3.5,3.5,1.0,0.6,0.0001402156403791948,0.9999993932174627,0.00014021572545964847,202.95940736945835,0.0,0.0,0.0,0.018730173128198323,4.953803720534593e-05,9.067760317384888e-05,0.0003507510088910755,0.08841935220332907,0.08841935220332907,0.08841935220332907,0.08832956668452079,0.0,0.0,0.0,0.0,0.0,0.0,1.0,1.0,0.0,1.0,1.0,524961.5252174963,583.2482248286076,0.0,0.08841935220332907,0.08835953335656346,0.08835953335656149,0.375,0.375,0.5,3.5501916159591555e-05,2.8421709430404007e-13,2.8421709430404007e-13,2.8421709430404007e-13,2.8421709430404007e-13,2.8421709430404007e-13,2.8421709430404007e-13,24793.17769567705,18766.466239190504,0.7569205718419318,0.7876219556174401,0.5514177813888067,35353.7532153836,15450.0,0.0,0.0,0.0,0.0,0.0,0.0,0.0,0.0,0.0,0.0,0.0,0.0,0.0,0.0,0.0,0.0,0.0,0.0,0.0,0.0,35353.7532153836,15450.0,1.0,0.0,0.0,6.0,0.9,143955.44449186765,23992.574081977942,258.6841232163727,258.6841232163727,-14.465876783627266,240.38717202486248,276.9811249593643,142239.45574841305,142313.7360051896,-74.28025677656339,0.0,nan,276.9811249593643,3.831124959364331,269.66232360069506,-3.4876763993049167,262.3434942837585,-10.806505716241475,255.02469972181285,-18.125300278187126,247.70592470774343,-25.444075292256542,240.38717202486248,-32.7628279751375,1.0,1.0,25732.562594332754,25732.562594332754,276.0295521782371,2.879552178237134,276.0295521782371,276.0295521782371,79004.21379522284,79179.74052599183,-175.52673076899373,0.0,8648.866644398773,8648.866644398773,0.8919127744255805,3887.451273493652,276.0295521782371,2.879552178237134,1.0,0.002,1.0559713598571931,0.0009983494739219097,0.001631891477006523,0.00036281514345438477,0.8159457385032615,0.8159457385032615,0.0,-5.293379539092393e-06,0.9996607270650552,0.9996607270650552,0.0,0.08832955535835024,2.9977998212237913e-05,0.0,0.0,0.0,1600400.5309554383,266.8746254367931,0.0,1.0,1283613.126484116,2601.7528549151534,,,,,,,,,,,,,,,,,9.0,15200.501253132832
1890.0,-34.800943199584864,3.9557374254318742,34.630693754780864,25.665280396956973,5.864545679381366,-30.69072976540011,-44.037130976188905,2.30846074059758,-6.275374563206867,-6.275374563207154,37.73549326109227,36901.542522118674,15807.068022447294,15807.068022447294,52708.61054456597,76970.81474260203,79179.74052599183,15807.068022447294,94986.80854843912,94986.80854843912,94986.80854843912,119779.98624411617,119779.97085167104,0.015392445131551474,0.0,90794.27930761344,52879.05451639603,42128.02754579712,24793.17769567705,66921.20524147418,18766.466239190504,1450.0,0.0,0.8886468871597879,2.7516753143668824,0.0014947306377116572,1.0,1.0,-6.275374563206867,337366.5919049298,1459188.0146129078,4.325229734140684,1459188.0146129078,4.325229734140684,0.7569205718419318,0.08835953335656248,3.8681107198941813,101325.0,128351.07116782667,1.2667265844345095,1.0,0.0,3.8681107198941813,1.2811426247919997,1.2813222703775986,3.019266274527545,6397.462933702244,15200.501253132832,6472.145438220369,0.0003437521804313134,23472.513038638477,2393.5302104835473,19345.67583081341,1972.7099295695687,0.8241842617775176,0.8241842617775176,34039.77001934863,30484.863174865135,1.147831024115998,0.8,4828.71498905214,4324.433322199387,1.147831024115998,0.8,17892.472591228227,17892.472591228227,1.0,0.8,2034.6934298245008,2034.6934298245008,7.768771349407028,3.9557374254318742,-0.5380985439916639,4.493835969423538,3.5,3.5,1.0,0.6,0.0001402156403791948,0.9999993932174627,0.00014021572545964847,202.95940736945835,0.0,0.0,0.0,0.018730173128198323,4.953803720534593e-05,9.067760317384888e-05,0.0003507510088910755,0.08841935220332907,0.08841935220332907,0.08841935220332907,0.08832956668452079,0.0,0.0,0.0,0.0,0.0,0.0,1.0,1.0,0.0,1.0,1.0,524961.5252174963,583.2482248286076,0.0,0.08841935220332907,0.08835953335656346,0.08835953335656149,0.375,0.375,0.5,3.5501916159591555e-05,2.8421709430404007e-13,2.8421709430404007e-13,2.8421709430404007e-13,2.8421709430404007e-13,2.8421709430404007e-13,2.8421709430404007e-13,24793.17769567705,18766.466239190504,0.7569205718419318,0.7876219556174401,0.5514177813888067,35353.7532153836,15450.0,0.0,0.0,0.0,0.0,0.0,0.0,0.0,0.0,0.0,0.0,0.0,0.0,0.0,0.0,0.0,0.0,0.0,0.0,0.0,0.0,35353.7532153836,15450.0,1.0,0.0,0.0,6.0,0.9,143955.44449186765,23992.574081977942,258.6841232163727,258.6841232163727,-14.465876783627266,240.38717202486248,276.9811249593643,142239.45574841305,142313.7360051896,-74.28025677656339,0.0,nan,276.9811249593643,3.831124959364331,269.66232360069506,-3.4876763993049167,262.3434942837585,-10.806505716241475,255.02469972181285,-18.125300278187126,247.70592470774343,-25.444075292256542,240.38717202486248,-32.7628279751375,1.0,1.0,25732.562594332754,25732.562594332754,276.0295521782371,2.879552178237134,276.0295521782371,276.0295521782371,79004.21379522284,79179.74052599183,-175.52673076899373,0.0,8648.866644398773,8648.866644398773,0.8919127744255805,3887.451273493652,276.0295521782371,2.879552178237134,1.0,0.002,1.0559713598571931,0.0009983494739219097,0.001631891477006523,0.00036281514345438477,0.8159457385032615,0.8159457385032615,0.0,-5.293379539092393e-06,0.9996607270650552,0.9996607270650552,0.0,0.08832955535835024,2.9977998212237913e-05,0.0,0.0,0.0,1600400.5309554383,266.8746254367931,0.0,1.0,1283613.126484116,2601.7528549151534,,,,,,,,,,,,,,,,,9.0,15200.501253132832
1920.0,-34.800943199584864,3.9557374254318742,34.630693754780864,25.665280396956973,5.864545679381366,-30.69072976540011,-44.037130976188905,2.30846074059758,-6.275374563206867,-6.275374563207154,37.73549326109227,36901.542522118674,15807.068022447294,15807.068022447294,52708.61054456597,76970.81474260203,79179.74052599183,15807.068022447294,94986.80854843912,94986.80854843912,94986.80854843912,119779.98624411617,119779.97085167104,0.015392445131551474,0.0,90794.27930761344,52879.05451639603,42128.02754579712,24793.17769567705,66921.20524147418,18766.466239190504,1450.0,0.0,0.8886468871597879,2.7516753143668824,0.0014947306377116572,1.0,1.0,-6.275374563206867,337366.5919049298,1459188.0146129078,4.325229734140684,1459188.0146129078,4.325229734140684,0.7569205718419318,0.08835953335656248,3.8681107198941813,101325.0,128351.07116782667,1.2667265844345095,1.0,0.0,3.8681107198941813,1.2811426247919997,1.2813222703775986,3.019266274527545,6397.462933702244,15200.501253132832,6472.145438220369,0.0003437521804313134,23472.513038638477,2393.5302104835473,19345.67583081341,1972.7099295695687,0.8241842617775176,0.8241842617775176,34039.77001934863,30484.863174865135,1.147831024115998,0.8,4828.71498905214,4324.433322199387,1.147831024115998,0.8,17892.472591228227,17892.472591228227,1.0,0.8,2034.6934298245008,2034.6934298245008,7.768771349407028,3.9557374254318742,-0.5380985439916639,4.493835969423538,3.5,3.5,1.0,0.6,0.0001402156403791948,0.9999993932174627,0.00014021572545964847,202.95940736945835,0.0,0.0,0.0,0.018730173128198323,4.953803720534593e-05,9.067760317384888e-05,0.0003507510088910755,0.08841935220332907,0.08841935220332907,0.08841935220332907,0.08832956668452079,0.0,0.0,0.0,0.0,0.0,0.0,1.0,1.0,0.0,1.0,1.0,524961.5252174963,583.2482248286076,0.0,0.08841935220332907,0.08835953335656346,0.08835953335656149,0.375,0.375,0.5,3.5501916159591555e-05,2.8421709430404007e-13,2.8421709430404007e-13,2.8421709430404007e-13,2.8421709430404007e-13,2.8421709430404007e-13,2.8421709430404007e-13,24793.17769567705,18766.466239190504,0.7569205718419318,0.7876219556174401,0.5514177813888067,35353.7532153836,15450.0,0.0,0.0,0.0,0.0,0.0,0.0,0.0,0.0,0.0,0.0,0.0,0.0,0.0,0.0,0.0,0.0,0.0,0.0,0.0,0.0,35353.7532153836,15450.0,1.0,0.0,0.0,6.0,0.9,143955.44449186765,23992.574081977942,258.6841232163727,258.6841232163727,-14.465876783627266,240.38717202486248,276.9811249593643,142239.45574841305,142313.7360051896,-74.28025677656339,0.0,nan,276.9811249593643,3.831124959364331,269.66232360069506,-3.4876763993049167,262.3434942837585,-10.806505716241475,255.02469972181285,-18.125300278187126,247.70592470774343,-25.444075292256542,240.38717202486248,-32.7628279751375,1.0,1.0,25732.562594332754,25732.562594332754,276.0295521782371,2.879552178237134,276.0295521782371,276.0295521782371,79004.21379522284,79179.74052599183,-175.52673076899373,0.0,8648.866644398773,8648.866644398773,0.8919127744255805,3887.451273493652,276.0295521782371,2.879552178237134,1.0,0.002,1.0559713598571931,0.0009983494739219097,0.001631891477006523,0.00036281514345438477,0.8159457385032615,0.8159457385032615,0.0,-5.293379539092393e-06,0.9996607270650552,0.9996607270650552,0.0,0.08832955535835024,2.9977998212237913e-05,0.0,0.0,0.0,1600400.5309554383,266.8746254367931,0.0,1.0,1283613.126484116,2601.7528549151534,,,,,,,,,,,,,,,,,9.0,15200.501253132832
1950.0,-34.800943199584864,3.9557374254318742,34.630693754780864,25.665280396956973,5.864545679381366,-30.69072976540011,-44.037130976188905,2.30846074059758,-6.275374563206867,-6.275374563207154,37.73549326109227,36901.542522118674,15807.068022447294,15807.068022447294,52708.61054456597,76970.81474260203,79179.74052599183,15807.068022447294,94986.80854843912,94986.80854843912,94986.80854843912,119779.98624411617,119779.97085167104,0.015392445131551474,0.0,90794.27930761344,52879.05451639603,42128.02754579712,24793.17769567705,66921.20524147418,18766.466239190504,1450.0,0.0,0.8886468871597879,2.7516753143668824,0.0014947306377116572,1.0,1.0,-6.275374563206867,337366.5919049298,1459188.0146129078,4.325229734140684,1459188.0146129078,4.325229734140684,0.7569205718419318,0.08835953335656248,3.8681107198941813,101325.0,128351.07116782667,1.2667265844345095,1.0,0.0,3.8681107198941813,1.2811426247919997,1.2813222703775986,3.019266274527545,6397.462933702244,15200.501253132832,6472.145438220369,0.0003437521804313134,23472.513038638477,2393.5302104835473,19345.67583081341,1972.7099295695687,0.8241842617775176,0.8241842617775176,34039.77001934863,30484.863174865135,1.147831024115998,0.8,4828.71498905214,4324.433322199387,1.147831024115998,0.8,17892.472591228227,17892.472591228227,1.0,0.8,2034.6934298245008,2034.6934298245008,7.768771349407028,3.9557374254318742,-0.5380985439916639,4.493835969423538,3.5,3.5,1.0,0.6,0.0001402156403791948,0.9999993932174627,0.00014021572545964847,202.95940736945835,0.0,0.0,0.0,0.018730173128198323,4.953803720534593e-05,9.067760317384888e-05,0.0003507510088910755,0.08841935220332907,0.08841935220332907,0.08841935220332907,0.08832956668452079,0.0,0.0,0.0,0.0,0.0,0.0,1.0,1.0,0.0,1.0,1.0,524961.5252174963,583.2482248286076,0.0,0.08841935220332907,0.08835953335656346,0.08835953335656149,0.375,0.375,0.5,3.5501916159591555e-05,2.8421709430404007e-13,2.8421709430404007e-13,2.8421709430404007e-13,2.8421709430404007e-13,2.8421709430404007e-13,2.8421709430404007e-13,24793.17769567705,18766.466239190504,0.7569205718419318,0.7876219556174401,0.5514177813888067,35353.7532153836,15450.0,0.0,0.0,0.0,0.0,0.0,0.0,0.0,0.0,0.0,0.0,0.0,0.0,0.0,0.0,0.0,0.0,0.0,0.0,0.0,0.0,35353.7532153836,15450.0,1.0,0.0,0.0,6.0,0.9,143955.44449186765,23992.574081977942,258.6841232163727,258.6841232163727,-14.465876783627266,240.38717202486248,276.9811249593643,142239.45574841305,142313.7360051896,-74.28025677656339,0.0,nan,276.9811249593643,3.831124959364331,269.66232360069506,-3.4876763993049167,262.3434942837585,-10.806505716241475,255.02469972181285,-18.125300278187126,247.70592470774343,-25.444075292256542,240.38717202486248,-32.7628279751375,1.0,1.0,25732.562594332754,25732.562594332754,276.0295521782371,2.879552178237134,276.0295521782371,276.0295521782371,79004.21379522284,79179.74052599183,-175.52673076899373,0.0,8648.866644398773,8648.866644398773,0.8919127744255805,3887.451273493652,276.0295521782371,2.879552178237134,1.0,0.002,1.0559713598571931,0.0009983494739219097,0.001631891477006523,0.00036281514345438477,0.8159457385032615,0.8159457385032615,0.0,-5.293379539092393e-06,0.9996607270650552,0.9996607270650552,0.0,0.08832955535835024,2.9977998212237913e-05,0.0,0.0,0.0,1600400.5309554383,266.8746254367931,0.0,1.0,1283613.126484116,2601.7528549151534,,,,,,,,,,,,,,,,,9.0,15200.501253132832
1980.0,-34.800943199584864,3.9557374254318742,34.630693754780864,25.665280396956973,5.864545679381366,-30.69072976540011,-44.037130976188905,2.30846074059758,-6.275374563206867,-6.275374563207154,37.73549326109227,36901.542522118674,15807.068022447294,15807.068022447294,52708.61054456597,76970.81474260203,79179.74052599183,15807.068022447294,94986.80854843912,94986.80854843912,94986.80854843912,119779.98624411617,119779.97085167104,0.015392445131551474,0.0,90794.27930761344,52879.05451639603,42128.02754579712,24793.17769567705,66921.20524147418,18766.466239190504,1450.0,0.0,0.8886468871597879,2.7516753143668824,0.0014947306377116572,1.0,1.0,-6.275374563206867,337366.5919049298,1459188.0146129078,4.325229734140684,1459188.0146129078,4.325229734140684,0.7569205718419318,0.08835953335656248,3.8681107198941813,101325.0,128351.07116782667,1.2667265844345095,1.0,0.0,3.8681107198941813,1.2811426247919997,1.2813222703775986,3.019266274527545,6397.462933702244,15200.501253132832,6472.145438220369,0.0003437521804313134,23472.513038638477,2393.5302104835473,19345.67583081341,1972.7099295695687,0.8241842617775176,0.8241842617775176,34039.77001934863,30484.863174865135,1.147831024115998,0.8,4828.71498905214,4324.433322199387,1.147831024115998,0.8,17892.472591228227,17892.472591228227,1.0,0.8,2034.6934298245008,2034.6934298245008,7.768771349407028,3.9557374254318742,-0.5380985439916639,4.493835969423538,3.5,3.5,1.0,0.6,0.0001402156403791948,0.9999993932174627,0.00014021572545964847,202.95940736945835,0.0,0.0,0.0,0.018730173128198323,4.953803720534593e-05,9.067760317384888e-05,0.0003507510088910755,0.08841935220332907,0.08841935220332907,0.08841935220332907,0.08832956668452079,0.0,0.0,0.0,0.0,0.0,0.0,1.0,1.0,0.0,1.0,1.0,524961.5252174963,583.2482248286076,0.0,0.08841935220332907,0.08835953335656346,0.08835953335656149,0.375,0.375,0.5,3.5501916159591555e-05,2.8421709430404007e-13,2.8421709430404007e-13,2.8421709430404007e-13,2.8421709430404007e-13,2.8421709430404007e-13,2.8421709430404007e-13,24793.17769567705,18766.466239190504,0.7569205718419318,0.7876219556174401,0.5514177813888067,35353.7532153836,15450.0,0.0,0.0,0.0,0.0,0.0,0.0,0.0,0.0,0.0,0.0,0.0,0.0,0.0,0.0,0.0,0.0,0.0,0.0,0.0,0.0,35353.7532153836,15450.0,1.0,0.0,0.0,6.0,0.9,143955.44449186765,23992.574081977942,258.6841232163727,258.6841232163727,-14.465876783627266,240.38717202486248,276.9811249593643,142239.45574841305,142313.7360051896,-74.28025677656339,0.0,nan,276.9811249593643,3.831124959364331,269.66232360069506,-3.4876763993049167,262.3434942837585,-10.806505716241475,255.02469972181285,-18.125300278187126,247.70592470774343,-25.444075292256542,240.38717202486248,-32.7628279751375,1.0,1.0,25732.562594332754,25732.562594332754,276.0295521782371,2.879552178237134,276.0295521782371,276.0295521782371,79004.21379522284,79179.74052599183,-175.52673076899373,0.0,8648.866644398773,8648.866644398773,0.8919127744255805,3887.451273493652,276.0295521782371,2.879552178237134,1.0,0.002,1.0559713598571931,0.0009983494739219097,0.001631891477006523,0.00036281514345438477,0.8159457385032615,0.8159457385032615,0.0,-5.293379539092393e-06,0.9996607270650552,0.9996607270650552,0.0,0.08832955535835024,2.9977998212237913e-05,0.0,0.0,0.0,1600400.5309554383,266.8746254367931,0.0,1.0,1283613.126484116,2601.7528549151534,,,,,,,,,,,,,,,,,9.0,15200.501253132832
2010.0,-34.800943199584864,3.9557374254318742,34.630693754780864,25.665280396956973,5.864545679381366,-30.69072976540011,-44.037130976188905,2.30846074059758,-6.275374563206867,-6.275374563207154,37.73549326109227,36901.542522118674,15807.068022447294,15807.068022447294,52708.61054456597,76970.81474260203,79179.74052599183,15807.068022447294,94986.80854843912,94986.80854843912,94986.80854843912,119779.98624411617,119779.97085167104,0.015392445131551474,0.0,90794.27930761344,52879.05451639603,42128.02754579712,24793.17769567705,66921.20524147418,18766.466239190504,1450.0,0.0,0.8886468871597879,2.7516753143668824,0.0014947306377116572,1.0,1.0,-6.275374563206867,337366.5919049298,1459188.0146129078,4.325229734140684,1459188.0146129078,4.325229734140684,0.7569205718419318,0.08835953335656248,3.8681107198941813,101325.0,128351.07116782667,1.2667265844345095,1.0,0.0,3.8681107198941813,1.2811426247919997,1.2813222703775986,3.019266274527545,6397.462933702244,15200.501253132832,6472.145438220369,0.0003437521804313134,23472.513038638477,2393.5302104835473,19345.67583081341,1972.7099295695687,0.8241842617775176,0.8241842617775176,34039.77001934863,30484.863174865135,1.147831024115998,0.8,4828.71498905214,4324.433322199387,1.147831024115998,0.8,17892.472591228227,17892.472591228227,1.0,0.8,2034.6934298245008,2034.6934298245008,7.768771349407028,3.9557374254318742,-0.5380985439916639,4.493835969423538,3.5,3.5,1.0,0.6,0.0001402156403791948,0.9999993932174627,0.00014021572545964847,202.95940736945835,0.0,0.0,0.0,0.018730173128198323,4.953803720534593e-05,9.067760317384888e-05,0.0003507510088910755,0.08841935220332907,0.08841935220332907,0.08841935220332907,0.08832956668452079,0.0,0.0,0.0,0.0,0.0,0.0,1.0,1.0,0.0,1.0,1.0,524961.5252174963,583.2482248286076,0.0,0.08841935220332907,0.08835953335656346,0.08835953335656149,0.375,0.375,0.5,3.5501916159591555e-05,2.8421709430404007e-13,2.8421709430404007e-13,2.8421709430404007e-13,2.8421709430404007e-13,2.8421709430404007e-13,2.8421709430404007e-13,24793.17769567705,18766.466239190504,0.7569205718419318,0.7876219556174401,0.5514177813888067,35353.7532153836,15450.0,0.0,0.0,0.0,0.0,0.0,0.0,0.0,0.0,0.0,0.0,0.0,0.0,0.0,0.0,0.0,0.0,0.0,0.0,0.0,0.0,35353.7532153836,15450.0,1.0,0.0,0.0,6.0,0.9,143955.44449186765,23992.574081977942,258.6841232163727,258.6841232163727,-14.465876783627266,240.38717202486248,276.9811249593643,142239.45574841305,142313.7360051896,-74.28025677656339,0.0,nan,276.9811249593643,3.831124959364331,269.66232360069506,-3.4876763993049167,262.3434942837585,-10.806505716241475,255.02469972181285,-18.125300278187126,247.70592470774343,-25.444075292256542,240.38717202486248,-32.7628279751375,1.0,1.0,25732.562594332754,25732.562594332754,276.0295521782371,2.879552178237134,276.0295521782371,276.0295521782371,79004.21379522284,79179.74052599183,-175.52673076899373,0.0,8648.866644398773,8648.866644398773,0.8919127744255805,3887.451273493652,276.0295521782371,2.879552178237134,1.0,0.002,1.0559713598571931,0.0009983494739219097,0.001631891477006523,0.00036281514345438477,0.8159457385032615,0.8159457385032615,0.0,-5.293379539092393e-06,0.9996607270650552,0.9996607270650552,0.0,0.08832955535835024,2.9977998212237913e-05,0.0,0.0,0.0,1600400.5309554383,266.8746254367931,0.0,1.0,1283613.126484116,2601.7528549151534,,,,,,,,,,,,,,,,,9.0,15200.501253132832
2040.0,-34.800943199584864,3.9557374254318742,34.630693754780864,25.665280396956973,5.864545679381366,-30.69072976540011,-44.037130976188905,2.30846074059758,-6.275374563206867,-6.275374563207154,37.73549326109227,36901.542522118674,15807.068022447294,15807.068022447294,52708.61054456597,76970.81474260203,79179.74052599183,15807.068022447294,94986.80854843912,94986.80854843912,94986.80854843912,119779.98624411617,119779.97085167104,0.015392445131551474,0.0,90794.27930761344,52879.05451639603,42128.02754579712,24793.17769567705,66921.20524147418,18766.466239190504,1450.0,0.0,0.8886468871597879,2.7516753143668824,0.0014947306377116572,1.0,1.0,-6.275374563206867,337366.5919049298,1459188.0146129078,4.325229734140684,1459188.0146129078,4.325229734140684,0.7569205718419318,0.08835953335656248,3.8681107198941813,101325.0,128351.07116782667,1.2667265844345095,1.0,0.0,3.8681107198941813,1.2811426247919997,1.2813222703775986,3.019266274527545,6397.462933702244,15200.501253132832,6472.145438220369,0.0003437521804313134,23472.513038638477,2393.5302104835473,19345.67583081341,1972.7099295695687,0.8241842617775176,0.8241842617775176,34039.77001934863,30484.863174865135,1.147831024115998,0.8,4828.71498905214,4324.433322199387,1.147831024115998,0.8,17892.472591228227,17892.472591228227,1.0,0.8,2034.6934298245008,2034.6934298245008,7.768771349407028,3.9557374254318742,-0.5380985439916639,4.493835969423538,3.5,3.5,1.0,0.6,0.0001402156403791948,0.9999993932174627,0.00014021572545964847,202.95940736945835,0.0,0.0,0.0,0.018730173128198323,4.953803720534593e-05,9.067760317384888e-05,0.0003507510088910755,0.08841935220332907,0.08841935220332907,0.08841935220332907,0.08832956668452079,0.0,0.0,0.0,0.0,0.0,0.0,1.0,1.0,0.0,1.0,1.0,524961.5252174963,583.2482248286076,0.0,0.08841935220332907,0.08835953335656346,0.08835953335656149,0.375,0.375,0.5,3.5501916159591555e-05,2.8421709430404007e-13,2.8421709430404007e-13,2.8421709430404007e-13,2.8421709430404007e-13,2.8421709430404007e-13,2.8421709430404007e-13,24793.17769567705,18766.466239190504,0.7569205718419318,0.7876219556174401,0.5514177813888067,35353.7532153836,15450.0,0.0,0.0,0.0,0.0,0.0,0.0,0.0,0.0,0.0,0.0,0.0,0.0,0.0,0.0,0.0,0.0,0.0,0.0,0.0,0.0,35353.7532153836,15450.0,1.0,0.0,0.0,6.0,0.9,143955.44449186765,23992.574081977942,258.6841232163727,258.6841232163727,-14.465876783627266,240.38717202486248,276.9811249593643,142239.45574841305,142313.7360051896,-74.28025677656339,0.0,nan,276.9811249593643,3.831124959364331,269.66232360069506,-3.4876763993049167,262.3434942837585,-10.806505716241475,255.02469972181285,-18.125300278187126,247.70592470774343,-25.444075292256542,240.38717202486248,-32.7628279751375,1.0,1.0,25732.562594332754,25732.562594332754,276.0295521782371,2.879552178237134,276.0295521782371,276.0295521782371,79004.21379522284,79179.74052599183,-175.52673076899373,0.0,8648.866644398773,8648.866644398773,0.8919127744255805,3887.451273493652,276.0295521782371,2.879552178237134,1.0,0.002,1.0559713598571931,0.0009983494739219097,0.001631891477006523,0.00036281514345438477,0.8159457385032615,0.8159457385032615,0.0,-5.293379539092393e-06,0.9996607270650552,0.9996607270650552,0.0,0.08832955535835024,2.9977998212237913e-05,0.0,0.0,0.0,1600400.5309554383,266.8746254367931,0.0,1.0,1283613.126484116,2601.7528549151534,,,,,,,,,,,,,,,,,9.0,15200.501253132832
2070.0,-34.800943199584864,3.9557374254318742,34.630693754780864,25.665280396956973,5.864545679381366,-30.69072976540011,-44.037130976188905,2.30846074059758,-6.275374563206867,-6.275374563207154,37.73549326109227,36901.542522118674,15807.068022447294,15807.068022447294,52708.61054456597,76970.81474260203,79179.74052599183,15807.068022447294,94986.80854843912,94986.80854843912,94986.80854843912,119779.98624411617,119779.97085167104,0.015392445131551474,0.0,90794.27930761344,52879.05451639603,42128.02754579712,24793.17769567705,66921.20524147418,18766.466239190504,1450.0,0.0,0.8886468871597879,2.7516753143668824,0.0014947306377116572,1.0,1.0,-6.275374563206867,337366.5919049298,1459188.0146129078,4.325229734140684,1459188.0146129078,4.325229734140684,0.7569205718419318,0.08835953335656248,3.8681107198941813,101325.0,128351.07116782667,1.2667265844345095,1.0,0.0,3.8681107198941813,1.2811426247919997,1.2813222703775986,3.019266274527545,6397.462933702244,15200.501253132832,6472.145438220369,0.0003437521804313134,23472.513038638477,2393.5302104835473,19345.67583081341,1972.7099295695687,0.8241842617775176,0.8241842617775176,34039.77001934863,30484.863174865135,1.147831024115998,0.8,4828.71498905214,4324.433322199387,1.147831024115998,0.8,17892.472591228227,17892.472591228227,1.0,0.8,2034.6934298245008,2034.6934298245008,7.768771349407028,3.9557374254318742,-0.5380985439916639,4.493835969423538,3.5,3.5,1.0,0.6,0.0001402156403791948,0.9999993932174627,0.00014021572545964847,202.95940736945835,0.0,0.0,0.0,0.018730173128198323,4.953803720534593e-05,9.067760317384888e-05,0.0003507510088910755,0.08841935220332907,0.08841935220332907,0.08841935220332907,0.08832956668452079,0.0,0.0,0.0,0.0,0.0,0.0,1.0,1.0,0.0,1.0,1.0,524961.5252174963,583.2482248286076,0.0,0.08841935220332907,0.08835953335656346,0.08835953335656149,0.375,0.375,0.5,3.5501916159591555e-05,2.8421709430404007e-13,2.8421709430404007e-13,2.8421709430404007e-13,2.8421709430404007e-13,2.8421709430404007e-13,2.8421709430404007e-13,24793.17769567705,18766.466239190504,0.7569205718419318,0.7876219556174401,0.5514177813888067,35353.7532153836,15450.0,0.0,0.0,0.0,0.0,0.0,0.0,0.0,0.0,0.0,0.0,0.0,0.0,0.0,0.0,0.0,0.0,0.0,0.0,0.0,0.0,35353.7532153836,15450.0,1.0,0.0,0.0,6.0,0.9,143955.44449186765,23992.574081977942,258.6841232163727,258.6841232163727,-14.465876783627266,240.38717202486248,276.9811249593643,142239.45574841305,142313.7360051896,-74.28025677656339,0.0,nan,276.9811249593643,3.831124959364331,269.66232360069506,-3.4876763993049167,262.3434942837585,-10.806505716241475,255.02469972181285,-18.125300278187126,247.70592470774343,-25.444075292256542,240.38717202486248,-32.7628279751375,1.0,1.0,25732.562594332754,25732.562594332754,276.0295521782371,2.879552178237134,276.0295521782371,276.0295521782371,79004.21379522284,79179.74052599183,-175.52673076899373,0.0,8648.866644398773,8648.866644398773,0.8919127744255805,3887.451273493652,276.0295521782371,2.879552178237134,1.0,0.002,1.0559713598571931,0.0009983494739219097,0.001631891477006523,0.00036281514345438477,0.8159457385032615,0.8159457385032615,0.0,-5.293379539092393e-06,0.9996607270650552,0.9996607270650552,0.0,0.08832955535835024,2.9977998212237913e-05,0.0,0.0,0.0,1600400.5309554383,266.8746254367931,0.0,1.0,1283613.126484116,2601.7528549151534,,,,,,,,,,,,,,,,,9.0,15200.501253132832
2100.0,-34.800943199584864,3.9557374254318742,34.630693754780864,25.665280396956973,5.864545679381366,-30.69072976540011,-44.037130976188905,2.30846074059758,-6.275374563206867,-6.275374563207154,37.73549326109227,36901.542522118674,15807.068022447294,15807.068022447294,52708.61054456597,76970.81474260203,79179.74052599183,15807.068022447294,94986.80854843912,94986.80854843912,94986.80854843912,119779.98624411617,119779.97085167104,0.015392445131551474,0.0,90794.27930761344,52879.05451639603,42128.02754579712,24793.17769567705,66921.20524147418,18766.466239190504,1450.0,0.0,0.8886468871597879,2.7516753143668824,0.0014947306377116572,1.0,1.0,-6.275374563206867,337366.5919049298,1459188.0146129078,4.325229734140684,1459188.0146129078,4.325229734140684,0.7569205718419318,0.08835953335656248,3.8681107198941813,101325.0,128351.07116782667,1.2667265844345095,1.0,0.0,3.8681107198941813,1.2811426247919997,1.2813222703775986,3.019266274527545,6397.462933702244,15200.501253132832,6472.145438220369,0.0003437521804313134,23472.513038638477,2393.5302104835473,19345.67583081341,1972.7099295695687,0.8241842617775176,0.8241842617775176,34039.77001934863,30484.863174865135,1.147831024115998,0.8,4828.71498905214,4324.433322199387,1.147831024115998,0.8,17892.472591228227,17892.472591228227,1.0,0.8,2034.6934298245008,2034.6934298245008,7.768771349407028,3.9557374254318742,-0.5380985439916639,4.493835969423538,3.5,3.5,1.0,0.6,0.0001402156403791948,0.9999993932174627,0.00014021572545964847,202.95940736945835,0.0,0.0,0.0,0.018730173128198323,4.953803720534593e-05,9.067760317384888e-05,0.0003507510088910755,0.08841935220332907,0.08841935220332907,0.08841935220332907,0.08832956668452079,0.0,0.0,0.0,0.0,0.0,0.0,1.0,1.0,0.0,1.0,1.0,524961.5252174963,583.2482248286076,0.0,0.08841935220332907,0.08835953335656346,0.08835953335656149,0.375,0.375,0.5,3.5501916159591555e-05,2.8421709430404007e-13,2.8421709430404007e-13,2.8421709430404007e-13,2.8421709430404007e-13,2.8421709430404007e-13,2.8421709430404007e-13,24793.17769567705,18766.466239190504,0.7569205718419318,0.7876219556174401,0.5514177813888067,35353.7532153836,15450.0,0.0,0.0,0.0,0.0,0.0,0.0,0.0,0.0,0.0,0.0,0.0,0.0,0.0,0.0,0.0,0.0,0.0,0.0,0.0,0.0,35353.7532153836,15450.0,1.0,0.0,0.0,6.0,0.9,143955.44449186765,23992.574081977942,258.6841232163727,258.6841232163727,-14.465876783627266,240.38717202486248,276.9811249593643,142239.45574841305,142313.7360051896,-74.28025677656339,0.0,nan,276.9811249593643,3.831124959364331,269.66232360069506,-3.4876763993049167,262.3434942837585,-10.806505716241475,255.02469972181285,-18.125300278187126,247.70592470774343,-25.444075292256542,240.38717202486248,-32.7628279751375,1.0,1.0,25732.562594332754,25732.562594332754,276.0295521782371,2.879552178237134,276.0295521782371,276.0295521782371,79004.21379522284,79179.74052599183,-175.52673076899373,0.0,8648.866644398773,8648.866644398773,0.8919127744255805,3887.451273493652,276.0295521782371,2.879552178237134,1.0,0.002,1.0559713598571931,0.0009983494739219097,0.001631891477006523,0.00036281514345438477,0.8159457385032615,0.8159457385032615,0.0,-5.293379539092393e-06,0.9996607270650552,0.9996607270650552,0.0,0.08832955535835024,2.9977998212237913e-05,0.0,0.0,0.0,1600400.5309554383,266.8746254367931,0.0,1.0,1283613.126484116,2601.7528549151534,,,,,,,,,,,,,,,,,9.0,15200.501253132832
2130.0,-34.800943199584864,3.9557374254318742,34.630693754780864,25.665280396956973,5.864545679381366,-30.69072976540011,-44.037130976188905,2.30846074059758,-6.275374563206867,-6.275374563207154,37.73549326109227,36901.542522118674,15807.068022447294,15807.068022447294,52708.61054456597,76970.81474260203,79179.74052599183,15807.068022447294,94986.80854843912,94986.80854843912,94986.80854843912,119779.98624411617,119779.97085167104,0.015392445131551474,0.0,90794.27930761344,52879.05451639603,42128.02754579712,24793.17769567705,66921.20524147418,18766.466239190504,1450.0,0.0,0.8886468871597879,2.7516753143668824,0.0014947306377116572,1.0,1.0,-6.275374563206867,337366.5919049298,1459188.0146129078,4.325229734140684,1459188.0146129078,4.325229734140684,0.7569205718419318,0.08835953335656248,3.8681107198941813,101325.0,128351.07116782667,1.2667265844345095,1.0,0.0,3.8681107198941813,1.2811426247919997,1.2813222703775986,3.019266274527545,6397.462933702244,15200.501253132832,6472.145438220369,0.0003437521804313134,23472.513038638477,2393.5302104835473,19345.67583081341,1972.7099295695687,0.8241842617775176,0.8241842617775176,34039.77001934863,30484.863174865135,1.147831024115998,0.8,4828.71498905214,4324.433322199387,1.147831024115998,0.8,17892.472591228227,17892.472591228227,1.0,0.8,2034.6934298245008,2034.6934298245008,7.768771349407028,3.9557374254318742,-0.5380985439916639,4.493835969423538,3.5,3.5,1.0,0.6,0.0001402156403791948,0.9999993932174627,0.00014021572545964847,202.95940736945835,0.0,0.0,0.0,0.018730173128198323,4.953803720534593e-05,9.067760317384888e-05,0.0003507510088910755,0.08841935220332907,0.08841935220332907,0.08841935220332907,0.08832956668452079,0.0,0.0,0.0,0.0,0.0,0.0,1.0,1.0,0.0,1.0,1.0,524961.5252174963,583.2482248286076,0.0,0.08841935220332907,0.08835953335656346,0.08835953335656149,0.375,0.375,0.5,3.5501916159591555e-05,2.8421709430404007e-13,2.8421709430404007e-13,2.8421709430404007e-13,2.8421709430404007e-13,2.8421709430404007e-13,2.8421709430404007e-13,24793.17769567705,18766.466239190504,0.7569205718419318,0.7876219556174401,0.5514177813888067,35353.7532153836,15450.0,0.0,0.0,0.0,0.0,0.0,0.0,0.0,0.0,0.0,0.0,0.0,0.0,0.0,0.0,0.0,0.0,0.0,0.0,0.0,0.0,35353.7532153836,15450.0,1.0,0.0,0.0,6.0,0.9,143955.44449186765,23992.574081977942,258.6841232163727,258.6841232163727,-14.465876783627266,240.38717202486248,276.9811249593643,142239.45574841305,142313.7360051896,-74.28025677656339,0.0,nan,276.9811249593643,3.831124959364331,269.66232360069506,-3.4876763993049167,262.3434942837585,-10.806505716241475,255.02469972181285,-18.125300278187126,247.70592470774343,-25.444075292256542,240.38717202486248,-32.7628279751375,1.0,1.0,25732.562594332754,25732.562594332754,276.0295521782371,2.879552178237134,276.0295521782371,276.0295521782371,79004.21379522284,79179.74052599183,-175.52673076899373,0.0,8648.866644398773,8648.866644398773,0.8919127744255805,3887.451273493652,276.0295521782371,2.879552178237134,1.0,0.002,1.0559713598571931,0.0009983494739219097,0.001631891477006523,0.00036281514345438477,0.8159457385032615,0.8159457385032615,0.0,-5.293379539092393e-06,0.9996607270650552,0.9996607270650552,0.0,0.08832955535835024,2.9977998212237913e-05,0.0,0.0,0.0,1600400.5309554383,266.8746254367931,0.0,1.0,1283613.126484116,2601.7528549151534,,,,,,,,,,,,,,,,,9.0,15200.501253132832
2160.0,-34.800943199584864,3.9557374254318742,34.630693754780864,25.665280396956973,5.864545679381366,-30.69072976540011,-44.037130976188905,2.30846074059758,-6.275374563206867,-6.275374563207154,37.73549326109227,36901.542522118674,15807.068022447294,15807.068022447294,52708.61054456597,76970.81474260203,79179.74052599183,15807.068022447294,94986.80854843912,94986.80854843912,94986.80854843912,119779.98624411617,119779.97085167104,0.015392445131551474,0.0,90794.27930761344,52879.05451639603,42128.02754579712,24793.17769567705,66921.20524147418,18766.466239190504,1450.0,0.0,0.8886468871597879,2.7516753143668824,0.0014947306377116572,1.0,1.0,-6.275374563206867,337366.5919049298,1459188.0146129078,4.325229734140684,1459188.0146129078,4.325229734140684,0.7569205718419318,0.08835953335656248,3.8681107198941813,101325.0,128351.07116782667,1.2667265844345095,1.0,0.0,3.8681107198941813,1.2811426247919997,1.2813222703775986,3.019266274527545,6397.462933702244,15200.501253132832,6472.145438220369,0.0003437521804313134,23472.513038638477,2393.5302104835473,19345.67583081341,1972.7099295695687,0.8241842617775176,0.8241842617775176,34039.77001934863,30484.863174865135,1.147831024115998,0.8,4828.71498905214,4324.433322199387,1.147831024115998,0.8,17892.472591228227,17892.472591228227,1.0,0.8,2034.6934298245008,2034.6934298245008,7.768771349407028,3.9557374254318742,-0.5380985439916639,4.493835969423538,3.5,3.5,1.0,0.6,0.0001402156403791948,0.9999993932174627,0.00014021572545964847,202.95940736945835,0.0,0.0,0.0,0.018730173128198323,4.953803720534593e-05,9.067760317384888e-05,0.0003507510088910755,0.08841935220332907,0.08841935220332907,0.08841935220332907,0.08832956668452079,0.0,0.0,0.0,0.0,0.0,0.0,1.0,1.0,0.0,1.0,1.0,524961.5252174963,583.2482248286076,0.0,0.08841935220332907,0.08835953335656346,0.08835953335656149,0.375,0.375,0.5,3.5501916159591555e-05,2.8421709430404007e-13,2.8421709430404007e-13,2.8421709430404007e-13,2.8421709430404007e-13,2.8421709430404007e-13,2.8421709430404007e-13,24793.17769567705,18766.466239190504,0.7569205718419318,0.7876219556174401,0.5514177813888067,35353.7532153836,15450.0,0.0,0.0,0.0,0.0,0.0,0.0,0.0,0.0,0.0,0.0,0.0,0.0,0.0,0.0,0.0,0.0,0.0,0.0,0.0,0.0,35353.7532153836,15450.0,1.0,0.0,0.0,6.0,0.9,143955.44449186765,23992.574081977942,258.6841232163727,258.6841232163727,-14.465876783627266,240.38717202486248,276.9811249593643,142239.45574841305,142313.7360051896,-74.28025677656339,0.0,nan,276.9811249593643,3.831124959364331,269.66232360069506,-3.4876763993049167,262.3434942837585,-10.806505716241475,255.02469972181285,-18.125300278187126,247.70592470774343,-25.444075292256542,240.38717202486248,-32.7628279751375,1.0,1.0,25732.562594332754,25732.562594332754,276.0295521782371,2.879552178237134,276.0295521782371,276.0295521782371,79004.21379522284,79179.74052599183,-175.52673076899373,0.0,8648.866644398773,8648.866644398773,0.8919127744255805,3887.451273493652,276.0295521782371,2.879552178237134,1.0,0.002,1.0559713598571931,0.0009983494739219097,0.001631891477006523,0.00036281514345438477,0.8159457385032615,0.8159457385032615,0.0,-5.293379539092393e-06,0.9996607270650552,0.9996607270650552,0.0,0.08832955535835024,2.9977998212237913e-05,0.0,0.0,0.0,1600400.5309554383,266.8746254367931,0.0,1.0,1283613.126484116,2601.7528549151534,,,,,,,,,,,,,,,,,9.0,15200.501253132832
2190.0,-34.800943199584864,3.9557374254318742,34.630693754780864,25.665280396956973,5.864545679381366,-30.69072976540011,-44.037130976188905,2.30846074059758,-6.275374563206867,-6.275374563207154,37.73549326109227,36901.542522118674,15807.068022447294,15807.068022447294,52708.61054456597,76970.81474260203,79179.74052599183,15807.068022447294,94986.80854843912,94986.80854843912,94986.80854843912,119779.98624411617,119779.97085167104,0.015392445131551474,0.0,90794.27930761344,52879.05451639603,42128.02754579712,24793.17769567705,66921.20524147418,18766.466239190504,1450.0,0.0,0.8886468871597879,2.7516753143668824,0.0014947306377116572,1.0,1.0,-6.275374563206867,337366.5919049298,1459188.0146129078,4.325229734140684,1459188.0146129078,4.325229734140684,0.7569205718419318,0.08835953335656248,3.8681107198941813,101325.0,128351.07116782667,1.2667265844345095,1.0,0.0,3.8681107198941813,1.2811426247919997,1.2813222703775986,3.019266274527545,6397.462933702244,15200.501253132832,6472.145438220369,0.0003437521804313134,23472.513038638477,2393.5302104835473,19345.67583081341,1972.7099295695687,0.8241842617775176,0.8241842617775176,34039.77001934863,30484.863174865135,1.147831024115998,0.8,4828.71498905214,4324.433322199387,1.147831024115998,0.8,17892.472591228227,17892.472591228227,1.0,0.8,2034.6934298245008,2034.6934298245008,7.768771349407028,3.9557374254318742,-0.5380985439916639,4.493835969423538,3.5,3.5,1.0,0.6,0.0001402156403791948,0.9999993932174627,0.00014021572545964847,202.95940736945835,0.0,0.0,0.0,0.018730173128198323,4.953803720534593e-05,9.067760317384888e-05,0.0003507510088910755,0.08841935220332907,0.08841935220332907,0.08841935220332907,0.08832956668452079,0.0,0.0,0.0,0.0,0.0,0.0,1.0,1.0,0.0,1.0,1.0,524961.5252174963,583.2482248286076,0.0,0.08841935220332907,0.08835953335656346,0.08835953335656149,0.375,0.375,0.5,3.5501916159591555e-05,2.8421709430404007e-13,2.8421709430404007e-13,2.8421709430404007e-13,2.8421709430404007e-13,2.8421709430404007e-13,2.8421709430404007e-13,24793.17769567705,18766.466239190504,0.7569205718419318,0.7876219556174401,0.5514177813888067,35353.7532153836,15450.0,0.0,0.0,0.0,0.0,0.0,0.0,0.0,0.0,0.0,0.0,0.0,0.0,0.0,0.0,0.0,0.0,0.0,0.0,0.0,0.0,35353.7532153836,15450.0,1.0,0.0,0.0,6.0,0.9,143955.44449186765,23992.574081977942,258.6841232163727,258.6841232163727,-14.465876783627266,240.38717202486248,276.9811249593643,142239.45574841305,142313.7360051896,-74.28025677656339,0.0,nan,276.9811249593643,3.831124959364331,269.66232360069506,-3.4876763993049167,262.3434942837585,-10.806505716241475,255.02469972181285,-18.125300278187126,247.70592470774343,-25.444075292256542,240.38717202486248,-32.7628279751375,1.0,1.0,25732.562594332754,25732.562594332754,276.0295521782371,2.879552178237134,276.0295521782371,276.0295521782371,79004.21379522284,79179.74052599183,-175.52673076899373,0.0,8648.866644398773,8648.866644398773,0.8919127744255805,3887.451273493652,276.0295521782371,2.879552178237134,1.0,0.002,1.0559713598571931,0.0009983494739219097,0.001631891477006523,0.00036281514345438477,0.8159457385032615,0.8159457385032615,0.0,-5.293379539092393e-06,0.9996607270650552,0.9996607270650552,0.0,0.08832955535835024,2.9977998212237913e-05,0.0,0.0,0.0,1600400.5309554383,266.8746254367931,0.0,1.0,1283613.126484116,2601.7528549151534,,,,,,,,,,,,,,,,,9.0,15200.501253132832
2220.0,-34.800943199584864,3.9557374254318742,34.630693754780864,25.665280396956973,5.864545679381366,-30.69072976540011,-44.037130976188905,2.30846074059758,-6.275374563206867,-6.275374563207154,37.73549326109227,36901.542522118674,15807.068022447294,15807.068022447294,52708.61054456597,76970.81474260203,79179.74052599183,15807.068022447294,94986.80854843912,94986.80854843912,94986.80854843912,119779.98624411617,119779.97085167104,0.015392445131551474,0.0,90794.27930761344,52879.05451639603,42128.02754579712,24793.17769567705,66921.20524147418,18766.466239190504,1450.0,0.0,0.8886468871597879,2.7516753143668824,0.0014947306377116572,1.0,1.0,-6.275374563206867,337366.5919049298,1459188.0146129078,4.325229734140684,1459188.0146129078,4.325229734140684,0.7569205718419318,0.08835953335656248,3.8681107198941813,101325.0,128351.07116782667,1.2667265844345095,1.0,0.0,3.8681107198941813,1.2811426247919997,1.2813222703775986,3.019266274527545,6397.462933702244,15200.501253132832,6472.145438220369,0.0003437521804313134,23472.513038638477,2393.5302104835473,19345.67583081341,1972.7099295695687,0.8241842617775176,0.8241842617775176,34039.77001934863,30484.863174865135,1.147831024115998,0.8,4828.71498905214,4324.433322199387,1.147831024115998,0.8,17892.472591228227,17892.472591228227,1.0,0.8,2034.6934298245008,2034.6934298245008,7.768771349407028,3.9557374254318742,-0.5380985439916639,4.493835969423538,3.5,3.5,1.0,0.6,0.0001402156403791948,0.9999993932174627,0.00014021572545964847,202.95940736945835,0.0,0.0,0.0,0.018730173128198323,4.953803720534593e-05,9.067760317384888e-05,0.0003507510088910755,0.08841935220332907,0.08841935220332907,0.08841935220332907,0.08832956668452079,0.0,0.0,0.0,0.0,0.0,0.0,1.0,1.0,0.0,1.0,1.0,524961.5252174963,583.2482248286076,0.0,0.08841935220332907,0.08835953335656346,0.08835953335656149,0.375,0.375,0.5,3.5501916159591555e-05,2.8421709430404007e-13,2.8421709430404007e-13,2.8421709430404007e-13,2.8421709430404007e-13,2.8421709430404007e-13,2.8421709430404007e-13,24793.17769567705,18766.466239190504,0.7569205718419318,0.7876219556174401,0.5514177813888067,35353.7532153836,15450.0,0.0,0.0,0.0,0.0,0.0,0.0,0.0,0.0,0.0,0.0,0.0,0.0,0.0,0.0,0.0,0.0,0.0,0.0,0.0,0.0,35353.7532153836,15450.0,1.0,0.0,0.0,6.0,0.9,143955.44449186765,23992.574081977942,258.6841232163727,258.6841232163727,-14.465876783627266,240.38717202486248,276.9811249593643,142239.45574841305,142313.7360051896,-74.28025677656339,0.0,nan,276.9811249593643,3.831124959364331,269.66232360069506,-3.4876763993049167,262.3434942837585,-10.806505716241475,255.02469972181285,-18.125300278187126,247.70592470774343,-25.444075292256542,240.38717202486248,-32.7628279751375,1.0,1.0,25732.562594332754,25732.562594332754,276.0295521782371,2.879552178237134,276.0295521782371,276.0295521782371,79004.21379522284,79179.74052599183,-175.52673076899373,0.0,8648.866644398773,8648.866644398773,0.8919127744255805,3887.451273493652,276.0295521782371,2.879552178237134,1.0,0.002,1.0559713598571931,0.0009983494739219097,0.001631891477006523,0.00036281514345438477,0.8159457385032615,0.8159457385032615,0.0,-5.293379539092393e-06,0.9996607270650552,0.9996607270650552,0.0,0.08832955535835024,2.9977998212237913e-05,0.0,0.0,0.0,1600400.5309554383,266.8746254367931,0.0,1.0,1283613.126484116,2601.7528549151534,,,,,,,,,,,,,,,,,9.0,15200.501253132832
2250.0,-34.800943199584864,3.9557374254318742,34.630693754780864,25.665280396956973,5.864545679381366,-30.69072976540011,-44.037130976188905,2.30846074059758,-6.275374563206867,-6.275374563207154,37.73549326109227,36901.542522118674,15807.068022447294,15807.068022447294,52708.61054456597,76970.81474260203,79179.74052599183,15807.068022447294,94986.80854843912,94986.80854843912,94986.80854843912,119779.98624411617,119779.97085167104,0.015392445131551474,0.0,90794.27930761344,52879.05451639603,42128.02754579712,24793.17769567705,66921.20524147418,18766.466239190504,1450.0,0.0,0.8886468871597879,2.7516753143668824,0.0014947306377116572,1.0,1.0,-6.275374563206867,337366.5919049298,1459188.0146129078,4.325229734140684,1459188.0146129078,4.325229734140684,0.7569205718419318,0.08835953335656248,3.8681107198941813,101325.0,128351.07116782667,1.2667265844345095,1.0,0.0,3.8681107198941813,1.2811426247919997,1.2813222703775986,3.019266274527545,6397.462933702244,15200.501253132832,6472.145438220369,0.0003437521804313134,23472.513038638477,2393.5302104835473,19345.67583081341,1972.7099295695687,0.8241842617775176,0.8241842617775176,34039.77001934863,30484.863174865135,1.147831024115998,0.8,4828.71498905214,4324.433322199387,1.147831024115998,0.8,17892.472591228227,17892.472591228227,1.0,0.8,2034.6934298245008,2034.6934298245008,7.768771349407028,3.9557374254318742,-0.5380985439916639,4.493835969423538,3.5,3.5,1.0,0.6,0.0001402156403791948,0.9999993932174627,0.00014021572545964847,202.95940736945835,0.0,0.0,0.0,0.018730173128198323,4.953803720534593e-05,9.067760317384888e-05,0.0003507510088910755,0.08841935220332907,0.08841935220332907,0.08841935220332907,0.08832956668452079,0.0,0.0,0.0,0.0,0.0,0.0,1.0,1.0,0.0,1.0,1.0,524961.5252174963,583.2482248286076,0.0,0.08841935220332907,0.08835953335656346,0.08835953335656149,0.375,0.375,0.5,3.5501916159591555e-05,2.8421709430404007e-13,2.8421709430404007e-13,2.8421709430404007e-13,2.8421709430404007e-13,2.8421709430404007e-13,2.8421709430404007e-13,24793.17769567705,18766.466239190504,0.7569205718419318,0.7876219556174401,0.5514177813888067,35353.7532153836,15450.0,0.0,0.0,0.0,0.0,0.0,0.0,0.0,0.0,0.0,0.0,0.0,0.0,0.0,0.0,0.0,0.0,0.0,0.0,0.0,0.0,35353.7532153836,15450.0,1.0,0.0,0.0,6.0,0.9,143955.44449186765,23992.574081977942,258.6841232163727,258.6841232163727,-14.465876783627266,240.38717202486248,276.9811249593643,142239.45574841305,142313.7360051896,-74.28025677656339,0.0,nan,276.9811249593643,3.831124959364331,269.66232360069506,-3.4876763993049167,262.3434942837585,-10.806505716241475,255.02469972181285,-18.125300278187126,247.70592470774343,-25.444075292256542,240.38717202486248,-32.7628279751375,1.0,1.0,25732.562594332754,25732.562594332754,276.0295521782371,2.879552178237134,276.0295521782371,276.0295521782371,79004.21379522284,79179.74052599183,-175.52673076899373,0.0,8648.866644398773,8648.866644398773,0.8919127744255805,3887.451273493652,276.0295521782371,2.879552178237134,1.0,0.002,1.0559713598571931,0.0009983494739219097,0.001631891477006523,0.00036281514345438477,0.8159457385032615,0.8159457385032615,0.0,-5.293379539092393e-06,0.9996607270650552,0.9996607270650552,0.0,0.08832955535835024,2.9977998212237913e-05,0.0,0.0,0.0,1600400.5309554383,266.8746254367931,0.0,1.0,1283613.126484116,2601.7528549151534,,,,,,,,,,,,,,,,,9.0,15200.501253132832
2280.0,-34.800943199584864,3.9557374254318742,34.630693754780864,25.665280396956973,5.864545679381366,-30.69072976540011,-44.037130976188905,2.30846074059758,-6.275374563206867,-6.275374563207154,37.73549326109227,36901.542522118674,15807.068022447294,15807.068022447294,52708.61054456597,76970.81474260203,79179.74052599183,15807.068022447294,94986.80854843912,94986.80854843912,94986.80854843912,119779.98624411617,119779.97085167104,0.015392445131551474,0.0,90794.27930761344,52879.05451639603,42128.02754579712,24793.17769567705,66921.20524147418,18766.466239190504,1450.0,0.0,0.8886468871597879,2.7516753143668824,0.0014947306377116572,1.0,1.0,-6.275374563206867,337366.5919049298,1459188.0146129078,4.325229734140684,1459188.0146129078,4.325229734140684,0.7569205718419318,0.08835953335656248,3.8681107198941813,101325.0,128351.07116782667,1.2667265844345095,1.0,0.0,3.8681107198941813,1.2811426247919997,1.2813222703775986,3.019266274527545,6397.462933702244,15200.501253132832,6472.145438220369,0.0003437521804313134,23472.513038638477,2393.5302104835473,19345.67583081341,1972.7099295695687,0.8241842617775176,0.8241842617775176,34039.77001934863,30484.863174865135,1.147831024115998,0.8,4828.71498905214,4324.433322199387,1.147831024115998,0.8,17892.472591228227,17892.472591228227,1.0,0.8,2034.6934298245008,2034.6934298245008,7.768771349407028,3.9557374254318742,-0.5380985439916639,4.493835969423538,3.5,3.5,1.0,0.6,0.0001402156403791948,0.9999993932174627,0.00014021572545964847,202.95940736945835,0.0,0.0,0.0,0.018730173128198323,4.953803720534593e-05,9.067760317384888e-05,0.0003507510088910755,0.08841935220332907,0.08841935220332907,0.08841935220332907,0.08832956668452079,0.0,0.0,0.0,0.0,0.0,0.0,1.0,1.0,0.0,1.0,1.0,524961.5252174963,583.2482248286076,0.0,0.08841935220332907,0.08835953335656346,0.08835953335656149,0.375,0.375,0.5,3.5501916159591555e-05,2.8421709430404007e-13,2.8421709430404007e-13,2.8421709430404007e-13,2.8421709430404007e-13,2.8421709430404007e-13,2.8421709430404007e-13,24793.17769567705,18766.466239190504,0.7569205718419318,0.7876219556174401,0.5514177813888067,35353.7532153836,15450.0,0.0,0.0,0.0,0.0,0.0,0.0,0.0,0.0,0.0,0.0,0.0,0.0,0.0,0.0,0.0,0.0,0.0,0.0,0.0,0.0,35353.7532153836,15450.0,1.0,0.0,0.0,6.0,0.9,143955.44449186765,23992.574081977942,258.6841232163727,258.6841232163727,-14.465876783627266,240.38717202486248,276.9811249593643,142239.45574841305,142313.7360051896,-74.28025677656339,0.0,nan,276.9811249593643,3.831124959364331,269.66232360069506,-3.4876763993049167,262.3434942837585,-10.806505716241475,255.02469972181285,-18.125300278187126,247.70592470774343,-25.444075292256542,240.38717202486248,-32.7628279751375,1.0,1.0,25732.562594332754,25732.562594332754,276.0295521782371,2.879552178237134,276.0295521782371,276.0295521782371,79004.21379522284,79179.74052599183,-175.52673076899373,0.0,8648.866644398773,8648.866644398773,0.8919127744255805,3887.451273493652,276.0295521782371,2.879552178237134,1.0,0.002,1.0559713598571931,0.0009983494739219097,0.001631891477006523,0.00036281514345438477,0.8159457385032615,0.8159457385032615,0.0,-5.293379539092393e-06,0.9996607270650552,0.9996607270650552,0.0,0.08832955535835024,2.9977998212237913e-05,0.0,0.0,0.0,1600400.5309554383,266.8746254367931,0.0,1.0,1283613.126484116,2601.7528549151534,,,,,,,,,,,,,,,,,9.0,15200.501253132832
2310.0,-34.800943199584864,3.9557374254318742,34.630693754780864,25.665280396956973,5.864545679381366,-30.69072976540011,-44.037130976188905,2.30846074059758,-6.275374563206867,-6.275374563207154,37.73549326109227,36901.542522118674,15807.068022447294,15807.068022447294,52708.61054456597,76970.81474260203,79179.74052599183,15807.068022447294,94986.80854843912,94986.80854843912,94986.80854843912,119779.98624411617,119779.97085167104,0.015392445131551474,0.0,90794.27930761344,52879.05451639603,42128.02754579712,24793.17769567705,66921.20524147418,18766.466239190504,1450.0,0.0,0.8886468871597879,2.7516753143668824,0.0014947306377116572,1.0,1.0,-6.275374563206867,337366.5919049298,1459188.0146129078,4.325229734140684,1459188.0146129078,4.325229734140684,0.7569205718419318,0.08835953335656248,3.8681107198941813,101325.0,128351.07116782667,1.2667265844345095,1.0,0.0,3.8681107198941813,1.2811426247919997,1.2813222703775986,3.019266274527545,6397.462933702244,15200.501253132832,6472.145438220369,0.0003437521804313134,23472.513038638477,2393.5302104835473,19345.67583081341,1972.7099295695687,0.8241842617775176,0.8241842617775176,34039.77001934863,30484.863174865135,1.147831024115998,0.8,4828.71498905214,4324.433322199387,1.147831024115998,0.8,17892.472591228227,17892.472591228227,1.0,0.8,2034.6934298245008,2034.6934298245008,7.768771349407028,3.9557374254318742,-0.5380985439916639,4.493835969423538,3.5,3.5,1.0,0.6,0.0001402156403791948,0.9999993932174627,0.00014021572545964847,202.95940736945835,0.0,0.0,0.0,0.018730173128198323,4.953803720534593e-05,9.067760317384888e-05,0.0003507510088910755,0.08841935220332907,0.08841935220332907,0.08841935220332907,0.08832956668452079,0.0,0.0,0.0,0.0,0.0,0.0,1.0,1.0,0.0,1.0,1.0,524961.5252174963,583.2482248286076,0.0,0.08841935220332907,0.08835953335656346,0.08835953335656149,0.375,0.375,0.5,3.5501916159591555e-05,2.8421709430404007e-13,2.8421709430404007e-13,2.8421709430404007e-13,2.8421709430404007e-13,2.8421709430404007e-13,2.8421709430404007e-13,24793.17769567705,18766.466239190504,0.7569205718419318,0.7876219556174401,0.5514177813888067,35353.7532153836,15450.0,0.0,0.0,0.0,0.0,0.0,0.0,0.0,0.0,0.0,0.0,0.0,0.0,0.0,0.0,0.0,0.0,0.0,0.0,0.0,0.0,35353.7532153836,15450.0,1.0,0.0,0.0,6.0,0.9,143955.44449186765,23992.574081977942,258.6841232163727,258.6841232163727,-14.465876783627266,240.38717202486248,276.9811249593643,142239.45574841305,142313.7360051896,-74.28025677656339,0.0,nan,276.9811249593643,3.831124959364331,269.66232360069506,-3.4876763993049167,262.3434942837585,-10.806505716241475,255.02469972181285,-18.125300278187126,247.70592470774343,-25.444075292256542,240.38717202486248,-32.7628279751375,1.0,1.0,25732.562594332754,25732.562594332754,276.0295521782371,2.879552178237134,276.0295521782371,276.0295521782371,79004.21379522284,79179.74052599183,-175.52673076899373,0.0,8648.866644398773,8648.866644398773,0.8919127744255805,3887.451273493652,276.0295521782371,2.879552178237134,1.0,0.002,1.0559713598571931,0.0009983494739219097,0.001631891477006523,0.00036281514345438477,0.8159457385032615,0.8159457385032615,0.0,-5.293379539092393e-06,0.9996607270650552,0.9996607270650552,0.0,0.08832955535835024,2.9977998212237913e-05,0.0,0.0,0.0,1600400.5309554383,266.8746254367931,0.0,1.0,1283613.126484116,2601.7528549151534,,,,,,,,,,,,,,,,,9.0,15200.501253132832
2340.0,-34.800943199584864,3.9557374254318742,34.630693754780864,25.665280396956973,5.864545679381366,-30.69072976540011,-44.037130976188905,2.30846074059758,-6.275374563206867,-6.275374563207154,37.73549326109227,36901.542522118674,15807.068022447294,15807.068022447294,52708.61054456597,76970.81474260203,79179.74052599183,15807.068022447294,94986.80854843912,94986.80854843912,94986.80854843912,119779.98624411617,119779.97085167104,0.015392445131551474,0.0,90794.27930761344,52879.05451639603,42128.02754579712,24793.17769567705,66921.20524147418,18766.466239190504,1450.0,0.0,0.8886468871597879,2.7516753143668824,0.0014947306377116572,1.0,1.0,-6.275374563206867,337366.5919049298,1459188.0146129078,4.325229734140684,1459188.0146129078,4.325229734140684,0.7569205718419318,0.08835953335656248,3.8681107198941813,101325.0,128351.07116782667,1.2667265844345095,1.0,0.0,3.8681107198941813,1.2811426247919997,1.2813222703775986,3.019266274527545,6397.462933702244,15200.501253132832,6472.145438220369,0.0003437521804313134,23472.513038638477,2393.5302104835473,19345.67583081341,1972.7099295695687,0.8241842617775176,0.8241842617775176,34039.77001934863,30484.863174865135,1.147831024115998,0.8,4828.71498905214,4324.433322199387,1.147831024115998,0.8,17892.472591228227,17892.472591228227,1.0,0.8,2034.6934298245008,2034.6934298245008,7.768771349407028,3.9557374254318742,-0.5380985439916639,4.493835969423538,3.5,3.5,1.0,0.6,0.0001402156403791948,0.9999993932174627,0.00014021572545964847,202.95940736945835,0.0,0.0,0.0,0.018730173128198323,4.953803720534593e-05,9.067760317384888e-05,0.0003507510088910755,0.08841935220332907,0.08841935220332907,0.08841935220332907,0.08832956668452079,0.0,0.0,0.0,0.0,0.0,0.0,1.0,1.0,0.0,1.0,1.0,524961.5252174963,583.2482248286076,0.0,0.08841935220332907,0.08835953335656346,0.08835953335656149,0.375,0.375,0.5,3.5501916159591555e-05,2.8421709430404007e-13,2.8421709430404007e-13,2.8421709430404007e-13,2.8421709430404007e-13,2.8421709430404007e-13,2.8421709430404007e-13,24793.17769567705,18766.466239190504,0.7569205718419318,0.7876219556174401,0.5514177813888067,35353.7532153836,15450.0,0.0,0.0,0.0,0.0,0.0,0.0,0.0,0.0,0.0,0.0,0.0,0.0,0.0,0.0,0.0,0.0,0.0,0.0,0.0,0.0,35353.7532153836,15450.0,1.0,0.0,0.0,6.0,0.9,143955.44449186765,23992.574081977942,258.6841232163727,258.6841232163727,-14.465876783627266,240.38717202486248,276.9811249593643,142239.45574841305,142313.7360051896,-74.28025677656339,0.0,nan,276.9811249593643,3.831124959364331,269.66232360069506,-3.4876763993049167,262.3434942837585,-10.806505716241475,255.02469972181285,-18.125300278187126,247.70592470774343,-25.444075292256542,240.38717202486248,-32.7628279751375,1.0,1.0,25732.562594332754,25732.562594332754,276.0295521782371,2.879552178237134,276.0295521782371,276.0295521782371,79004.21379522284,79179.74052599183,-175.52673076899373,0.0,8648.866644398773,8648.866644398773,0.8919127744255805,3887.451273493652,276.0295521782371,2.879552178237134,1.0,0.002,1.0559713598571931,0.0009983494739219097,0.001631891477006523,0.00036281514345438477,0.8159457385032615,0.8159457385032615,0.0,-5.293379539092393e-06,0.9996607270650552,0.9996607270650552,0.0,0.08832955535835024,2.9977998212237913e-05,0.0,0.0,0.0,1600400.5309554383,266.8746254367931,0.0,1.0,1283613.126484116,2601.7528549151534,,,,,,,,,,,,,,,,,9.0,15200.501253132832
2370.0,-34.800943199584864,3.9557374254318742,34.630693754780864,25.665280396956973,5.864545679381366,-30.69072976540011,-44.037130976188905,2.30846074059758,-6.275374563206867,-6.275374563207154,37.73549326109227,36901.542522118674,15807.068022447294,15807.068022447294,52708.61054456597,76970.81474260203,79179.74052599183,15807.068022447294,94986.80854843912,94986.80854843912,94986.80854843912,119779.98624411617,119779.97085167104,0.015392445131551474,0.0,90794.27930761344,52879.05451639603,42128.02754579712,24793.17769567705,66921.20524147418,18766.466239190504,1450.0,0.0,0.8886468871597879,2.7516753143668824,0.0014947306377116572,1.0,1.0,-6.275374563206867,337366.5919049298,1459188.0146129078,4.325229734140684,1459188.0146129078,4.325229734140684,0.7569205718419318,0.08835953335656248,3.8681107198941813,101325.0,128351.07116782667,1.2667265844345095,1.0,0.0,3.8681107198941813,1.2811426247919997,1.2813222703775986,3.019266274527545,6397.462933702244,15200.501253132832,6472.145438220369,0.0003437521804313134,23472.513038638477,2393.5302104835473,19345.67583081341,1972.7099295695687,0.8241842617775176,0.8241842617775176,34039.77001934863,30484.863174865135,1.147831024115998,0.8,4828.71498905214,4324.433322199387,1.147831024115998,0.8,17892.472591228227,17892.472591228227,1.0,0.8,2034.6934298245008,2034.6934298245008,7.768771349407028,3.9557374254318742,-0.5380985439916639,4.493835969423538,3.5,3.5,1.0,0.6,0.0001402156403791948,0.9999993932174627,0.00014021572545964847,202.95940736945835,0.0,0.0,0.0,0.018730173128198323,4.953803720534593e-05,9.067760317384888e-05,0.0003507510088910755,0.08841935220332907,0.08841935220332907,0.08841935220332907,0.08832956668452079,0.0,0.0,0.0,0.0,0.0,0.0,1.0,1.0,0.0,1.0,1.0,524961.5252174963,583.2482248286076,0.0,0.08841935220332907,0.08835953335656346,0.08835953335656149,0.375,0.375,0.5,3.5501916159591555e-05,2.8421709430404007e-13,2.8421709430404007e-13,2.8421709430404007e-13,2.8421709430404007e-13,2.8421709430404007e-13,2.8421709430404007e-13,24793.17769567705,18766.466239190504,0.7569205718419318,0.7876219556174401,0.5514177813888067,35353.7532153836,15450.0,0.0,0.0,0.0,0.0,0.0,0.0,0.0,0.0,0.0,0.0,0.0,0.0,0.0,0.0,0.0,0.0,0.0,0.0,0.0,0.0,35353.7532153836,15450.0,1.0,0.0,0.0,6.0,0.9,143955.44449186765,23992.574081977942,258.6841232163727,258.6841232163727,-14.465876783627266,240.38717202486248,276.9811249593643,142239.45574841305,142313.7360051896,-74.28025677656339,0.0,nan,276.9811249593643,3.831124959364331,269.66232360069506,-3.4876763993049167,262.3434942837585,-10.806505716241475,255.02469972181285,-18.125300278187126,247.70592470774343,-25.444075292256542,240.38717202486248,-32.7628279751375,1.0,1.0,25732.562594332754,25732.562594332754,276.0295521782371,2.879552178237134,276.0295521782371,276.0295521782371,79004.21379522284,79179.74052599183,-175.52673076899373,0.0,8648.866644398773,8648.866644398773,0.8919127744255805,3887.451273493652,276.0295521782371,2.879552178237134,1.0,0.002,1.0559713598571931,0.0009983494739219097,0.001631891477006523,0.00036281514345438477,0.8159457385032615,0.8159457385032615,0.0,-5.293379539092393e-06,0.9996607270650552,0.9996607270650552,0.0,0.08832955535835024,2.9977998212237913e-05,0.0,0.0,0.0,1600400.5309554383,266.8746254367931,0.0,1.0,1283613.126484116,2601.7528549151534,,,,,,,,,,,,,,,,,9.0,15200.501253132832
2400.0,-34.800943199584864,3.9557374254318742,34.630693754780864,25.665280396956973,5.864545679381366,-30.69072976540011,-44.037130976188905,2.30846074059758,-6.275374563206867,-6.275374563207154,37.73549326109227,36901.542522118674,15807.068022447294,15807.068022447294,52708.61054456597,76970.81474260203,79179.74052599183,15807.068022447294,94986.80854843912,94986.80854843912,94986.80854843912,119779.98624411617,119779.97085167104,0.015392445131551474,0.0,90794.27930761344,52879.05451639603,42128.02754579712,24793.17769567705,66921.20524147418,18766.466239190504,1450.0,0.0,0.8886468871597879,2.7516753143668824,0.0014947306377116572,1.0,1.0,-6.275374563206867,337366.5919049298,1459188.0146129078,4.325229734140684,1459188.0146129078,4.325229734140684,0.7569205718419318,0.08835953335656248,3.8681107198941813,101325.0,128351.07116782667,1.2667265844345095,1.0,0.0,3.8681107198941813,1.2811426247919997,1.2813222703775986,3.019266274527545,6397.462933702244,15200.501253132832,6472.145438220369,0.0003437521804313134,23472.513038638477,2393.5302104835473,19345.67583081341,1972.7099295695687,0.8241842617775176,0.8241842617775176,34039.77001934863,30484.863174865135,1.147831024115998,0.8,4828.71498905214,4324.433322199387,1.147831024115998,0.8,17892.472591228227,17892.472591228227,1.0,0.8,2034.6934298245008,2034.6934298245008,7.768771349407028,3.9557374254318742,-0.5380985439916639,4.493835969423538,3.5,3.5,1.0,0.6,0.0001402156403791948,0.9999993932174627,0.00014021572545964847,202.95940736945835,0.0,0.0,0.0,0.018730173128198323,4.953803720534593e-05,9.067760317384888e-05,0.0003507510088910755,0.08841935220332907,0.08841935220332907,0.08841935220332907,0.08832956668452079,0.0,0.0,0.0,0.0,0.0,0.0,1.0,1.0,0.0,1.0,1.0,524961.5252174963,583.2482248286076,0.0,0.08841935220332907,0.08835953335656346,0.08835953335656149,0.375,0.375,0.5,3.5501916159591555e-05,2.8421709430404007e-13,2.8421709430404007e-13,2.8421709430404007e-13,2.8421709430404007e-13,2.8421709430404007e-13,2.8421709430404007e-13,24793.17769567705,18766.466239190504,0.7569205718419318,0.7876219556174401,0.5514177813888067,35353.7532153836,15450.0,0.0,0.0,0.0,0.0,0.0,0.0,0.0,0.0,0.0,0.0,0.0,0.0,0.0,0.0,0.0,0.0,0.0,0.0,0.0,0.0,35353.7532153836,15450.0,1.0,0.0,0.0,6.0,0.9,143955.44449186765,23992.574081977942,258.6841232163727,258.6841232163727,-14.465876783627266,240.38717202486248,276.9811249593643,142239.45574841305,142313.7360051896,-74.28025677656339,0.0,nan,276.9811249593643,3.831124959364331,269.66232360069506,-3.4876763993049167,262.3434942837585,-10.806505716241475,255.02469972181285,-18.125300278187126,247.70592470774343,-25.444075292256542,240.38717202486248,-32.7628279751375,1.0,1.0,25732.562594332754,25732.562594332754,276.0295521782371,2.879552178237134,276.0295521782371,276.0295521782371,79004.21379522284,79179.74052599183,-175.52673076899373,0.0,8648.866644398773,8648.866644398773,0.8919127744255805,3887.451273493652,276.0295521782371,2.879552178237134,1.0,0.002,1.0559713598571931,0.0009983494739219097,0.001631891477006523,0.00036281514345438477,0.8159457385032615,0.8159457385032615,0.0,-5.293379539092393e-06,0.9996607270650552,0.9996607270650552,0.0,0.08832955535835024,2.9977998212237913e-05,0.0,0.0,0.0,1600400.5309554383,266.8746254367931,0.0,1.0,1283613.126484116,2601.7528549151534,,,,,,,,,,,,,,,,,9.0,15200.501253132832
2430.0,-34.800943199584864,3.9557374254318742,34.630693754780864,25.665280396956973,5.864545679381366,-30.69072976540011,-44.037130976188905,2.30846074059758,-6.275374563206867,-6.275374563207154,37.73549326109227,36901.542522118674,15807.068022447294,15807.068022447294,52708.61054456597,76970.81474260203,79179.74052599183,15807.068022447294,94986.80854843912,94986.80854843912,94986.80854843912,119779.98624411617,119779.97085167104,0.015392445131551474,0.0,90794.27930761344,52879.05451639603,42128.02754579712,24793.17769567705,66921.20524147418,18766.466239190504,1450.0,0.0,0.8886468871597879,2.7516753143668824,0.0014947306377116572,1.0,1.0,-6.275374563206867,337366.5919049298,1459188.0146129078,4.325229734140684,1459188.0146129078,4.325229734140684,0.7569205718419318,0.08835953335656248,3.8681107198941813,101325.0,128351.07116782667,1.2667265844345095,1.0,0.0,3.8681107198941813,1.2811426247919997,1.2813222703775986,3.019266274527545,6397.462933702244,15200.501253132832,6472.145438220369,0.0003437521804313134,23472.513038638477,2393.5302104835473,19345.67583081341,1972.7099295695687,0.8241842617775176,0.8241842617775176,34039.77001934863,30484.863174865135,1.147831024115998,0.8,4828.71498905214,4324.433322199387,1.147831024115998,0.8,17892.472591228227,17892.472591228227,1.0,0.8,2034.6934298245008,2034.6934298245008,7.768771349407028,3.9557374254318742,-0.5380985439916639,4.493835969423538,3.5,3.5,1.0,0.6,0.0001402156403791948,0.9999993932174627,0.00014021572545964847,202.95940736945835,0.0,0.0,0.0,0.018730173128198323,4.953803720534593e-05,9.067760317384888e-05,0.0003507510088910755,0.08841935220332907,0.08841935220332907,0.08841935220332907,0.08832956668452079,0.0,0.0,0.0,0.0,0.0,0.0,1.0,1.0,0.0,1.0,1.0,524961.5252174963,583.2482248286076,0.0,0.08841935220332907,0.08835953335656346,0.08835953335656149,0.375,0.375,0.5,3.5501916159591555e-05,2.8421709430404007e-13,2.8421709430404007e-13,2.8421709430404007e-13,2.8421709430404007e-13,2.8421709430404007e-13,2.8421709430404007e-13,24793.17769567705,18766.466239190504,0.7569205718419318,0.7876219556174401,0.5514177813888067,35353.7532153836,15450.0,0.0,0.0,0.0,0.0,0.0,0.0,0.0,0.0,0.0,0.0,0.0,0.0,0.0,0.0,0.0,0.0,0.0,0.0,0.0,0.0,35353.7532153836,15450.0,1.0,0.0,0.0,6.0,0.9,143955.44449186765,23992.574081977942,258.6841232163727,258.6841232163727,-14.465876783627266,240.38717202486248,276.9811249593643,142239.45574841305,142313.7360051896,-74.28025677656339,0.0,nan,276.9811249593643,3.831124959364331,269.66232360069506,-3.4876763993049167,262.3434942837585,-10.806505716241475,255.02469972181285,-18.125300278187126,247.70592470774343,-25.444075292256542,240.38717202486248,-32.7628279751375,1.0,1.0,25732.562594332754,25732.562594332754,276.0295521782371,2.879552178237134,276.0295521782371,276.0295521782371,79004.21379522284,79179.74052599183,-175.52673076899373,0.0,8648.866644398773,8648.866644398773,0.8919127744255805,3887.451273493652,276.0295521782371,2.879552178237134,1.0,0.002,1.0559713598571931,0.0009983494739219097,0.001631891477006523,0.00036281514345438477,0.8159457385032615,0.8159457385032615,0.0,-5.293379539092393e-06,0.9996607270650552,0.9996607270650552,0.0,0.08832955535835024,2.9977998212237913e-05,0.0,0.0,0.0,1600400.5309554383,266.8746254367931,0.0,1.0,1283613.126484116,2601.7528549151534,,,,,,,,,,,,,,,,,9.0,15200.501253132832
2460.0,-34.800943199584864,3.9557374254318742,34.630693754780864,25.665280396956973,5.864545679381366,-30.69072976540011,-44.037130976188905,2.30846074059758,-6.275374563206867,-6.275374563207154,37.73549326109227,36901.542522118674,15807.068022447294,15807.068022447294,52708.61054456597,76970.81474260203,79179.74052599183,15807.068022447294,94986.80854843912,94986.80854843912,94986.80854843912,119779.98624411617,119779.97085167104,0.015392445131551474,0.0,90794.27930761344,52879.05451639603,42128.02754579712,24793.17769567705,66921.20524147418,18766.466239190504,1450.0,0.0,0.8886468871597879,2.7516753143668824,0.0014947306377116572,1.0,1.0,-6.275374563206867,337366.5919049298,1459188.0146129078,4.325229734140684,1459188.0146129078,4.325229734140684,0.7569205718419318,0.08835953335656248,3.8681107198941813,101325.0,128351.07116782667,1.2667265844345095,1.0,0.0,3.8681107198941813,1.2811426247919997,1.2813222703775986,3.019266274527545,6397.462933702244,15200.501253132832,6472.145438220369,0.0003437521804313134,23472.513038638477,2393.5302104835473,19345.67583081341,1972.7099295695687,0.8241842617775176,0.8241842617775176,34039.77001934863,30484.863174865135,1.147831024115998,0.8,4828.71498905214,4324.433322199387,1.147831024115998,0.8,17892.472591228227,17892.472591228227,1.0,0.8,2034.6934298245008,2034.6934298245008,7.768771349407028,3.9557374254318742,-0.5380985439916639,4.493835969423538,3.5,3.5,1.0,0.6,0.0001402156403791948,0.9999993932174627,0.00014021572545964847,202.95940736945835,0.0,0.0,0.0,0.018730173128198323,4.953803720534593e-05,9.067760317384888e-05,0.0003507510088910755,0.08841935220332907,0.08841935220332907,0.08841935220332907,0.08832956668452079,0.0,0.0,0.0,0.0,0.0,0.0,1.0,1.0,0.0,1.0,1.0,524961.5252174963,583.2482248286076,0.0,0.08841935220332907,0.08835953335656346,0.08835953335656149,0.375,0.375,0.5,3.5501916159591555e-05,2.8421709430404007e-13,2.8421709430404007e-13,2.8421709430404007e-13,2.8421709430404007e-13,2.8421709430404007e-13,2.8421709430404007e-13,24793.17769567705,18766.466239190504,0.7569205718419318,0.7876219556174401,0.5514177813888067,35353.7532153836,15450.0,0.0,0.0,0.0,0.0,0.0,0.0,0.0,0.0,0.0,0.0,0.0,0.0,0.0,0.0,0.0,0.0,0.0,0.0,0.0,0.0,35353.7532153836,15450.0,1.0,0.0,0.0,6.0,0.9,143955.44449186765,23992.574081977942,258.6841232163727,258.6841232163727,-14.465876783627266,240.38717202486248,276.9811249593643,142239.45574841305,142313.7360051896,-74.28025677656339,0.0,nan,276.9811249593643,3.831124959364331,269.66232360069506,-3.4876763993049167,262.3434942837585,-10.806505716241475,255.02469972181285,-18.125300278187126,247.70592470774343,-25.444075292256542,240.38717202486248,-32.7628279751375,1.0,1.0,25732.562594332754,25732.562594332754,276.0295521782371,2.879552178237134,276.0295521782371,276.0295521782371,79004.21379522284,79179.74052599183,-175.52673076899373,0.0,8648.866644398773,8648.866644398773,0.8919127744255805,3887.451273493652,276.0295521782371,2.879552178237134,1.0,0.002,1.0559713598571931,0.0009983494739219097,0.001631891477006523,0.00036281514345438477,0.8159457385032615,0.8159457385032615,0.0,-5.293379539092393e-06,0.9996607270650552,0.9996607270650552,0.0,0.08832955535835024,2.9977998212237913e-05,0.0,0.0,0.0,1600400.5309554383,266.8746254367931,0.0,1.0,1283613.126484116,2601.7528549151534,,,,,,,,,,,,,,,,,9.0,15200.501253132832
2490.0,-34.800943199584864,3.9557374254318742,34.630693754780864,25.665280396956973,5.864545679381366,-30.69072976540011,-44.037130976188905,2.30846074059758,-6.275374563206867,-6.275374563207154,37.73549326109227,36901.542522118674,15807.068022447294,15807.068022447294,52708.61054456597,76970.81474260203,79179.74052599183,15807.068022447294,94986.80854843912,94986.80854843912,94986.80854843912,119779.98624411617,119779.97085167104,0.015392445131551474,0.0,90794.27930761344,52879.05451639603,42128.02754579712,24793.17769567705,66921.20524147418,18766.466239190504,1450.0,0.0,0.8886468871597879,2.7516753143668824,0.0014947306377116572,1.0,1.0,-6.275374563206867,337366.5919049298,1459188.0146129078,4.325229734140684,1459188.0146129078,4.325229734140684,0.7569205718419318,0.08835953335656248,3.8681107198941813,101325.0,128351.07116782667,1.2667265844345095,1.0,0.0,3.8681107198941813,1.2811426247919997,1.2813222703775986,3.019266274527545,6397.462933702244,15200.501253132832,6472.145438220369,0.0003437521804313134,23472.513038638477,2393.5302104835473,19345.67583081341,1972.7099295695687,0.8241842617775176,0.8241842617775176,34039.77001934863,30484.863174865135,1.147831024115998,0.8,4828.71498905214,4324.433322199387,1.147831024115998,0.8,17892.472591228227,17892.472591228227,1.0,0.8,2034.6934298245008,2034.6934298245008,7.768771349407028,3.9557374254318742,-0.5380985439916639,4.493835969423538,3.5,3.5,1.0,0.6,0.0001402156403791948,0.9999993932174627,0.00014021572545964847,202.95940736945835,0.0,0.0,0.0,0.018730173128198323,4.953803720534593e-05,9.067760317384888e-05,0.0003507510088910755,0.08841935220332907,0.08841935220332907,0.08841935220332907,0.08832956668452079,0.0,0.0,0.0,0.0,0.0,0.0,1.0,1.0,0.0,1.0,1.0,524961.5252174963,583.2482248286076,0.0,0.08841935220332907,0.08835953335656346,0.08835953335656149,0.375,0.375,0.5,3.5501916159591555e-05,2.8421709430404007e-13,2.8421709430404007e-13,2.8421709430404007e-13,2.8421709430404007e-13,2.8421709430404007e-13,2.8421709430404007e-13,24793.17769567705,18766.466239190504,0.7569205718419318,0.7876219556174401,0.5514177813888067,35353.7532153836,15450.0,0.0,0.0,0.0,0.0,0.0,0.0,0.0,0.0,0.0,0.0,0.0,0.0,0.0,0.0,0.0,0.0,0.0,0.0,0.0,0.0,35353.7532153836,15450.0,1.0,0.0,0.0,6.0,0.9,143955.44449186765,23992.574081977942,258.6841232163727,258.6841232163727,-14.465876783627266,240.38717202486248,276.9811249593643,142239.45574841305,142313.7360051896,-74.28025677656339,0.0,nan,276.9811249593643,3.831124959364331,269.66232360069506,-3.4876763993049167,262.3434942837585,-10.806505716241475,255.02469972181285,-18.125300278187126,247.70592470774343,-25.444075292256542,240.38717202486248,-32.7628279751375,1.0,1.0,25732.562594332754,25732.562594332754,276.0295521782371,2.879552178237134,276.0295521782371,276.0295521782371,79004.21379522284,79179.74052599183,-175.52673076899373,0.0,8648.866644398773,8648.866644398773,0.8919127744255805,3887.451273493652,276.0295521782371,2.879552178237134,1.0,0.002,1.0559713598571931,0.0009983494739219097,0.001631891477006523,0.00036281514345438477,0.8159457385032615,0.8159457385032615,0.0,-5.293379539092393e-06,0.9996607270650552,0.9996607270650552,0.0,0.08832955535835024,2.9977998212237913e-05,0.0,0.0,0.0,1600400.5309554383,266.8746254367931,0.0,1.0,1283613.126484116,2601.7528549151534,,,,,,,,,,,,,,,,,9.0,15200.501253132832
2520.0,-34.800943199584864,3.9557374254318742,34.630693754780864,25.665280396956973,5.864545679381366,-30.69072976540011,-44.037130976188905,2.30846074059758,-6.275374563206867,-6.275374563207154,37.73549326109227,36901.542522118674,15807.068022447294,15807.068022447294,52708.61054456597,76970.81474260203,79179.74052599183,15807.068022447294,94986.80854843912,94986.80854843912,94986.80854843912,119779.98624411617,119779.97085167104,0.015392445131551474,0.0,90794.27930761344,52879.05451639603,42128.02754579712,24793.17769567705,66921.20524147418,18766.466239190504,1450.0,0.0,0.8886468871597879,2.7516753143668824,0.0014947306377116572,1.0,1.0,-6.275374563206867,337366.5919049298,1459188.0146129078,4.325229734140684,1459188.0146129078,4.325229734140684,0.7569205718419318,0.08835953335656248,3.8681107198941813,101325.0,128351.07116782667,1.2667265844345095,1.0,0.0,3.8681107198941813,1.2811426247919997,1.2813222703775986,3.019266274527545,6397.462933702244,15200.501253132832,6472.145438220369,0.0003437521804313134,23472.513038638477,2393.5302104835473,19345.67583081341,1972.7099295695687,0.8241842617775176,0.8241842617775176,34039.77001934863,30484.863174865135,1.147831024115998,0.8,4828.71498905214,4324.433322199387,1.147831024115998,0.8,17892.472591228227,17892.472591228227,1.0,0.8,2034.6934298245008,2034.6934298245008,7.768771349407028,3.9557374254318742,-0.5380985439916639,4.493835969423538,3.5,3.5,1.0,0.6,0.0001402156403791948,0.9999993932174627,0.00014021572545964847,202.95940736945835,0.0,0.0,0.0,0.018730173128198323,4.953803720534593e-05,9.067760317384888e-05,0.0003507510088910755,0.08841935220332907,0.08841935220332907,0.08841935220332907,0.08832956668452079,0.0,0.0,0.0,0.0,0.0,0.0,1.0,1.0,0.0,1.0,1.0,524961.5252174963,583.2482248286076,0.0,0.08841935220332907,0.08835953335656346,0.08835953335656149,0.375,0.375,0.5,3.5501916159591555e-05,2.8421709430404007e-13,2.8421709430404007e-13,2.8421709430404007e-13,2.8421709430404007e-13,2.8421709430404007e-13,2.8421709430404007e-13,24793.17769567705,18766.466239190504,0.7569205718419318,0.7876219556174401,0.5514177813888067,35353.7532153836,15450.0,0.0,0.0,0.0,0.0,0.0,0.0,0.0,0.0,0.0,0.0,0.0,0.0,0.0,0.0,0.0,0.0,0.0,0.0,0.0,0.0,35353.7532153836,15450.0,1.0,0.0,0.0,6.0,0.9,143955.44449186765,23992.574081977942,258.6841232163727,258.6841232163727,-14.465876783627266,240.38717202486248,276.9811249593643,142239.45574841305,142313.7360051896,-74.28025677656339,0.0,nan,276.9811249593643,3.831124959364331,269.66232360069506,-3.4876763993049167,262.3434942837585,-10.806505716241475,255.02469972181285,-18.125300278187126,247.70592470774343,-25.444075292256542,240.38717202486248,-32.7628279751375,1.0,1.0,25732.562594332754,25732.562594332754,276.0295521782371,2.879552178237134,276.0295521782371,276.0295521782371,79004.21379522284,79179.74052599183,-175.52673076899373,0.0,8648.866644398773,8648.866644398773,0.8919127744255805,3887.451273493652,276.0295521782371,2.879552178237134,1.0,0.002,1.0559713598571931,0.0009983494739219097,0.001631891477006523,0.00036281514345438477,0.8159457385032615,0.8159457385032615,0.0,-5.293379539092393e-06,0.9996607270650552,0.9996607270650552,0.0,0.08832955535835024,2.9977998212237913e-05,0.0,0.0,0.0,1600400.5309554383,266.8746254367931,0.0,1.0,1283613.126484116,2601.7528549151534,,,,,,,,,,,,,,,,,9.0,15200.501253132832
2550.0,-34.800943199584864,3.9557374254318742,34.630693754780864,25.665280396956973,5.864545679381366,-30.69072976540011,-44.037130976188905,2.30846074059758,-6.275374563206867,-6.275374563207154,37.73549326109227,36901.542522118674,15807.068022447294,15807.068022447294,52708.61054456597,76970.81474260203,79179.74052599183,15807.068022447294,94986.80854843912,94986.80854843912,94986.80854843912,119779.98624411617,119779.97085167104,0.015392445131551474,0.0,90794.27930761344,52879.05451639603,42128.02754579712,24793.17769567705,66921.20524147418,18766.466239190504,1450.0,0.0,0.8886468871597879,2.7516753143668824,0.0014947306377116572,1.0,1.0,-6.275374563206867,337366.5919049298,1459188.0146129078,4.325229734140684,1459188.0146129078,4.325229734140684,0.7569205718419318,0.08835953335656248,3.8681107198941813,101325.0,128351.07116782667,1.2667265844345095,1.0,0.0,3.8681107198941813,1.2811426247919997,1.2813222703775986,3.019266274527545,6397.462933702244,15200.501253132832,6472.145438220369,0.0003437521804313134,23472.513038638477,2393.5302104835473,19345.67583081341,1972.7099295695687,0.8241842617775176,0.8241842617775176,34039.77001934863,30484.863174865135,1.147831024115998,0.8,4828.71498905214,4324.433322199387,1.147831024115998,0.8,17892.472591228227,17892.472591228227,1.0,0.8,2034.6934298245008,2034.6934298245008,7.768771349407028,3.9557374254318742,-0.5380985439916639,4.493835969423538,3.5,3.5,1.0,0.6,0.0001402156403791948,0.9999993932174627,0.00014021572545964847,202.95940736945835,0.0,0.0,0.0,0.018730173128198323,4.953803720534593e-05,9.067760317384888e-05,0.0003507510088910755,0.08841935220332907,0.08841935220332907,0.08841935220332907,0.08832956668452079,0.0,0.0,0.0,0.0,0.0,0.0,1.0,1.0,0.0,1.0,1.0,524961.5252174963,583.2482248286076,0.0,0.08841935220332907,0.08835953335656346,0.08835953335656149,0.375,0.375,0.5,3.5501916159591555e-05,2.8421709430404007e-13,2.8421709430404007e-13,2.8421709430404007e-13,2.8421709430404007e-13,2.8421709430404007e-13,2.8421709430404007e-13,24793.17769567705,18766.466239190504,0.7569205718419318,0.7876219556174401,0.5514177813888067,35353.7532153836,15450.0,0.0,0.0,0.0,0.0,0.0,0.0,0.0,0.0,0.0,0.0,0.0,0.0,0.0,0.0,0.0,0.0,0.0,0.0,0.0,0.0,35353.7532153836,15450.0,1.0,0.0,0.0,6.0,0.9,143955.44449186765,23992.574081977942,258.6841232163727,258.6841232163727,-14.465876783627266,240.38717202486248,276.9811249593643,142239.45574841305,142313.7360051896,-74.28025677656339,0.0,nan,276.9811249593643,3.831124959364331,269.66232360069506,-3.4876763993049167,262.3434942837585,-10.806505716241475,255.02469972181285,-18.125300278187126,247.70592470774343,-25.444075292256542,240.38717202486248,-32.7628279751375,1.0,1.0,25732.562594332754,25732.562594332754,276.0295521782371,2.879552178237134,276.0295521782371,276.0295521782371,79004.21379522284,79179.74052599183,-175.52673076899373,0.0,8648.866644398773,8648.866644398773,0.8919127744255805,3887.451273493652,276.0295521782371,2.879552178237134,1.0,0.002,1.0559713598571931,0.0009983494739219097,0.001631891477006523,0.00036281514345438477,0.8159457385032615,0.8159457385032615,0.0,-5.293379539092393e-06,0.9996607270650552,0.9996607270650552,0.0,0.08832955535835024,2.9977998212237913e-05,0.0,0.0,0.0,1600400.5309554383,266.8746254367931,0.0,1.0,1283613.126484116,2601.7528549151534,,,,,,,,,,,,,,,,,9.0,15200.501253132832
2580.0,-34.800943199584864,3.9557374254318742,34.630693754780864,25.665280396956973,5.864545679381366,-30.69072976540011,-44.037130976188905,2.30846074059758,-6.275374563206867,-6.275374563207154,37.73549326109227,36901.542522118674,15807.068022447294,15807.068022447294,52708.61054456597,76970.81474260203,79179.74052599183,15807.068022447294,94986.80854843912,94986.80854843912,94986.80854843912,119779.98624411617,119779.97085167104,0.015392445131551474,0.0,90794.27930761344,52879.05451639603,42128.02754579712,24793.17769567705,66921.20524147418,18766.466239190504,1450.0,0.0,0.8886468871597879,2.7516753143668824,0.0014947306377116572,1.0,1.0,-6.275374563206867,337366.5919049298,1459188.0146129078,4.325229734140684,1459188.0146129078,4.325229734140684,0.7569205718419318,0.08835953335656248,3.8681107198941813,101325.0,128351.07116782667,1.2667265844345095,1.0,0.0,3.8681107198941813,1.2811426247919997,1.2813222703775986,3.019266274527545,6397.462933702244,15200.501253132832,6472.145438220369,0.0003437521804313134,23472.513038638477,2393.5302104835473,19345.67583081341,1972.7099295695687,0.8241842617775176,0.8241842617775176,34039.77001934863,30484.863174865135,1.147831024115998,0.8,4828.71498905214,4324.433322199387,1.147831024115998,0.8,17892.472591228227,17892.472591228227,1.0,0.8,2034.6934298245008,2034.6934298245008,7.768771349407028,3.9557374254318742,-0.5380985439916639,4.493835969423538,3.5,3.5,1.0,0.6,0.0001402156403791948,0.9999993932174627,0.00014021572545964847,202.95940736945835,0.0,0.0,0.0,0.018730173128198323,4.953803720534593e-05,9.067760317384888e-05,0.0003507510088910755,0.08841935220332907,0.08841935220332907,0.08841935220332907,0.08832956668452079,0.0,0.0,0.0,0.0,0.0,0.0,1.0,1.0,0.0,1.0,1.0,524961.5252174963,583.2482248286076,0.0,0.08841935220332907,0.08835953335656346,0.08835953335656149,0.375,0.375,0.5,3.5501916159591555e-05,2.8421709430404007e-13,2.8421709430404007e-13,2.8421709430404007e-13,2.8421709430404007e-13,2.8421709430404007e-13,2.8421709430404007e-13,24793.17769567705,18766.466239190504,0.7569205718419318,0.7876219556174401,0.5514177813888067,35353.7532153836,15450.0,0.0,0.0,0.0,0.0,0.0,0.0,0.0,0.0,0.0,0.0,0.0,0.0,0.0,0.0,0.0,0.0,0.0,0.0,0.0,0.0,35353.7532153836,15450.0,1.0,0.0,0.0,6.0,0.9,143955.44449186765,23992.574081977942,258.6841232163727,258.6841232163727,-14.465876783627266,240.38717202486248,276.9811249593643,142239.45574841305,142313.7360051896,-74.28025677656339,0.0,nan,276.9811249593643,3.831124959364331,269.66232360069506,-3.4876763993049167,262.3434942837585,-10.806505716241475,255.02469972181285,-18.125300278187126,247.70592470774343,-25.444075292256542,240.38717202486248,-32.7628279751375,1.0,1.0,25732.562594332754,25732.562594332754,276.0295521782371,2.879552178237134,276.0295521782371,276.0295521782371,79004.21379522284,79179.74052599183,-175.52673076899373,0.0,8648.866644398773,8648.866644398773,0.8919127744255805,3887.451273493652,276.0295521782371,2.879552178237134,1.0,0.002,1.0559713598571931,0.0009983494739219097,0.001631891477006523,0.00036281514345438477,0.8159457385032615,0.8159457385032615,0.0,-5.293379539092393e-06,0.9996607270650552,0.9996607270650552,0.0,0.08832955535835024,2.9977998212237913e-05,0.0,0.0,0.0,1600400.5309554383,266.8746254367931,0.0,1.0,1283613.126484116,2601.7528549151534,,,,,,,,,,,,,,,,,9.0,15200.501253132832
2610.0,-34.800943199584864,3.9557374254318742,34.630693754780864,25.665280396956973,5.864545679381366,-30.69072976540011,-44.037130976188905,2.30846074059758,-6.275374563206867,-6.275374563207154,37.73549326109227,36901.542522118674,15807.068022447294,15807.068022447294,52708.61054456597,76970.81474260203,79179.74052599183,15807.068022447294,94986.80854843912,94986.80854843912,94986.80854843912,119779.98624411617,119779.97085167104,0.015392445131551474,0.0,90794.27930761344,52879.05451639603,42128.02754579712,24793.17769567705,66921.20524147418,18766.466239190504,1450.0,0.0,0.8886468871597879,2.7516753143668824,0.0014947306377116572,1.0,1.0,-6.275374563206867,337366.5919049298,1459188.0146129078,4.325229734140684,1459188.0146129078,4.325229734140684,0.7569205718419318,0.08835953335656248,3.8681107198941813,101325.0,128351.07116782667,1.2667265844345095,1.0,0.0,3.8681107198941813,1.2811426247919997,1.2813222703775986,3.019266274527545,6397.462933702244,15200.501253132832,6472.145438220369,0.0003437521804313134,23472.513038638477,2393.5302104835473,19345.67583081341,1972.7099295695687,0.8241842617775176,0.8241842617775176,34039.77001934863,30484.863174865135,1.147831024115998,0.8,4828.71498905214,4324.433322199387,1.147831024115998,0.8,17892.472591228227,17892.472591228227,1.0,0.8,2034.6934298245008,2034.6934298245008,7.768771349407028,3.9557374254318742,-0.5380985439916639,4.493835969423538,3.5,3.5,1.0,0.6,0.0001402156403791948,0.9999993932174627,0.00014021572545964847,202.95940736945835,0.0,0.0,0.0,0.018730173128198323,4.953803720534593e-05,9.067760317384888e-05,0.0003507510088910755,0.08841935220332907,0.08841935220332907,0.08841935220332907,0.08832956668452079,0.0,0.0,0.0,0.0,0.0,0.0,1.0,1.0,0.0,1.0,1.0,524961.5252174963,583.2482248286076,0.0,0.08841935220332907,0.08835953335656346,0.08835953335656149,0.375,0.375,0.5,3.5501916159591555e-05,2.8421709430404007e-13,2.8421709430404007e-13,2.8421709430404007e-13,2.8421709430404007e-13,2.8421709430404007e-13,2.8421709430404007e-13,24793.17769567705,18766.466239190504,0.7569205718419318,0.7876219556174401,0.5514177813888067,35353.7532153836,15450.0,0.0,0.0,0.0,0.0,0.0,0.0,0.0,0.0,0.0,0.0,0.0,0.0,0.0,0.0,0.0,0.0,0.0,0.0,0.0,0.0,35353.7532153836,15450.0,1.0,0.0,0.0,6.0,0.9,143955.44449186765,23992.574081977942,258.6841232163727,258.6841232163727,-14.465876783627266,240.38717202486248,276.9811249593643,142239.45574841305,142313.7360051896,-74.28025677656339,0.0,nan,276.9811249593643,3.831124959364331,269.66232360069506,-3.4876763993049167,262.3434942837585,-10.806505716241475,255.02469972181285,-18.125300278187126,247.70592470774343,-25.444075292256542,240.38717202486248,-32.7628279751375,1.0,1.0,25732.562594332754,25732.562594332754,276.0295521782371,2.879552178237134,276.0295521782371,276.0295521782371,79004.21379522284,79179.74052599183,-175.52673076899373,0.0,8648.866644398773,8648.866644398773,0.8919127744255805,3887.451273493652,276.0295521782371,2.879552178237134,1.0,0.002,1.0559713598571931,0.0009983494739219097,0.001631891477006523,0.00036281514345438477,0.8159457385032615,0.8159457385032615,0.0,-5.293379539092393e-06,0.9996607270650552,0.9996607270650552,0.0,0.08832955535835024,2.9977998212237913e-05,0.0,0.0,0.0,1600400.5309554383,266.8746254367931,0.0,1.0,1283613.126484116,2601.7528549151534,,,,,,,,,,,,,,,,,9.0,15200.501253132832
2640.0,-34.800943199584864,3.9557374254318742,34.630693754780864,25.665280396956973,5.864545679381366,-30.69072976540011,-44.037130976188905,2.30846074059758,-6.275374563206867,-6.275374563207154,37.73549326109227,36901.542522118674,15807.068022447294,15807.068022447294,52708.61054456597,76970.81474260203,79179.74052599183,15807.068022447294,94986.80854843912,94986.80854843912,94986.80854843912,119779.98624411617,119779.97085167104,0.015392445131551474,0.0,90794.27930761344,52879.05451639603,42128.02754579712,24793.17769567705,66921.20524147418,18766.466239190504,1450.0,0.0,0.8886468871597879,2.7516753143668824,0.0014947306377116572,1.0,1.0,-6.275374563206867,337366.5919049298,1459188.0146129078,4.325229734140684,1459188.0146129078,4.325229734140684,0.7569205718419318,0.08835953335656248,3.8681107198941813,101325.0,128351.07116782667,1.2667265844345095,1.0,0.0,3.8681107198941813,1.2811426247919997,1.2813222703775986,3.019266274527545,6397.462933702244,15200.501253132832,6472.145438220369,0.0003437521804313134,23472.513038638477,2393.5302104835473,19345.67583081341,1972.7099295695687,0.8241842617775176,0.8241842617775176,34039.77001934863,30484.863174865135,1.147831024115998,0.8,4828.71498905214,4324.433322199387,1.147831024115998,0.8,17892.472591228227,17892.472591228227,1.0,0.8,2034.6934298245008,2034.6934298245008,7.768771349407028,3.9557374254318742,-0.5380985439916639,4.493835969423538,3.5,3.5,1.0,0.6,0.0001402156403791948,0.9999993932174627,0.00014021572545964847,202.95940736945835,0.0,0.0,0.0,0.018730173128198323,4.953803720534593e-05,9.067760317384888e-05,0.0003507510088910755,0.08841935220332907,0.08841935220332907,0.08841935220332907,0.08832956668452079,0.0,0.0,0.0,0.0,0.0,0.0,1.0,1.0,0.0,1.0,1.0,524961.5252174963,583.2482248286076,0.0,0.08841935220332907,0.08835953335656346,0.08835953335656149,0.375,0.375,0.5,3.5501916159591555e-05,2.8421709430404007e-13,2.8421709430404007e-13,2.8421709430404007e-13,2.8421709430404007e-13,2.8421709430404007e-13,2.8421709430404007e-13,24793.17769567705,18766.466239190504,0.7569205718419318,0.7876219556174401,0.5514177813888067,35353.7532153836,15450.0,0.0,0.0,0.0,0.0,0.0,0.0,0.0,0.0,0.0,0.0,0.0,0.0,0.0,0.0,0.0,0.0,0.0,0.0,0.0,0.0,35353.7532153836,15450.0,1.0,0.0,0.0,6.0,0.9,143955.44449186765,23992.574081977942,258.6841232163727,258.6841232163727,-14.465876783627266,240.38717202486248,276.9811249593643,142239.45574841305,142313.7360051896,-74.28025677656339,0.0,nan,276.9811249593643,3.831124959364331,269.66232360069506,-3.4876763993049167,262.3434942837585,-10.806505716241475,255.02469972181285,-18.125300278187126,247.70592470774343,-25.444075292256542,240.38717202486248,-32.7628279751375,1.0,1.0,25732.562594332754,25732.562594332754,276.0295521782371,2.879552178237134,276.0295521782371,276.0295521782371,79004.21379522284,79179.74052599183,-175.52673076899373,0.0,8648.866644398773,8648.866644398773,0.8919127744255805,3887.451273493652,276.0295521782371,2.879552178237134,1.0,0.002,1.0559713598571931,0.0009983494739219097,0.001631891477006523,0.00036281514345438477,0.8159457385032615,0.8159457385032615,0.0,-5.293379539092393e-06,0.9996607270650552,0.9996607270650552,0.0,0.08832955535835024,2.9977998212237913e-05,0.0,0.0,0.0,1600400.5309554383,266.8746254367931,0.0,1.0,1283613.126484116,2601.7528549151534,,,,,,,,,,,,,,,,,9.0,15200.501253132832
2670.0,-34.800943199584864,3.9557374254318742,34.630693754780864,25.665280396956973,5.864545679381366,-30.69072976540011,-44.037130976188905,2.30846074059758,-6.275374563206867,-6.275374563207154,37.73549326109227,36901.542522118674,15807.068022447294,15807.068022447294,52708.61054456597,76970.81474260203,79179.74052599183,15807.068022447294,94986.80854843912,94986.80854843912,94986.80854843912,119779.98624411617,119779.97085167104,0.015392445131551474,0.0,90794.27930761344,52879.05451639603,42128.02754579712,24793.17769567705,66921.20524147418,18766.466239190504,1450.0,0.0,0.8886468871597879,2.7516753143668824,0.0014947306377116572,1.0,1.0,-6.275374563206867,337366.5919049298,1459188.0146129078,4.325229734140684,1459188.0146129078,4.325229734140684,0.7569205718419318,0.08835953335656248,3.8681107198941813,101325.0,128351.07116782667,1.2667265844345095,1.0,0.0,3.8681107198941813,1.2811426247919997,1.2813222703775986,3.019266274527545,6397.462933702244,15200.501253132832,6472.145438220369,0.0003437521804313134,23472.513038638477,2393.5302104835473,19345.67583081341,1972.7099295695687,0.8241842617775176,0.8241842617775176,34039.77001934863,30484.863174865135,1.147831024115998,0.8,4828.71498905214,4324.433322199387,1.147831024115998,0.8,17892.472591228227,17892.472591228227,1.0,0.8,2034.6934298245008,2034.6934298245008,7.768771349407028,3.9557374254318742,-0.5380985439916639,4.493835969423538,3.5,3.5,1.0,0.6,0.0001402156403791948,0.9999993932174627,0.00014021572545964847,202.95940736945835,0.0,0.0,0.0,0.018730173128198323,4.953803720534593e-05,9.067760317384888e-05,0.0003507510088910755,0.08841935220332907,0.08841935220332907,0.08841935220332907,0.08832956668452079,0.0,0.0,0.0,0.0,0.0,0.0,1.0,1.0,0.0,1.0,1.0,524961.5252174963,583.2482248286076,0.0,0.08841935220332907,0.08835953335656346,0.08835953335656149,0.375,0.375,0.5,3.5501916159591555e-05,2.8421709430404007e-13,2.8421709430404007e-13,2.8421709430404007e-13,2.8421709430404007e-13,2.8421709430404007e-13,2.8421709430404007e-13,24793.17769567705,18766.466239190504,0.7569205718419318,0.7876219556174401,0.5514177813888067,35353.7532153836,15450.0,0.0,0.0,0.0,0.0,0.0,0.0,0.0,0.0,0.0,0.0,0.0,0.0,0.0,0.0,0.0,0.0,0.0,0.0,0.0,0.0,35353.7532153836,15450.0,1.0,0.0,0.0,6.0,0.9,143955.44449186765,23992.574081977942,258.6841232163727,258.6841232163727,-14.465876783627266,240.38717202486248,276.9811249593643,142239.45574841305,142313.7360051896,-74.28025677656339,0.0,nan,276.9811249593643,3.831124959364331,269.66232360069506,-3.4876763993049167,262.3434942837585,-10.806505716241475,255.02469972181285,-18.125300278187126,247.70592470774343,-25.444075292256542,240.38717202486248,-32.7628279751375,1.0,1.0,25732.562594332754,25732.562594332754,276.0295521782371,2.879552178237134,276.0295521782371,276.0295521782371,79004.21379522284,79179.74052599183,-175.52673076899373,0.0,8648.866644398773,8648.866644398773,0.8919127744255805,3887.451273493652,276.0295521782371,2.879552178237134,1.0,0.002,1.0559713598571931,0.0009983494739219097,0.001631891477006523,0.00036281514345438477,0.8159457385032615,0.8159457385032615,0.0,-5.293379539092393e-06,0.9996607270650552,0.9996607270650552,0.0,0.08832955535835024,2.9977998212237913e-05,0.0,0.0,0.0,1600400.5309554383,266.8746254367931,0.0,1.0,1283613.126484116,2601.7528549151534,,,,,,,,,,,,,,,,,9.0,15200.501253132832
2700.0,-34.800943199584864,3.9557374254318742,34.630693754780864,25.665280396956973,5.864545679381366,-30.69072976540011,-44.037130976188905,2.30846074059758,-6.275374563206867,-6.275374563207154,37.73549326109227,36901.542522118674,15807.068022447294,15807.068022447294,52708.61054456597,76970.81474260203,79179.74052599183,15807.068022447294,94986.80854843912,94986.80854843912,94986.80854843912,119779.98624411617,119779.97085167104,0.015392445131551474,0.0,90794.27930761344,52879.05451639603,42128.02754579712,24793.17769567705,66921.20524147418,18766.466239190504,1450.0,0.0,0.8886468871597879,2.7516753143668824,0.0014947306377116572,1.0,1.0,-6.275374563206867,337366.5919049298,1459188.0146129078,4.325229734140684,1459188.0146129078,4.325229734140684,0.7569205718419318,0.08835953335656248,3.8681107198941813,101325.0,128351.07116782667,1.2667265844345095,1.0,0.0,3.8681107198941813,1.2811426247919997,1.2813222703775986,3.019266274527545,6397.462933702244,15200.501253132832,6472.145438220369,0.0003437521804313134,23472.513038638477,2393.5302104835473,19345.67583081341,1972.7099295695687,0.8241842617775176,0.8241842617775176,34039.77001934863,30484.863174865135,1.147831024115998,0.8,4828.71498905214,4324.433322199387,1.147831024115998,0.8,17892.472591228227,17892.472591228227,1.0,0.8,2034.6934298245008,2034.6934298245008,7.768771349407028,3.9557374254318742,-0.5380985439916639,4.493835969423538,3.5,3.5,1.0,0.6,0.0001402156403791948,0.9999993932174627,0.00014021572545964847,202.95940736945835,0.0,0.0,0.0,0.018730173128198323,4.953803720534593e-05,9.067760317384888e-05,0.0003507510088910755,0.08841935220332907,0.08841935220332907,0.08841935220332907,0.08832956668452079,0.0,0.0,0.0,0.0,0.0,0.0,1.0,1.0,0.0,1.0,1.0,524961.5252174963,583.2482248286076,0.0,0.08841935220332907,0.08835953335656346,0.08835953335656149,0.375,0.375,0.5,3.5501916159591555e-05,2.8421709430404007e-13,2.8421709430404007e-13,2.8421709430404007e-13,2.8421709430404007e-13,2.8421709430404007e-13,2.8421709430404007e-13,24793.17769567705,18766.466239190504,0.7569205718419318,0.7876219556174401,0.5514177813888067,35353.7532153836,15450.0,0.0,0.0,0.0,0.0,0.0,0.0,0.0,0.0,0.0,0.0,0.0,0.0,0.0,0.0,0.0,0.0,0.0,0.0,0.0,0.0,35353.7532153836,15450.0,1.0,0.0,0.0,6.0,0.9,143955.44449186765,23992.574081977942,258.6841232163727,258.6841232163727,-14.465876783627266,240.38717202486248,276.9811249593643,142239.45574841305,142313.7360051896,-74.28025677656339,0.0,nan,276.9811249593643,3.831124959364331,269.66232360069506,-3.4876763993049167,262.3434942837585,-10.806505716241475,255.02469972181285,-18.125300278187126,247.70592470774343,-25.444075292256542,240.38717202486248,-32.7628279751375,1.0,1.0,25732.562594332754,25732.562594332754,276.0295521782371,2.879552178237134,276.0295521782371,276.0295521782371,79004.21379522284,79179.74052599183,-175.52673076899373,0.0,8648.866644398773,8648.866644398773,0.8919127744255805,3887.451273493652,276.0295521782371,2.879552178237134,1.0,0.002,1.0559713598571931,0.0009983494739219097,0.001631891477006523,0.00036281514345438477,0.8159457385032615,0.8159457385032615,0.0,-5.293379539092393e-06,0.9996607270650552,0.9996607270650552,0.0,0.08832955535835024,2.9977998212237913e-05,0.0,0.0,0.0,1600400.5309554383,266.8746254367931,0.0,1.0,1283613.126484116,2601.7528549151534,,,,,,,,,,,,,,,,,9.0,15200.501253132832
2730.0,-34.800943199584864,3.9557374254318742,34.630693754780864,25.665280396956973,5.864545679381366,-30.69072976540011,-44.037130976188905,2.30846074059758,-6.275374563206867,-6.275374563207154,37.73549326109227,36901.542522118674,15807.068022447294,15807.068022447294,52708.61054456597,76970.81474260203,79179.74052599183,15807.068022447294,94986.80854843912,94986.80854843912,94986.80854843912,119779.98624411617,119779.97085167104,0.015392445131551474,0.0,90794.27930761344,52879.05451639603,42128.02754579712,24793.17769567705,66921.20524147418,18766.466239190504,1450.0,0.0,0.8886468871597879,2.7516753143668824,0.0014947306377116572,1.0,1.0,-6.275374563206867,337366.5919049298,1459188.0146129078,4.325229734140684,1459188.0146129078,4.325229734140684,0.7569205718419318,0.08835953335656248,3.8681107198941813,101325.0,128351.07116782667,1.2667265844345095,1.0,0.0,3.8681107198941813,1.2811426247919997,1.2813222703775986,3.019266274527545,6397.462933702244,15200.501253132832,6472.145438220369,0.0003437521804313134,23472.513038638477,2393.5302104835473,19345.67583081341,1972.7099295695687,0.8241842617775176,0.8241842617775176,34039.77001934863,30484.863174865135,1.147831024115998,0.8,4828.71498905214,4324.433322199387,1.147831024115998,0.8,17892.472591228227,17892.472591228227,1.0,0.8,2034.6934298245008,2034.6934298245008,7.768771349407028,3.9557374254318742,-0.5380985439916639,4.493835969423538,3.5,3.5,1.0,0.6,0.0001402156403791948,0.9999993932174627,0.00014021572545964847,202.95940736945835,0.0,0.0,0.0,0.018730173128198323,4.953803720534593e-05,9.067760317384888e-05,0.0003507510088910755,0.08841935220332907,0.08841935220332907,0.08841935220332907,0.08832956668452079,0.0,0.0,0.0,0.0,0.0,0.0,1.0,1.0,0.0,1.0,1.0,524961.5252174963,583.2482248286076,0.0,0.08841935220332907,0.08835953335656346,0.08835953335656149,0.375,0.375,0.5,3.5501916159591555e-05,2.8421709430404007e-13,2.8421709430404007e-13,2.8421709430404007e-13,2.8421709430404007e-13,2.8421709430404007e-13,2.8421709430404007e-13,24793.17769567705,18766.466239190504,0.7569205718419318,0.7876219556174401,0.5514177813888067,35353.7532153836,15450.0,0.0,0.0,0.0,0.0,0.0,0.0,0.0,0.0,0.0,0.0,0.0,0.0,0.0,0.0,0.0,0.0,0.0,0.0,0.0,0.0,35353.7532153836,15450.0,1.0,0.0,0.0,6.0,0.9,143955.44449186765,23992.574081977942,258.6841232163727,258.6841232163727,-14.465876783627266,240.38717202486248,276.9811249593643,142239.45574841305,142313.7360051896,-74.28025677656339,0.0,nan,276.9811249593643,3.831124959364331,269.66232360069506,-3.4876763993049167,262.3434942837585,-10.806505716241475,255.02469972181285,-18.125300278187126,247.70592470774343,-25.444075292256542,240.38717202486248,-32.7628279751375,1.0,1.0,25732.562594332754,25732.562594332754,276.0295521782371,2.879552178237134,276.0295521782371,276.0295521782371,79004.21379522284,79179.74052599183,-175.52673076899373,0.0,8648.866644398773,8648.866644398773,0.8919127744255805,3887.451273493652,276.0295521782371,2.879552178237134,1.0,0.002,1.0559713598571931,0.0009983494739219097,0.001631891477006523,0.00036281514345438477,0.8159457385032615,0.8159457385032615,0.0,-5.293379539092393e-06,0.9996607270650552,0.9996607270650552,0.0,0.08832955535835024,2.9977998212237913e-05,0.0,0.0,0.0,1600400.5309554383,266.8746254367931,0.0,1.0,1283613.126484116,2601.7528549151534,,,,,,,,,,,,,,,,,9.0,15200.501253132832
2760.0,-34.800943199584864,3.9557374254318742,34.630693754780864,25.665280396956973,5.864545679381366,-30.69072976540011,-44.037130976188905,2.30846074059758,-6.275374563206867,-6.275374563207154,37.73549326109227,36901.542522118674,15807.068022447294,15807.068022447294,52708.61054456597,76970.81474260203,79179.74052599183,15807.068022447294,94986.80854843912,94986.80854843912,94986.80854843912,119779.98624411617,119779.97085167104,0.015392445131551474,0.0,90794.27930761344,52879.05451639603,42128.02754579712,24793.17769567705,66921.20524147418,18766.466239190504,1450.0,0.0,0.8886468871597879,2.7516753143668824,0.0014947306377116572,1.0,1.0,-6.275374563206867,337366.5919049298,1459188.0146129078,4.325229734140684,1459188.0146129078,4.325229734140684,0.7569205718419318,0.08835953335656248,3.8681107198941813,101325.0,128351.07116782667,1.2667265844345095,1.0,0.0,3.8681107198941813,1.2811426247919997,1.2813222703775986,3.019266274527545,6397.462933702244,15200.501253132832,6472.145438220369,0.0003437521804313134,23472.513038638477,2393.5302104835473,19345.67583081341,1972.7099295695687,0.8241842617775176,0.8241842617775176,34039.77001934863,30484.863174865135,1.147831024115998,0.8,4828.71498905214,4324.433322199387,1.147831024115998,0.8,17892.472591228227,17892.472591228227,1.0,0.8,2034.6934298245008,2034.6934298245008,7.768771349407028,3.9557374254318742,-0.5380985439916639,4.493835969423538,3.5,3.5,1.0,0.6,0.0001402156403791948,0.9999993932174627,0.00014021572545964847,202.95940736945835,0.0,0.0,0.0,0.018730173128198323,4.953803720534593e-05,9.067760317384888e-05,0.0003507510088910755,0.08841935220332907,0.08841935220332907,0.08841935220332907,0.08832956668452079,0.0,0.0,0.0,0.0,0.0,0.0,1.0,1.0,0.0,1.0,1.0,524961.5252174963,583.2482248286076,0.0,0.08841935220332907,0.08835953335656346,0.08835953335656149,0.375,0.375,0.5,3.5501916159591555e-05,2.8421709430404007e-13,2.8421709430404007e-13,2.8421709430404007e-13,2.8421709430404007e-13,2.8421709430404007e-13,2.8421709430404007e-13,24793.17769567705,18766.466239190504,0.7569205718419318,0.7876219556174401,0.5514177813888067,35353.7532153836,15450.0,0.0,0.0,0.0,0.0,0.0,0.0,0.0,0.0,0.0,0.0,0.0,0.0,0.0,0.0,0.0,0.0,0.0,0.0,0.0,0.0,35353.7532153836,15450.0,1.0,0.0,0.0,6.0,0.9,143955.44449186765,23992.574081977942,258.6841232163727,258.6841232163727,-14.465876783627266,240.38717202486248,276.9811249593643,142239.45574841305,142313.7360051896,-74.28025677656339,0.0,nan,276.9811249593643,3.831124959364331,269.66232360069506,-3.4876763993049167,262.3434942837585,-10.806505716241475,255.02469972181285,-18.125300278187126,247.70592470774343,-25.444075292256542,240.38717202486248,-32.7628279751375,1.0,1.0,25732.562594332754,25732.562594332754,276.0295521782371,2.879552178237134,276.0295521782371,276.0295521782371,79004.21379522284,79179.74052599183,-175.52673076899373,0.0,8648.866644398773,8648.866644398773,0.8919127744255805,3887.451273493652,276.0295521782371,2.879552178237134,1.0,0.002,1.0559713598571931,0.0009983494739219097,0.001631891477006523,0.00036281514345438477,0.8159457385032615,0.8159457385032615,0.0,-5.293379539092393e-06,0.9996607270650552,0.9996607270650552,0.0,0.08832955535835024,2.9977998212237913e-05,0.0,0.0,0.0,1600400.5309554383,266.8746254367931,0.0,1.0,1283613.126484116,2601.7528549151534,,,,,,,,,,,,,,,,,9.0,15200.501253132832
2790.0,-34.800943199584864,3.9557374254318742,34.630693754780864,25.665280396956973,5.864545679381366,-30.69072976540011,-44.037130976188905,2.30846074059758,-6.275374563206867,-6.275374563207154,37.73549326109227,36901.542522118674,15807.068022447294,15807.068022447294,52708.61054456597,76970.81474260203,79179.74052599183,15807.068022447294,94986.80854843912,94986.80854843912,94986.80854843912,119779.98624411617,119779.97085167104,0.015392445131551474,0.0,90794.27930761344,52879.05451639603,42128.02754579712,24793.17769567705,66921.20524147418,18766.466239190504,1450.0,0.0,0.8886468871597879,2.7516753143668824,0.0014947306377116572,1.0,1.0,-6.275374563206867,337366.5919049298,1459188.0146129078,4.325229734140684,1459188.0146129078,4.325229734140684,0.7569205718419318,0.08835953335656248,3.8681107198941813,101325.0,128351.07116782667,1.2667265844345095,1.0,0.0,3.8681107198941813,1.2811426247919997,1.2813222703775986,3.019266274527545,6397.462933702244,15200.501253132832,6472.145438220369,0.0003437521804313134,23472.513038638477,2393.5302104835473,19345.67583081341,1972.7099295695687,0.8241842617775176,0.8241842617775176,34039.77001934863,30484.863174865135,1.147831024115998,0.8,4828.71498905214,4324.433322199387,1.147831024115998,0.8,17892.472591228227,17892.472591228227,1.0,0.8,2034.6934298245008,2034.6934298245008,7.768771349407028,3.9557374254318742,-0.5380985439916639,4.493835969423538,3.5,3.5,1.0,0.6,0.0001402156403791948,0.9999993932174627,0.00014021572545964847,202.95940736945835,0.0,0.0,0.0,0.018730173128198323,4.953803720534593e-05,9.067760317384888e-05,0.0003507510088910755,0.08841935220332907,0.08841935220332907,0.08841935220332907,0.08832956668452079,0.0,0.0,0.0,0.0,0.0,0.0,1.0,1.0,0.0,1.0,1.0,524961.5252174963,583.2482248286076,0.0,0.08841935220332907,0.08835953335656346,0.08835953335656149,0.375,0.375,0.5,3.5501916159591555e-05,2.8421709430404007e-13,2.8421709430404007e-13,2.8421709430404007e-13,2.8421709430404007e-13,2.8421709430404007e-13,2.8421709430404007e-13,24793.17769567705,18766.466239190504,0.7569205718419318,0.7876219556174401,0.5514177813888067,35353.7532153836,15450.0,0.0,0.0,0.0,0.0,0.0,0.0,0.0,0.0,0.0,0.0,0.0,0.0,0.0,0.0,0.0,0.0,0.0,0.0,0.0,0.0,35353.7532153836,15450.0,1.0,0.0,0.0,6.0,0.9,143955.44449186765,23992.574081977942,258.6841232163727,258.6841232163727,-14.465876783627266,240.38717202486248,276.9811249593643,142239.45574841305,142313.7360051896,-74.28025677656339,0.0,nan,276.9811249593643,3.831124959364331,269.66232360069506,-3.4876763993049167,262.3434942837585,-10.806505716241475,255.02469972181285,-18.125300278187126,247.70592470774343,-25.444075292256542,240.38717202486248,-32.7628279751375,1.0,1.0,25732.562594332754,25732.562594332754,276.0295521782371,2.879552178237134,276.0295521782371,276.0295521782371,79004.21379522284,79179.74052599183,-175.52673076899373,0.0,8648.866644398773,8648.866644398773,0.8919127744255805,3887.451273493652,276.0295521782371,2.879552178237134,1.0,0.002,1.0559713598571931,0.0009983494739219097,0.001631891477006523,0.00036281514345438477,0.8159457385032615,0.8159457385032615,0.0,-5.293379539092393e-06,0.9996607270650552,0.9996607270650552,0.0,0.08832955535835024,2.9977998212237913e-05,0.0,0.0,0.0,1600400.5309554383,266.8746254367931,0.0,1.0,1283613.126484116,2601.7528549151534,,,,,,,,,,,,,,,,,9.0,15200.501253132832
2820.0,-34.800943199584864,3.9557374254318742,34.630693754780864,25.665280396956973,5.864545679381366,-30.69072976540011,-44.037130976188905,2.30846074059758,-6.275374563206867,-6.275374563207154,37.73549326109227,36901.542522118674,15807.068022447294,15807.068022447294,52708.61054456597,76970.81474260203,79179.74052599183,15807.068022447294,94986.80854843912,94986.80854843912,94986.80854843912,119779.98624411617,119779.97085167104,0.015392445131551474,0.0,90794.27930761344,52879.05451639603,42128.02754579712,24793.17769567705,66921.20524147418,18766.466239190504,1450.0,0.0,0.8886468871597879,2.7516753143668824,0.0014947306377116572,1.0,1.0,-6.275374563206867,337366.5919049298,1459188.0146129078,4.325229734140684,1459188.0146129078,4.325229734140684,0.7569205718419318,0.08835953335656248,3.8681107198941813,101325.0,128351.07116782667,1.2667265844345095,1.0,0.0,3.8681107198941813,1.2811426247919997,1.2813222703775986,3.019266274527545,6397.462933702244,15200.501253132832,6472.145438220369,0.0003437521804313134,23472.513038638477,2393.5302104835473,19345.67583081341,1972.7099295695687,0.8241842617775176,0.8241842617775176,34039.77001934863,30484.863174865135,1.147831024115998,0.8,4828.71498905214,4324.433322199387,1.147831024115998,0.8,17892.472591228227,17892.472591228227,1.0,0.8,2034.6934298245008,2034.6934298245008,7.768771349407028,3.9557374254318742,-0.5380985439916639,4.493835969423538,3.5,3.5,1.0,0.6,0.0001402156403791948,0.9999993932174627,0.00014021572545964847,202.95940736945835,0.0,0.0,0.0,0.018730173128198323,4.953803720534593e-05,9.067760317384888e-05,0.0003507510088910755,0.08841935220332907,0.08841935220332907,0.08841935220332907,0.08832956668452079,0.0,0.0,0.0,0.0,0.0,0.0,1.0,1.0,0.0,1.0,1.0,524961.5252174963,583.2482248286076,0.0,0.08841935220332907,0.08835953335656346,0.08835953335656149,0.375,0.375,0.5,3.5501916159591555e-05,2.8421709430404007e-13,2.8421709430404007e-13,2.8421709430404007e-13,2.8421709430404007e-13,2.8421709430404007e-13,2.8421709430404007e-13,24793.17769567705,18766.466239190504,0.7569205718419318,0.7876219556174401,0.5514177813888067,35353.7532153836,15450.0,0.0,0.0,0.0,0.0,0.0,0.0,0.0,0.0,0.0,0.0,0.0,0.0,0.0,0.0,0.0,0.0,0.0,0.0,0.0,0.0,35353.7532153836,15450.0,1.0,0.0,0.0,6.0,0.9,143955.44449186765,23992.574081977942,258.6841232163727,258.6841232163727,-14.465876783627266,240.38717202486248,276.9811249593643,142239.45574841305,142313.7360051896,-74.28025677656339,0.0,nan,276.9811249593643,3.831124959364331,269.66232360069506,-3.4876763993049167,262.3434942837585,-10.806505716241475,255.02469972181285,-18.125300278187126,247.70592470774343,-25.444075292256542,240.38717202486248,-32.7628279751375,1.0,1.0,25732.562594332754,25732.562594332754,276.0295521782371,2.879552178237134,276.0295521782371,276.0295521782371,79004.21379522284,79179.74052599183,-175.52673076899373,0.0,8648.866644398773,8648.866644398773,0.8919127744255805,3887.451273493652,276.0295521782371,2.879552178237134,1.0,0.002,1.0559713598571931,0.0009983494739219097,0.001631891477006523,0.00036281514345438477,0.8159457385032615,0.8159457385032615,0.0,-5.293379539092393e-06,0.9996607270650552,0.9996607270650552,0.0,0.08832955535835024,2.9977998212237913e-05,0.0,0.0,0.0,1600400.5309554383,266.8746254367931,0.0,1.0,1283613.126484116,2601.7528549151534,,,,,,,,,,,,,,,,,9.0,15200.501253132832
2850.0,-34.800943199584864,3.9557374254318742,34.630693754780864,25.665280396956973,5.864545679381366,-30.69072976540011,-44.037130976188905,2.30846074059758,-6.275374563206867,-6.275374563207154,37.73549326109227,36901.542522118674,15807.068022447294,15807.068022447294,52708.61054456597,76970.81474260203,79179.74052599183,15807.068022447294,94986.80854843912,94986.80854843912,94986.80854843912,119779.98624411617,119779.97085167104,0.015392445131551474,0.0,90794.27930761344,52879.05451639603,42128.02754579712,24793.17769567705,66921.20524147418,18766.466239190504,1450.0,0.0,0.8886468871597879,2.7516753143668824,0.0014947306377116572,1.0,1.0,-6.275374563206867,337366.5919049298,1459188.0146129078,4.325229734140684,1459188.0146129078,4.325229734140684,0.7569205718419318,0.08835953335656248,3.8681107198941813,101325.0,128351.07116782667,1.2667265844345095,1.0,0.0,3.8681107198941813,1.2811426247919997,1.2813222703775986,3.019266274527545,6397.462933702244,15200.501253132832,6472.145438220369,0.0003437521804313134,23472.513038638477,2393.5302104835473,19345.67583081341,1972.7099295695687,0.8241842617775176,0.8241842617775176,34039.77001934863,30484.863174865135,1.147831024115998,0.8,4828.71498905214,4324.433322199387,1.147831024115998,0.8,17892.472591228227,17892.472591228227,1.0,0.8,2034.6934298245008,2034.6934298245008,7.768771349407028,3.9557374254318742,-0.5380985439916639,4.493835969423538,3.5,3.5,1.0,0.6,0.0001402156403791948,0.9999993932174627,0.00014021572545964847,202.95940736945835,0.0,0.0,0.0,0.018730173128198323,4.953803720534593e-05,9.067760317384888e-05,0.0003507510088910755,0.08841935220332907,0.08841935220332907,0.08841935220332907,0.08832956668452079,0.0,0.0,0.0,0.0,0.0,0.0,1.0,1.0,0.0,1.0,1.0,524961.5252174963,583.2482248286076,0.0,0.08841935220332907,0.08835953335656346,0.08835953335656149,0.375,0.375,0.5,3.5501916159591555e-05,2.8421709430404007e-13,2.8421709430404007e-13,2.8421709430404007e-13,2.8421709430404007e-13,2.8421709430404007e-13,2.8421709430404007e-13,24793.17769567705,18766.466239190504,0.7569205718419318,0.7876219556174401,0.5514177813888067,35353.7532153836,15450.0,0.0,0.0,0.0,0.0,0.0,0.0,0.0,0.0,0.0,0.0,0.0,0.0,0.0,0.0,0.0,0.0,0.0,0.0,0.0,0.0,35353.7532153836,15450.0,1.0,0.0,0.0,6.0,0.9,143955.44449186765,23992.574081977942,258.6841232163727,258.6841232163727,-14.465876783627266,240.38717202486248,276.9811249593643,142239.45574841305,142313.7360051896,-74.28025677656339,0.0,nan,276.9811249593643,3.831124959364331,269.66232360069506,-3.4876763993049167,262.3434942837585,-10.806505716241475,255.02469972181285,-18.125300278187126,247.70592470774343,-25.444075292256542,240.38717202486248,-32.7628279751375,1.0,1.0,25732.562594332754,25732.562594332754,276.0295521782371,2.879552178237134,276.0295521782371,276.0295521782371,79004.21379522284,79179.74052599183,-175.52673076899373,0.0,8648.866644398773,8648.866644398773,0.8919127744255805,3887.451273493652,276.0295521782371,2.879552178237134,1.0,0.002,1.0559713598571931,0.0009983494739219097,0.001631891477006523,0.00036281514345438477,0.8159457385032615,0.8159457385032615,0.0,-5.293379539092393e-06,0.9996607270650552,0.9996607270650552,0.0,0.08832955535835024,2.9977998212237913e-05,0.0,0.0,0.0,1600400.5309554383,266.8746254367931,0.0,1.0,1283613.126484116,2601.7528549151534,,,,,,,,,,,,,,,,,9.0,15200.501253132832
2880.0,-34.800943199584864,3.9557374254318742,34.630693754780864,25.665280396956973,5.864545679381366,-30.69072976540011,-44.037130976188905,2.30846074059758,-6.275374563206867,-6.275374563207154,37.73549326109227,36901.542522118674,15807.068022447294,15807.068022447294,52708.61054456597,76970.81474260203,79179.74052599183,15807.068022447294,94986.80854843912,94986.80854843912,94986.80854843912,119779.98624411617,119779.97085167104,0.015392445131551474,0.0,90794.27930761344,52879.05451639603,42128.02754579712,24793.17769567705,66921.20524147418,18766.466239190504,1450.0,0.0,0.8886468871597879,2.7516753143668824,0.0014947306377116572,1.0,1.0,-6.275374563206867,337366.5919049298,1459188.0146129078,4.325229734140684,1459188.0146129078,4.325229734140684,0.7569205718419318,0.08835953335656248,3.8681107198941813,101325.0,128351.07116782667,1.2667265844345095,1.0,0.0,3.8681107198941813,1.2811426247919997,1.2813222703775986,3.019266274527545,6397.462933702244,15200.501253132832,6472.145438220369,0.0003437521804313134,23472.513038638477,2393.5302104835473,19345.67583081341,1972.7099295695687,0.8241842617775176,0.8241842617775176,34039.77001934863,30484.863174865135,1.147831024115998,0.8,4828.71498905214,4324.433322199387,1.147831024115998,0.8,17892.472591228227,17892.472591228227,1.0,0.8,2034.6934298245008,2034.6934298245008,7.768771349407028,3.9557374254318742,-0.5380985439916639,4.493835969423538,3.5,3.5,1.0,0.6,0.0001402156403791948,0.9999993932174627,0.00014021572545964847,202.95940736945835,0.0,0.0,0.0,0.018730173128198323,4.953803720534593e-05,9.067760317384888e-05,0.0003507510088910755,0.08841935220332907,0.08841935220332907,0.08841935220332907,0.08832956668452079,0.0,0.0,0.0,0.0,0.0,0.0,1.0,1.0,0.0,1.0,1.0,524961.5252174963,583.2482248286076,0.0,0.08841935220332907,0.08835953335656346,0.08835953335656149,0.375,0.375,0.5,3.5501916159591555e-05,2.8421709430404007e-13,2.8421709430404007e-13,2.8421709430404007e-13,2.8421709430404007e-13,2.8421709430404007e-13,2.8421709430404007e-13,24793.17769567705,18766.466239190504,0.7569205718419318,0.7876219556174401,0.5514177813888067,35353.7532153836,15450.0,0.0,0.0,0.0,0.0,0.0,0.0,0.0,0.0,0.0,0.0,0.0,0.0,0.0,0.0,0.0,0.0,0.0,0.0,0.0,0.0,35353.7532153836,15450.0,1.0,0.0,0.0,6.0,0.9,143955.44449186765,23992.574081977942,258.6841232163727,258.6841232163727,-14.465876783627266,240.38717202486248,276.9811249593643,142239.45574841305,142313.7360051896,-74.28025677656339,0.0,nan,276.9811249593643,3.831124959364331,269.66232360069506,-3.4876763993049167,262.3434942837585,-10.806505716241475,255.02469972181285,-18.125300278187126,247.70592470774343,-25.444075292256542,240.38717202486248,-32.7628279751375,1.0,1.0,25732.562594332754,25732.562594332754,276.0295521782371,2.879552178237134,276.0295521782371,276.0295521782371,79004.21379522284,79179.74052599183,-175.52673076899373,0.0,8648.866644398773,8648.866644398773,0.8919127744255805,3887.451273493652,276.0295521782371,2.879552178237134,1.0,0.002,1.0559713598571931,0.0009983494739219097,0.001631891477006523,0.00036281514345438477,0.8159457385032615,0.8159457385032615,0.0,-5.293379539092393e-06,0.9996607270650552,0.9996607270650552,0.0,0.08832955535835024,2.9977998212237913e-05,0.0,0.0,0.0,1600400.5309554383,266.8746254367931,0.0,1.0,1283613.126484116,2601.7528549151534,,,,,,,,,,,,,,,,,9.0,15200.501253132832
2910.0,-34.800943199584864,3.9557374254318742,34.630693754780864,25.665280396956973,5.864545679381366,-30.69072976540011,-44.037130976188905,2.30846074059758,-6.275374563206867,-6.275374563207154,37.73549326109227,36901.542522118674,15807.068022447294,15807.068022447294,52708.61054456597,76970.81474260203,79179.74052599183,15807.068022447294,94986.80854843912,94986.80854843912,94986.80854843912,119779.98624411617,119779.97085167104,0.015392445131551474,0.0,90794.27930761344,52879.05451639603,42128.02754579712,24793.17769567705,66921.20524147418,18766.466239190504,1450.0,0.0,0.8886468871597879,2.7516753143668824,0.0014947306377116572,1.0,1.0,-6.275374563206867,337366.5919049298,1459188.0146129078,4.325229734140684,1459188.0146129078,4.325229734140684,0.7569205718419318,0.08835953335656248,3.8681107198941813,101325.0,128351.07116782667,1.2667265844345095,1.0,0.0,3.8681107198941813,1.2811426247919997,1.2813222703775986,3.019266274527545,6397.462933702244,15200.501253132832,6472.145438220369,0.0003437521804313134,23472.513038638477,2393.5302104835473,19345.67583081341,1972.7099295695687,0.8241842617775176,0.8241842617775176,34039.77001934863,30484.863174865135,1.147831024115998,0.8,4828.71498905214,4324.433322199387,1.147831024115998,0.8,17892.472591228227,17892.472591228227,1.0,0.8,2034.6934298245008,2034.6934298245008,7.768771349407028,3.9557374254318742,-0.5380985439916639,4.493835969423538,3.5,3.5,1.0,0.6,0.0001402156403791948,0.9999993932174627,0.00014021572545964847,202.95940736945835,0.0,0.0,0.0,0.018730173128198323,4.953803720534593e-05,9.067760317384888e-05,0.0003507510088910755,0.08841935220332907,0.08841935220332907,0.08841935220332907,0.08832956668452079,0.0,0.0,0.0,0.0,0.0,0.0,1.0,1.0,0.0,1.0,1.0,524961.5252174963,583.2482248286076,0.0,0.08841935220332907,0.08835953335656346,0.08835953335656149,0.375,0.375,0.5,3.5501916159591555e-05,2.8421709430404007e-13,2.8421709430404007e-13,2.8421709430404007e-13,2.8421709430404007e-13,2.8421709430404007e-13,2.8421709430404007e-13,24793.17769567705,18766.466239190504,0.7569205718419318,0.7876219556174401,0.5514177813888067,35353.7532153836,15450.0,0.0,0.0,0.0,0.0,0.0,0.0,0.0,0.0,0.0,0.0,0.0,0.0,0.0,0.0,0.0,0.0,0.0,0.0,0.0,0.0,35353.7532153836,15450.0,1.0,0.0,0.0,6.0,0.9,143955.44449186765,23992.574081977942,258.6841232163727,258.6841232163727,-14.465876783627266,240.38717202486248,276.9811249593643,142239.45574841305,142313.7360051896,-74.28025677656339,0.0,nan,276.9811249593643,3.831124959364331,269.66232360069506,-3.4876763993049167,262.3434942837585,-10.806505716241475,255.02469972181285,-18.125300278187126,247.70592470774343,-25.444075292256542,240.38717202486248,-32.7628279751375,1.0,1.0,25732.562594332754,25732.562594332754,276.0295521782371,2.879552178237134,276.0295521782371,276.0295521782371,79004.21379522284,79179.74052599183,-175.52673076899373,0.0,8648.866644398773,8648.866644398773,0.8919127744255805,3887.451273493652,276.0295521782371,2.879552178237134,1.0,0.002,1.0559713598571931,0.0009983494739219097,0.001631891477006523,0.00036281514345438477,0.8159457385032615,0.8159457385032615,0.0,-5.293379539092393e-06,0.9996607270650552,0.9996607270650552,0.0,0.08832955535835024,2.9977998212237913e-05,0.0,0.0,0.0,1600400.5309554383,266.8746254367931,0.0,1.0,1283613.126484116,2601.7528549151534,,,,,,,,,,,,,,,,,9.0,15200.501253132832
2940.0,-34.800943199584864,3.9557374254318742,34.630693754780864,25.665280396956973,5.864545679381366,-30.69072976540011,-44.037130976188905,2.30846074059758,-6.275374563206867,-6.275374563207154,37.73549326109227,36901.542522118674,15807.068022447294,15807.068022447294,52708.61054456597,76970.81474260203,79179.74052599183,15807.068022447294,94986.80854843912,94986.80854843912,94986.80854843912,119779.98624411617,119779.97085167104,0.015392445131551474,0.0,90794.27930761344,52879.05451639603,42128.02754579712,24793.17769567705,66921.20524147418,18766.466239190504,1450.0,0.0,0.8886468871597879,2.7516753143668824,0.0014947306377116572,1.0,1.0,-6.275374563206867,337366.5919049298,1459188.0146129078,4.325229734140684,1459188.0146129078,4.325229734140684,0.7569205718419318,0.08835953335656248,3.8681107198941813,101325.0,128351.07116782667,1.2667265844345095,1.0,0.0,3.8681107198941813,1.2811426247919997,1.2813222703775986,3.019266274527545,6397.462933702244,15200.501253132832,6472.145438220369,0.0003437521804313134,23472.513038638477,2393.5302104835473,19345.67583081341,1972.7099295695687,0.8241842617775176,0.8241842617775176,34039.77001934863,30484.863174865135,1.147831024115998,0.8,4828.71498905214,4324.433322199387,1.147831024115998,0.8,17892.472591228227,17892.472591228227,1.0,0.8,2034.6934298245008,2034.6934298245008,7.768771349407028,3.9557374254318742,-0.5380985439916639,4.493835969423538,3.5,3.5,1.0,0.6,0.0001402156403791948,0.9999993932174627,0.00014021572545964847,202.95940736945835,0.0,0.0,0.0,0.018730173128198323,4.953803720534593e-05,9.067760317384888e-05,0.0003507510088910755,0.08841935220332907,0.08841935220332907,0.08841935220332907,0.08832956668452079,0.0,0.0,0.0,0.0,0.0,0.0,1.0,1.0,0.0,1.0,1.0,524961.5252174963,583.2482248286076,0.0,0.08841935220332907,0.08835953335656346,0.08835953335656149,0.375,0.375,0.5,3.5501916159591555e-05,2.8421709430404007e-13,2.8421709430404007e-13,2.8421709430404007e-13,2.8421709430404007e-13,2.8421709430404007e-13,2.8421709430404007e-13,24793.17769567705,18766.466239190504,0.7569205718419318,0.7876219556174401,0.5514177813888067,35353.7532153836,15450.0,0.0,0.0,0.0,0.0,0.0,0.0,0.0,0.0,0.0,0.0,0.0,0.0,0.0,0.0,0.0,0.0,0.0,0.0,0.0,0.0,35353.7532153836,15450.0,1.0,0.0,0.0,6.0,0.9,143955.44449186765,23992.574081977942,258.6841232163727,258.6841232163727,-14.465876783627266,240.38717202486248,276.9811249593643,142239.45574841305,142313.7360051896,-74.28025677656339,0.0,nan,276.9811249593643,3.831124959364331,269.66232360069506,-3.4876763993049167,262.3434942837585,-10.806505716241475,255.02469972181285,-18.125300278187126,247.70592470774343,-25.444075292256542,240.38717202486248,-32.7628279751375,1.0,1.0,25732.562594332754,25732.562594332754,276.0295521782371,2.879552178237134,276.0295521782371,276.0295521782371,79004.21379522284,79179.74052599183,-175.52673076899373,0.0,8648.866644398773,8648.866644398773,0.8919127744255805,3887.451273493652,276.0295521782371,2.879552178237134,1.0,0.002,1.0559713598571931,0.0009983494739219097,0.001631891477006523,0.00036281514345438477,0.8159457385032615,0.8159457385032615,0.0,-5.293379539092393e-06,0.9996607270650552,0.9996607270650552,0.0,0.08832955535835024,2.9977998212237913e-05,0.0,0.0,0.0,1600400.5309554383,266.8746254367931,0.0,1.0,1283613.126484116,2601.7528549151534,,,,,,,,,,,,,,,,,9.0,15200.501253132832
2970.0,-34.800943199584864,3.9557374254318742,34.630693754780864,25.665280396956973,5.864545679381366,-30.69072976540011,-44.037130976188905,2.30846074059758,-6.275374563206867,-6.275374563207154,37.73549326109227,36901.542522118674,15807.068022447294,15807.068022447294,52708.61054456597,76970.81474260203,79179.74052599183,15807.068022447294,94986.80854843912,94986.80854843912,94986.80854843912,119779.98624411617,119779.97085167104,0.015392445131551474,0.0,90794.27930761344,52879.05451639603,42128.02754579712,24793.17769567705,66921.20524147418,18766.466239190504,1450.0,0.0,0.8886468871597879,2.7516753143668824,0.0014947306377116572,1.0,1.0,-6.275374563206867,337366.5919049298,1459188.0146129078,4.325229734140684,1459188.0146129078,4.325229734140684,0.7569205718419318,0.08835953335656248,3.8681107198941813,101325.0,128351.07116782667,1.2667265844345095,1.0,0.0,3.8681107198941813,1.2811426247919997,1.2813222703775986,3.019266274527545,6397.462933702244,15200.501253132832,6472.145438220369,0.0003437521804313134,23472.513038638477,2393.5302104835473,19345.67583081341,1972.7099295695687,0.8241842617775176,0.8241842617775176,34039.77001934863,30484.863174865135,1.147831024115998,0.8,4828.71498905214,4324.433322199387,1.147831024115998,0.8,17892.472591228227,17892.472591228227,1.0,0.8,2034.6934298245008,2034.6934298245008,7.768771349407028,3.9557374254318742,-0.5380985439916639,4.493835969423538,3.5,3.5,1.0,0.6,0.0001402156403791948,0.9999993932174627,0.00014021572545964847,202.95940736945835,0.0,0.0,0.0,0.018730173128198323,4.953803720534593e-05,9.067760317384888e-05,0.0003507510088910755,0.08841935220332907,0.08841935220332907,0.08841935220332907,0.08832956668452079,0.0,0.0,0.0,0.0,0.0,0.0,1.0,1.0,0.0,1.0,1.0,524961.5252174963,583.2482248286076,0.0,0.08841935220332907,0.08835953335656346,0.08835953335656149,0.375,0.375,0.5,3.5501916159591555e-05,2.8421709430404007e-13,2.8421709430404007e-13,2.8421709430404007e-13,2.8421709430404007e-13,2.8421709430404007e-13,2.8421709430404007e-13,24793.17769567705,18766.466239190504,0.7569205718419318,0.7876219556174401,0.5514177813888067,35353.7532153836,15450.0,0.0,0.0,0.0,0.0,0.0,0.0,0.0,0.0,0.0,0.0,0.0,0.0,0.0,0.0,0.0,0.0,0.0,0.0,0.0,0.0,35353.7532153836,15450.0,1.0,0.0,0.0,6.0,0.9,143955.44449186765,23992.574081977942,258.6841232163727,258.6841232163727,-14.465876783627266,240.38717202486248,276.9811249593643,142239.45574841305,142313.7360051896,-74.28025677656339,0.0,nan,276.9811249593643,3.831124959364331,269.66232360069506,-3.4876763993049167,262.3434942837585,-10.806505716241475,255.02469972181285,-18.125300278187126,247.70592470774343,-25.444075292256542,240.38717202486248,-32.7628279751375,1.0,1.0,25732.562594332754,25732.562594332754,276.0295521782371,2.879552178237134,276.0295521782371,276.0295521782371,79004.21379522284,79179.74052599183,-175.52673076899373,0.0,8648.866644398773,8648.866644398773,0.8919127744255805,3887.451273493652,276.0295521782371,2.879552178237134,1.0,0.002,1.0559713598571931,0.0009983494739219097,0.001631891477006523,0.00036281514345438477,0.8159457385032615,0.8159457385032615,0.0,-5.293379539092393e-06,0.9996607270650552,0.9996607270650552,0.0,0.08832955535835024,2.9977998212237913e-05,0.0,0.0,0.0,1600400.5309554383,266.8746254367931,0.0,1.0,1283613.126484116,2601.7528549151534,,,,,,,,,,,,,,,,,9.0,15200.501253132832
3000.0,-34.800943199584864,3.9557374254318742,34.630693754780864,25.665280396956973,5.864545679381366,-30.69072976540011,-44.037130976188905,2.30846074059758,-6.275374563206867,-6.275374563207154,37.73549326109227,36901.542522118674,15807.068022447294,15807.068022447294,52708.61054456597,76970.81474260203,79179.74052599183,15807.068022447294,94986.80854843912,94986.80854843912,94986.80854843912,119779.98624411617,119779.97085167104,0.015392445131551474,0.0,90794.27930761344,52879.05451639603,42128.02754579712,24793.17769567705,66921.20524147418,18766.466239190504,1450.0,0.0,0.8886468871597879,2.7516753143668824,0.0014947306377116572,1.0,1.0,-6.275374563206867,337366.5919049298,1459188.0146129078,4.325229734140684,1459188.0146129078,4.325229734140684,0.7569205718419318,0.08835953335656248,3.8681107198941813,101325.0,128351.07116782667,1.2667265844345095,1.0,0.0,3.8681107198941813,1.2811426247919997,1.2813222703775986,3.019266274527545,6397.462933702244,15200.501253132832,6472.145438220369,0.0003437521804313134,23472.513038638477,2393.5302104835473,19345.67583081341,1972.7099295695687,0.8241842617775176,0.8241842617775176,34039.77001934863,30484.863174865135,1.147831024115998,0.8,4828.71498905214,4324.433322199387,1.147831024115998,0.8,17892.472591228227,17892.472591228227,1.0,0.8,2034.6934298245008,2034.6934298245008,7.768771349407028,3.9557374254318742,-0.5380985439916639,4.493835969423538,3.5,3.5,1.0,0.6,0.0001402156403791948,0.9999993932174627,0.00014021572545964847,202.95940736945835,0.0,0.0,0.0,0.018730173128198323,4.953803720534593e-05,9.067760317384888e-05,0.0003507510088910755,0.08841935220332907,0.08841935220332907,0.08841935220332907,0.08832956668452079,0.0,0.0,0.0,0.0,0.0,0.0,1.0,1.0,0.0,1.0,1.0,524961.5252174963,583.2482248286076,0.0,0.08841935220332907,0.08835953335656346,0.08835953335656149,0.375,0.375,0.5,3.5501916159591555e-05,2.8421709430404007e-13,2.8421709430404007e-13,2.8421709430404007e-13,2.8421709430404007e-13,2.8421709430404007e-13,2.8421709430404007e-13,24793.17769567705,18766.466239190504,0.7569205718419318,0.7876219556174401,0.5514177813888067,35353.7532153836,15450.0,0.0,0.0,0.0,0.0,0.0,0.0,0.0,0.0,0.0,0.0,0.0,0.0,0.0,0.0,0.0,0.0,0.0,0.0,0.0,0.0,35353.7532153836,15450.0,1.0,0.0,0.0,6.0,0.9,143955.44449186765,23992.574081977942,258.6841232163727,258.6841232163727,-14.465876783627266,240.38717202486248,276.9811249593643,142239.45574841305,142313.7360051896,-74.28025677656339,0.0,nan,276.9811249593643,3.831124959364331,269.66232360069506,-3.4876763993049167,262.3434942837585,-10.806505716241475,255.02469972181285,-18.125300278187126,247.70592470774343,-25.444075292256542,240.38717202486248,-32.7628279751375,1.0,1.0,25732.562594332754,25732.562594332754,276.0295521782371,2.879552178237134,276.0295521782371,276.0295521782371,79004.21379522284,79179.74052599183,-175.52673076899373,0.0,8648.866644398773,8648.866644398773,0.8919127744255805,3887.451273493652,276.0295521782371,2.879552178237134,1.0,0.002,1.0559713598571931,0.0009983494739219097,0.001631891477006523,0.00036281514345438477,0.8159457385032615,0.8159457385032615,0.0,-5.293379539092393e-06,0.9996607270650552,0.9996607270650552,0.0,0.08832955535835024,2.9977998212237913e-05,0.0,0.0,0.0,1600400.5309554383,266.8746254367931,0.0,1.0,1283613.126484116,2601.7528549151534,,,,,,,,,,,,,,,,,9.0,15200.501253132832
3030.0,-34.800943199584864,3.9557374254318742,34.630693754780864,25.665280396956973,5.864545679381366,-30.69072976540011,-44.037130976188905,2.30846074059758,-6.275374563206867,-6.275374563207154,37.73549326109227,36901.542522118674,15807.068022447294,15807.068022447294,52708.61054456597,76970.81474260203,79179.74052599183,15807.068022447294,94986.80854843912,94986.80854843912,94986.80854843912,119779.98624411617,119779.97085167104,0.015392445131551474,0.0,90794.27930761344,52879.05451639603,42128.02754579712,24793.17769567705,66921.20524147418,18766.466239190504,1450.0,0.0,0.8886468871597879,2.7516753143668824,0.0014947306377116572,1.0,1.0,-6.275374563206867,337366.5919049298,1459188.0146129078,4.325229734140684,1459188.0146129078,4.325229734140684,0.7569205718419318,0.08835953335656248,3.8681107198941813,101325.0,128351.07116782667,1.2667265844345095,1.0,0.0,3.8681107198941813,1.2811426247919997,1.2813222703775986,3.019266274527545,6397.462933702244,15200.501253132832,6472.145438220369,0.0003437521804313134,23472.513038638477,2393.5302104835473,19345.67583081341,1972.7099295695687,0.8241842617775176,0.8241842617775176,34039.77001934863,30484.863174865135,1.147831024115998,0.8,4828.71498905214,4324.433322199387,1.147831024115998,0.8,17892.472591228227,17892.472591228227,1.0,0.8,2034.6934298245008,2034.6934298245008,7.768771349407028,3.9557374254318742,-0.5380985439916639,4.493835969423538,3.5,3.5,1.0,0.6,0.0001402156403791948,0.9999993932174627,0.00014021572545964847,202.95940736945835,0.0,0.0,0.0,0.018730173128198323,4.953803720534593e-05,9.067760317384888e-05,0.0003507510088910755,0.08841935220332907,0.08841935220332907,0.08841935220332907,0.08832956668452079,0.0,0.0,0.0,0.0,0.0,0.0,1.0,1.0,0.0,1.0,1.0,524961.5252174963,583.2482248286076,0.0,0.08841935220332907,0.08835953335656346,0.08835953335656149,0.375,0.375,0.5,3.5501916159591555e-05,2.8421709430404007e-13,2.8421709430404007e-13,2.8421709430404007e-13,2.8421709430404007e-13,2.8421709430404007e-13,2.8421709430404007e-13,24793.17769567705,18766.466239190504,0.7569205718419318,0.7876219556174401,0.5514177813888067,35353.7532153836,15450.0,0.0,0.0,0.0,0.0,0.0,0.0,0.0,0.0,0.0,0.0,0.0,0.0,0.0,0.0,0.0,0.0,0.0,0.0,0.0,0.0,35353.7532153836,15450.0,1.0,0.0,0.0,6.0,0.9,143955.44449186765,23992.574081977942,258.6841232163727,258.6841232163727,-14.465876783627266,240.38717202486248,276.9811249593643,142239.45574841305,142313.7360051896,-74.28025677656339,0.0,nan,276.9811249593643,3.831124959364331,269.66232360069506,-3.4876763993049167,262.3434942837585,-10.806505716241475,255.02469972181285,-18.125300278187126,247.70592470774343,-25.444075292256542,240.38717202486248,-32.7628279751375,1.0,1.0,25732.562594332754,25732.562594332754,276.0295521782371,2.879552178237134,276.0295521782371,276.0295521782371,79004.21379522284,79179.74052599183,-175.52673076899373,0.0,8648.866644398773,8648.866644398773,0.8919127744255805,3887.451273493652,276.0295521782371,2.879552178237134,1.0,0.002,1.0559713598571931,0.0009983494739219097,0.001631891477006523,0.00036281514345438477,0.8159457385032615,0.8159457385032615,0.0,-5.293379539092393e-06,0.9996607270650552,0.9996607270650552,0.0,0.08832955535835024,2.9977998212237913e-05,0.0,0.0,0.0,1600400.5309554383,266.8746254367931,0.0,1.0,1283613.126484116,2601.7528549151534,,,,,,,,,,,,,,,,,9.0,15200.501253132832
3060.0,-34.800943199584864,3.9557374254318742,34.630693754780864,25.665280396956973,5.864545679381366,-30.69072976540011,-44.037130976188905,2.30846074059758,-6.275374563206867,-6.275374563207154,37.73549326109227,36901.542522118674,15807.068022447294,15807.068022447294,52708.61054456597,76970.81474260203,79179.74052599183,15807.068022447294,94986.80854843912,94986.80854843912,94986.80854843912,119779.98624411617,119779.97085167104,0.015392445131551474,0.0,90794.27930761344,52879.05451639603,42128.02754579712,24793.17769567705,66921.20524147418,18766.466239190504,1450.0,0.0,0.8886468871597879,2.7516753143668824,0.0014947306377116572,1.0,1.0,-6.275374563206867,337366.5919049298,1459188.0146129078,4.325229734140684,1459188.0146129078,4.325229734140684,0.7569205718419318,0.08835953335656248,3.8681107198941813,101325.0,128351.07116782667,1.2667265844345095,1.0,0.0,3.8681107198941813,1.2811426247919997,1.2813222703775986,3.019266274527545,6397.462933702244,15200.501253132832,6472.145438220369,0.0003437521804313134,23472.513038638477,2393.5302104835473,19345.67583081341,1972.7099295695687,0.8241842617775176,0.8241842617775176,34039.77001934863,30484.863174865135,1.147831024115998,0.8,4828.71498905214,4324.433322199387,1.147831024115998,0.8,17892.472591228227,17892.472591228227,1.0,0.8,2034.6934298245008,2034.6934298245008,7.768771349407028,3.9557374254318742,-0.5380985439916639,4.493835969423538,3.5,3.5,1.0,0.6,0.0001402156403791948,0.9999993932174627,0.00014021572545964847,202.95940736945835,0.0,0.0,0.0,0.018730173128198323,4.953803720534593e-05,9.067760317384888e-05,0.0003507510088910755,0.08841935220332907,0.08841935220332907,0.08841935220332907,0.08832956668452079,0.0,0.0,0.0,0.0,0.0,0.0,1.0,1.0,0.0,1.0,1.0,524961.5252174963,583.2482248286076,0.0,0.08841935220332907,0.08835953335656346,0.08835953335656149,0.375,0.375,0.5,3.5501916159591555e-05,2.8421709430404007e-13,2.8421709430404007e-13,2.8421709430404007e-13,2.8421709430404007e-13,2.8421709430404007e-13,2.8421709430404007e-13,24793.17769567705,18766.466239190504,0.7569205718419318,0.7876219556174401,0.5514177813888067,35353.7532153836,15450.0,0.0,0.0,0.0,0.0,0.0,0.0,0.0,0.0,0.0,0.0,0.0,0.0,0.0,0.0,0.0,0.0,0.0,0.0,0.0,0.0,35353.7532153836,15450.0,1.0,0.0,0.0,6.0,0.9,143955.44449186765,23992.574081977942,258.6841232163727,258.6841232163727,-14.465876783627266,240.38717202486248,276.9811249593643,142239.45574841305,142313.7360051896,-74.28025677656339,0.0,nan,276.9811249593643,3.831124959364331,269.66232360069506,-3.4876763993049167,262.3434942837585,-10.806505716241475,255.02469972181285,-18.125300278187126,247.70592470774343,-25.444075292256542,240.38717202486248,-32.7628279751375,1.0,1.0,25732.562594332754,25732.562594332754,276.0295521782371,2.879552178237134,276.0295521782371,276.0295521782371,79004.21379522284,79179.74052599183,-175.52673076899373,0.0,8648.866644398773,8648.866644398773,0.8919127744255805,3887.451273493652,276.0295521782371,2.879552178237134,1.0,0.002,1.0559713598571931,0.0009983494739219097,0.001631891477006523,0.00036281514345438477,0.8159457385032615,0.8159457385032615,0.0,-5.293379539092393e-06,0.9996607270650552,0.9996607270650552,0.0,0.08832955535835024,2.9977998212237913e-05,0.0,0.0,0.0,1600400.5309554383,266.8746254367931,0.0,1.0,1283613.126484116,2601.7528549151534,,,,,,,,,,,,,,,,,9.0,15200.501253132832
3090.0,-34.800943199584864,3.9557374254318742,34.630693754780864,25.665280396956973,5.864545679381366,-30.69072976540011,-44.037130976188905,2.30846074059758,-6.275374563206867,-6.275374563207154,37.73549326109227,36901.542522118674,15807.068022447294,15807.068022447294,52708.61054456597,76970.81474260203,79179.74052599183,15807.068022447294,94986.80854843912,94986.80854843912,94986.80854843912,119779.98624411617,119779.97085167104,0.015392445131551474,0.0,90794.27930761344,52879.05451639603,42128.02754579712,24793.17769567705,66921.20524147418,18766.466239190504,1450.0,0.0,0.8886468871597879,2.7516753143668824,0.0014947306377116572,1.0,1.0,-6.275374563206867,337366.5919049298,1459188.0146129078,4.325229734140684,1459188.0146129078,4.325229734140684,0.7569205718419318,0.08835953335656248,3.8681107198941813,101325.0,128351.07116782667,1.2667265844345095,1.0,0.0,3.8681107198941813,1.2811426247919997,1.2813222703775986,3.019266274527545,6397.462933702244,15200.501253132832,6472.145438220369,0.0003437521804313134,23472.513038638477,2393.5302104835473,19345.67583081341,1972.7099295695687,0.8241842617775176,0.8241842617775176,34039.77001934863,30484.863174865135,1.147831024115998,0.8,4828.71498905214,4324.433322199387,1.147831024115998,0.8,17892.472591228227,17892.472591228227,1.0,0.8,2034.6934298245008,2034.6934298245008,7.768771349407028,3.9557374254318742,-0.5380985439916639,4.493835969423538,3.5,3.5,1.0,0.6,0.0001402156403791948,0.9999993932174627,0.00014021572545964847,202.95940736945835,0.0,0.0,0.0,0.018730173128198323,4.953803720534593e-05,9.067760317384888e-05,0.0003507510088910755,0.08841935220332907,0.08841935220332907,0.08841935220332907,0.08832956668452079,0.0,0.0,0.0,0.0,0.0,0.0,1.0,1.0,0.0,1.0,1.0,524961.5252174963,583.2482248286076,0.0,0.08841935220332907,0.08835953335656346,0.08835953335656149,0.375,0.375,0.5,3.5501916159591555e-05,2.8421709430404007e-13,2.8421709430404007e-13,2.8421709430404007e-13,2.8421709430404007e-13,2.8421709430404007e-13,2.8421709430404007e-13,24793.17769567705,18766.466239190504,0.7569205718419318,0.7876219556174401,0.5514177813888067,35353.7532153836,15450.0,0.0,0.0,0.0,0.0,0.0,0.0,0.0,0.0,0.0,0.0,0.0,0.0,0.0,0.0,0.0,0.0,0.0,0.0,0.0,0.0,35353.7532153836,15450.0,1.0,0.0,0.0,6.0,0.9,143955.44449186765,23992.574081977942,258.6841232163727,258.6841232163727,-14.465876783627266,240.38717202486248,276.9811249593643,142239.45574841305,142313.7360051896,-74.28025677656339,0.0,nan,276.9811249593643,3.831124959364331,269.66232360069506,-3.4876763993049167,262.3434942837585,-10.806505716241475,255.02469972181285,-18.125300278187126,247.70592470774343,-25.444075292256542,240.38717202486248,-32.7628279751375,1.0,1.0,25732.562594332754,25732.562594332754,276.0295521782371,2.879552178237134,276.0295521782371,276.0295521782371,79004.21379522284,79179.74052599183,-175.52673076899373,0.0,8648.866644398773,8648.866644398773,0.8919127744255805,3887.451273493652,276.0295521782371,2.879552178237134,1.0,0.002,1.0559713598571931,0.0009983494739219097,0.001631891477006523,0.00036281514345438477,0.8159457385032615,0.8159457385032615,0.0,-5.293379539092393e-06,0.9996607270650552,0.9996607270650552,0.0,0.08832955535835024,2.9977998212237913e-05,0.0,0.0,0.0,1600400.5309554383,266.8746254367931,0.0,1.0,1283613.126484116,2601.7528549151534,,,,,,,,,,,,,,,,,9.0,15200.501253132832
3120.0,-34.800943199584864,3.9557374254318742,34.630693754780864,25.665280396956973,5.864545679381366,-30.69072976540011,-44.037130976188905,2.30846074059758,-6.275374563206867,-6.275374563207154,37.73549326109227,36901.542522118674,15807.068022447294,15807.068022447294,52708.61054456597,76970.81474260203,79179.74052599183,15807.068022447294,94986.80854843912,94986.80854843912,94986.80854843912,119779.98624411617,119779.97085167104,0.015392445131551474,0.0,90794.27930761344,52879.05451639603,42128.02754579712,24793.17769567705,66921.20524147418,18766.466239190504,1450.0,0.0,0.8886468871597879,2.7516753143668824,0.0014947306377116572,1.0,1.0,-6.275374563206867,337366.5919049298,1459188.0146129078,4.325229734140684,1459188.0146129078,4.325229734140684,0.7569205718419318,0.08835953335656248,3.8681107198941813,101325.0,128351.07116782667,1.2667265844345095,1.0,0.0,3.8681107198941813,1.2811426247919997,1.2813222703775986,3.019266274527545,6397.462933702244,15200.501253132832,6472.145438220369,0.0003437521804313134,23472.513038638477,2393.5302104835473,19345.67583081341,1972.7099295695687,0.8241842617775176,0.8241842617775176,34039.77001934863,30484.863174865135,1.147831024115998,0.8,4828.71498905214,4324.433322199387,1.147831024115998,0.8,17892.472591228227,17892.472591228227,1.0,0.8,2034.6934298245008,2034.6934298245008,7.768771349407028,3.9557374254318742,-0.5380985439916639,4.493835969423538,3.5,3.5,1.0,0.6,0.0001402156403791948,0.9999993932174627,0.00014021572545964847,202.95940736945835,0.0,0.0,0.0,0.018730173128198323,4.953803720534593e-05,9.067760317384888e-05,0.0003507510088910755,0.08841935220332907,0.08841935220332907,0.08841935220332907,0.08832956668452079,0.0,0.0,0.0,0.0,0.0,0.0,1.0,1.0,0.0,1.0,1.0,524961.5252174963,583.2482248286076,0.0,0.08841935220332907,0.08835953335656346,0.08835953335656149,0.375,0.375,0.5,3.5501916159591555e-05,2.8421709430404007e-13,2.8421709430404007e-13,2.8421709430404007e-13,2.8421709430404007e-13,2.8421709430404007e-13,2.8421709430404007e-13,24793.17769567705,18766.466239190504,0.7569205718419318,0.7876219556174401,0.5514177813888067,35353.7532153836,15450.0,0.0,0.0,0.0,0.0,0.0,0.0,0.0,0.0,0.0,0.0,0.0,0.0,0.0,0.0,0.0,0.0,0.0,0.0,0.0,0.0,35353.7532153836,15450.0,1.0,0.0,0.0,6.0,0.9,143955.44449186765,23992.574081977942,258.6841232163727,258.6841232163727,-14.465876783627266,240.38717202486248,276.9811249593643,142239.45574841305,142313.7360051896,-74.28025677656339,0.0,nan,276.9811249593643,3.831124959364331,269.66232360069506,-3.4876763993049167,262.3434942837585,-10.806505716241475,255.02469972181285,-18.125300278187126,247.70592470774343,-25.444075292256542,240.38717202486248,-32.7628279751375,1.0,1.0,25732.562594332754,25732.562594332754,276.0295521782371,2.879552178237134,276.0295521782371,276.0295521782371,79004.21379522284,79179.74052599183,-175.52673076899373,0.0,8648.866644398773,8648.866644398773,0.8919127744255805,3887.451273493652,276.0295521782371,2.879552178237134,1.0,0.002,1.0559713598571931,0.0009983494739219097,0.001631891477006523,0.00036281514345438477,0.8159457385032615,0.8159457385032615,0.0,-5.293379539092393e-06,0.9996607270650552,0.9996607270650552,0.0,0.08832955535835024,2.9977998212237913e-05,0.0,0.0,0.0,1600400.5309554383,266.8746254367931,0.0,1.0,1283613.126484116,2601.7528549151534,,,,,,,,,,,,,,,,,9.0,15200.501253132832
3150.0,-34.800943199584864,3.9557374254318742,34.630693754780864,25.665280396956973,5.864545679381366,-30.69072976540011,-44.037130976188905,2.30846074059758,-6.275374563206867,-6.275374563207154,37.73549326109227,36901.542522118674,15807.068022447294,15807.068022447294,52708.61054456597,76970.81474260203,79179.74052599183,15807.068022447294,94986.80854843912,94986.80854843912,94986.80854843912,119779.98624411617,119779.97085167104,0.015392445131551474,0.0,90794.27930761344,52879.05451639603,42128.02754579712,24793.17769567705,66921.20524147418,18766.466239190504,1450.0,0.0,0.8886468871597879,2.7516753143668824,0.0014947306377116572,1.0,1.0,-6.275374563206867,337366.5919049298,1459188.0146129078,4.325229734140684,1459188.0146129078,4.325229734140684,0.7569205718419318,0.08835953335656248,3.8681107198941813,101325.0,128351.07116782667,1.2667265844345095,1.0,0.0,3.8681107198941813,1.2811426247919997,1.2813222703775986,3.019266274527545,6397.462933702244,15200.501253132832,6472.145438220369,0.0003437521804313134,23472.513038638477,2393.5302104835473,19345.67583081341,1972.7099295695687,0.8241842617775176,0.8241842617775176,34039.77001934863,30484.863174865135,1.147831024115998,0.8,4828.71498905214,4324.433322199387,1.147831024115998,0.8,17892.472591228227,17892.472591228227,1.0,0.8,2034.6934298245008,2034.6934298245008,7.768771349407028,3.9557374254318742,-0.5380985439916639,4.493835969423538,3.5,3.5,1.0,0.6,0.0001402156403791948,0.9999993932174627,0.00014021572545964847,202.95940736945835,0.0,0.0,0.0,0.018730173128198323,4.953803720534593e-05,9.067760317384888e-05,0.0003507510088910755,0.08841935220332907,0.08841935220332907,0.08841935220332907,0.08832956668452079,0.0,0.0,0.0,0.0,0.0,0.0,1.0,1.0,0.0,1.0,1.0,524961.5252174963,583.2482248286076,0.0,0.08841935220332907,0.08835953335656346,0.08835953335656149,0.375,0.375,0.5,3.5501916159591555e-05,2.8421709430404007e-13,2.8421709430404007e-13,2.8421709430404007e-13,2.8421709430404007e-13,2.8421709430404007e-13,2.8421709430404007e-13,24793.17769567705,18766.466239190504,0.7569205718419318,0.7876219556174401,0.5514177813888067,35353.7532153836,15450.0,0.0,0.0,0.0,0.0,0.0,0.0,0.0,0.0,0.0,0.0,0.0,0.0,0.0,0.0,0.0,0.0,0.0,0.0,0.0,0.0,35353.7532153836,15450.0,1.0,0.0,0.0,6.0,0.9,143955.44449186765,23992.574081977942,258.6841232163727,258.6841232163727,-14.465876783627266,240.38717202486248,276.9811249593643,142239.45574841305,142313.7360051896,-74.28025677656339,0.0,nan,276.9811249593643,3.831124959364331,269.66232360069506,-3.4876763993049167,262.3434942837585,-10.806505716241475,255.02469972181285,-18.125300278187126,247.70592470774343,-25.444075292256542,240.38717202486248,-32.7628279751375,1.0,1.0,25732.562594332754,25732.562594332754,276.0295521782371,2.879552178237134,276.0295521782371,276.0295521782371,79004.21379522284,79179.74052599183,-175.52673076899373,0.0,8648.866644398773,8648.866644398773,0.8919127744255805,3887.451273493652,276.0295521782371,2.879552178237134,1.0,0.002,1.0559713598571931,0.0009983494739219097,0.001631891477006523,0.00036281514345438477,0.8159457385032615,0.8159457385032615,0.0,-5.293379539092393e-06,0.9996607270650552,0.9996607270650552,0.0,0.08832955535835024,2.9977998212237913e-05,0.0,0.0,0.0,1600400.5309554383,266.8746254367931,0.0,1.0,1283613.126484116,2601.7528549151534,,,,,,,,,,,,,,,,,9.0,15200.501253132832
3180.0,-34.800943199584864,3.9557374254318742,34.630693754780864,25.665280396956973,5.864545679381366,-30.69072976540011,-44.037130976188905,2.30846074059758,-6.275374563206867,-6.275374563207154,37.73549326109227,36901.542522118674,15807.068022447294,15807.068022447294,52708.61054456597,76970.81474260203,79179.74052599183,15807.068022447294,94986.80854843912,94986.80854843912,94986.80854843912,119779.98624411617,119779.97085167104,0.015392445131551474,0.0,90794.27930761344,52879.05451639603,42128.02754579712,24793.17769567705,66921.20524147418,18766.466239190504,1450.0,0.0,0.8886468871597879,2.7516753143668824,0.0014947306377116572,1.0,1.0,-6.275374563206867,337366.5919049298,1459188.0146129078,4.325229734140684,1459188.0146129078,4.325229734140684,0.7569205718419318,0.08835953335656248,3.8681107198941813,101325.0,128351.07116782667,1.2667265844345095,1.0,0.0,3.8681107198941813,1.2811426247919997,1.2813222703775986,3.019266274527545,6397.462933702244,15200.501253132832,6472.145438220369,0.0003437521804313134,23472.513038638477,2393.5302104835473,19345.67583081341,1972.7099295695687,0.8241842617775176,0.8241842617775176,34039.77001934863,30484.863174865135,1.147831024115998,0.8,4828.71498905214,4324.433322199387,1.147831024115998,0.8,17892.472591228227,17892.472591228227,1.0,0.8,2034.6934298245008,2034.6934298245008,7.768771349407028,3.9557374254318742,-0.5380985439916639,4.493835969423538,3.5,3.5,1.0,0.6,0.0001402156403791948,0.9999993932174627,0.00014021572545964847,202.95940736945835,0.0,0.0,0.0,0.018730173128198323,4.953803720534593e-05,9.067760317384888e-05,0.0003507510088910755,0.08841935220332907,0.08841935220332907,0.08841935220332907,0.08832956668452079,0.0,0.0,0.0,0.0,0.0,0.0,1.0,1.0,0.0,1.0,1.0,524961.5252174963,583.2482248286076,0.0,0.08841935220332907,0.08835953335656346,0.08835953335656149,0.375,0.375,0.5,3.5501916159591555e-05,2.8421709430404007e-13,2.8421709430404007e-13,2.8421709430404007e-13,2.8421709430404007e-13,2.8421709430404007e-13,2.8421709430404007e-13,24793.17769567705,18766.466239190504,0.7569205718419318,0.7876219556174401,0.5514177813888067,35353.7532153836,15450.0,0.0,0.0,0.0,0.0,0.0,0.0,0.0,0.0,0.0,0.0,0.0,0.0,0.0,0.0,0.0,0.0,0.0,0.0,0.0,0.0,35353.7532153836,15450.0,1.0,0.0,0.0,6.0,0.9,143955.44449186765,23992.574081977942,258.6841232163727,258.6841232163727,-14.465876783627266,240.38717202486248,276.9811249593643,142239.45574841305,142313.7360051896,-74.28025677656339,0.0,nan,276.9811249593643,3.831124959364331,269.66232360069506,-3.4876763993049167,262.3434942837585,-10.806505716241475,255.02469972181285,-18.125300278187126,247.70592470774343,-25.444075292256542,240.38717202486248,-32.7628279751375,1.0,1.0,25732.562594332754,25732.562594332754,276.0295521782371,2.879552178237134,276.0295521782371,276.0295521782371,79004.21379522284,79179.74052599183,-175.52673076899373,0.0,8648.866644398773,8648.866644398773,0.8919127744255805,3887.451273493652,276.0295521782371,2.879552178237134,1.0,0.002,1.0559713598571931,0.0009983494739219097,0.001631891477006523,0.00036281514345438477,0.8159457385032615,0.8159457385032615,0.0,-5.293379539092393e-06,0.9996607270650552,0.9996607270650552,0.0,0.08832955535835024,2.9977998212237913e-05,0.0,0.0,0.0,1600400.5309554383,266.8746254367931,0.0,1.0,1283613.126484116,2601.7528549151534,,,,,,,,,,,,,,,,,9.0,15200.501253132832
3210.0,-34.800943199584864,3.9557374254318742,34.630693754780864,25.665280396956973,5.864545679381366,-30.69072976540011,-44.037130976188905,2.30846074059758,-6.275374563206867,-6.275374563207154,37.73549326109227,36901.542522118674,15807.068022447294,15807.068022447294,52708.61054456597,76970.81474260203,79179.74052599183,15807.068022447294,94986.80854843912,94986.80854843912,94986.80854843912,119779.98624411617,119779.97085167104,0.015392445131551474,0.0,90794.27930761344,52879.05451639603,42128.02754579712,24793.17769567705,66921.20524147418,18766.466239190504,1450.0,0.0,0.8886468871597879,2.7516753143668824,0.0014947306377116572,1.0,1.0,-6.275374563206867,337366.5919049298,1459188.0146129078,4.325229734140684,1459188.0146129078,4.325229734140684,0.7569205718419318,0.08835953335656248,3.8681107198941813,101325.0,128351.07116782667,1.2667265844345095,1.0,0.0,3.8681107198941813,1.2811426247919997,1.2813222703775986,3.019266274527545,6397.462933702244,15200.501253132832,6472.145438220369,0.0003437521804313134,23472.513038638477,2393.5302104835473,19345.67583081341,1972.7099295695687,0.8241842617775176,0.8241842617775176,34039.77001934863,30484.863174865135,1.147831024115998,0.8,4828.71498905214,4324.433322199387,1.147831024115998,0.8,17892.472591228227,17892.472591228227,1.0,0.8,2034.6934298245008,2034.6934298245008,7.768771349407028,3.9557374254318742,-0.5380985439916639,4.493835969423538,3.5,3.5,1.0,0.6,0.0001402156403791948,0.9999993932174627,0.00014021572545964847,202.95940736945835,0.0,0.0,0.0,0.018730173128198323,4.953803720534593e-05,9.067760317384888e-05,0.0003507510088910755,0.08841935220332907,0.08841935220332907,0.08841935220332907,0.08832956668452079,0.0,0.0,0.0,0.0,0.0,0.0,1.0,1.0,0.0,1.0,1.0,524961.5252174963,583.2482248286076,0.0,0.08841935220332907,0.08835953335656346,0.08835953335656149,0.375,0.375,0.5,3.5501916159591555e-05,2.8421709430404007e-13,2.8421709430404007e-13,2.8421709430404007e-13,2.8421709430404007e-13,2.8421709430404007e-13,2.8421709430404007e-13,24793.17769567705,18766.466239190504,0.7569205718419318,0.7876219556174401,0.5514177813888067,35353.7532153836,15450.0,0.0,0.0,0.0,0.0,0.0,0.0,0.0,0.0,0.0,0.0,0.0,0.0,0.0,0.0,0.0,0.0,0.0,0.0,0.0,0.0,35353.7532153836,15450.0,1.0,0.0,0.0,6.0,0.9,143955.44449186765,23992.574081977942,258.6841232163727,258.6841232163727,-14.465876783627266,240.38717202486248,276.9811249593643,142239.45574841305,142313.7360051896,-74.28025677656339,0.0,nan,276.9811249593643,3.831124959364331,269.66232360069506,-3.4876763993049167,262.3434942837585,-10.806505716241475,255.02469972181285,-18.125300278187126,247.70592470774343,-25.444075292256542,240.38717202486248,-32.7628279751375,1.0,1.0,25732.562594332754,25732.562594332754,276.0295521782371,2.879552178237134,276.0295521782371,276.0295521782371,79004.21379522284,79179.74052599183,-175.52673076899373,0.0,8648.866644398773,8648.866644398773,0.8919127744255805,3887.451273493652,276.0295521782371,2.879552178237134,1.0,0.002,1.0559713598571931,0.0009983494739219097,0.001631891477006523,0.00036281514345438477,0.8159457385032615,0.8159457385032615,0.0,-5.293379539092393e-06,0.9996607270650552,0.9996607270650552,0.0,0.08832955535835024,2.9977998212237913e-05,0.0,0.0,0.0,1600400.5309554383,266.8746254367931,0.0,1.0,1283613.126484116,2601.7528549151534,,,,,,,,,,,,,,,,,9.0,15200.501253132832
3240.0,-34.800943199584864,3.9557374254318742,34.630693754780864,25.665280396956973,5.864545679381366,-30.69072976540011,-44.037130976188905,2.30846074059758,-6.275374563206867,-6.275374563207154,37.73549326109227,36901.542522118674,15807.068022447294,15807.068022447294,52708.61054456597,76970.81474260203,79179.74052599183,15807.068022447294,94986.80854843912,94986.80854843912,94986.80854843912,119779.98624411617,119779.97085167104,0.015392445131551474,0.0,90794.27930761344,52879.05451639603,42128.02754579712,24793.17769567705,66921.20524147418,18766.466239190504,1450.0,0.0,0.8886468871597879,2.7516753143668824,0.0014947306377116572,1.0,1.0,-6.275374563206867,337366.5919049298,1459188.0146129078,4.325229734140684,1459188.0146129078,4.325229734140684,0.7569205718419318,0.08835953335656248,3.8681107198941813,101325.0,128351.07116782667,1.2667265844345095,1.0,0.0,3.8681107198941813,1.2811426247919997,1.2813222703775986,3.019266274527545,6397.462933702244,15200.501253132832,6472.145438220369,0.0003437521804313134,23472.513038638477,2393.5302104835473,19345.67583081341,1972.7099295695687,0.8241842617775176,0.8241842617775176,34039.77001934863,30484.863174865135,1.147831024115998,0.8,4828.71498905214,4324.433322199387,1.147831024115998,0.8,17892.472591228227,17892.472591228227,1.0,0.8,2034.6934298245008,2034.6934298245008,7.768771349407028,3.9557374254318742,-0.5380985439916639,4.493835969423538,3.5,3.5,1.0,0.6,0.0001402156403791948,0.9999993932174627,0.00014021572545964847,202.95940736945835,0.0,0.0,0.0,0.018730173128198323,4.953803720534593e-05,9.067760317384888e-05,0.0003507510088910755,0.08841935220332907,0.08841935220332907,0.08841935220332907,0.08832956668452079,0.0,0.0,0.0,0.0,0.0,0.0,1.0,1.0,0.0,1.0,1.0,524961.5252174963,583.2482248286076,0.0,0.08841935220332907,0.08835953335656346,0.08835953335656149,0.375,0.375,0.5,3.5501916159591555e-05,2.8421709430404007e-13,2.8421709430404007e-13,2.8421709430404007e-13,2.8421709430404007e-13,2.8421709430404007e-13,2.8421709430404007e-13,24793.17769567705,18766.466239190504,0.7569205718419318,0.7876219556174401,0.5514177813888067,35353.7532153836,15450.0,0.0,0.0,0.0,0.0,0.0,0.0,0.0,0.0,0.0,0.0,0.0,0.0,0.0,0.0,0.0,0.0,0.0,0.0,0.0,0.0,35353.7532153836,15450.0,1.0,0.0,0.0,6.0,0.9,143955.44449186765,23992.574081977942,258.6841232163727,258.6841232163727,-14.465876783627266,240.38717202486248,276.9811249593643,142239.45574841305,142313.7360051896,-74.28025677656339,0.0,nan,276.9811249593643,3.831124959364331,269.66232360069506,-3.4876763993049167,262.3434942837585,-10.806505716241475,255.02469972181285,-18.125300278187126,247.70592470774343,-25.444075292256542,240.38717202486248,-32.7628279751375,1.0,1.0,25732.562594332754,25732.562594332754,276.0295521782371,2.879552178237134,276.0295521782371,276.0295521782371,79004.21379522284,79179.74052599183,-175.52673076899373,0.0,8648.866644398773,8648.866644398773,0.8919127744255805,3887.451273493652,276.0295521782371,2.879552178237134,1.0,0.002,1.0559713598571931,0.0009983494739219097,0.001631891477006523,0.00036281514345438477,0.8159457385032615,0.8159457385032615,0.0,-5.293379539092393e-06,0.9996607270650552,0.9996607270650552,0.0,0.08832955535835024,2.9977998212237913e-05,0.0,0.0,0.0,1600400.5309554383,266.8746254367931,0.0,1.0,1283613.126484116,2601.7528549151534,,,,,,,,,,,,,,,,,9.0,15200.501253132832
3270.0,-34.800943199584864,3.9557374254318742,34.630693754780864,25.665280396956973,5.864545679381366,-30.69072976540011,-44.037130976188905,2.30846074059758,-6.275374563206867,-6.275374563207154,37.73549326109227,36901.542522118674,15807.068022447294,15807.068022447294,52708.61054456597,76970.81474260203,79179.74052599183,15807.068022447294,94986.80854843912,94986.80854843912,94986.80854843912,119779.98624411617,119779.97085167104,0.015392445131551474,0.0,90794.27930761344,52879.05451639603,42128.02754579712,24793.17769567705,66921.20524147418,18766.466239190504,1450.0,0.0,0.8886468871597879,2.7516753143668824,0.0014947306377116572,1.0,1.0,-6.275374563206867,337366.5919049298,1459188.0146129078,4.325229734140684,1459188.0146129078,4.325229734140684,0.7569205718419318,0.08835953335656248,3.8681107198941813,101325.0,128351.07116782667,1.2667265844345095,1.0,0.0,3.8681107198941813,1.2811426247919997,1.2813222703775986,3.019266274527545,6397.462933702244,15200.501253132832,6472.145438220369,0.0003437521804313134,23472.513038638477,2393.5302104835473,19345.67583081341,1972.7099295695687,0.8241842617775176,0.8241842617775176,34039.77001934863,30484.863174865135,1.147831024115998,0.8,4828.71498905214,4324.433322199387,1.147831024115998,0.8,17892.472591228227,17892.472591228227,1.0,0.8,2034.6934298245008,2034.6934298245008,7.768771349407028,3.9557374254318742,-0.5380985439916639,4.493835969423538,3.5,3.5,1.0,0.6,0.0001402156403791948,0.9999993932174627,0.00014021572545964847,202.95940736945835,0.0,0.0,0.0,0.018730173128198323,4.953803720534593e-05,9.067760317384888e-05,0.0003507510088910755,0.08841935220332907,0.08841935220332907,0.08841935220332907,0.08832956668452079,0.0,0.0,0.0,0.0,0.0,0.0,1.0,1.0,0.0,1.0,1.0,524961.5252174963,583.2482248286076,0.0,0.08841935220332907,0.08835953335656346,0.08835953335656149,0.375,0.375,0.5,3.5501916159591555e-05,2.8421709430404007e-13,2.8421709430404007e-13,2.8421709430404007e-13,2.8421709430404007e-13,2.8421709430404007e-13,2.8421709430404007e-13,24793.17769567705,18766.466239190504,0.7569205718419318,0.7876219556174401,0.5514177813888067,35353.7532153836,15450.0,0.0,0.0,0.0,0.0,0.0,0.0,0.0,0.0,0.0,0.0,0.0,0.0,0.0,0.0,0.0,0.0,0.0,0.0,0.0,0.0,35353.7532153836,15450.0,1.0,0.0,0.0,6.0,0.9,143955.44449186765,23992.574081977942,258.6841232163727,258.6841232163727,-14.465876783627266,240.38717202486248,276.9811249593643,142239.45574841305,142313.7360051896,-74.28025677656339,0.0,nan,276.9811249593643,3.831124959364331,269.66232360069506,-3.4876763993049167,262.3434942837585,-10.806505716241475,255.02469972181285,-18.125300278187126,247.70592470774343,-25.444075292256542,240.38717202486248,-32.7628279751375,1.0,1.0,25732.562594332754,25732.562594332754,276.0295521782371,2.879552178237134,276.0295521782371,276.0295521782371,79004.21379522284,79179.74052599183,-175.52673076899373,0.0,8648.866644398773,8648.866644398773,0.8919127744255805,3887.451273493652,276.0295521782371,2.879552178237134,1.0,0.002,1.0559713598571931,0.0009983494739219097,0.001631891477006523,0.00036281514345438477,0.8159457385032615,0.8159457385032615,0.0,-5.293379539092393e-06,0.9996607270650552,0.9996607270650552,0.0,0.08832955535835024,2.9977998212237913e-05,0.0,0.0,0.0,1600400.5309554383,266.8746254367931,0.0,1.0,1283613.126484116,2601.7528549151534,,,,,,,,,,,,,,,,,9.0,15200.501253132832
3300.0,-34.800943199584864,3.9557374254318742,34.630693754780864,25.665280396956973,5.864545679381366,-30.69072976540011,-44.037130976188905,2.30846074059758,-6.275374563206867,-6.275374563207154,37.73549326109227,36901.542522118674,15807.068022447294,15807.068022447294,52708.61054456597,76970.81474260203,79179.74052599183,15807.068022447294,94986.80854843912,94986.80854843912,94986.80854843912,119779.98624411617,119779.97085167104,0.015392445131551474,0.0,90794.27930761344,52879.05451639603,42128.02754579712,24793.17769567705,66921.20524147418,18766.466239190504,1450.0,0.0,0.8886468871597879,2.7516753143668824,0.0014947306377116572,1.0,1.0,-6.275374563206867,337366.5919049298,1459188.0146129078,4.325229734140684,1459188.0146129078,4.325229734140684,0.7569205718419318,0.08835953335656248,3.8681107198941813,101325.0,128351.07116782667,1.2667265844345095,1.0,0.0,3.8681107198941813,1.2811426247919997,1.2813222703775986,3.019266274527545,6397.462933702244,15200.501253132832,6472.145438220369,0.0003437521804313134,23472.513038638477,2393.5302104835473,19345.67583081341,1972.7099295695687,0.8241842617775176,0.8241842617775176,34039.77001934863,30484.863174865135,1.147831024115998,0.8,4828.71498905214,4324.433322199387,1.147831024115998,0.8,17892.472591228227,17892.472591228227,1.0,0.8,2034.6934298245008,2034.6934298245008,7.768771349407028,3.9557374254318742,-0.5380985439916639,4.493835969423538,3.5,3.5,1.0,0.6,0.0001402156403791948,0.9999993932174627,0.00014021572545964847,202.95940736945835,0.0,0.0,0.0,0.018730173128198323,4.953803720534593e-05,9.067760317384888e-05,0.0003507510088910755,0.08841935220332907,0.08841935220332907,0.08841935220332907,0.08832956668452079,0.0,0.0,0.0,0.0,0.0,0.0,1.0,1.0,0.0,1.0,1.0,524961.5252174963,583.2482248286076,0.0,0.08841935220332907,0.08835953335656346,0.08835953335656149,0.375,0.375,0.5,3.5501916159591555e-05,2.8421709430404007e-13,2.8421709430404007e-13,2.8421709430404007e-13,2.8421709430404007e-13,2.8421709430404007e-13,2.8421709430404007e-13,24793.17769567705,18766.466239190504,0.7569205718419318,0.7876219556174401,0.5514177813888067,35353.7532153836,15450.0,0.0,0.0,0.0,0.0,0.0,0.0,0.0,0.0,0.0,0.0,0.0,0.0,0.0,0.0,0.0,0.0,0.0,0.0,0.0,0.0,35353.7532153836,15450.0,1.0,0.0,0.0,6.0,0.9,143955.44449186765,23992.574081977942,258.6841232163727,258.6841232163727,-14.465876783627266,240.38717202486248,276.9811249593643,142239.45574841305,142313.7360051896,-74.28025677656339,0.0,nan,276.9811249593643,3.831124959364331,269.66232360069506,-3.4876763993049167,262.3434942837585,-10.806505716241475,255.02469972181285,-18.125300278187126,247.70592470774343,-25.444075292256542,240.38717202486248,-32.7628279751375,1.0,1.0,25732.562594332754,25732.562594332754,276.0295521782371,2.879552178237134,276.0295521782371,276.0295521782371,79004.21379522284,79179.74052599183,-175.52673076899373,0.0,8648.866644398773,8648.866644398773,0.8919127744255805,3887.451273493652,276.0295521782371,2.879552178237134,1.0,0.002,1.0559713598571931,0.0009983494739219097,0.001631891477006523,0.00036281514345438477,0.8159457385032615,0.8159457385032615,0.0,-5.293379539092393e-06,0.9996607270650552,0.9996607270650552,0.0,0.08832955535835024,2.9977998212237913e-05,0.0,0.0,0.0,1600400.5309554383,266.8746254367931,0.0,1.0,1283613.126484116,2601.7528549151534,,,,,,,,,,,,,,,,,9.0,15200.501253132832
3330.0,-34.800943199584864,3.9557374254318742,34.630693754780864,25.665280396956973,5.864545679381366,-30.69072976540011,-44.037130976188905,2.30846074059758,-6.275374563206867,-6.275374563207154,37.73549326109227,36901.542522118674,15807.068022447294,15807.068022447294,52708.61054456597,76970.81474260203,79179.74052599183,15807.068022447294,94986.80854843912,94986.80854843912,94986.80854843912,119779.98624411617,119779.97085167104,0.015392445131551474,0.0,90794.27930761344,52879.05451639603,42128.02754579712,24793.17769567705,66921.20524147418,18766.466239190504,1450.0,0.0,0.8886468871597879,2.7516753143668824,0.0014947306377116572,1.0,1.0,-6.275374563206867,337366.5919049298,1459188.0146129078,4.325229734140684,1459188.0146129078,4.325229734140684,0.7569205718419318,0.08835953335656248,3.8681107198941813,101325.0,128351.07116782667,1.2667265844345095,1.0,0.0,3.8681107198941813,1.2811426247919997,1.2813222703775986,3.019266274527545,6397.462933702244,15200.501253132832,6472.145438220369,0.0003437521804313134,23472.513038638477,2393.5302104835473,19345.67583081341,1972.7099295695687,0.8241842617775176,0.8241842617775176,34039.77001934863,30484.863174865135,1.147831024115998,0.8,4828.71498905214,4324.433322199387,1.147831024115998,0.8,17892.472591228227,17892.472591228227,1.0,0.8,2034.6934298245008,2034.6934298245008,7.768771349407028,3.9557374254318742,-0.5380985439916639,4.493835969423538,3.5,3.5,1.0,0.6,0.0001402156403791948,0.9999993932174627,0.00014021572545964847,202.95940736945835,0.0,0.0,0.0,0.018730173128198323,4.953803720534593e-05,9.067760317384888e-05,0.0003507510088910755,0.08841935220332907,0.08841935220332907,0.08841935220332907,0.08832956668452079,0.0,0.0,0.0,0.0,0.0,0.0,1.0,1.0,0.0,1.0,1.0,524961.5252174963,583.2482248286076,0.0,0.08841935220332907,0.08835953335656346,0.08835953335656149,0.375,0.375,0.5,3.5501916159591555e-05,2.8421709430404007e-13,2.8421709430404007e-13,2.8421709430404007e-13,2.8421709430404007e-13,2.8421709430404007e-13,2.8421709430404007e-13,24793.17769567705,18766.466239190504,0.7569205718419318,0.7876219556174401,0.5514177813888067,35353.7532153836,15450.0,0.0,0.0,0.0,0.0,0.0,0.0,0.0,0.0,0.0,0.0,0.0,0.0,0.0,0.0,0.0,0.0,0.0,0.0,0.0,0.0,35353.7532153836,15450.0,1.0,0.0,0.0,6.0,0.9,143955.44449186765,23992.574081977942,258.6841232163727,258.6841232163727,-14.465876783627266,240.38717202486248,276.9811249593643,142239.45574841305,142313.7360051896,-74.28025677656339,0.0,nan,276.9811249593643,3.831124959364331,269.66232360069506,-3.4876763993049167,262.3434942837585,-10.806505716241475,255.02469972181285,-18.125300278187126,247.70592470774343,-25.444075292256542,240.38717202486248,-32.7628279751375,1.0,1.0,25732.562594332754,25732.562594332754,276.0295521782371,2.879552178237134,276.0295521782371,276.0295521782371,79004.21379522284,79179.74052599183,-175.52673076899373,0.0,8648.866644398773,8648.866644398773,0.8919127744255805,3887.451273493652,276.0295521782371,2.879552178237134,1.0,0.002,1.0559713598571931,0.0009983494739219097,0.001631891477006523,0.00036281514345438477,0.8159457385032615,0.8159457385032615,0.0,-5.293379539092393e-06,0.9996607270650552,0.9996607270650552,0.0,0.08832955535835024,2.9977998212237913e-05,0.0,0.0,0.0,1600400.5309554383,266.8746254367931,0.0,1.0,1283613.126484116,2601.7528549151534,,,,,,,,,,,,,,,,,9.0,15200.501253132832
3360.0,-34.800943199584864,3.9557374254318742,34.630693754780864,25.665280396956973,5.864545679381366,-30.69072976540011,-44.037130976188905,2.30846074059758,-6.275374563206867,-6.275374563207154,37.73549326109227,36901.542522118674,15807.068022447294,15807.068022447294,52708.61054456597,76970.81474260203,79179.74052599183,15807.068022447294,94986.80854843912,94986.80854843912,94986.80854843912,119779.98624411617,119779.97085167104,0.015392445131551474,0.0,90794.27930761344,52879.05451639603,42128.02754579712,24793.17769567705,66921.20524147418,18766.466239190504,1450.0,0.0,0.8886468871597879,2.7516753143668824,0.0014947306377116572,1.0,1.0,-6.275374563206867,337366.5919049298,1459188.0146129078,4.325229734140684,1459188.0146129078,4.325229734140684,0.7569205718419318,0.08835953335656248,3.8681107198941813,101325.0,128351.07116782667,1.2667265844345095,1.0,0.0,3.8681107198941813,1.2811426247919997,1.2813222703775986,3.019266274527545,6397.462933702244,15200.501253132832,6472.145438220369,0.0003437521804313134,23472.513038638477,2393.5302104835473,19345.67583081341,1972.7099295695687,0.8241842617775176,0.8241842617775176,34039.77001934863,30484.863174865135,1.147831024115998,0.8,4828.71498905214,4324.433322199387,1.147831024115998,0.8,17892.472591228227,17892.472591228227,1.0,0.8,2034.6934298245008,2034.6934298245008,7.768771349407028,3.9557374254318742,-0.5380985439916639,4.493835969423538,3.5,3.5,1.0,0.6,0.0001402156403791948,0.9999993932174627,0.00014021572545964847,202.95940736945835,0.0,0.0,0.0,0.018730173128198323,4.953803720534593e-05,9.067760317384888e-05,0.0003507510088910755,0.08841935220332907,0.08841935220332907,0.08841935220332907,0.08832956668452079,0.0,0.0,0.0,0.0,0.0,0.0,1.0,1.0,0.0,1.0,1.0,524961.5252174963,583.2482248286076,0.0,0.08841935220332907,0.08835953335656346,0.08835953335656149,0.375,0.375,0.5,3.5501916159591555e-05,2.8421709430404007e-13,2.8421709430404007e-13,2.8421709430404007e-13,2.8421709430404007e-13,2.8421709430404007e-13,2.8421709430404007e-13,24793.17769567705,18766.466239190504,0.7569205718419318,0.7876219556174401,0.5514177813888067,35353.7532153836,15450.0,0.0,0.0,0.0,0.0,0.0,0.0,0.0,0.0,0.0,0.0,0.0,0.0,0.0,0.0,0.0,0.0,0.0,0.0,0.0,0.0,35353.7532153836,15450.0,1.0,0.0,0.0,6.0,0.9,143955.44449186765,23992.574081977942,258.6841232163727,258.6841232163727,-14.465876783627266,240.38717202486248,276.9811249593643,142239.45574841305,142313.7360051896,-74.28025677656339,0.0,nan,276.9811249593643,3.831124959364331,269.66232360069506,-3.4876763993049167,262.3434942837585,-10.806505716241475,255.02469972181285,-18.125300278187126,247.70592470774343,-25.444075292256542,240.38717202486248,-32.7628279751375,1.0,1.0,25732.562594332754,25732.562594332754,276.0295521782371,2.879552178237134,276.0295521782371,276.0295521782371,79004.21379522284,79179.74052599183,-175.52673076899373,0.0,8648.866644398773,8648.866644398773,0.8919127744255805,3887.451273493652,276.0295521782371,2.879552178237134,1.0,0.002,1.0559713598571931,0.0009983494739219097,0.001631891477006523,0.00036281514345438477,0.8159457385032615,0.8159457385032615,0.0,-5.293379539092393e-06,0.9996607270650552,0.9996607270650552,0.0,0.08832955535835024,2.9977998212237913e-05,0.0,0.0,0.0,1600400.5309554383,266.8746254367931,0.0,1.0,1283613.126484116,2601.7528549151534,,,,,,,,,,,,,,,,,9.0,15200.501253132832
3390.0,-34.800943199584864,3.9557374254318742,34.630693754780864,25.665280396956973,5.864545679381366,-30.69072976540011,-44.037130976188905,2.30846074059758,-6.275374563206867,-6.275374563207154,37.73549326109227,36901.542522118674,15807.068022447294,15807.068022447294,52708.61054456597,76970.81474260203,79179.74052599183,15807.068022447294,94986.80854843912,94986.80854843912,94986.80854843912,119779.98624411617,119779.97085167104,0.015392445131551474,0.0,90794.27930761344,52879.05451639603,42128.02754579712,24793.17769567705,66921.20524147418,18766.466239190504,1450.0,0.0,0.8886468871597879,2.7516753143668824,0.0014947306377116572,1.0,1.0,-6.275374563206867,337366.5919049298,1459188.0146129078,4.325229734140684,1459188.0146129078,4.325229734140684,0.7569205718419318,0.08835953335656248,3.8681107198941813,101325.0,128351.07116782667,1.2667265844345095,1.0,0.0,3.8681107198941813,1.2811426247919997,1.2813222703775986,3.019266274527545,6397.462933702244,15200.501253132832,6472.145438220369,0.0003437521804313134,23472.513038638477,2393.5302104835473,19345.67583081341,1972.7099295695687,0.8241842617775176,0.8241842617775176,34039.77001934863,30484.863174865135,1.147831024115998,0.8,4828.71498905214,4324.433322199387,1.147831024115998,0.8,17892.472591228227,17892.472591228227,1.0,0.8,2034.6934298245008,2034.6934298245008,7.768771349407028,3.9557374254318742,-0.5380985439916639,4.493835969423538,3.5,3.5,1.0,0.6,0.0001402156403791948,0.9999993932174627,0.00014021572545964847,202.95940736945835,0.0,0.0,0.0,0.018730173128198323,4.953803720534593e-05,9.067760317384888e-05,0.0003507510088910755,0.08841935220332907,0.08841935220332907,0.08841935220332907,0.08832956668452079,0.0,0.0,0.0,0.0,0.0,0.0,1.0,1.0,0.0,1.0,1.0,524961.5252174963,583.2482248286076,0.0,0.08841935220332907,0.08835953335656346,0.08835953335656149,0.375,0.375,0.5,3.5501916159591555e-05,2.8421709430404007e-13,2.8421709430404007e-13,2.8421709430404007e-13,2.8421709430404007e-13,2.8421709430404007e-13,2.8421709430404007e-13,24793.17769567705,18766.466239190504,0.7569205718419318,0.7876219556174401,0.5514177813888067,35353.7532153836,15450.0,0.0,0.0,0.0,0.0,0.0,0.0,0.0,0.0,0.0,0.0,0.0,0.0,0.0,0.0,0.0,0.0,0.0,0.0,0.0,0.0,35353.7532153836,15450.0,1.0,0.0,0.0,6.0,0.9,143955.44449186765,23992.574081977942,258.6841232163727,258.6841232163727,-14.465876783627266,240.38717202486248,276.9811249593643,142239.45574841305,142313.7360051896,-74.28025677656339,0.0,nan,276.9811249593643,3.831124959364331,269.66232360069506,-3.4876763993049167,262.3434942837585,-10.806505716241475,255.02469972181285,-18.125300278187126,247.70592470774343,-25.444075292256542,240.38717202486248,-32.7628279751375,1.0,1.0,25732.562594332754,25732.562594332754,276.0295521782371,2.879552178237134,276.0295521782371,276.0295521782371,79004.21379522284,79179.74052599183,-175.52673076899373,0.0,8648.866644398773,8648.866644398773,0.8919127744255805,3887.451273493652,276.0295521782371,2.879552178237134,1.0,0.002,1.0559713598571931,0.0009983494739219097,0.001631891477006523,0.00036281514345438477,0.8159457385032615,0.8159457385032615,0.0,-5.293379539092393e-06,0.9996607270650552,0.9996607270650552,0.0,0.08832955535835024,2.9977998212237913e-05,0.0,0.0,0.0,1600400.5309554383,266.8746254367931,0.0,1.0,1283613.126484116,2601.7528549151534,,,,,,,,,,,,,,,,,9.0,15200.501253132832
3420.0,-34.800943199584864,3.9557374254318742,34.630693754780864,25.665280396956973,5.864545679381366,-30.69072976540011,-44.037130976188905,2.30846074059758,-6.275374563206867,-6.275374563207154,37.73549326109227,36901.542522118674,15807.068022447294,15807.068022447294,52708.61054456597,76970.81474260203,79179.74052599183,15807.068022447294,94986.80854843912,94986.80854843912,94986.80854843912,119779.98624411617,119779.97085167104,0.015392445131551474,0.0,90794.27930761344,52879.05451639603,42128.02754579712,24793.17769567705,66921.20524147418,18766.466239190504,1450.0,0.0,0.8886468871597879,2.7516753143668824,0.0014947306377116572,1.0,1.0,-6.275374563206867,337366.5919049298,1459188.0146129078,4.325229734140684,1459188.0146129078,4.325229734140684,0.7569205718419318,0.08835953335656248,3.8681107198941813,101325.0,128351.07116782667,1.2667265844345095,1.0,0.0,3.8681107198941813,1.2811426247919997,1.2813222703775986,3.019266274527545,6397.462933702244,15200.501253132832,6472.145438220369,0.0003437521804313134,23472.513038638477,2393.5302104835473,19345.67583081341,1972.7099295695687,0.8241842617775176,0.8241842617775176,34039.77001934863,30484.863174865135,1.147831024115998,0.8,4828.71498905214,4324.433322199387,1.147831024115998,0.8,17892.472591228227,17892.472591228227,1.0,0.8,2034.6934298245008,2034.6934298245008,7.768771349407028,3.9557374254318742,-0.5380985439916639,4.493835969423538,3.5,3.5,1.0,0.6,0.0001402156403791948,0.9999993932174627,0.00014021572545964847,202.95940736945835,0.0,0.0,0.0,0.018730173128198323,4.953803720534593e-05,9.067760317384888e-05,0.0003507510088910755,0.08841935220332907,0.08841935220332907,0.08841935220332907,0.08832956668452079,0.0,0.0,0.0,0.0,0.0,0.0,1.0,1.0,0.0,1.0,1.0,524961.5252174963,583.2482248286076,0.0,0.08841935220332907,0.08835953335656346,0.08835953335656149,0.375,0.375,0.5,3.5501916159591555e-05,2.8421709430404007e-13,2.8421709430404007e-13,2.8421709430404007e-13,2.8421709430404007e-13,2.8421709430404007e-13,2.8421709430404007e-13,24793.17769567705,18766.466239190504,0.7569205718419318,0.7876219556174401,0.5514177813888067,35353.7532153836,15450.0,0.0,0.0,0.0,0.0,0.0,0.0,0.0,0.0,0.0,0.0,0.0,0.0,0.0,0.0,0.0,0.0,0.0,0.0,0.0,0.0,35353.7532153836,15450.0,1.0,0.0,0.0,6.0,0.9,143955.44449186765,23992.574081977942,258.6841232163727,258.6841232163727,-14.465876783627266,240.38717202486248,276.9811249593643,142239.45574841305,142313.7360051896,-74.28025677656339,0.0,nan,276.9811249593643,3.831124959364331,269.66232360069506,-3.4876763993049167,262.3434942837585,-10.806505716241475,255.02469972181285,-18.125300278187126,247.70592470774343,-25.444075292256542,240.38717202486248,-32.7628279751375,1.0,1.0,25732.562594332754,25732.562594332754,276.0295521782371,2.879552178237134,276.0295521782371,276.0295521782371,79004.21379522284,79179.74052599183,-175.52673076899373,0.0,8648.866644398773,8648.866644398773,0.8919127744255805,3887.451273493652,276.0295521782371,2.879552178237134,1.0,0.002,1.0559713598571931,0.0009983494739219097,0.001631891477006523,0.00036281514345438477,0.8159457385032615,0.8159457385032615,0.0,-5.293379539092393e-06,0.9996607270650552,0.9996607270650552,0.0,0.08832955535835024,2.9977998212237913e-05,0.0,0.0,0.0,1600400.5309554383,266.8746254367931,0.0,1.0,1283613.126484116,2601.7528549151534,,,,,,,,,,,,,,,,,9.0,15200.501253132832
3450.0,-34.800943199584864,3.9557374254318742,34.630693754780864,25.665280396956973,5.864545679381366,-30.69072976540011,-44.037130976188905,2.30846074059758,-6.275374563206867,-6.275374563207154,37.73549326109227,36901.542522118674,15807.068022447294,15807.068022447294,52708.61054456597,76970.81474260203,79179.74052599183,15807.068022447294,94986.80854843912,94986.80854843912,94986.80854843912,119779.98624411617,119779.97085167104,0.015392445131551474,0.0,90794.27930761344,52879.05451639603,42128.02754579712,24793.17769567705,66921.20524147418,18766.466239190504,1450.0,0.0,0.8886468871597879,2.7516753143668824,0.0014947306377116572,1.0,1.0,-6.275374563206867,337366.5919049298,1459188.0146129078,4.325229734140684,1459188.0146129078,4.325229734140684,0.7569205718419318,0.08835953335656248,3.8681107198941813,101325.0,128351.07116782667,1.2667265844345095,1.0,0.0,3.8681107198941813,1.2811426247919997,1.2813222703775986,3.019266274527545,6397.462933702244,15200.501253132832,6472.145438220369,0.0003437521804313134,23472.513038638477,2393.5302104835473,19345.67583081341,1972.7099295695687,0.8241842617775176,0.8241842617775176,34039.77001934863,30484.863174865135,1.147831024115998,0.8,4828.71498905214,4324.433322199387,1.147831024115998,0.8,17892.472591228227,17892.472591228227,1.0,0.8,2034.6934298245008,2034.6934298245008,7.768771349407028,3.9557374254318742,-0.5380985439916639,4.493835969423538,3.5,3.5,1.0,0.6,0.0001402156403791948,0.9999993932174627,0.00014021572545964847,202.95940736945835,0.0,0.0,0.0,0.018730173128198323,4.953803720534593e-05,9.067760317384888e-05,0.0003507510088910755,0.08841935220332907,0.08841935220332907,0.08841935220332907,0.08832956668452079,0.0,0.0,0.0,0.0,0.0,0.0,1.0,1.0,0.0,1.0,1.0,524961.5252174963,583.2482248286076,0.0,0.08841935220332907,0.08835953335656346,0.08835953335656149,0.375,0.375,0.5,3.5501916159591555e-05,2.8421709430404007e-13,2.8421709430404007e-13,2.8421709430404007e-13,2.8421709430404007e-13,2.8421709430404007e-13,2.8421709430404007e-13,24793.17769567705,18766.466239190504,0.7569205718419318,0.7876219556174401,0.5514177813888067,35353.7532153836,15450.0,0.0,0.0,0.0,0.0,0.0,0.0,0.0,0.0,0.0,0.0,0.0,0.0,0.0,0.0,0.0,0.0,0.0,0.0,0.0,0.0,35353.7532153836,15450.0,1.0,0.0,0.0,6.0,0.9,143955.44449186765,23992.574081977942,258.6841232163727,258.6841232163727,-14.465876783627266,240.38717202486248,276.9811249593643,142239.45574841305,142313.7360051896,-74.28025677656339,0.0,nan,276.9811249593643,3.831124959364331,269.66232360069506,-3.4876763993049167,262.3434942837585,-10.806505716241475,255.02469972181285,-18.125300278187126,247.70592470774343,-25.444075292256542,240.38717202486248,-32.7628279751375,1.0,1.0,25732.562594332754,25732.562594332754,276.0295521782371,2.879552178237134,276.0295521782371,276.0295521782371,79004.21379522284,79179.74052599183,-175.52673076899373,0.0,8648.866644398773,8648.866644398773,0.8919127744255805,3887.451273493652,276.0295521782371,2.879552178237134,1.0,0.002,1.0559713598571931,0.0009983494739219097,0.001631891477006523,0.00036281514345438477,0.8159457385032615,0.8159457385032615,0.0,-5.293379539092393e-06,0.9996607270650552,0.9996607270650552,0.0,0.08832955535835024,2.9977998212237913e-05,0.0,0.0,0.0,1600400.5309554383,266.8746254367931,0.0,1.0,1283613.126484116,2601.7528549151534,,,,,,,,,,,,,,,,,9.0,15200.501253132832
3480.0,-34.800943199584864,3.9557374254318742,34.630693754780864,25.665280396956973,5.864545679381366,-30.69072976540011,-44.037130976188905,2.30846074059758,-6.275374563206867,-6.275374563207154,37.73549326109227,36901.542522118674,15807.068022447294,15807.068022447294,52708.61054456597,76970.81474260203,79179.74052599183,15807.068022447294,94986.80854843912,94986.80854843912,94986.80854843912,119779.98624411617,119779.97085167104,0.015392445131551474,0.0,90794.27930761344,52879.05451639603,42128.02754579712,24793.17769567705,66921.20524147418,18766.466239190504,1450.0,0.0,0.8886468871597879,2.7516753143668824,0.0014947306377116572,1.0,1.0,-6.275374563206867,337366.5919049298,1459188.0146129078,4.325229734140684,1459188.0146129078,4.325229734140684,0.7569205718419318,0.08835953335656248,3.8681107198941813,101325.0,128351.07116782667,1.2667265844345095,1.0,0.0,3.8681107198941813,1.2811426247919997,1.2813222703775986,3.019266274527545,6397.462933702244,15200.501253132832,6472.145438220369,0.0003437521804313134,23472.513038638477,2393.5302104835473,19345.67583081341,1972.7099295695687,0.8241842617775176,0.8241842617775176,34039.77001934863,30484.863174865135,1.147831024115998,0.8,4828.71498905214,4324.433322199387,1.147831024115998,0.8,17892.472591228227,17892.472591228227,1.0,0.8,2034.6934298245008,2034.6934298245008,7.768771349407028,3.9557374254318742,-0.5380985439916639,4.493835969423538,3.5,3.5,1.0,0.6,0.0001402156403791948,0.9999993932174627,0.00014021572545964847,202.95940736945835,0.0,0.0,0.0,0.018730173128198323,4.953803720534593e-05,9.067760317384888e-05,0.0003507510088910755,0.08841935220332907,0.08841935220332907,0.08841935220332907,0.08832956668452079,0.0,0.0,0.0,0.0,0.0,0.0,1.0,1.0,0.0,1.0,1.0,524961.5252174963,583.2482248286076,0.0,0.08841935220332907,0.08835953335656346,0.08835953335656149,0.375,0.375,0.5,3.5501916159591555e-05,2.8421709430404007e-13,2.8421709430404007e-13,2.8421709430404007e-13,2.8421709430404007e-13,2.8421709430404007e-13,2.8421709430404007e-13,24793.17769567705,18766.466239190504,0.7569205718419318,0.7876219556174401,0.5514177813888067,35353.7532153836,15450.0,0.0,0.0,0.0,0.0,0.0,0.0,0.0,0.0,0.0,0.0,0.0,0.0,0.0,0.0,0.0,0.0,0.0,0.0,0.0,0.0,35353.7532153836,15450.0,1.0,0.0,0.0,6.0,0.9,143955.44449186765,23992.574081977942,258.6841232163727,258.6841232163727,-14.465876783627266,240.38717202486248,276.9811249593643,142239.45574841305,142313.7360051896,-74.28025677656339,0.0,nan,276.9811249593643,3.831124959364331,269.66232360069506,-3.4876763993049167,262.3434942837585,-10.806505716241475,255.02469972181285,-18.125300278187126,247.70592470774343,-25.444075292256542,240.38717202486248,-32.7628279751375,1.0,1.0,25732.562594332754,25732.562594332754,276.0295521782371,2.879552178237134,276.0295521782371,276.0295521782371,79004.21379522284,79179.74052599183,-175.52673076899373,0.0,8648.866644398773,8648.866644398773,0.8919127744255805,3887.451273493652,276.0295521782371,2.879552178237134,1.0,0.002,1.0559713598571931,0.0009983494739219097,0.001631891477006523,0.00036281514345438477,0.8159457385032615,0.8159457385032615,0.0,-5.293379539092393e-06,0.9996607270650552,0.9996607270650552,0.0,0.08832955535835024,2.9977998212237913e-05,0.0,0.0,0.0,1600400.5309554383,266.8746254367931,0.0,1.0,1283613.126484116,2601.7528549151534,,,,,,,,,,,,,,,,,9.0,15200.501253132832
3510.0,-34.800943199584864,3.9557374254318742,34.630693754780864,25.665280396956973,5.864545679381366,-30.69072976540011,-44.037130976188905,2.30846074059758,-6.275374563206867,-6.275374563207154,37.73549326109227,36901.542522118674,15807.068022447294,15807.068022447294,52708.61054456597,76970.81474260203,79179.74052599183,15807.068022447294,94986.80854843912,94986.80854843912,94986.80854843912,119779.98624411617,119779.97085167104,0.015392445131551474,0.0,90794.27930761344,52879.05451639603,42128.02754579712,24793.17769567705,66921.20524147418,18766.466239190504,1450.0,0.0,0.8886468871597879,2.7516753143668824,0.0014947306377116572,1.0,1.0,-6.275374563206867,337366.5919049298,1459188.0146129078,4.325229734140684,1459188.0146129078,4.325229734140684,0.7569205718419318,0.08835953335656248,3.8681107198941813,101325.0,128351.07116782667,1.2667265844345095,1.0,0.0,3.8681107198941813,1.2811426247919997,1.2813222703775986,3.019266274527545,6397.462933702244,15200.501253132832,6472.145438220369,0.0003437521804313134,23472.513038638477,2393.5302104835473,19345.67583081341,1972.7099295695687,0.8241842617775176,0.8241842617775176,34039.77001934863,30484.863174865135,1.147831024115998,0.8,4828.71498905214,4324.433322199387,1.147831024115998,0.8,17892.472591228227,17892.472591228227,1.0,0.8,2034.6934298245008,2034.6934298245008,7.768771349407028,3.9557374254318742,-0.5380985439916639,4.493835969423538,3.5,3.5,1.0,0.6,0.0001402156403791948,0.9999993932174627,0.00014021572545964847,202.95940736945835,0.0,0.0,0.0,0.018730173128198323,4.953803720534593e-05,9.067760317384888e-05,0.0003507510088910755,0.08841935220332907,0.08841935220332907,0.08841935220332907,0.08832956668452079,0.0,0.0,0.0,0.0,0.0,0.0,1.0,1.0,0.0,1.0,1.0,524961.5252174963,583.2482248286076,0.0,0.08841935220332907,0.08835953335656346,0.08835953335656149,0.375,0.375,0.5,3.5501916159591555e-05,2.8421709430404007e-13,2.8421709430404007e-13,2.8421709430404007e-13,2.8421709430404007e-13,2.8421709430404007e-13,2.8421709430404007e-13,24793.17769567705,18766.466239190504,0.7569205718419318,0.7876219556174401,0.5514177813888067,35353.7532153836,15450.0,0.0,0.0,0.0,0.0,0.0,0.0,0.0,0.0,0.0,0.0,0.0,0.0,0.0,0.0,0.0,0.0,0.0,0.0,0.0,0.0,35353.7532153836,15450.0,1.0,0.0,0.0,6.0,0.9,143955.44449186765,23992.574081977942,258.6841232163727,258.6841232163727,-14.465876783627266,240.38717202486248,276.9811249593643,142239.45574841305,142313.7360051896,-74.28025677656339,0.0,nan,276.9811249593643,3.831124959364331,269.66232360069506,-3.4876763993049167,262.3434942837585,-10.806505716241475,255.02469972181285,-18.125300278187126,247.70592470774343,-25.444075292256542,240.38717202486248,-32.7628279751375,1.0,1.0,25732.562594332754,25732.562594332754,276.0295521782371,2.879552178237134,276.0295521782371,276.0295521782371,79004.21379522284,79179.74052599183,-175.52673076899373,0.0,8648.866644398773,8648.866644398773,0.8919127744255805,3887.451273493652,276.0295521782371,2.879552178237134,1.0,0.002,1.0559713598571931,0.0009983494739219097,0.001631891477006523,0.00036281514345438477,0.8159457385032615,0.8159457385032615,0.0,-5.293379539092393e-06,0.9996607270650552,0.9996607270650552,0.0,0.08832955535835024,2.9977998212237913e-05,0.0,0.0,0.0,1600400.5309554383,266.8746254367931,0.0,1.0,1283613.126484116,2601.7528549151534,,,,,,,,,,,,,,,,,9.0,15200.501253132832
3540.0,-34.800943199584864,3.9557374254318742,34.630693754780864,25.665280396956973,5.864545679381366,-30.69072976540011,-44.037130976188905,2.30846074059758,-6.275374563206867,-6.275374563207154,37.73549326109227,36901.542522118674,15807.068022447294,15807.068022447294,52708.61054456597,76970.81474260203,79179.74052599183,15807.068022447294,94986.80854843912,94986.80854843912,94986.80854843912,119779.98624411617,119779.97085167104,0.015392445131551474,0.0,90794.27930761344,52879.05451639603,42128.02754579712,24793.17769567705,66921.20524147418,18766.466239190504,1450.0,0.0,0.8886468871597879,2.7516753143668824,0.0014947306377116572,1.0,1.0,-6.275374563206867,337366.5919049298,1459188.0146129078,4.325229734140684,1459188.0146129078,4.325229734140684,0.7569205718419318,0.08835953335656248,3.8681107198941813,101325.0,128351.07116782667,1.2667265844345095,1.0,0.0,3.8681107198941813,1.2811426247919997,1.2813222703775986,3.019266274527545,6397.462933702244,15200.501253132832,6472.145438220369,0.0003437521804313134,23472.513038638477,2393.5302104835473,19345.67583081341,1972.7099295695687,0.8241842617775176,0.8241842617775176,34039.77001934863,30484.863174865135,1.147831024115998,0.8,4828.71498905214,4324.433322199387,1.147831024115998,0.8,17892.472591228227,17892.472591228227,1.0,0.8,2034.6934298245008,2034.6934298245008,7.768771349407028,3.9557374254318742,-0.5380985439916639,4.493835969423538,3.5,3.5,1.0,0.6,0.0001402156403791948,0.9999993932174627,0.00014021572545964847,202.95940736945835,0.0,0.0,0.0,0.018730173128198323,4.953803720534593e-05,9.067760317384888e-05,0.0003507510088910755,0.08841935220332907,0.08841935220332907,0.08841935220332907,0.08832956668452079,0.0,0.0,0.0,0.0,0.0,0.0,1.0,1.0,0.0,1.0,1.0,524961.5252174963,583.2482248286076,0.0,0.08841935220332907,0.08835953335656346,0.08835953335656149,0.375,0.375,0.5,3.5501916159591555e-05,2.8421709430404007e-13,2.8421709430404007e-13,2.8421709430404007e-13,2.8421709430404007e-13,2.8421709430404007e-13,2.8421709430404007e-13,24793.17769567705,18766.466239190504,0.7569205718419318,0.7876219556174401,0.5514177813888067,35353.7532153836,15450.0,0.0,0.0,0.0,0.0,0.0,0.0,0.0,0.0,0.0,0.0,0.0,0.0,0.0,0.0,0.0,0.0,0.0,0.0,0.0,0.0,35353.7532153836,15450.0,1.0,0.0,0.0,6.0,0.9,143955.44449186765,23992.574081977942,258.6841232163727,258.6841232163727,-14.465876783627266,240.38717202486248,276.9811249593643,142239.45574841305,142313.7360051896,-74.28025677656339,0.0,nan,276.9811249593643,3.831124959364331,269.66232360069506,-3.4876763993049167,262.3434942837585,-10.806505716241475,255.02469972181285,-18.125300278187126,247.70592470774343,-25.444075292256542,240.38717202486248,-32.7628279751375,1.0,1.0,25732.562594332754,25732.562594332754,276.0295521782371,2.879552178237134,276.0295521782371,276.0295521782371,79004.21379522284,79179.74052599183,-175.52673076899373,0.0,8648.866644398773,8648.866644398773,0.8919127744255805,3887.451273493652,276.0295521782371,2.879552178237134,1.0,0.002,1.0559713598571931,0.0009983494739219097,0.001631891477006523,0.00036281514345438477,0.8159457385032615,0.8159457385032615,0.0,-5.293379539092393e-06,0.9996607270650552,0.9996607270650552,0.0,0.08832955535835024,2.9977998212237913e-05,0.0,0.0,0.0,1600400.5309554383,266.8746254367931,0.0,1.0,1283613.126484116,2601.7528549151534,,,,,,,,,,,,,,,,,9.0,15200.501253132832
3570.0,-34.800943199584864,3.9557374254318742,34.630693754780864,25.665280396956973,5.864545679381366,-30.69072976540011,-44.037130976188905,2.30846074059758,-6.275374563206867,-6.275374563207154,37.73549326109227,36901.542522118674,15807.068022447294,15807.068022447294,52708.61054456597,76970.81474260203,79179.74052599183,15807.068022447294,94986.80854843912,94986.80854843912,94986.80854843912,119779.98624411617,119779.97085167104,0.015392445131551474,0.0,90794.27930761344,52879.05451639603,42128.02754579712,24793.17769567705,66921.20524147418,18766.466239190504,1450.0,0.0,0.8886468871597879,2.7516753143668824,0.0014947306377116572,1.0,1.0,-6.275374563206867,337366.5919049298,1459188.0146129078,4.325229734140684,1459188.0146129078,4.325229734140684,0.7569205718419318,0.08835953335656248,3.8681107198941813,101325.0,128351.07116782667,1.2667265844345095,1.0,0.0,3.8681107198941813,1.2811426247919997,1.2813222703775986,3.019266274527545,6397.462933702244,15200.501253132832,6472.145438220369,0.0003437521804313134,23472.513038638477,2393.5302104835473,19345.67583081341,1972.7099295695687,0.8241842617775176,0.8241842617775176,34039.77001934863,30484.863174865135,1.147831024115998,0.8,4828.71498905214,4324.433322199387,1.147831024115998,0.8,17892.472591228227,17892.472591228227,1.0,0.8,2034.6934298245008,2034.6934298245008,7.768771349407028,3.9557374254318742,-0.5380985439916639,4.493835969423538,3.5,3.5,1.0,0.6,0.0001402156403791948,0.9999993932174627,0.00014021572545964847,202.95940736945835,0.0,0.0,0.0,0.018730173128198323,4.953803720534593e-05,9.067760317384888e-05,0.0003507510088910755,0.08841935220332907,0.08841935220332907,0.08841935220332907,0.08832956668452079,0.0,0.0,0.0,0.0,0.0,0.0,1.0,1.0,0.0,1.0,1.0,524961.5252174963,583.2482248286076,0.0,0.08841935220332907,0.08835953335656346,0.08835953335656149,0.375,0.375,0.5,3.5501916159591555e-05,2.8421709430404007e-13,2.8421709430404007e-13,2.8421709430404007e-13,2.8421709430404007e-13,2.8421709430404007e-13,2.8421709430404007e-13,24793.17769567705,18766.466239190504,0.7569205718419318,0.7876219556174401,0.5514177813888067,35353.7532153836,15450.0,0.0,0.0,0.0,0.0,0.0,0.0,0.0,0.0,0.0,0.0,0.0,0.0,0.0,0.0,0.0,0.0,0.0,0.0,0.0,0.0,35353.7532153836,15450.0,1.0,0.0,0.0,6.0,0.9,143955.44449186765,23992.574081977942,258.6841232163727,258.6841232163727,-14.465876783627266,240.38717202486248,276.9811249593643,142239.45574841305,142313.7360051896,-74.28025677656339,0.0,nan,276.9811249593643,3.831124959364331,269.66232360069506,-3.4876763993049167,262.3434942837585,-10.806505716241475,255.02469972181285,-18.125300278187126,247.70592470774343,-25.444075292256542,240.38717202486248,-32.7628279751375,1.0,1.0,25732.562594332754,25732.562594332754,276.0295521782371,2.879552178237134,276.0295521782371,276.0295521782371,79004.21379522284,79179.74052599183,-175.52673076899373,0.0,8648.866644398773,8648.866644398773,0.8919127744255805,3887.451273493652,276.0295521782371,2.879552178237134,1.0,0.002,1.0559713598571931,0.0009983494739219097,0.001631891477006523,0.00036281514345438477,0.8159457385032615,0.8159457385032615,0.0,-5.293379539092393e-06,0.9996607270650552,0.9996607270650552,0.0,0.08832955535835024,2.9977998212237913e-05,0.0,0.0,0.0,1600400.5309554383,266.8746254367931,0.0,1.0,1283613.126484116,2601.7528549151534,,,,,,,,,,,,,,,,,9.0,15200.501253132832
3600.0,-34.800943199584864,3.9557374254318742,34.630693754780864,25.665280396956973,5.864545679381366,-30.69072976540011,-44.037130976188905,2.30846074059758,-6.275374563206867,-6.275374563207154,37.73549326109227,36901.542522118674,15807.068022447294,15807.068022447294,52708.61054456597,76970.81474260203,79179.74052599183,15807.068022447294,94986.80854843912,94986.80854843912,94986.80854843912,119779.98624411617,119779.97085167104,0.015392445131551474,0.0,90794.27930761344,52879.05451639603,42128.02754579712,24793.17769567705,66921.20524147418,18766.466239190504,1450.0,0.0,0.8886468871597879,2.7516753143668824,0.0014947306377116572,1.0,1.0,-6.275374563206867,337366.5919049298,1459188.0146129078,4.325229734140684,1459188.0146129078,4.325229734140684,0.7569205718419318,0.08835953335656248,3.8681107198941813,101325.0,128351.07116782667,1.2667265844345095,1.0,0.0,3.8681107198941813,1.2811426247919997,1.2813222703775986,3.019266274527545,6397.462933702244,15200.501253132832,6472.145438220369,0.0003437521804313134,23472.513038638477,2393.5302104835473,19345.67583081341,1972.7099295695687,0.8241842617775176,0.8241842617775176,34039.77001934863,30484.863174865135,1.147831024115998,0.8,4828.71498905214,4324.433322199387,1.147831024115998,0.8,17892.472591228227,17892.472591228227,1.0,0.8,2034.6934298245008,2034.6934298245008,7.768771349407028,3.9557374254318742,-0.5380985439916639,4.493835969423538,3.5,3.5,1.0,0.6,0.0001402156403791948,0.9999993932174627,0.00014021572545964847,202.95940736945835,0.0,0.0,0.0,0.018730173128198323,4.953803720534593e-05,9.067760317384888e-05,0.0003507510088910755,0.08841935220332907,0.08841935220332907,0.08841935220332907,0.08832956668452079,0.0,0.0,0.0,0.0,0.0,0.0,1.0,1.0,0.0,1.0,1.0,524961.5252174963,583.2482248286076,0.0,0.08841935220332907,0.08835953335656346,0.08835953335656149,0.375,0.375,0.5,3.5501916159591555e-05,2.8421709430404007e-13,2.8421709430404007e-13,2.8421709430404007e-13,2.8421709430404007e-13,2.8421709430404007e-13,2.8421709430404007e-13,24793.17769567705,18766.466239190504,0.7569205718419318,0.7876219556174401,0.5514177813888067,35353.7532153836,15450.0,0.0,0.0,0.0,0.0,0.0,0.0,0.0,0.0,0.0,0.0,0.0,0.0,0.0,0.0,0.0,0.0,0.0,0.0,0.0,0.0,35353.7532153836,15450.0,1.0,0.0,0.0,6.0,0.9,143955.44449186765,23992.574081977942,258.6841232163727,258.6841232163727,-14.465876783627266,240.38717202486248,276.9811249593643,142239.45574841305,142313.7360051896,-74.28025677656339,0.0,nan,276.9811249593643,3.831124959364331,269.66232360069506,-3.4876763993049167,262.3434942837585,-10.806505716241475,255.02469972181285,-18.125300278187126,247.70592470774343,-25.444075292256542,240.38717202486248,-32.7628279751375,1.0,1.0,25732.562594332754,25732.562594332754,276.0295521782371,2.879552178237134,276.0295521782371,276.0295521782371,79004.21379522284,79179.74052599183,-175.52673076899373,0.0,8648.866644398773,8648.866644398773,0.8919127744255805,3887.451273493652,276.0295521782371,2.879552178237134,1.0,0.002,1.0559713598571931,0.0009983494739219097,0.001631891477006523,0.00036281514345438477,0.8159457385032615,0.8159457385032615,0.0,-5.293379539092393e-06,0.9996607270650552,0.9996607270650552,0.0,0.08832955535835024,2.9977998212237913e-05,0.0,0.0,0.0,1600400.5309554383,266.8746254367931,0.0,1.0,1283613.126484116,2601.7528549151534,,,,,,,,,,,,,,,,,9.0,15200.501253132832
