time_s,room_c,dock_c,sink_c,t2_c,t3_c,t4_c,t5_c,t6_c,t7_c,tevap_c,tcond_c,q_room_w,q_dock_w,q_dock_external_w,q_useful_w,q_cascade_w,q_cascade_refrigerant_w,q_dock_refrigerant_w,q_evap_total_w,q_evap_load_requested_w,q_map_capacity_balance_error_w,q_cond_w,refrigerant_q_condenser_stage_w,refrigerant_q_subcooler_w,refrigerant_q_oil_cooling_w,w_air_comp_w,w_air_turb_w,w_air_input_w,w_ref_comp_w,w_total_input_w,w_ref_isentropic_w,refrigerant_compressor_speed_rpm,refrigerant_compressor_map_capacity_w,refrigerant_compressor_volumetric_efficiency,refrigerant_compressor_suction_density_kg_m3,refrigerant_compressor_displacement_m3_per_rev,low_pressure_receiver_enabled,refrigerant_evaporators_series,refrigerant_evaporator_outlet_c,refrigerant_evaporating_pressure_pa,refrigerant_condensing_pressure_pa,refrigerant_pressure_ratio,refrigerant_condensing_pressure_from_tcond_pa,refrigerant_pressure_ratio_from_tcond,refrigerant_compressor_eta_is_effective,m_ref_kg_s,m_air_kg_s,air_low_pressure_pa,air_high_pressure_pa,air_pressure_ratio,air_damper_opening,air_damper_resistance_head_coefficient,air_compressor_map_mass_flow_kg_s,air_compressor_suction_density_kg_m3,air_compressor_suction_mixture_density_kg_m3,air_compressor_volumetric_flow_m3_s,air_compressor_map_volumetric_flow_cfm,air_compressor_map_speed_eval_rpm,air_compressor_map_head_eval_ft,air_compressor_map_d_q_d_speed_m3_s_per_rpm,air_compressor_actual_head_j_kg,air_compressor_actual_head_m,air_compressor_isentropic_head_j_kg,air_compressor_isentropic_head_m,air_compressor_eta_is_target,air_compressor_eta_is_effective,regenerator_ua_w_k,regenerator_ua_ref_w_k,regenerator_air_flow_ratio,regenerator_ua_flow_exponent,cascade_ua_w_k,cascade_ua_ref_w_k,cascade_air_flow_ratio,cascade_ua_flow_exponent,condenser_ua_w_k,condenser_ua_ref_w_k,condenser_sink_flow_ratio,condenser_ua_flow_exponent,dock_evaporator_ua_w_k,dock_evaporator_ua_ref_w_k,dock_evaporator_lmtd_k,dock_evaporator_air_inlet_c,dock_evaporator_air_outlet_c,dock_evaporator_air_delta_t_k,dock_air_m_dot_kg_s,dock_air_m_dot_nominal_kg_s,dock_air_flow_ratio,dock_evaporator_ua_flow_exponent,humidity_ratio_room_kg_kg_da,room_relative_humidity,room_saturation_humidity_ratio_kg_kg_da,room_dry_air_mass_kg,room_moisture_infiltration_dry_air_mass_flow_kg_s,room_moisture_deposition_rate_kg_s,room_moisture_deposition_load_w,room_moisture_cumulative_deposited_water_kg,humidity_ratio_supply_vapor_kg_kg_da,humidity_ratio_supply_ice_kg_kg_da,ice_mass_flow_kg_s,valve_flow_kg_s,cascade_valve_flow_kg_s,dock_valve_flow_kg_s,compressor_map_flow_kg_s,receiver_enabled,receiver_mass_kg,receiver_volume_m3,receiver_liquid_mass_kg,receiver_vapor_mass_kg,receiver_liquid_volume_m3,receiver_liquid_fill_fraction,receiver_liquid_fill_fraction_raw,receiver_overfill_mass_kg,receiver_liquid_feed_fraction,receiver_starvation_flow_multiplier,receiver_outlet_enthalpy_j_kg,receiver_outlet_density_kg_m3,receiver_inlet_m_dot_kg_s,receiver_outlet_m_dot_kg_s,m_ref_cascade_kg_s,m_ref_dock_kg_s,valve_opening,cascade_valve_opening,dock_valve_opening,refrigerant_subcooling_k,refrigerant_superheat_k,refrigerant_cascade_superheat_k,refrigerant_dock_superheat_k,refrigerant_raw_superheat_k,refrigerant_raw_cascade_superheat_k,refrigerant_raw_dock_superheat_k,refrigerant_compressor_work_w,refrigerant_compressor_isentropic_work_w,refrigerant_compressor_eta_is_target,cop_system,cop_room_only,base_room_load_w,base_dock_load_w,infiltration_magnitude_w,infiltration_room_w,infiltration_dock_w,infiltration_q_m3_s,infiltration_q_unprotected_m3_s,infiltration_sensible_w,infiltration_latent_w,infiltration_total_w,infiltration_cumulative_volume_m3,infiltration_velocity_m_s,infiltration_region_density_kg_m3,infiltration_indoor_density_kg_m3,infiltration_outdoor_density_kg_m3,infiltration_room_humidity_ratio_kg_kg_da,infiltration_outdoor_humidity_ratio_kg_kg_da,infiltration_stage,infiltration_door_open_fraction,infiltration_effective_length_m,infiltration_effective_volume_m3,infiltration_maximum_effective_length_m,load_w,dock_load_w,regenerator_model_transient,regenerator_model_lumped_matrix,regenerator_model_two_lump_matrix,regenerator_cell_count,regenerator_gas_effectiveness,regenerator_solid_capacitance_j_k,regenerator_solid_capacitance_per_cell_j_k,regenerator_solid_mean_k,regenerator_matrix_k,regenerator_matrix_c,regenerator_solid_min_k,regenerator_solid_max_k,regenerator_q_hot_to_solid_w,regenerator_q_solid_to_cold_w,regenerator_q_solid_net_total_w,regenerator_q_heat_leak_w,regenerator_q_hot_to_cold_w,regenerator_cell_1_k,regenerator_cell_1_c,regenerator_cell_2_k,regenerator_cell_2_c,regenerator_cell_3_k,regenerator_cell_3_c,regenerator_cell_4_k,regenerator_cell_4_c,regenerator_cell_5_k,regenerator_cell_5_c,regenerator_cell_6_k,regenerator_cell_6_c,cascade_exchanger_model_lumped,cascade_exchanger_cell_count,cascade_exchanger_solid_capacitance_j_k,cascade_exchanger_solid_capacitance_per_cell_j_k,cascade_exchanger_matrix_mean_k,cascade_exchanger_matrix_mean_c,cascade_exchanger_matrix_min_k,cascade_exchanger_matrix_max_k,cascade_exchanger_q_air_to_matrix_w,cascade_exchanger_q_matrix_to_refrigerant_w,cascade_exchanger_q_matrix_net_total_w,cascade_exchanger_q_heat_leak_w,cascade_exchanger_air_side_ua_w_k,cascade_exchanger_refrigerant_side_ua_w_k,cascade_exchanger_air_effectiveness,cascade_exchanger_air_capacity_rate_w_k,cascade_exchanger_cell_1_k,cascade_exchanger_cell_1_c,lpr_inventory_enabled,lpr_volume_m3,lpr_liquid_mass_kg,lpr_vapor_mass_kg,lpr_liquid_volume_m3,lpr_vapor_volume_m3,lpr_liquid_fill_fraction,lpr_liquid_fill_fraction_raw,lpr_overfill_mass_kg,lpr_volume_residual_m3,lpr_evaporator_outlet_quality,lpr_evaporator_outlet_quality_raw,lpr_return_superheat_k,lpr_vapor_return_m_dot_kg_s,lpr_liquid_return_m_dot_kg_s,lpr_boil_off_m_dot_kg_s,lpr_boil_off_heat_w,lpr_liquid_carryover_m_dot_kg_s,lpr_suction_enthalpy_j_kg,lpr_suction_temperature_k,lpr_suction_superheat_k,lpr_suction_vapor_quality,lpr_h_fg_j_kg,lpr_cp_vapor_j_kg_k,startup_initialization_enabled,startup_iterations,startup_newton_iterations,startup_cost,startup_solved_air_cycle_pressure_ratio,startup_solved_air_cycle_compressor_mass_flow_speed_rpm,startup_solved_air_cycle_regenerator_ua_w_k,startup_solved_vcc_cycle_cascade_ua_w_k,startup_solved_vcc_cycle_dock_evaporator_ua_w_k,startup_solved_vcc_cycle_condenser_ua_w_k,startup_solved_vcc_cycle_compressor_displacement_m3_per_rev,startup_solved_vcc_cycle_expansion_valves_cascade_opening,startup_solved_vcc_cycle_expansion_valves_cascade_flow_coefficient_m2,startup_solved_boundary_conditions_load_before_w,startup_solved_boundary_conditions_load_after_w,startup_solved_boundary_conditions_sink_m_dot_kg_s,newton_iterations,pid_open_loop_air_speed_step_output
0.0,-30.0,5.0,35.0,27.912404934782558,5.0,-26.5,-40.00001469450069,1.5,-4.999999999999602,-5.0,40.0,37569.03399132045,20599.999999999996,20599.999999999996,58169.03399132045,82472.07457893711,77860.00234009839,20599.999999999996,98460.00234009839,98460.00234009839,98460.00234009839,124543.0140561581,120035.1575265755,4507.856529582614,0.0,95070.15241402936,50167.11182641272,49892.26731957404,26083.01171605971,75975.27903563375,19904.596323010763,1450.0,0.0,0.886918697191838,2.8846981178461464,0.0014957518423254837,1.0,1.0,-4.999999999999602,354655.9902153604,1554533.227914083,4.383214356453171,1554533.227914083,4.383214356453171,0.7631249235975,0.0924826956378316,3.5810916838729177,101325.0,128351.07116782667,1.2667265844345095,1.0,0.0,3.5810916838729177,1.2847212910722052,1.2850212022149787,2.7874463580222937,5906.264348255068,14561.403508771931,6454.11178072111,0.00042929714652694296,26547.81301527915,2707.123535078661,19291.772021735764,1967.2132707637945,0.7266802734610458,0.7266802734610458,32395.05729023726,32395.05729023726,1.0,0.8,4287.898129693729,4287.898129693729,1.0,0.8,17904.69678407069,17904.69678407069,1.0,0.8,3099.015535412006,3099.015535412006,6.647272259401979,5.0,-0.8564321250888405,5.8564321250888405,3.5,3.5,1.0,0.6,0.0002334323654385558,1.0,0.0002334323654385558,198.92221095423284,0.0,0.0,0.0,0.0,7.885554614010179e-05,0.00015457681929845402,0.0005535537621092204,0.0924826956378316,0.0924826956378316,0.0924826956378316,0.0924826956378316,0.0,0.0,0.0,0.0,0.0,0.0,1.0,1.0,0.0,1.0,1.0,487378.5533508723,595.762855415961,0.0,0.0924826956378316,0.0924826956378316,0.0924826956378316,0.375,0.375,0.5,10.0,3.979039320256561e-13,3.979039320256561e-13,3.979039320256561e-13,3.979039320256561e-13,3.979039320256561e-13,3.979039320256561e-13,26083.01171605971,19904.596323010763,0.7631249235975,0.765631067495496,0.4944902403543646,37569.03399132045,20600.0,0.0,0.0,0.0,0.0,0.0,0.0,0.0,0.0,0.0,0.0,0.0,0.0,0.0,0.0,0.0,0.0,0.0,0.0,0.0,0.0,37569.03399132045,20600.0,1.0,0.0,0.0,6.0,0.9,152975.75209065224,25495.958681775373,260.65000000000003,260.65000000000003,-12.499999999999943,244.89999999999998,276.4,113368.4099822069,113368.4099822069,0.0,0.0,nan,276.4,3.25,270.09999999999997,-3.0500000000000114,263.79999999999995,-9.350000000000023,257.5,-15.649999999999977,251.2,-21.94999999999999,244.89999999999998,-28.25,1.0,1.0,25762.59804822658,25762.59804822658,277.2290405911135,4.0790405911135394,277.2290405911135,277.2290405911135,77860.00234009844,77860.00234009839,4.3655745685100555e-11,0.0,8575.796259387458,8575.796259387458,0.9077109164786514,3598.997142292282,277.2290405911135,4.0790405911135394,1.0,0.002,0.12907645846231844,0.0051924566121229875,0.0002000000000000002,0.0017999999999999737,0.1000000000000001,0.1000000000000001,0.0,-2.6020852139652106e-17,0.9610161916098625,0.9610161916098625,0.0,0.08887736795168297,0.0036053276861486307,0.0,0.0,0.0,1601879.7459044957,268.1500000000004,0.0,1.0,1279238.016715626,2619.5792953536006,1.0,251.0,251.0,0.0,1.2667265844345095,14561.403508771931,32395.05729023726,4287.898129693729,3099.015535412006,17904.69678407069,0.0014957518423254837,0.375,6.522425028011583e-06,37569.03399132045,37569.03399132045,6.17966920071755,0.0,
30.0,-30.389169984704274,4.744662753125034,34.86210810842419,27.89247912531721,5.236868868529956,-26.83293846728026,-40.309781302325405,1.4848373091887632,-5.4804415635437636,-5.480441563544153,39.13637684506041,37223.224010488,21063.714892338525,21063.714892338525,58286.93890282652,81562.45072234859,76989.31317346066,21063.714892338525,98053.02806579918,98053.02806579918,98053.02806579918,123650.6968192654,118553.87365584857,5096.8231634168305,0.0,95070.137592671,50120.48259450223,49944.061109076414,25597.668753466227,75541.72986254265,19471.405983360994,1450.0,0.0,0.887603491060987,2.8340046802681322,0.0014957518423254837,1.0,1.0,-5.4804415635437636,348063.21880802163,1517632.0439017222,4.360219528794251,1517632.0439017222,4.360219528794251,0.7606710662166973,0.11111418229884026,3.581737046500763,101325.0,128351.07116782667,1.2667265844345095,1.0,0.0,3.581737046500763,1.28479222100923,1.2850921487102083,2.7877947795225886,5907.002611604759,14561.403508771931,6453.756771793436,0.00042912449778162096,26543.02545340433,2706.6353396322224,19290.71087629375,1967.1050640426395,0.72677136636734,0.72677136636734,32399.727638702894,32395.05729023726,1.0001802139360887,0.8,4288.516309753464,4287.898129693729,1.0001802139360887,0.8,17904.69678407069,17904.69678407069,1.0,0.8,3099.015535412006,3099.015535412006,6.796905227368651,4.744662753125034,-1.2436001871275666,5.988262940252601,3.5,3.5,1.0,0.6,0.0002334323654385558,1.0414039201752747,0.0002241516100681354,199.2440752651107,0.0,0.0,0.0,0.0,7.613564557951556e-05,0.00015729671985904024,0.0005633954888121767,0.09133859139389247,0.09133859139389247,0.09133859139389247,0.09092762824935617,0.0,0.0,0.0,0.0,0.0,0.0,1.0,1.0,0.0,1.0,1.0,485988.41658857657,596.1727386827683,0.0,0.09133859139389247,0.11111418229883986,0.11111418229884067,0.375,0.375,0.5,9.422238796128964,3.979039320256561e-13,3.979039320256561e-13,3.979039320256561e-13,3.979039320256561e-13,3.979039320256561e-13,3.979039320256561e-13,25597.668753466227,19471.405983360994,0.7606710662166973,0.7715859698856075,0.49275048477470895,37569.03399132045,20600.0,0.0,0.0,0.0,0.0,0.0,0.0,0.0,0.0,0.0,0.0,0.0,0.0,0.0,0.0,0.0,0.0,0.0,0.0,0.0,0.0,37569.03399132045,20600.0,1.0,0.0,0.0,6.0,0.9,152975.75209065224,25495.958681775373,260.58266780889556,260.58266780889556,-12.567332191104413,244.58886276258818,276.5761635944652,115267.11834679249,115566.89530710196,-299.77696030949244,0.0,nan,276.5761635944652,3.4261635944652085,270.1792225326169,-2.9707774673830727,263.78136830982424,-9.368631690175732,257.3839894445809,-15.766010555419086,250.98640020929767,-22.163599790702307,244.58886276258818,-28.5611372374118,1.0,1.0,25762.59804822658,25762.59804822658,276.64707036010776,3.4970703601077844,276.64707036010776,276.64707036010776,79706.99866183248,76989.31317346066,2717.685488371819,0.0,8575.796259387458,8575.796259387458,0.9076712844198855,3599.645731733267,276.64707036010776,3.4970703601077844,1.0,0.002,0.7409096039971651,0.0047127716395025014,0.0011468757472217364,0.0016629371406177828,0.5734378736108682,0.5734378736108682,0.0,0.000809812887839519,0.8181857840663753,0.8181857840663753,0.0,0.09091204436507078,0.02020213793376948,0.0,0.0,0.0,1601325.2639575698,267.6695584364562,0.0,1.0,1280889.8643404427,2612.8284862621367,,,,,,,,,,,,,,,,,13.0,14561.403508771931
60.0,-29.91954151803634,5.009880886154798,34.907367047834434,26.330815243441634,4.9825521912680495,-26.436654867018184,-39.95372912669552,0.2865308437353327,-5.244447388030153,-5.244447388030525,39.01351587401397,38129.82200816191,21123.916244821765,21123.916244821765,59253.738252983676,77938.67381575414,80831.2618294193,21123.916244821765,101955.17807424106,101955.17807424106,101955.17807424106,127585.65174123891,123195.85561543338,4389.796125805529,0.0,95083.00427179826,50845.21558646676,49153.09853925722,25630.47366699785,74783.57220625506,19489.07623249772,1450.0,0.0,0.8892393823899741,2.8588167335080246,0.0014957518423254837,1.0,1.0,-5.244447388030153,351289.47176019364,1512436.7137816162,4.305385829536261,1512436.7137816162,4.305385829536261,0.7603868927944208,0.09569170843867864,3.6322616258708806,101325.0,128351.07116782667,1.2667265844345095,1.0,0.0,3.6322616258708806,1.2904419349815162,1.290731204677835,2.814742397474016,5964.1013804183185,14561.403508771931,6425.500797774397,0.00041556969274390994,26177.35561628243,2669.3473934812023,19206.25187906106,1958.4926431616364,0.7336971755510203,0.7336971755510203,32764.843528259018,32395.05729023726,1.0142889226289296,0.8,4336.84404462742,4287.898129693729,1.0142889226289296,0.8,17904.69678407069,17904.69678407069,1.0,0.8,3099.015535412006,3099.015535412006,6.816331187579346,5.009880886154798,-0.9954968664597761,6.005377752614574,3.5,3.5,1.0,0.6,0.0002241516100681354,0.9522371790374121,0.0002353947262327265,198.85937554393513,0.0,6.163785071803738e-05,174.68166893491792,0.0018491355215411213,7.926958435960651e-05,0.00014488202570852888,0.0005262494222595278,0.0910238205529759,0.0910238205529759,0.0910238205529759,0.09189276135139961,0.0,0.0,0.0,0.0,0.0,0.0,1.0,1.0,0.0,1.0,1.0,485378.45412780903,596.3649389229479,0.0,0.0910238205529759,0.09569170843867829,0.09569170843867898,0.375,0.375,0.5,9.425631344282586,3.979039320256561e-13,3.979039320256561e-13,3.979039320256561e-13,3.979039320256561e-13,3.979039320256561e-13,3.979039320256561e-13,25630.47366699785,19489.07623249772,0.7603868927944208,0.792336291312219,0.5098689576234584,37569.03399132045,20600.0,0.0,0.0,0.0,0.0,0.0,0.0,0.0,0.0,0.0,0.0,0.0,0.0,0.0,0.0,0.0,0.0,0.0,0.0,0.0,0.0,37743.715660255366,20600.0,1.0,0.0,0.0,6.0,0.9,152975.75209065224,25495.958681775373,260.6686492997305,260.6686492997305,-12.481350700269502,244.9252573685254,276.41198232792664,114885.18097912356,114448.14499880247,437.03598032108937,0.0,nan,276.41198232792664,3.2619823279266598,270.1147028326419,-3.035297167358067,263.81732189929454,-9.332678100705436,257.5199985089307,-15.630001491069265,251.22263286106357,-21.927367138936404,244.9252573685254,-28.224742631474584,1.0,1.0,25762.59804822658,25762.59804822658,277.3310635948053,4.181063594805323,277.3310635948053,277.3310635948053,73139.09550154633,80831.2618294193,-7692.166327872968,0.0,8575.796259387458,8575.796259387458,0.9045603346324347,3650.422934000235,277.3310635948053,4.181063594805323,1.0,0.002,0.7979494710224385,0.004843274027953477,0.0012357724289285348,0.0016941533786289076,0.6178862144642674,0.6178862144642674,0.0,0.0009299258075574426,0.9603423589182032,0.9603423589182032,0.0,0.09189680101091358,0.0037949074277650644,0.0,0.0,0.0,1601598.0436779622,267.9055526119698,0.0,1.0,1280079.0361820858,2616.1391222586003,,,,,,,,,,,,,,,,,10.0,14561.403508771931
90.0,-29.85424543013105,5.328493208878874,34.88539757395193,24.38527304856109,4.192942319680514,-26.449914819593424,-39.966064179874934,-1.2378204048155426,-5.820850290897511,-5.820850290897858,39.18397481504564,39069.71508958701,22967.647609540065,22967.647609540065,62037.36269912707,74976.17850439131,76312.83483185738,22967.647609540065,99280.48244139744,99280.48244139744,99280.48244139744,124780.06977101527,120740.75175443431,4039.3180165809654,0.0,95141.15305711112,51710.34102245842,48256.457816280774,25499.58732961783,73756.0451458986,19397.6539231486,1450.0,0.0,0.8856865477880274,2.7985145700978125,0.0014957518423254837,1.0,1.0,-5.820850290897511,343450.5562220433,1519648.4062240468,4.424649716512857,1519648.4062240468,4.424649716512857,0.7607046213104076,0.09168218018730981,3.694226384142981,101325.0,128351.07116782667,1.2667265844345095,1.0,0.0,3.694226384142981,1.2976762073767432,1.297967098731288,2.8468013539455055,6032.03046221208,14561.403508771931,6389.680256618987,0.00039891756028793095,25754.012657560183,2626.17842561529,19099.181884436926,1947.5745422174675,0.741600236762728,0.741600236762728,33211.24870294094,32395.05729023726,1.031592237858515,0.8,4395.931450970148,4287.898129693729,1.031592237858515,0.8,17904.69678407069,17904.69678407069,1.0,0.8,3099.015535412006,3099.015535412006,7.411272175660964,5.328493208878874,-1.2010441356954153,6.5295373445742895,3.5,3.5,1.0,0.6,0.0002241516100681354,0.9457936107849177,0.0002369984397358226,198.80600535961244,0.0,0.0,0.0,0.0018491355215411213,7.915904764166826e-05,0.00014499256242646714,0.0005356353496203532,0.09154612013971881,0.09154612013971881,0.09154612013971881,0.08959502997466309,0.0,0.0,0.0,0.0,0.0,0.0,1.0,1.0,0.0,1.0,1.0,488035.44322715787,595.509620630058,0.0,0.09154612013971881,0.09168218018730954,0.09168218018731006,0.375,0.375,0.5,9.045263158953642,3.410605131648481e-13,3.410605131648481e-13,3.410605131648481e-13,3.410605131648481e-13,3.410605131648481e-13,3.410605131648481e-13,25499.58732961783,19397.6539231486,0.7607046213104076,0.8411156343376258,0.5297154289157217,37569.03399132045,20600.0,0.0,0.0,0.0,0.0,0.0,0.0,0.0,0.0,0.0,0.0,0.0,0.0,0.0,0.0,0.0,0.0,0.0,0.0,0.0,0.0,37569.03399132045,20600.0,1.0,0.0,0.0,6.0,0.9,152975.75209065224,25495.958681775373,260.3668466440117,260.3668466440117,-12.783153355988304,244.98902949176073,275.74453421738144,112958.8770321077,114573.55986571581,-1614.6828336080941,0.0,nan,275.74453421738144,2.594534217381465,269.5935116643352,-3.556488335664767,263.4424441243282,-9.707555875671801,257.29134936196385,-15.858650638036124,251.140211004301,-22.009788995698983,244.98902949176073,-28.160970508239245,1.0,1.0,25762.59804822658,25762.59804822658,276.227779355104,3.0777793551040418,276.227779355104,276.227779355104,71254.76051915344,76312.83483185738,-5058.074312703946,0.0,8575.796259387458,8575.796259387458,0.9007244437829626,3712.6975160636957,276.227779355104,3.0777793551040418,1.0,0.002,0.857677014966703,0.0030747301152783267,0.0013266905727418474,0.0010987007708060138,0.6633452863709237,0.6633452863709237,0.0,0.00042539134354786096,0.9765857667869245,0.9765857667869245,0.0,0.08953551223892094,0.0021466679483888775,0.0,0.0,0.0,1600930.381347605,267.32914970910247,0.0,1.0,1282057.5287258346,2608.071315051725,,,,,,,,,,,,,,,,,11.0,14561.403508771931
120.0,-29.836739154475033,5.695988442401085,34.852247374099164,22.57384043131026,3.354479024717616,-26.510076155887713,-40.02202145112676,-2.685765771184635,-6.229589772560303,-6.229589772560559,38.96063351895052,39953.859603212775,24566.691122820986,24566.691122820986,64520.55072603376,72462.72115230963,73226.63831436785,24566.691122820986,97793.32943718883,97793.32943718883,97793.32943718883,123071.98971986416,119171.44712266116,3900.542597202987,0.0,95236.24442364971,52496.3706725705,47488.748612310235,25278.66028267533,72767.40889498556,19210.803414465485,1450.0,0.0,0.8843885348760109,2.7563652469859323,0.0014957518423254837,1.0,1.0,-6.229589772560303,337975.57300488546,1510204.6623639194,4.468384057868257,1510204.6623639194,4.468384057868257,0.7599612954026509,0.08972012253044226,3.751131949775475,101325.0,128351.07116782667,1.2667265844345095,1.0,0.0,3.751131949775475,1.3046233893465742,1.3049158380042134,2.8752603857993413,6092.331735720147,14561.403508771931,6355.654986955508,0.0003836532473141559,25388.66819370353,2588.923658303654,18997.47807644174,1937.203640024039,0.7482660347325023,0.7482660347325023,33619.88884338558,32395.05729023726,1.0474828015904525,0.8,4450.020174389644,4287.898129693729,1.0474828015904525,0.8,17904.69678407069,17904.69678407069,1.0,0.8,3099.015535412006,3099.015535412006,7.927256524564311,5.695988442401085,-1.2881454944350157,6.984133936836101,3.5,3.5,1.0,0.6,0.0002241516100681354,0.944074057968051,0.0002374301127928261,198.79170136023404,0.0,0.0,0.0,0.0018491355215411213,7.865939121774821e-05,0.0001454922188503872,0.000545760510573413,0.09140364149608705,0.09140364149608705,0.09140364149608705,0.08811628271352052,0.0,0.0,0.0,0.0,0.0,0.0,1.0,1.0,0.0,1.0,1.0,487517.5858661326,595.6673272289337,0.0,0.09140364149608705,0.08972012253044201,0.0897201225304425,0.375,0.375,0.5,8.928667132966858,2.8421709430404007e-13,2.8421709430404007e-13,2.8421709430404007e-13,2.8421709430404007e-13,2.8421709430404007e-13,2.8421709430404007e-13,25278.66028267533,19210.803414465485,0.7599612954026509,0.886668244833985,0.5490625571246087,37569.03399132045,20600.0,0.0,0.0,0.0,0.0,0.0,0.0,0.0,0.0,0.0,0.0,0.0,0.0,0.0,0.0,0.0,0.0,0.0,0.0,0.0,0.0,37569.03399132045,20600.0,1.0,0.0,0.0,6.0,0.9,152975.75209065224,25495.958681775373,259.9721379763443,259.9721379763443,-13.177862023655678,244.976556228035,274.96756284657073,111539.0596996155,113689.83218614831,-2150.772486532812,0.0,nan,274.96756284657073,1.8175628465707518,268.9694523622804,-4.180547637719599,262.97129895311787,-10.17870104688211,256.9731018953799,-16.17689810462008,250.97485557268192,-22.17514442731806,244.976556228035,-28.17344377196497,1.0,1.0,25762.59804822658,25762.59804822658,275.4591669911872,2.309166991187226,275.4591669911872,275.4591669911872,68540.86156846357,73226.63831436785,-4685.776745904281,0.0,8575.796259387458,8575.796259387458,0.8971840553844057,3769.8876095243527,275.4591669911872,2.309166991187226,1.0,0.002,0.8653401534253437,0.003063690165066569,0.0013374172397939157,0.0011114964420686608,0.6687086198969578,0.6687086198969578,0.0,0.0004489136818625764,0.9821152266816049,0.9821152266816049,0.0,0.08811549847688667,0.0016046240535555936,0.0,0.0,0.0,1600454.0372357299,266.9204102274397,0.0,1.0,1283456.6101159637,2602.3875927680397,,,,,,,,,,,,,,,,,12.0,14561.403508771931
150.0,-30.369536124007936,5.007237264003203,34.71869448861052,24.20578011022883,2.4913289374435563,-27.082774986404438,-40.55495843114329,-1.3800864826348282,-6.99232627082705,-6.992326270827175,35.63643647505959,39457.330716595934,24719.100881750575,24719.100881750575,64176.431598346506,80751.78438297352,72519.7267566526,24719.100881750575,97238.82763840318,97238.82763840318,97238.82763840318,121023.8240335244,117519.47807243891,3504.345961085491,0.0,95148.81891089982,51680.15065415914,48298.52028526743,23784.996395121223,72083.51668038865,17885.29366924857,1450.0,0.0,0.892627142501746,2.6790532667382676,0.0014957518423254837,1.0,1.0,-6.99232627082705,327942.42597891943,1374824.8958127466,4.192275188880631,1374824.8958127466,4.192275188880631,0.7519569636309552,0.08659341279646152,3.6998994915149366,101325.0,128351.07116782667,1.2667265844345095,1.0,0.0,3.6998994915149366,1.2983555147434547,1.2986465583737667,2.8496813465193385,6038.132820886397,14561.403508771931,6386.336194427188,0.00039739341455879523,25716.595580260157,2622.3629455787814,19089.186258760998,1946.555272061407,0.7422905648294169,0.7422905648294169,33252.04361788888,32395.05729023726,1.0331764216417743,0.8,4401.331177167237,4287.898129693729,1.0331764216417743,0.8,17904.69678407069,17904.69678407069,1.0,0.8,3099.015535412006,3099.015535412006,7.976436581000953,5.007237264003203,-2.0202256732393202,7.0274629372425235,3.5,3.5,1.0,0.6,0.0002241516100681354,0.9979522297599169,0.0002246115629423072,199.22796222884793,0.0,0.0,0.0,0.0018491355215411213,7.404465622001711e-05,0.00015010695384811828,0.0005553806422155088,0.08667969387210678,0.08667969387210678,0.08667969387210678,0.08644258296006592,0.0,0.0,0.0,0.0,0.0,0.0,1.0,1.0,0.0,1.0,1.0,474198.3990998933,599.8271058756633,0.0,0.08667969387210678,0.08659341279646128,0.08659341279646174,0.375,0.375,0.5,8.364393183980965,1.1368683772161603e-13,1.1368683772161603e-13,1.1368683772161603e-13,1.1368683772161603e-13,1.1368683772161603e-13,1.1368683772161603e-13,23784.996395121223,17885.29366924857,0.7519569636309552,0.890306613131801,0.5473835425031485,37569.03399132045,20600.0,0.0,0.0,0.0,0.0,0.0,0.0,0.0,0.0,0.0,0.0,0.0,0.0,0.0,0.0,0.0,0.0,0.0,0.0,0.0,0.0,37569.03399132045,20600.0,1.0,0.0,0.0,6.0,0.9,152975.75209065224,25495.958681775373,259.30856511915124,259.30856511915124,-13.841434880848738,244.4952991288153,274.1217900586896,108310.72170799988,111630.93165027398,-3320.209942274112,0.0,nan,274.1217900586896,0.9717900586896349,268.1965168739397,-4.953483126060291,262.2712305549196,-10.878769445080366,256.34593167422724,-16.804068325772732,250.42062242431595,-22.729377575684026,244.4952991288153,-28.654700871184673,1.0,1.0,25762.59804822658,25762.59804822658,274.6139994816963,1.4639994816963053,274.6139994816963,274.6139994816963,76138.18812021692,72519.7267566526,3618.461363564318,0.0,8575.796259387458,8575.796259387458,0.9003722127651215,3718.3989889725112,274.6139994816963,1.4639994816963053,1.0,0.002,0.8823077029651442,0.0026752644709723454,0.0013615062801316216,0.0009985857706478025,0.6807531400658108,0.6807531400658108,0.0,0.0003600920507794243,0.9981145831197341,0.9981145831197341,0.0,0.08643014811425524,0.00016326468220628077,0.0,0.0,0.0,1599558.7754804567,266.1576737291729,0.0,1.0,1286058.7817454604,2591.8636851668516,,,,,,,,,,,,,,,,,15.0,14561.403508771931
180.0,-30.34357798166818,4.970317961140218,34.71791419675564,24.469027679320448,2.5529593765666174,-27.072124328030757,-40.545040753763146,-1.171533410221849,-6.938335406725173,-6.939163508273258,35.62583590314914,39427.20694908863,24533.53182699176,24533.53182699176,63960.73877608038,81318.21499040273,72999.71636299661,24533.53182699176,97533.24818998837,97533.24818998837,97533.24818998837,121329.37410941825,117826.38576684978,3502.9883425684666,0.0,95137.71494489933,51565.73324129913,48413.31300400022,23796.125919429873,72209.43892343009,17893.6903307693,1450.0,0.0,0.8929302281910726,2.6843749383126783,0.0014957518423254837,1.0,1.0,-6.3506205366572885,328634.04938036413,1374408.456815783,4.182185197812627,1374408.456815783,4.182185197812627,0.7519581292919134,0.08654168031079201,3.6915762830311403,101325.0,128351.07116782667,1.2667265844345095,1.0,0.0,3.6915762830311403,1.2973599358100218,1.297650756268095,2.845452662083527,6029.172745995135,14561.403508771931,6391.238858290883,0.0003996297136327882,25771.56955477623,2627.968730889369,19103.840649135847,1948.0496040070614,0.7412757926338772,0.7412757926338772,33192.1877199883,32395.05729023726,1.0308522118145644,0.8,4393.408487284038,4287.898129693729,1.0308522118145644,0.8,17904.69678407069,17904.69678407069,1.0,0.8,3099.015535412006,3099.015535412006,7.91655657954941,4.970317961140218,-2.0043890259221158,6.9747069870623335,3.5,3.5,1.0,0.6,0.0002241516100681354,0.9952517902787774,0.00022522100664129312,199.2066630071939,0.0,0.0,0.0,0.0018491355215411213,7.412819783625457e-05,0.00015002341223188084,0.0005538228704946152,0.08663518071954836,0.08663518071954836,0.08663518071954836,0.08664370182690233,0.0,0.0,0.0,0.0,0.0,0.0,1.0,1.0,0.0,1.0,1.0,474138.02557802247,599.8460994804559,0.0,0.08663518071954836,0.08654168031079178,0.08654168031079223,0.375,0.375,0.5,8.366348249891201,0.5885429716159933,0.5885429716159933,1.1368683772161603e-13,0.0008281015481088616,0.5885429716159933,1.1368683772161603e-13,23796.125919429873,17893.6903307693,0.7519581292919134,0.8857670095443267,0.546011816971694,37569.03399132045,20600.0,0.0,0.0,0.0,0.0,0.0,0.0,0.0,0.0,0.0,0.0,0.0,0.0,0.0,0.0,0.0,0.0,0.0,0.0,0.0,0.0,37569.03399132045,20600.0,1.0,0.0,0.0,6.0,0.9,152975.75209065224,25495.958681775373,259.2784950571713,259.2784950571713,-13.871504942828665,244.4726243315452,274.0841325747291,109437.93976064996,110247.15972321302,-809.2199625630311,0.0,nan,274.0841325747291,0.9341325747291194,268.16196711594614,-4.988032884053837,262.2397370972877,-10.910262902712304,256.3174390501987,-16.83256094980129,250.39507017332124,-22.754929826678733,244.4726243315452,-28.677375668454772,1.0,1.0,25762.59804822658,25762.59804822658,274.7231325112465,1.5731325112465129,274.7231325112465,274.7231325112465,76525.6073538748,72999.71636299661,3525.8909908781934,0.0,8575.796259387458,8575.796259387458,0.9008889255605027,3710.034164446296,274.7231325112465,1.5731325112465129,1.0,0.002,0.8823029954199629,0.002675581255523125,0.0013616474317339733,0.0009967201162777745,0.6808237158669866,0.6808237158669866,0.0,0.000358367548011748,1.0,1.001186373857755,0.5885429716158797,0.08654168031079201,0.0,0.00010252612090774337,131.8360599440524,0.0,1599623.5925354976,266.2116645932748,0.0008281015479951748,1.0,1285877.7721892274,2588.395965339346,,,,,,,,,,,,,,,,,11.0,14561.403508771931
210.0,-30.34357798166818,4.970317961140218,34.71791419675564,24.469027679320448,2.5529593765666174,-27.072124328030757,-40.545040753763146,-1.171533410221849,-6.938335406725173,-6.939163508273258,35.62583590314914,39427.20694908863,24533.53182699176,24533.53182699176,63960.73877608038,81318.21499040273,72999.71636299661,24533.53182699176,97533.24818998837,97533.24818998837,97533.24818998837,121329.37410941825,117826.38576684978,3502.9883425684666,0.0,95137.71494489933,51565.73324129913,48413.31300400022,23796.125919429873,72209.43892343009,17893.6903307693,1450.0,0.0,0.8929302281910726,2.6843749383126783,0.0014957518423254837,1.0,1.0,-6.3506205366572885,328634.04938036413,1374408.456815783,4.182185197812627,1374408.456815783,4.182185197812627,0.7519581292919134,0.08654168031079201,3.6915762830311403,101325.0,128351.07116782667,1.2667265844345095,1.0,0.0,3.6915762830311403,1.2973599358100218,1.297650756268095,2.845452662083527,6029.172745995135,14561.403508771931,6391.238858290883,0.0003996297136327882,25771.56955477623,2627.968730889369,19103.840649135847,1948.0496040070614,0.7412757926338772,0.7412757926338772,33192.1877199883,32395.05729023726,1.0308522118145644,0.8,4393.408487284038,4287.898129693729,1.0308522118145644,0.8,17904.69678407069,17904.69678407069,1.0,0.8,3099.015535412006,3099.015535412006,7.91655657954941,4.970317961140218,-2.0043890259221158,6.9747069870623335,3.5,3.5,1.0,0.6,0.0002241516100681354,0.9952517902787774,0.00022522100664129312,199.2066630071939,0.0,0.0,0.0,0.0018491355215411213,7.412819783625457e-05,0.00015002341223188084,0.0005538228704946152,0.08663518071954836,0.08663518071954836,0.08663518071954836,0.08664370182690233,0.0,0.0,0.0,0.0,0.0,0.0,1.0,1.0,0.0,1.0,1.0,474138.02557802247,599.8460994804559,0.0,0.08663518071954836,0.08654168031079178,0.08654168031079223,0.375,0.375,0.5,8.366348249891201,0.5885429716159933,0.5885429716159933,1.1368683772161603e-13,0.0008281015481088616,0.5885429716159933,1.1368683772161603e-13,23796.125919429873,17893.6903307693,0.7519581292919134,0.8857670095443267,0.546011816971694,37569.03399132045,20600.0,0.0,0.0,0.0,0.0,0.0,0.0,0.0,0.0,0.0,0.0,0.0,0.0,0.0,0.0,0.0,0.0,0.0,0.0,0.0,0.0,37569.03399132045,20600.0,1.0,0.0,0.0,6.0,0.9,152975.75209065224,25495.958681775373,259.2784950571713,259.2784950571713,-13.871504942828665,244.4726243315452,274.0841325747291,109437.93976064996,110247.15972321302,-809.2199625630311,0.0,nan,274.0841325747291,0.9341325747291194,268.16196711594614,-4.988032884053837,262.2397370972877,-10.910262902712304,256.3174390501987,-16.83256094980129,250.39507017332124,-22.754929826678733,244.4726243315452,-28.677375668454772,1.0,1.0,25762.59804822658,25762.59804822658,274.7231325112465,1.5731325112465129,274.7231325112465,274.7231325112465,76525.6073538748,72999.71636299661,3525.8909908781934,0.0,8575.796259387458,8575.796259387458,0.9008889255605027,3710.034164446296,274.7231325112465,1.5731325112465129,1.0,0.002,0.8823029954199629,0.002675581255523125,0.0013616474317339733,0.0009967201162777745,0.6808237158669866,0.6808237158669866,0.0,0.000358367548011748,1.0,1.001186373857755,0.5885429716158797,0.08654168031079201,0.0,0.00010252612090774337,131.8360599440524,0.0,1599623.5925354976,266.2116645932748,0.0008281015479951748,1.0,1285877.7721892274,2588.395965339346,,,,,,,,,,,,,,,,,9.0,14561.403508771931
240.0,-30.34357798166818,4.970317961140218,34.71791419675564,24.469027679320448,2.5529593765666174,-27.072124328030757,-40.545040753763146,-1.171533410221849,-6.938335406725173,-6.939163508273258,35.62583590314914,39427.20694908863,24533.53182699176,24533.53182699176,63960.73877608038,81318.21499040273,72999.71636299661,24533.53182699176,97533.24818998837,97533.24818998837,97533.24818998837,121329.37410941825,117826.38576684978,3502.9883425684666,0.0,95137.71494489933,51565.73324129913,48413.31300400022,23796.125919429873,72209.43892343009,17893.6903307693,1450.0,0.0,0.8929302281910726,2.6843749383126783,0.0014957518423254837,1.0,1.0,-6.3506205366572885,328634.04938036413,1374408.456815783,4.182185197812627,1374408.456815783,4.182185197812627,0.7519581292919134,0.08654168031079201,3.6915762830311403,101325.0,128351.07116782667,1.2667265844345095,1.0,0.0,3.6915762830311403,1.2973599358100218,1.297650756268095,2.845452662083527,6029.172745995135,14561.403508771931,6391.238858290883,0.0003996297136327882,25771.56955477623,2627.968730889369,19103.840649135847,1948.0496040070614,0.7412757926338772,0.7412757926338772,33192.1877199883,32395.05729023726,1.0308522118145644,0.8,4393.408487284038,4287.898129693729,1.0308522118145644,0.8,17904.69678407069,17904.69678407069,1.0,0.8,3099.015535412006,3099.015535412006,7.91655657954941,4.970317961140218,-2.0043890259221158,6.9747069870623335,3.5,3.5,1.0,0.6,0.0002241516100681354,0.9952517902787774,0.00022522100664129312,199.2066630071939,0.0,0.0,0.0,0.0018491355215411213,7.412819783625457e-05,0.00015002341223188084,0.0005538228704946152,0.08663518071954836,0.08663518071954836,0.08663518071954836,0.08664370182690233,0.0,0.0,0.0,0.0,0.0,0.0,1.0,1.0,0.0,1.0,1.0,474138.02557802247,599.8460994804559,0.0,0.08663518071954836,0.08654168031079178,0.08654168031079223,0.375,0.375,0.5,8.366348249891201,0.5885429716159933,0.5885429716159933,1.1368683772161603e-13,0.0008281015481088616,0.5885429716159933,1.1368683772161603e-13,23796.125919429873,17893.6903307693,0.7519581292919134,0.8857670095443267,0.546011816971694,37569.03399132045,20600.0,0.0,0.0,0.0,0.0,0.0,0.0,0.0,0.0,0.0,0.0,0.0,0.0,0.0,0.0,0.0,0.0,0.0,0.0,0.0,0.0,37569.03399132045,20600.0,1.0,0.0,0.0,6.0,0.9,152975.75209065224,25495.958681775373,259.2784950571713,259.2784950571713,-13.871504942828665,244.4726243315452,274.0841325747291,109437.93976064996,110247.15972321302,-809.2199625630311,0.0,nan,274.0841325747291,0.9341325747291194,268.16196711594614,-4.988032884053837,262.2397370972877,-10.910262902712304,256.3174390501987,-16.83256094980129,250.39507017332124,-22.754929826678733,244.4726243315452,-28.677375668454772,1.0,1.0,25762.59804822658,25762.59804822658,274.7231325112465,1.5731325112465129,274.7231325112465,274.7231325112465,76525.6073538748,72999.71636299661,3525.8909908781934,0.0,8575.796259387458,8575.796259387458,0.9008889255605027,3710.034164446296,274.7231325112465,1.5731325112465129,1.0,0.002,0.8823029954199629,0.002675581255523125,0.0013616474317339733,0.0009967201162777745,0.6808237158669866,0.6808237158669866,0.0,0.000358367548011748,1.0,1.001186373857755,0.5885429716158797,0.08654168031079201,0.0,0.00010252612090774337,131.8360599440524,0.0,1599623.5925354976,266.2116645932748,0.0008281015479951748,1.0,1285877.7721892274,2588.395965339346,,,,,,,,,,,,,,,,,9.0,14561.403508771931
270.0,-30.34357798166818,4.970317961140218,34.71791419675564,24.469027679320448,2.5529593765666174,-27.072124328030757,-40.545040753763146,-1.171533410221849,-6.938335406725173,-6.939163508273258,35.62583590314914,39427.20694908863,24533.53182699176,24533.53182699176,63960.73877608038,81318.21499040273,72999.71636299661,24533.53182699176,97533.24818998837,97533.24818998837,97533.24818998837,121329.37410941825,117826.38576684978,3502.9883425684666,0.0,95137.71494489933,51565.73324129913,48413.31300400022,23796.125919429873,72209.43892343009,17893.6903307693,1450.0,0.0,0.8929302281910726,2.6843749383126783,0.0014957518423254837,1.0,1.0,-6.3506205366572885,328634.04938036413,1374408.456815783,4.182185197812627,1374408.456815783,4.182185197812627,0.7519581292919134,0.08654168031079201,3.6915762830311403,101325.0,128351.07116782667,1.2667265844345095,1.0,0.0,3.6915762830311403,1.2973599358100218,1.297650756268095,2.845452662083527,6029.172745995135,14561.403508771931,6391.238858290883,0.0003996297136327882,25771.56955477623,2627.968730889369,19103.840649135847,1948.0496040070614,0.7412757926338772,0.7412757926338772,33192.1877199883,32395.05729023726,1.0308522118145644,0.8,4393.408487284038,4287.898129693729,1.0308522118145644,0.8,17904.69678407069,17904.69678407069,1.0,0.8,3099.015535412006,3099.015535412006,7.91655657954941,4.970317961140218,-2.0043890259221158,6.9747069870623335,3.5,3.5,1.0,0.6,0.0002241516100681354,0.9952517902787774,0.00022522100664129312,199.2066630071939,0.0,0.0,0.0,0.0018491355215411213,7.412819783625457e-05,0.00015002341223188084,0.0005538228704946152,0.08663518071954836,0.08663518071954836,0.08663518071954836,0.08664370182690233,0.0,0.0,0.0,0.0,0.0,0.0,1.0,1.0,0.0,1.0,1.0,474138.02557802247,599.8460994804559,0.0,0.08663518071954836,0.08654168031079178,0.08654168031079223,0.375,0.375,0.5,8.366348249891201,0.5885429716159933,0.5885429716159933,1.1368683772161603e-13,0.0008281015481088616,0.5885429716159933,1.1368683772161603e-13,23796.125919429873,17893.6903307693,0.7519581292919134,0.8857670095443267,0.546011816971694,37569.03399132045,20600.0,0.0,0.0,0.0,0.0,0.0,0.0,0.0,0.0,0.0,0.0,0.0,0.0,0.0,0.0,0.0,0.0,0.0,0.0,0.0,0.0,37569.03399132045,20600.0,1.0,0.0,0.0,6.0,0.9,152975.75209065224,25495.958681775373,259.2784950571713,259.2784950571713,-13.871504942828665,244.4726243315452,274.0841325747291,109437.93976064996,110247.15972321302,-809.2199625630311,0.0,nan,274.0841325747291,0.9341325747291194,268.16196711594614,-4.988032884053837,262.2397370972877,-10.910262902712304,256.3174390501987,-16.83256094980129,250.39507017332124,-22.754929826678733,244.4726243315452,-28.677375668454772,1.0,1.0,25762.59804822658,25762.59804822658,274.7231325112465,1.5731325112465129,274.7231325112465,274.7231325112465,76525.6073538748,72999.71636299661,3525.8909908781934,0.0,8575.796259387458,8575.796259387458,0.9008889255605027,3710.034164446296,274.7231325112465,1.5731325112465129,1.0,0.002,0.8823029954199629,0.002675581255523125,0.0013616474317339733,0.0009967201162777745,0.6808237158669866,0.6808237158669866,0.0,0.000358367548011748,1.0,1.001186373857755,0.5885429716158797,0.08654168031079201,0.0,0.00010252612090774337,131.8360599440524,0.0,1599623.5925354976,266.2116645932748,0.0008281015479951748,1.0,1285877.7721892274,2588.395965339346,,,,,,,,,,,,,,,,,9.0,14561.403508771931
300.0,-30.34357798166818,4.970317961140218,34.71791419675564,24.469027679320448,2.5529593765666174,-27.072124328030757,-40.545040753763146,-1.171533410221849,-6.938335406725173,-6.939163508273258,35.62583590314914,39427.20694908863,24533.53182699176,24533.53182699176,63960.73877608038,81318.21499040273,72999.71636299661,24533.53182699176,97533.24818998837,97533.24818998837,97533.24818998837,121329.37410941825,117826.38576684978,3502.9883425684666,0.0,95137.71494489933,51565.73324129913,48413.31300400022,23796.125919429873,72209.43892343009,17893.6903307693,1450.0,0.0,0.8929302281910726,2.6843749383126783,0.0014957518423254837,1.0,1.0,-6.3506205366572885,328634.04938036413,1374408.456815783,4.182185197812627,1374408.456815783,4.182185197812627,0.7519581292919134,0.08654168031079201,3.6915762830311403,101325.0,128351.07116782667,1.2667265844345095,1.0,0.0,3.6915762830311403,1.2973599358100218,1.297650756268095,2.845452662083527,6029.172745995135,14561.403508771931,6391.238858290883,0.0003996297136327882,25771.56955477623,2627.968730889369,19103.840649135847,1948.0496040070614,0.7412757926338772,0.7412757926338772,33192.1877199883,32395.05729023726,1.0308522118145644,0.8,4393.408487284038,4287.898129693729,1.0308522118145644,0.8,17904.69678407069,17904.69678407069,1.0,0.8,3099.015535412006,3099.015535412006,7.91655657954941,4.970317961140218,-2.0043890259221158,6.9747069870623335,3.5,3.5,1.0,0.6,0.0002241516100681354,0.9952517902787774,0.00022522100664129312,199.2066630071939,0.0,0.0,0.0,0.0018491355215411213,7.412819783625457e-05,0.00015002341223188084,0.0005538228704946152,0.08663518071954836,0.08663518071954836,0.08663518071954836,0.08664370182690233,0.0,0.0,0.0,0.0,0.0,0.0,1.0,1.0,0.0,1.0,1.0,474138.02557802247,599.8460994804559,0.0,0.08663518071954836,0.08654168031079178,0.08654168031079223,0.375,0.375,0.5,8.366348249891201,0.5885429716159933,0.5885429716159933,1.1368683772161603e-13,0.0008281015481088616,0.5885429716159933,1.1368683772161603e-13,23796.125919429873,17893.6903307693,0.7519581292919134,0.8857670095443267,0.546011816971694,37569.03399132045,20600.0,0.0,0.0,0.0,0.0,0.0,0.0,0.0,0.0,0.0,0.0,0.0,0.0,0.0,0.0,0.0,0.0,0.0,0.0,0.0,0.0,37569.03399132045,20600.0,1.0,0.0,0.0,6.0,0.9,152975.75209065224,25495.958681775373,259.2784950571713,259.2784950571713,-13.871504942828665,244.4726243315452,274.0841325747291,109437.93976064996,110247.15972321302,-809.2199625630311,0.0,nan,274.0841325747291,0.9341325747291194,268.16196711594614,-4.988032884053837,262.2397370972877,-10.910262902712304,256.3174390501987,-16.83256094980129,250.39507017332124,-22.754929826678733,244.4726243315452,-28.677375668454772,1.0,1.0,25762.59804822658,25762.59804822658,274.7231325112465,1.5731325112465129,274.7231325112465,274.7231325112465,76525.6073538748,72999.71636299661,3525.8909908781934,0.0,8575.796259387458,8575.796259387458,0.9008889255605027,3710.034164446296,274.7231325112465,1.5731325112465129,1.0,0.002,0.8823029954199629,0.002675581255523125,0.0013616474317339733,0.0009967201162777745,0.6808237158669866,0.6808237158669866,0.0,0.000358367548011748,1.0,1.001186373857755,0.5885429716158797,0.08654168031079201,0.0,0.00010252612090774337,131.8360599440524,0.0,1599623.5925354976,266.2116645932748,0.0008281015479951748,1.0,1285877.7721892274,2588.395965339346,,,,,,,,,,,,,,,,,9.0,14561.403508771931
330.0,-30.34357798166818,4.970317961140218,34.71791419675564,24.469027679320448,2.5529593765666174,-27.072124328030757,-40.545040753763146,-1.171533410221849,-6.938335406725173,-6.939163508273258,35.62583590314914,39427.20694908863,24533.53182699176,24533.53182699176,63960.73877608038,81318.21499040273,72999.71636299661,24533.53182699176,97533.24818998837,97533.24818998837,97533.24818998837,121329.37410941825,117826.38576684978,3502.9883425684666,0.0,95137.71494489933,51565.73324129913,48413.31300400022,23796.125919429873,72209.43892343009,17893.6903307693,1450.0,0.0,0.8929302281910726,2.6843749383126783,0.0014957518423254837,1.0,1.0,-6.3506205366572885,328634.04938036413,1374408.456815783,4.182185197812627,1374408.456815783,4.182185197812627,0.7519581292919134,0.08654168031079201,3.6915762830311403,101325.0,128351.07116782667,1.2667265844345095,1.0,0.0,3.6915762830311403,1.2973599358100218,1.297650756268095,2.845452662083527,6029.172745995135,14561.403508771931,6391.238858290883,0.0003996297136327882,25771.56955477623,2627.968730889369,19103.840649135847,1948.0496040070614,0.7412757926338772,0.7412757926338772,33192.1877199883,32395.05729023726,1.0308522118145644,0.8,4393.408487284038,4287.898129693729,1.0308522118145644,0.8,17904.69678407069,17904.69678407069,1.0,0.8,3099.015535412006,3099.015535412006,7.91655657954941,4.970317961140218,-2.0043890259221158,6.9747069870623335,3.5,3.5,1.0,0.6,0.0002241516100681354,0.9952517902787774,0.00022522100664129312,199.2066630071939,0.0,0.0,0.0,0.0018491355215411213,7.412819783625457e-05,0.00015002341223188084,0.0005538228704946152,0.08663518071954836,0.08663518071954836,0.08663518071954836,0.08664370182690233,0.0,0.0,0.0,0.0,0.0,0.0,1.0,1.0,0.0,1.0,1.0,474138.02557802247,599.8460994804559,0.0,0.08663518071954836,0.08654168031079178,0.08654168031079223,0.375,0.375,0.5,8.366348249891201,0.5885429716159933,0.5885429716159933,1.1368683772161603e-13,0.0008281015481088616,0.5885429716159933,1.1368683772161603e-13,23796.125919429873,17893.6903307693,0.7519581292919134,0.8857670095443267,0.546011816971694,37569.03399132045,20600.0,0.0,0.0,0.0,0.0,0.0,0.0,0.0,0.0,0.0,0.0,0.0,0.0,0.0,0.0,0.0,0.0,0.0,0.0,0.0,0.0,37569.03399132045,20600.0,1.0,0.0,0.0,6.0,0.9,152975.75209065224,25495.958681775373,259.2784950571713,259.2784950571713,-13.871504942828665,244.4726243315452,274.0841325747291,109437.93976064996,110247.15972321302,-809.2199625630311,0.0,nan,274.0841325747291,0.9341325747291194,268.16196711594614,-4.988032884053837,262.2397370972877,-10.910262902712304,256.3174390501987,-16.83256094980129,250.39507017332124,-22.754929826678733,244.4726243315452,-28.677375668454772,1.0,1.0,25762.59804822658,25762.59804822658,274.7231325112465,1.5731325112465129,274.7231325112465,274.7231325112465,76525.6073538748,72999.71636299661,3525.8909908781934,0.0,8575.796259387458,8575.796259387458,0.9008889255605027,3710.034164446296,274.7231325112465,1.5731325112465129,1.0,0.002,0.8823029954199629,0.002675581255523125,0.0013616474317339733,0.0009967201162777745,0.6808237158669866,0.6808237158669866,0.0,0.000358367548011748,1.0,1.001186373857755,0.5885429716158797,0.08654168031079201,0.0,0.00010252612090774337,131.8360599440524,0.0,1599623.5925354976,266.2116645932748,0.0008281015479951748,1.0,1285877.7721892274,2588.395965339346,,,,,,,,,,,,,,,,,9.0,14561.403508771931
360.0,-30.34357798166818,4.970317961140218,34.71791419675564,24.469027679320448,2.5529593765666174,-27.072124328030757,-40.545040753763146,-1.171533410221849,-6.938335406725173,-6.939163508273258,35.62583590314914,39427.20694908863,24533.53182699176,24533.53182699176,63960.73877608038,81318.21499040273,72999.71636299661,24533.53182699176,97533.24818998837,97533.24818998837,97533.24818998837,121329.37410941825,117826.38576684978,3502.9883425684666,0.0,95137.71494489933,51565.73324129913,48413.31300400022,23796.125919429873,72209.43892343009,17893.6903307693,1450.0,0.0,0.8929302281910726,2.6843749383126783,0.0014957518423254837,1.0,1.0,-6.3506205366572885,328634.04938036413,1374408.456815783,4.182185197812627,1374408.456815783,4.182185197812627,0.7519581292919134,0.08654168031079201,3.6915762830311403,101325.0,128351.07116782667,1.2667265844345095,1.0,0.0,3.6915762830311403,1.2973599358100218,1.297650756268095,2.845452662083527,6029.172745995135,14561.403508771931,6391.238858290883,0.0003996297136327882,25771.56955477623,2627.968730889369,19103.840649135847,1948.0496040070614,0.7412757926338772,0.7412757926338772,33192.1877199883,32395.05729023726,1.0308522118145644,0.8,4393.408487284038,4287.898129693729,1.0308522118145644,0.8,17904.69678407069,17904.69678407069,1.0,0.8,3099.015535412006,3099.015535412006,7.91655657954941,4.970317961140218,-2.0043890259221158,6.9747069870623335,3.5,3.5,1.0,0.6,0.0002241516100681354,0.9952517902787774,0.00022522100664129312,199.2066630071939,0.0,0.0,0.0,0.0018491355215411213,7.412819783625457e-05,0.00015002341223188084,0.0005538228704946152,0.08663518071954836,0.08663518071954836,0.08663518071954836,0.08664370182690233,0.0,0.0,0.0,0.0,0.0,0.0,1.0,1.0,0.0,1.0,1.0,474138.02557802247,599.8460994804559,0.0,0.08663518071954836,0.08654168031079178,0.08654168031079223,0.375,0.375,0.5,8.366348249891201,0.5885429716159933,0.5885429716159933,1.1368683772161603e-13,0.0008281015481088616,0.5885429716159933,1.1368683772161603e-13,23796.125919429873,17893.6903307693,0.7519581292919134,0.8857670095443267,0.546011816971694,37569.03399132045,20600.0,0.0,0.0,0.0,0.0,0.0,0.0,0.0,0.0,0.0,0.0,0.0,0.0,0.0,0.0,0.0,0.0,0.0,0.0,0.0,0.0,37569.03399132045,20600.0,1.0,0.0,0.0,6.0,0.9,152975.75209065224,25495.958681775373,259.2784950571713,259.2784950571713,-13.871504942828665,244.4726243315452,274.0841325747291,109437.93976064996,110247.15972321302,-809.2199625630311,0.0,nan,274.0841325747291,0.9341325747291194,268.16196711594614,-4.988032884053837,262.2397370972877,-10.910262902712304,256.3174390501987,-16.83256094980129,250.39507017332124,-22.754929826678733,244.4726243315452,-28.677375668454772,1.0,1.0,25762.59804822658,25762.59804822658,274.7231325112465,1.5731325112465129,274.7231325112465,274.7231325112465,76525.6073538748,72999.71636299661,3525.8909908781934,0.0,8575.796259387458,8575.796259387458,0.9008889255605027,3710.034164446296,274.7231325112465,1.5731325112465129,1.0,0.002,0.8823029954199629,0.002675581255523125,0.0013616474317339733,0.0009967201162777745,0.6808237158669866,0.6808237158669866,0.0,0.000358367548011748,1.0,1.001186373857755,0.5885429716158797,0.08654168031079201,0.0,0.00010252612090774337,131.8360599440524,0.0,1599623.5925354976,266.2116645932748,0.0008281015479951748,1.0,1285877.7721892274,2588.395965339346,,,,,,,,,,,,,,,,,9.0,14561.403508771931
390.0,-30.34357798166818,4.970317961140218,34.71791419675564,24.469027679320448,2.5529593765666174,-27.072124328030757,-40.545040753763146,-1.171533410221849,-6.938335406725173,-6.939163508273258,35.62583590314914,39427.20694908863,24533.53182699176,24533.53182699176,63960.73877608038,81318.21499040273,72999.71636299661,24533.53182699176,97533.24818998837,97533.24818998837,97533.24818998837,121329.37410941825,117826.38576684978,3502.9883425684666,0.0,95137.71494489933,51565.73324129913,48413.31300400022,23796.125919429873,72209.43892343009,17893.6903307693,1450.0,0.0,0.8929302281910726,2.6843749383126783,0.0014957518423254837,1.0,1.0,-6.3506205366572885,328634.04938036413,1374408.456815783,4.182185197812627,1374408.456815783,4.182185197812627,0.7519581292919134,0.08654168031079201,3.6915762830311403,101325.0,128351.07116782667,1.2667265844345095,1.0,0.0,3.6915762830311403,1.2973599358100218,1.297650756268095,2.845452662083527,6029.172745995135,14561.403508771931,6391.238858290883,0.0003996297136327882,25771.56955477623,2627.968730889369,19103.840649135847,1948.0496040070614,0.7412757926338772,0.7412757926338772,33192.1877199883,32395.05729023726,1.0308522118145644,0.8,4393.408487284038,4287.898129693729,1.0308522118145644,0.8,17904.69678407069,17904.69678407069,1.0,0.8,3099.015535412006,3099.015535412006,7.91655657954941,4.970317961140218,-2.0043890259221158,6.9747069870623335,3.5,3.5,1.0,0.6,0.0002241516100681354,0.9952517902787774,0.00022522100664129312,199.2066630071939,0.0,0.0,0.0,0.0018491355215411213,7.412819783625457e-05,0.00015002341223188084,0.0005538228704946152,0.08663518071954836,0.08663518071954836,0.08663518071954836,0.08664370182690233,0.0,0.0,0.0,0.0,0.0,0.0,1.0,1.0,0.0,1.0,1.0,474138.02557802247,599.8460994804559,0.0,0.08663518071954836,0.08654168031079178,0.08654168031079223,0.375,0.375,0.5,8.366348249891201,0.5885429716159933,0.5885429716159933,1.1368683772161603e-13,0.0008281015481088616,0.5885429716159933,1.1368683772161603e-13,23796.125919429873,17893.6903307693,0.7519581292919134,0.8857670095443267,0.546011816971694,37569.03399132045,20600.0,0.0,0.0,0.0,0.0,0.0,0.0,0.0,0.0,0.0,0.0,0.0,0.0,0.0,0.0,0.0,0.0,0.0,0.0,0.0,0.0,37569.03399132045,20600.0,1.0,0.0,0.0,6.0,0.9,152975.75209065224,25495.958681775373,259.2784950571713,259.2784950571713,-13.871504942828665,244.4726243315452,274.0841325747291,109437.93976064996,110247.15972321302,-809.2199625630311,0.0,nan,274.0841325747291,0.9341325747291194,268.16196711594614,-4.988032884053837,262.2397370972877,-10.910262902712304,256.3174390501987,-16.83256094980129,250.39507017332124,-22.754929826678733,244.4726243315452,-28.677375668454772,1.0,1.0,25762.59804822658,25762.59804822658,274.7231325112465,1.5731325112465129,274.7231325112465,274.7231325112465,76525.6073538748,72999.71636299661,3525.8909908781934,0.0,8575.796259387458,8575.796259387458,0.9008889255605027,3710.034164446296,274.7231325112465,1.5731325112465129,1.0,0.002,0.8823029954199629,0.002675581255523125,0.0013616474317339733,0.0009967201162777745,0.6808237158669866,0.6808237158669866,0.0,0.000358367548011748,1.0,1.001186373857755,0.5885429716158797,0.08654168031079201,0.0,0.00010252612090774337,131.8360599440524,0.0,1599623.5925354976,266.2116645932748,0.0008281015479951748,1.0,1285877.7721892274,2588.395965339346,,,,,,,,,,,,,,,,,9.0,14561.403508771931
420.0,-30.34357798166818,4.970317961140218,34.71791419675564,24.469027679320448,2.5529593765666174,-27.072124328030757,-40.545040753763146,-1.171533410221849,-6.938335406725173,-6.939163508273258,35.62583590314914,39427.20694908863,24533.53182699176,24533.53182699176,63960.73877608038,81318.21499040273,72999.71636299661,24533.53182699176,97533.24818998837,97533.24818998837,97533.24818998837,121329.37410941825,117826.38576684978,3502.9883425684666,0.0,95137.71494489933,51565.73324129913,48413.31300400022,23796.125919429873,72209.43892343009,17893.6903307693,1450.0,0.0,0.8929302281910726,2.6843749383126783,0.0014957518423254837,1.0,1.0,-6.3506205366572885,328634.04938036413,1374408.456815783,4.182185197812627,1374408.456815783,4.182185197812627,0.7519581292919134,0.08654168031079201,3.6915762830311403,101325.0,128351.07116782667,1.2667265844345095,1.0,0.0,3.6915762830311403,1.2973599358100218,1.297650756268095,2.845452662083527,6029.172745995135,14561.403508771931,6391.238858290883,0.0003996297136327882,25771.56955477623,2627.968730889369,19103.840649135847,1948.0496040070614,0.7412757926338772,0.7412757926338772,33192.1877199883,32395.05729023726,1.0308522118145644,0.8,4393.408487284038,4287.898129693729,1.0308522118145644,0.8,17904.69678407069,17904.69678407069,1.0,0.8,3099.015535412006,3099.015535412006,7.91655657954941,4.970317961140218,-2.0043890259221158,6.9747069870623335,3.5,3.5,1.0,0.6,0.0002241516100681354,0.9952517902787774,0.00022522100664129312,199.2066630071939,0.0,0.0,0.0,0.0018491355215411213,7.412819783625457e-05,0.00015002341223188084,0.0005538228704946152,0.08663518071954836,0.08663518071954836,0.08663518071954836,0.08664370182690233,0.0,0.0,0.0,0.0,0.0,0.0,1.0,1.0,0.0,1.0,1.0,474138.02557802247,599.8460994804559,0.0,0.08663518071954836,0.08654168031079178,0.08654168031079223,0.375,0.375,0.5,8.366348249891201,0.5885429716159933,0.5885429716159933,1.1368683772161603e-13,0.0008281015481088616,0.5885429716159933,1.1368683772161603e-13,23796.125919429873,17893.6903307693,0.7519581292919134,0.8857670095443267,0.546011816971694,37569.03399132045,20600.0,0.0,0.0,0.0,0.0,0.0,0.0,0.0,0.0,0.0,0.0,0.0,0.0,0.0,0.0,0.0,0.0,0.0,0.0,0.0,0.0,37569.03399132045,20600.0,1.0,0.0,0.0,6.0,0.9,152975.75209065224,25495.958681775373,259.2784950571713,259.2784950571713,-13.871504942828665,244.4726243315452,274.0841325747291,109437.93976064996,110247.15972321302,-809.2199625630311,0.0,nan,274.0841325747291,0.9341325747291194,268.16196711594614,-4.988032884053837,262.2397370972877,-10.910262902712304,256.3174390501987,-16.83256094980129,250.39507017332124,-22.754929826678733,244.4726243315452,-28.677375668454772,1.0,1.0,25762.59804822658,25762.59804822658,274.7231325112465,1.5731325112465129,274.7231325112465,274.7231325112465,76525.6073538748,72999.71636299661,3525.8909908781934,0.0,8575.796259387458,8575.796259387458,0.9008889255605027,3710.034164446296,274.7231325112465,1.5731325112465129,1.0,0.002,0.8823029954199629,0.002675581255523125,0.0013616474317339733,0.0009967201162777745,0.6808237158669866,0.6808237158669866,0.0,0.000358367548011748,1.0,1.001186373857755,0.5885429716158797,0.08654168031079201,0.0,0.00010252612090774337,131.8360599440524,0.0,1599623.5925354976,266.2116645932748,0.0008281015479951748,1.0,1285877.7721892274,2588.395965339346,,,,,,,,,,,,,,,,,9.0,14561.403508771931
450.0,-30.34357798166818,4.970317961140218,34.71791419675564,24.469027679320448,2.5529593765666174,-27.072124328030757,-40.545040753763146,-1.171533410221849,-6.938335406725173,-6.939163508273258,35.62583590314914,39427.20694908863,24533.53182699176,24533.53182699176,63960.73877608038,81318.21499040273,72999.71636299661,24533.53182699176,97533.24818998837,97533.24818998837,97533.24818998837,121329.37410941825,117826.38576684978,3502.9883425684666,0.0,95137.71494489933,51565.73324129913,48413.31300400022,23796.125919429873,72209.43892343009,17893.6903307693,1450.0,0.0,0.8929302281910726,2.6843749383126783,0.0014957518423254837,1.0,1.0,-6.3506205366572885,328634.04938036413,1374408.456815783,4.182185197812627,1374408.456815783,4.182185197812627,0.7519581292919134,0.08654168031079201,3.6915762830311403,101325.0,128351.07116782667,1.2667265844345095,1.0,0.0,3.6915762830311403,1.2973599358100218,1.297650756268095,2.845452662083527,6029.172745995135,14561.403508771931,6391.238858290883,0.0003996297136327882,25771.56955477623,2627.968730889369,19103.840649135847,1948.0496040070614,0.7412757926338772,0.7412757926338772,33192.1877199883,32395.05729023726,1.0308522118145644,0.8,4393.408487284038,4287.898129693729,1.0308522118145644,0.8,17904.69678407069,17904.69678407069,1.0,0.8,3099.015535412006,3099.015535412006,7.91655657954941,4.970317961140218,-2.0043890259221158,6.9747069870623335,3.5,3.5,1.0,0.6,0.0002241516100681354,0.9952517902787774,0.00022522100664129312,199.2066630071939,0.0,0.0,0.0,0.0018491355215411213,7.412819783625457e-05,0.00015002341223188084,0.0005538228704946152,0.08663518071954836,0.08663518071954836,0.08663518071954836,0.08664370182690233,0.0,0.0,0.0,0.0,0.0,0.0,1.0,1.0,0.0,1.0,1.0,474138.02557802247,599.8460994804559,0.0,0.08663518071954836,0.08654168031079178,0.08654168031079223,0.375,0.375,0.5,8.366348249891201,0.5885429716159933,0.5885429716159933,1.1368683772161603e-13,0.0008281015481088616,0.5885429716159933,1.1368683772161603e-13,23796.125919429873,17893.6903307693,0.7519581292919134,0.8857670095443267,0.546011816971694,37569.03399132045,20600.0,0.0,0.0,0.0,0.0,0.0,0.0,0.0,0.0,0.0,0.0,0.0,0.0,0.0,0.0,0.0,0.0,0.0,0.0,0.0,0.0,37569.03399132045,20600.0,1.0,0.0,0.0,6.0,0.9,152975.75209065224,25495.958681775373,259.2784950571713,259.2784950571713,-13.871504942828665,244.4726243315452,274.0841325747291,109437.93976064996,110247.15972321302,-809.2199625630311,0.0,nan,274.0841325747291,0.9341325747291194,268.16196711594614,-4.988032884053837,262.2397370972877,-10.910262902712304,256.3174390501987,-16.83256094980129,250.39507017332124,-22.754929826678733,244.4726243315452,-28.677375668454772,1.0,1.0,25762.59804822658,25762.59804822658,274.7231325112465,1.5731325112465129,274.7231325112465,274.7231325112465,76525.6073538748,72999.71636299661,3525.8909908781934,0.0,8575.796259387458,8575.796259387458,0.9008889255605027,3710.034164446296,274.7231325112465,1.5731325112465129,1.0,0.002,0.8823029954199629,0.002675581255523125,0.0013616474317339733,0.0009967201162777745,0.6808237158669866,0.6808237158669866,0.0,0.000358367548011748,1.0,1.001186373857755,0.5885429716158797,0.08654168031079201,0.0,0.00010252612090774337,131.8360599440524,0.0,1599623.5925354976,266.2116645932748,0.0008281015479951748,1.0,1285877.7721892274,2588.395965339346,,,,,,,,,,,,,,,,,9.0,14561.403508771931
480.0,-30.34357798166818,4.970317961140218,34.71791419675564,24.469027679320448,2.5529593765666174,-27.072124328030757,-40.545040753763146,-1.171533410221849,-6.938335406725173,-6.939163508273258,35.62583590314914,39427.20694908863,24533.53182699176,24533.53182699176,63960.73877608038,81318.21499040273,72999.71636299661,24533.53182699176,97533.24818998837,97533.24818998837,97533.24818998837,121329.37410941825,117826.38576684978,3502.9883425684666,0.0,95137.71494489933,51565.73324129913,48413.31300400022,23796.125919429873,72209.43892343009,17893.6903307693,1450.0,0.0,0.8929302281910726,2.6843749383126783,0.0014957518423254837,1.0,1.0,-6.3506205366572885,328634.04938036413,1374408.456815783,4.182185197812627,1374408.456815783,4.182185197812627,0.7519581292919134,0.08654168031079201,3.6915762830311403,101325.0,128351.07116782667,1.2667265844345095,1.0,0.0,3.6915762830311403,1.2973599358100218,1.297650756268095,2.845452662083527,6029.172745995135,14561.403508771931,6391.238858290883,0.0003996297136327882,25771.56955477623,2627.968730889369,19103.840649135847,1948.0496040070614,0.7412757926338772,0.7412757926338772,33192.1877199883,32395.05729023726,1.0308522118145644,0.8,4393.408487284038,4287.898129693729,1.0308522118145644,0.8,17904.69678407069,17904.69678407069,1.0,0.8,3099.015535412006,3099.015535412006,7.91655657954941,4.970317961140218,-2.0043890259221158,6.9747069870623335,3.5,3.5,1.0,0.6,0.0002241516100681354,0.9952517902787774,0.00022522100664129312,199.2066630071939,0.0,0.0,0.0,0.0018491355215411213,7.412819783625457e-05,0.00015002341223188084,0.0005538228704946152,0.08663518071954836,0.08663518071954836,0.08663518071954836,0.08664370182690233,0.0,0.0,0.0,0.0,0.0,0.0,1.0,1.0,0.0,1.0,1.0,474138.02557802247,599.8460994804559,0.0,0.08663518071954836,0.08654168031079178,0.08654168031079223,0.375,0.375,0.5,8.366348249891201,0.5885429716159933,0.5885429716159933,1.1368683772161603e-13,0.0008281015481088616,0.5885429716159933,1.1368683772161603e-13,23796.125919429873,17893.6903307693,0.7519581292919134,0.8857670095443267,0.546011816971694,37569.03399132045,20600.0,0.0,0.0,0.0,0.0,0.0,0.0,0.0,0.0,0.0,0.0,0.0,0.0,0.0,0.0,0.0,0.0,0.0,0.0,0.0,0.0,37569.03399132045,20600.0,1.0,0.0,0.0,6.0,0.9,152975.75209065224,25495.958681775373,259.2784950571713,259.2784950571713,-13.871504942828665,244.4726243315452,274.0841325747291,109437.93976064996,110247.15972321302,-809.2199625630311,0.0,nan,274.0841325747291,0.9341325747291194,268.16196711594614,-4.988032884053837,262.2397370972877,-10.910262902712304,256.3174390501987,-16.83256094980129,250.39507017332124,-22.754929826678733,244.4726243315452,-28.677375668454772,1.0,1.0,25762.59804822658,25762.59804822658,274.7231325112465,1.5731325112465129,274.7231325112465,274.7231325112465,76525.6073538748,72999.71636299661,3525.8909908781934,0.0,8575.796259387458,8575.796259387458,0.9008889255605027,3710.034164446296,274.7231325112465,1.5731325112465129,1.0,0.002,0.8823029954199629,0.002675581255523125,0.0013616474317339733,0.0009967201162777745,0.6808237158669866,0.6808237158669866,0.0,0.000358367548011748,1.0,1.001186373857755,0.5885429716158797,0.08654168031079201,0.0,0.00010252612090774337,131.8360599440524,0.0,1599623.5925354976,266.2116645932748,0.0008281015479951748,1.0,1285877.7721892274,2588.395965339346,,,,,,,,,,,,,,,,,9.0,14561.403508771931
510.0,-30.34357798166818,4.970317961140218,34.71791419675564,24.469027679320448,2.5529593765666174,-27.072124328030757,-40.545040753763146,-1.171533410221849,-6.938335406725173,-6.939163508273258,35.62583590314914,39427.20694908863,24533.53182699176,24533.53182699176,63960.73877608038,81318.21499040273,72999.71636299661,24533.53182699176,97533.24818998837,97533.24818998837,97533.24818998837,121329.37410941825,117826.38576684978,3502.9883425684666,0.0,95137.71494489933,51565.73324129913,48413.31300400022,23796.125919429873,72209.43892343009,17893.6903307693,1450.0,0.0,0.8929302281910726,2.6843749383126783,0.0014957518423254837,1.0,1.0,-6.3506205366572885,328634.04938036413,1374408.456815783,4.182185197812627,1374408.456815783,4.182185197812627,0.7519581292919134,0.08654168031079201,3.6915762830311403,101325.0,128351.07116782667,1.2667265844345095,1.0,0.0,3.6915762830311403,1.2973599358100218,1.297650756268095,2.845452662083527,6029.172745995135,14561.403508771931,6391.238858290883,0.0003996297136327882,25771.56955477623,2627.968730889369,19103.840649135847,1948.0496040070614,0.7412757926338772,0.7412757926338772,33192.1877199883,32395.05729023726,1.0308522118145644,0.8,4393.408487284038,4287.898129693729,1.0308522118145644,0.8,17904.69678407069,17904.69678407069,1.0,0.8,3099.015535412006,3099.015535412006,7.91655657954941,4.970317961140218,-2.0043890259221158,6.9747069870623335,3.5,3.5,1.0,0.6,0.0002241516100681354,0.9952517902787774,0.00022522100664129312,199.2066630071939,0.0,0.0,0.0,0.0018491355215411213,7.412819783625457e-05,0.00015002341223188084,0.0005538228704946152,0.08663518071954836,0.08663518071954836,0.08663518071954836,0.08664370182690233,0.0,0.0,0.0,0.0,0.0,0.0,1.0,1.0,0.0,1.0,1.0,474138.02557802247,599.8460994804559,0.0,0.08663518071954836,0.08654168031079178,0.08654168031079223,0.375,0.375,0.5,8.366348249891201,0.5885429716159933,0.5885429716159933,1.1368683772161603e-13,0.0008281015481088616,0.5885429716159933,1.1368683772161603e-13,23796.125919429873,17893.6903307693,0.7519581292919134,0.8857670095443267,0.546011816971694,37569.03399132045,20600.0,0.0,0.0,0.0,0.0,0.0,0.0,0.0,0.0,0.0,0.0,0.0,0.0,0.0,0.0,0.0,0.0,0.0,0.0,0.0,0.0,37569.03399132045,20600.0,1.0,0.0,0.0,6.0,0.9,152975.75209065224,25495.958681775373,259.2784950571713,259.2784950571713,-13.871504942828665,244.4726243315452,274.0841325747291,109437.93976064996,110247.15972321302,-809.2199625630311,0.0,nan,274.0841325747291,0.9341325747291194,268.16196711594614,-4.988032884053837,262.2397370972877,-10.910262902712304,256.3174390501987,-16.83256094980129,250.39507017332124,-22.754929826678733,244.4726243315452,-28.677375668454772,1.0,1.0,25762.59804822658,25762.59804822658,274.7231325112465,1.5731325112465129,274.7231325112465,274.7231325112465,76525.6073538748,72999.71636299661,3525.8909908781934,0.0,8575.796259387458,8575.796259387458,0.9008889255605027,3710.034164446296,274.7231325112465,1.5731325112465129,1.0,0.002,0.8823029954199629,0.002675581255523125,0.0013616474317339733,0.0009967201162777745,0.6808237158669866,0.6808237158669866,0.0,0.000358367548011748,1.0,1.001186373857755,0.5885429716158797,0.08654168031079201,0.0,0.00010252612090774337,131.8360599440524,0.0,1599623.5925354976,266.2116645932748,0.0008281015479951748,1.0,1285877.7721892274,2588.395965339346,,,,,,,,,,,,,,,,,9.0,14561.403508771931
540.0,-30.34357798166818,4.970317961140218,34.71791419675564,24.469027679320448,2.5529593765666174,-27.072124328030757,-40.545040753763146,-1.171533410221849,-6.938335406725173,-6.939163508273258,35.62583590314914,39427.20694908863,24533.53182699176,24533.53182699176,63960.73877608038,81318.21499040273,72999.71636299661,24533.53182699176,97533.24818998837,97533.24818998837,97533.24818998837,121329.37410941825,117826.38576684978,3502.9883425684666,0.0,95137.71494489933,51565.73324129913,48413.31300400022,23796.125919429873,72209.43892343009,17893.6903307693,1450.0,0.0,0.8929302281910726,2.6843749383126783,0.0014957518423254837,1.0,1.0,-6.3506205366572885,328634.04938036413,1374408.456815783,4.182185197812627,1374408.456815783,4.182185197812627,0.7519581292919134,0.08654168031079201,3.6915762830311403,101325.0,128351.07116782667,1.2667265844345095,1.0,0.0,3.6915762830311403,1.2973599358100218,1.297650756268095,2.845452662083527,6029.172745995135,14561.403508771931,6391.238858290883,0.0003996297136327882,25771.56955477623,2627.968730889369,19103.840649135847,1948.0496040070614,0.7412757926338772,0.7412757926338772,33192.1877199883,32395.05729023726,1.0308522118145644,0.8,4393.408487284038,4287.898129693729,1.0308522118145644,0.8,17904.69678407069,17904.69678407069,1.0,0.8,3099.015535412006,3099.015535412006,7.91655657954941,4.970317961140218,-2.0043890259221158,6.9747069870623335,3.5,3.5,1.0,0.6,0.0002241516100681354,0.9952517902787774,0.00022522100664129312,199.2066630071939,0.0,0.0,0.0,0.0018491355215411213,7.412819783625457e-05,0.00015002341223188084,0.0005538228704946152,0.08663518071954836,0.08663518071954836,0.08663518071954836,0.08664370182690233,0.0,0.0,0.0,0.0,0.0,0.0,1.0,1.0,0.0,1.0,1.0,474138.02557802247,599.8460994804559,0.0,0.08663518071954836,0.08654168031079178,0.08654168031079223,0.375,0.375,0.5,8.366348249891201,0.5885429716159933,0.5885429716159933,1.1368683772161603e-13,0.0008281015481088616,0.5885429716159933,1.1368683772161603e-13,23796.125919429873,17893.6903307693,0.7519581292919134,0.8857670095443267,0.546011816971694,37569.03399132045,20600.0,0.0,0.0,0.0,0.0,0.0,0.0,0.0,0.0,0.0,0.0,0.0,0.0,0.0,0.0,0.0,0.0,0.0,0.0,0.0,0.0,37569.03399132045,20600.0,1.0,0.0,0.0,6.0,0.9,152975.75209065224,25495.958681775373,259.2784950571713,259.2784950571713,-13.871504942828665,244.4726243315452,274.0841325747291,109437.93976064996,110247.15972321302,-809.2199625630311,0.0,nan,274.0841325747291,0.9341325747291194,268.16196711594614,-4.988032884053837,262.2397370972877,-10.910262902712304,256.3174390501987,-16.83256094980129,250.39507017332124,-22.754929826678733,244.4726243315452,-28.677375668454772,1.0,1.0,25762.59804822658,25762.59804822658,274.7231325112465,1.5731325112465129,274.7231325112465,274.7231325112465,76525.6073538748,72999.71636299661,3525.8909908781934,0.0,8575.796259387458,8575.796259387458,0.9008889255605027,3710.034164446296,274.7231325112465,1.5731325112465129,1.0,0.002,0.8823029954199629,0.002675581255523125,0.0013616474317339733,0.0009967201162777745,0.6808237158669866,0.6808237158669866,0.0,0.000358367548011748,1.0,1.001186373857755,0.5885429716158797,0.08654168031079201,0.0,0.00010252612090774337,131.8360599440524,0.0,1599623.5925354976,266.2116645932748,0.0008281015479951748,1.0,1285877.7721892274,2588.395965339346,,,,,,,,,,,,,,,,,9.0,14561.403508771931
570.0,-30.34357798166818,4.970317961140218,34.71791419675564,24.469027679320448,2.5529593765666174,-27.072124328030757,-40.545040753763146,-1.171533410221849,-6.938335406725173,-6.939163508273258,35.62583590314914,39427.20694908863,24533.53182699176,24533.53182699176,63960.73877608038,81318.21499040273,72999.71636299661,24533.53182699176,97533.24818998837,97533.24818998837,97533.24818998837,121329.37410941825,117826.38576684978,3502.9883425684666,0.0,95137.71494489933,51565.73324129913,48413.31300400022,23796.125919429873,72209.43892343009,17893.6903307693,1450.0,0.0,0.8929302281910726,2.6843749383126783,0.0014957518423254837,1.0,1.0,-6.3506205366572885,328634.04938036413,1374408.456815783,4.182185197812627,1374408.456815783,4.182185197812627,0.7519581292919134,0.08654168031079201,3.6915762830311403,101325.0,128351.07116782667,1.2667265844345095,1.0,0.0,3.6915762830311403,1.2973599358100218,1.297650756268095,2.845452662083527,6029.172745995135,14561.403508771931,6391.238858290883,0.0003996297136327882,25771.56955477623,2627.968730889369,19103.840649135847,1948.0496040070614,0.7412757926338772,0.7412757926338772,33192.1877199883,32395.05729023726,1.0308522118145644,0.8,4393.408487284038,4287.898129693729,1.0308522118145644,0.8,17904.69678407069,17904.69678407069,1.0,0.8,3099.015535412006,3099.015535412006,7.91655657954941,4.970317961140218,-2.0043890259221158,6.9747069870623335,3.5,3.5,1.0,0.6,0.0002241516100681354,0.9952517902787774,0.00022522100664129312,199.2066630071939,0.0,0.0,0.0,0.0018491355215411213,7.412819783625457e-05,0.00015002341223188084,0.0005538228704946152,0.08663518071954836,0.08663518071954836,0.08663518071954836,0.08664370182690233,0.0,0.0,0.0,0.0,0.0,0.0,1.0,1.0,0.0,1.0,1.0,474138.02557802247,599.8460994804559,0.0,0.08663518071954836,0.08654168031079178,0.08654168031079223,0.375,0.375,0.5,8.366348249891201,0.5885429716159933,0.5885429716159933,1.1368683772161603e-13,0.0008281015481088616,0.5885429716159933,1.1368683772161603e-13,23796.125919429873,17893.6903307693,0.7519581292919134,0.8857670095443267,0.546011816971694,37569.03399132045,20600.0,0.0,0.0,0.0,0.0,0.0,0.0,0.0,0.0,0.0,0.0,0.0,0.0,0.0,0.0,0.0,0.0,0.0,0.0,0.0,0.0,37569.03399132045,20600.0,1.0,0.0,0.0,6.0,0.9,152975.75209065224,25495.958681775373,259.2784950571713,259.2784950571713,-13.871504942828665,244.4726243315452,274.0841325747291,109437.93976064996,110247.15972321302,-809.2199625630311,0.0,nan,274.0841325747291,0.9341325747291194,268.16196711594614,-4.988032884053837,262.2397370972877,-10.910262902712304,256.3174390501987,-16.83256094980129,250.39507017332124,-22.754929826678733,244.4726243315452,-28.677375668454772,1.0,1.0,25762.59804822658,25762.59804822658,274.7231325112465,1.5731325112465129,274.7231325112465,274.7231325112465,76525.6073538748,72999.71636299661,3525.8909908781934,0.0,8575.796259387458,8575.796259387458,0.9008889255605027,3710.034164446296,274.7231325112465,1.5731325112465129,1.0,0.002,0.8823029954199629,0.002675581255523125,0.0013616474317339733,0.0009967201162777745,0.6808237158669866,0.6808237158669866,0.0,0.000358367548011748,1.0,1.001186373857755,0.5885429716158797,0.08654168031079201,0.0,0.00010252612090774337,131.8360599440524,0.0,1599623.5925354976,266.2116645932748,0.0008281015479951748,1.0,1285877.7721892274,2588.395965339346,,,,,,,,,,,,,,,,,9.0,14561.403508771931
600.0,-30.34357798166818,4.970317961140218,34.71791419675564,24.469027679320448,2.5529593765666174,-27.072124328030757,-40.545040753763146,-1.171533410221849,-6.938335406725173,-6.939163508273258,35.62583590314914,39427.20694908863,24533.53182699176,24533.53182699176,63960.73877608038,81318.21499040273,72999.71636299661,24533.53182699176,97533.24818998837,97533.24818998837,97533.24818998837,121329.37410941825,117826.38576684978,3502.9883425684666,0.0,95137.71494489933,51565.73324129913,48413.31300400022,23796.125919429873,72209.43892343009,17893.6903307693,1450.0,0.0,0.8929302281910726,2.6843749383126783,0.0014957518423254837,1.0,1.0,-6.3506205366572885,328634.04938036413,1374408.456815783,4.182185197812627,1374408.456815783,4.182185197812627,0.7519581292919134,0.08654168031079201,3.6915762830311403,101325.0,128351.07116782667,1.2667265844345095,1.0,0.0,3.6915762830311403,1.2973599358100218,1.297650756268095,2.845452662083527,6029.172745995135,14561.403508771931,6391.238858290883,0.0003996297136327882,25771.56955477623,2627.968730889369,19103.840649135847,1948.0496040070614,0.7412757926338772,0.7412757926338772,33192.1877199883,32395.05729023726,1.0308522118145644,0.8,4393.408487284038,4287.898129693729,1.0308522118145644,0.8,17904.69678407069,17904.69678407069,1.0,0.8,3099.015535412006,3099.015535412006,7.91655657954941,4.970317961140218,-2.0043890259221158,6.9747069870623335,3.5,3.5,1.0,0.6,0.0002241516100681354,0.9952517902787774,0.00022522100664129312,199.2066630071939,0.0,0.0,0.0,0.0018491355215411213,7.412819783625457e-05,0.00015002341223188084,0.0005538228704946152,0.08663518071954836,0.08663518071954836,0.08663518071954836,0.08664370182690233,0.0,0.0,0.0,0.0,0.0,0.0,1.0,1.0,0.0,1.0,1.0,474138.02557802247,599.8460994804559,0.0,0.08663518071954836,0.08654168031079178,0.08654168031079223,0.375,0.375,0.5,8.366348249891201,0.5885429716159933,0.5885429716159933,1.1368683772161603e-13,0.0008281015481088616,0.5885429716159933,1.1368683772161603e-13,23796.125919429873,17893.6903307693,0.7519581292919134,0.8857670095443267,0.546011816971694,37569.03399132045,20600.0,0.0,0.0,0.0,0.0,0.0,0.0,0.0,0.0,0.0,0.0,0.0,0.0,0.0,0.0,0.0,0.0,0.0,0.0,0.0,0.0,37569.03399132045,20600.0,1.0,0.0,0.0,6.0,0.9,152975.75209065224,25495.958681775373,259.2784950571713,259.2784950571713,-13.871504942828665,244.4726243315452,274.0841325747291,109437.93976064996,110247.15972321302,-809.2199625630311,0.0,nan,274.0841325747291,0.9341325747291194,268.16196711594614,-4.988032884053837,262.2397370972877,-10.910262902712304,256.3174390501987,-16.83256094980129,250.39507017332124,-22.754929826678733,244.4726243315452,-28.677375668454772,1.0,1.0,25762.59804822658,25762.59804822658,274.7231325112465,1.5731325112465129,274.7231325112465,274.7231325112465,76525.6073538748,72999.71636299661,3525.8909908781934,0.0,8575.796259387458,8575.796259387458,0.9008889255605027,3710.034164446296,274.7231325112465,1.5731325112465129,1.0,0.002,0.8823029954199629,0.002675581255523125,0.0013616474317339733,0.0009967201162777745,0.6808237158669866,0.6808237158669866,0.0,0.000358367548011748,1.0,1.001186373857755,0.5885429716158797,0.08654168031079201,0.0,0.00010252612090774337,131.8360599440524,0.0,1599623.5925354976,266.2116645932748,0.0008281015479951748,1.0,1285877.7721892274,2588.395965339346,,,,,,,,,,,,,,,,,9.0,14561.403508771931
630.0,-30.34357798166818,4.970317961140218,34.71791419675564,24.469027679320448,2.5529593765666174,-27.072124328030757,-40.545040753763146,-1.171533410221849,-6.938335406725173,-6.939163508273258,35.62583590314914,39427.20694908863,24533.53182699176,24533.53182699176,63960.73877608038,81318.21499040273,72999.71636299661,24533.53182699176,97533.24818998837,97533.24818998837,97533.24818998837,121329.37410941825,117826.38576684978,3502.9883425684666,0.0,95137.71494489933,51565.73324129913,48413.31300400022,23796.125919429873,72209.43892343009,17893.6903307693,1450.0,0.0,0.8929302281910726,2.6843749383126783,0.0014957518423254837,1.0,1.0,-6.3506205366572885,328634.04938036413,1374408.456815783,4.182185197812627,1374408.456815783,4.182185197812627,0.7519581292919134,0.08654168031079201,3.6915762830311403,101325.0,128351.07116782667,1.2667265844345095,1.0,0.0,3.6915762830311403,1.2973599358100218,1.297650756268095,2.845452662083527,6029.172745995135,14561.403508771931,6391.238858290883,0.0003996297136327882,25771.56955477623,2627.968730889369,19103.840649135847,1948.0496040070614,0.7412757926338772,0.7412757926338772,33192.1877199883,32395.05729023726,1.0308522118145644,0.8,4393.408487284038,4287.898129693729,1.0308522118145644,0.8,17904.69678407069,17904.69678407069,1.0,0.8,3099.015535412006,3099.015535412006,7.91655657954941,4.970317961140218,-2.0043890259221158,6.9747069870623335,3.5,3.5,1.0,0.6,0.0002241516100681354,0.9952517902787774,0.00022522100664129312,199.2066630071939,0.0,0.0,0.0,0.0018491355215411213,7.412819783625457e-05,0.00015002341223188084,0.0005538228704946152,0.08663518071954836,0.08663518071954836,0.08663518071954836,0.08664370182690233,0.0,0.0,0.0,0.0,0.0,0.0,1.0,1.0,0.0,1.0,1.0,474138.02557802247,599.8460994804559,0.0,0.08663518071954836,0.08654168031079178,0.08654168031079223,0.375,0.375,0.5,8.366348249891201,0.5885429716159933,0.5885429716159933,1.1368683772161603e-13,0.0008281015481088616,0.5885429716159933,1.1368683772161603e-13,23796.125919429873,17893.6903307693,0.7519581292919134,0.8857670095443267,0.546011816971694,37569.03399132045,20600.0,0.0,0.0,0.0,0.0,0.0,0.0,0.0,0.0,0.0,0.0,0.0,0.0,0.0,0.0,0.0,0.0,0.0,0.0,0.0,0.0,37569.03399132045,20600.0,1.0,0.0,0.0,6.0,0.9,152975.75209065224,25495.958681775373,259.2784950571713,259.2784950571713,-13.871504942828665,244.4726243315452,274.0841325747291,109437.93976064996,110247.15972321302,-809.2199625630311,0.0,nan,274.0841325747291,0.9341325747291194,268.16196711594614,-4.988032884053837,262.2397370972877,-10.910262902712304,256.3174390501987,-16.83256094980129,250.39507017332124,-22.754929826678733,244.4726243315452,-28.677375668454772,1.0,1.0,25762.59804822658,25762.59804822658,274.7231325112465,1.5731325112465129,274.7231325112465,274.7231325112465,76525.6073538748,72999.71636299661,3525.8909908781934,0.0,8575.796259387458,8575.796259387458,0.9008889255605027,3710.034164446296,274.7231325112465,1.5731325112465129,1.0,0.002,0.8823029954199629,0.002675581255523125,0.0013616474317339733,0.0009967201162777745,0.6808237158669866,0.6808237158669866,0.0,0.000358367548011748,1.0,1.001186373857755,0.5885429716158797,0.08654168031079201,0.0,0.00010252612090774337,131.8360599440524,0.0,1599623.5925354976,266.2116645932748,0.0008281015479951748,1.0,1285877.7721892274,2588.395965339346,,,,,,,,,,,,,,,,,9.0,14561.403508771931
660.0,-30.93482183096251,4.633377117935685,34.723637263895775,23.87714231098073,5.240679778905498,-27.317271668516454,-40.773300373088546,1.6231298870095423,-6.020876955394954,-6.020876955395273,39.45239519822449,41510.22357910297,21947.763391061766,21947.763391061766,63457.98697016473,75597.07317069541,74636.28914057612,21947.763391061766,96584.05253163789,96584.05253163789,96584.05253163789,122111.73993960251,119540.83424031883,2570.905699283682,0.0,90271.32710170384,56327.17639365593,37715.723008942114,25527.68740796462,63243.41041690673,19435.270941834486,1450.0,0.0,0.8836581173336678,2.7778246460855716,0.0014957518423254837,1.0,1.0,-6.020876955394954,340762.60329727863,1531057.2759038399,4.493031984992078,1531057.2759038399,4.493031984992078,0.7613408387228486,0.09165416778093977,4.035786251191104,101325.0,128351.07116782667,1.2667265844345095,1.0,0.0,4.035786251191104,1.2841647438442076,1.2844526064247743,3.142732480810669,6659.073009277549,15561.403508771931,6456.910111016412,0.00028542257680229936,22367.71758540521,2280.872426914921,19300.136418252685,1968.0662018378025,0.8628567641986814,0.8628567641986815,35645.84591580507,32395.05729023726,1.1269709372049472,0.8,4718.18137762003,4287.898129693729,1.1269709372049472,0.8,17904.69678407069,17904.69678407069,1.0,0.8,3099.015535412006,3099.015535412006,7.082172754627341,4.633377117935685,-1.6062144644557206,6.239591582391405,3.5,3.5,1.0,0.6,0.0002241516100681354,1.0587628475392723,0.00021171087613160795,199.69691676286072,0.0,0.0,0.0,0.0018491355215411213,7.222736255598152e-05,0.0001519242475121539,0.0006131337893321051,0.09165418551175604,0.09165418551175604,0.09165418551175604,0.088728961072942,0.0,0.0,0.0,0.0,0.0,0.0,1.0,1.0,0.0,1.0,1.0,505367.32745218993,589.8470235172562,0.0,0.09165418551175604,0.09165416778093977,0.09165416778093977,0.375,0.375,0.5,5.7336462237690204,3.410605131648481e-13,3.410605131648481e-13,3.410605131648481e-13,3.410605131648481e-13,3.410605131648481e-13,3.410605131648481e-13,25527.68740796462,19435.270941834486,0.7613408387228486,1.0033928681556465,0.656356501103649,37569.03399132045,20600.0,0.0,0.0,0.0,0.0,0.0,0.0,0.0,0.0,0.0,0.0,0.0,0.0,0.0,0.0,0.0,0.0,0.0,0.0,0.0,0.0,37569.03399132045,20600.0,1.0,0.0,0.0,6.0,0.9,152975.75209065224,25495.958681775373,260.169307158746,260.169307158746,-12.980692841253983,244.08247556457704,276.2561083344704,134325.12834177783,129782.70663514982,4542.421706628014,0.0,nan,276.2561083344704,3.1061083344704343,269.82139954440305,-3.328600455596927,263.38668233342344,-9.76331766657654,256.9519562492432,-16.198043750756767,250.51722092635907,-22.632779073640904,244.08247556457704,-29.06752443542294,1.0,1.0,25762.59804822658,25762.59804822658,275.8322553116377,2.682255311637732,275.8322553116377,275.8322553116377,75588.82233377516,74636.28914057612,952.5331931990368,0.0,8575.796259387458,8575.796259387458,0.879290245774773,4055.9651824470598,275.8322553116377,2.682255311637732,1.0,0.002,0.9713511618760026,0.0013836160212398457,0.001501906913743991,0.0004980933635208387,0.7509534568719954,0.7509534568719954,0.0,2.772648295852609e-10,0.9676144326898873,0.9676144326898873,0.0,0.08868589556101779,0.002968272219921984,0.0,0.0,0.0,1600697.5694830655,267.129123044605,0.0,1.0,1282742.6074477122,2605.285987110426,,,,,,,,,,,,,,,,,53.0,15561.403508771931
690.0,-31.39140534393633,4.459474219967529,34.73354413315246,24.20464918194341,5.546614890315502,-27.695235831714747,-41.14234900390727,1.9386903431024134,-5.915664961989933,-5.915664961990211,39.15965099144408,40972.544485281636,21372.786714832942,21372.786714832942,62345.33120011458,75494.79812678779,75647.7899539401,21372.786714832942,97020.57666877304,97020.57666877304,97020.57666877304,122478.8379452489,120622.51922433464,1856.3187209142661,0.0,90093.31000169917,56041.594562916565,37835.23937642511,25458.261276475863,63293.50065290097,19363.749621955612,1450.0,0.0,0.8852858926471726,2.7886922191678543,0.0014957518423254837,1.0,1.0,-5.915664961989933,342174.37105798814,1518617.7387328735,4.438139928590719,1518617.7387328735,4.438139928590719,0.7606077026103999,0.09024324594682595,4.025759211289365,101325.0,128351.07116782667,1.2667265844345095,1.0,0.0,4.025759211289365,1.2827172983175996,1.282988877658619,3.1384617768619125,6650.0239000805595,15561.403508771931,6464.196637032813,0.0002878116235011856,22379.20980198023,2282.044306871381,19321.91633213003,1970.2871349676016,0.8633868891304788,0.8633868891304789,35574.977700658164,32395.05729023726,1.1241709418999135,0.8,4708.801067393669,4287.898129693729,1.1241709418999135,0.8,17904.69678407069,17904.69678407069,1.0,0.8,3099.015535412006,3099.015535412006,6.896637487166221,4.459474219967529,-1.616655620780998,6.076129840748527,3.5,3.5,1.0,0.6,0.00021171087613160795,1.0491471644423775,0.00020179330727556458,200.07725225582556,0.0,8.281254031305395e-05,234.6907392471949,0.00433351173093274,6.924921044558994e-05,0.000142461665686018,0.0005735163628911131,0.09096399726597444,0.09096399726597444,0.09096399726597444,0.08924017779407138,0.0,0.0,0.0,0.0,0.0,0.0,1.0,1.0,0.0,1.0,1.0,511403.1566181396,587.8375499300141,0.0,0.09096399726597444,0.09024324594682594,0.09024324594682596,0.375,0.375,0.5,4.199846034584978,2.8421709430404007e-13,2.8421709430404007e-13,2.8421709430404007e-13,2.8421709430404007e-13,2.8421709430404007e-13,2.8421709430404007e-13,25458.261276475863,19363.749621955612,0.7606077026103999,0.9850194815738489,0.6473420503310985,37569.03399132045,20600.0,0.0,0.0,0.0,0.0,0.0,0.0,0.0,0.0,0.0,0.0,0.0,0.0,0.0,0.0,0.0,0.0,0.0,0.0,0.0,0.0,37803.72473056765,20600.0,1.0,0.0,0.0,6.0,0.9,152975.75209065224,25495.958681775373,260.2200271607861,260.2200271607861,-12.92997283921386,243.6677172913381,276.77233020956373,134631.1827679333,134373.58477760816,257.5979903251082,0.0,nan,276.77233020956373,3.6223302095637564,270.1514109718484,-2.998589028151571,263.53049019607585,-9.619509803924132,256.9095702316874,-16.240429768312595,250.28864406420337,-22.86135593579661,243.6677172913381,-29.48228270866187,1.0,1.0,25762.59804822658,25762.59804822658,276.0554156310955,2.9054156310955364,276.0554156310955,276.0554156310955,75826.86980628197,75647.7899539401,179.079852341878,0.0,8575.796259387458,8575.796259387458,0.8799242680121809,4045.888007345812,276.0554156310955,2.9054156310955364,1.0,0.002,1.0015538937473059,0.001252044650866525,0.0015489423959161683,0.00044897197412489473,0.7744711979580842,0.7744711979580842,0.0,-2.085629958937206e-06,0.9888362130529718,0.9888362130529718,0.0,0.08923578957566732,0.001007456371158635,0.0,0.0,0.0,1600820.0976400573,267.23433503801004,0.0,1.0,1282382.359665721,2606.750118065144,,,,,,,,,,,,,,,,,18.0,15561.403508771931
720.0,-31.808653990737533,4.336647968570363,34.72967541816608,24.129063030146085,5.512531264765865,-28.07050375081983,-41.505653551407136,1.865586804642798,-5.947666964972711,-5.9476669649730285,38.77587904272444,40711.804722927795,21185.68876309938,21185.68876309938,61897.493486027175,75372.50703191319,75712.6711765249,21185.68876309938,96898.3599396243,96898.3599396243,96898.3599396243,122204.88768434571,120752.60327161662,1452.2844127290875,0.0,90137.84304124351,55945.866445409454,37991.085106482285,25306.52774472141,63297.612851203696,19222.889777383407,1450.0,0.0,0.886528026643969,2.785383116374908,0.0014957518423254837,1.0,1.0,-5.947666964972711,341744.4727848238,1502426.1202623507,4.396343583904396,1502426.1202623507,4.396343583904396,0.7596020272434663,0.08983647764943298,4.028272209949448,101325.0,128351.07116782667,1.2667265844345095,1.0,0.0,4.028272209949448,1.2830787181576482,1.2833376483351493,3.139536298859028,6652.300683253341,15561.403508771931,6462.376413535405,0.00028721229555386346,22376.30387008396,2281.747984284538,19316.47556228692,1969.7323308455916,0.8632558654207461,0.8632558654207461,35592.74215946247,32395.05729023726,1.124872682844274,0.8,4711.152419607667,4287.898129693729,1.124872682844274,0.8,17904.69678407069,17904.69678407069,1.0,0.8,3099.015535412006,3099.015535412006,6.83626413646965,4.336647968570363,-1.686291267563079,6.022939236133442,3.5,3.5,1.0,0.6,0.00020179330727556458,1.0449849080442357,0.0001931064321811453,200.42595900221028,0.0,6.614266419250364e-05,187.4483103215553,0.006317791656707849,6.642871208996171e-05,0.00013536459518560286,0.0005452854369972209,0.09028703446758654,0.09028703446758654,0.09028703446758654,0.08925934734251309,0.0,0.0,0.0,0.0,0.0,0.0,1.0,1.0,0.0,1.0,1.0,513915.8094258681,586.984910345423,0.0,0.09028703446758654,0.08983647764943288,0.08983647764943309,0.375,0.375,0.5,3.299941985217493,3.410605131648481e-13,3.410605131648481e-13,3.410605131648481e-13,3.410605131648481e-13,3.410605131648481e-13,3.410605131648481e-13,25306.52774472141,19222.889777383407,0.7596020272434663,0.9778803764927464,0.6431807281363155,37569.03399132045,20600.0,0.0,0.0,0.0,0.0,0.0,0.0,0.0,0.0,0.0,0.0,0.0,0.0,0.0,0.0,0.0,0.0,0.0,0.0,0.0,0.0,37756.482301642005,20600.0,1.0,0.0,0.0,6.0,0.9,152975.75209065224,25495.958681775373,260.03039673061915,260.03039673061915,-13.119603269380832,243.26747026385596,276.7933228058469,135498.72266759616,136466.14450588296,-967.4218382867753,0.0,nan,276.7933228058469,3.6433228058469354,270.0881524341966,-3.0618475658033617,263.38298201354576,-9.76701798645422,256.6778118463856,-16.472188153614354,249.97264101988392,-23.177358980116054,243.26747026385596,-29.882529736144022,1.0,1.0,25762.59804822658,25762.59804822658,276.03097924891597,2.8809792489159918,276.03097924891597,276.03097924891597,75678.3252567837,75712.6711765249,-34.345919741201214,0.0,8575.796259387458,8575.796259387458,0.8797653853693231,4048.4135709991956,276.03097924891597,2.8809792489159918,1.0,0.002,1.018893833547334,0.0012104216419624684,0.0015756553258242285,0.00043456199430755353,0.7878276629121143,0.7878276629121143,0.0,1.021732013178206e-05,0.9935603082968463,0.9935603082968463,0.0,0.08925795842967336,0.0005785192197596088,0.0,0.0,0.0,1600782.8454133777,267.20233303502727,0.0,1.0,1282491.9577976752,2606.3045611994326,,,,,,,,,,,,,,,,,17.0,15561.403508771931
750.0,-32.20122725794186,4.2550385384313065,34.716793669724,23.9940972061828,5.450741560088094,-28.428766307498393,-41.8516158015467,1.7352165396858512,-5.933501109275369,-5.93350110927572,38.856537457533356,40505.70285655447,20988.39167427647,20988.39167427647,61494.09453083094,75155.93113461019,75375.70910158509,20988.39167427647,96364.10077586156,96364.10077586156,96364.10077586156,121705.16998834508,120634.3127541813,1070.8572341637835,0.0,90214.89607139297,55885.48951227582,38143.785065685726,25341.069212483522,63484.85427816925,19254.493602423718,1450.0,0.0,0.886305723170169,2.786847525438477,0.0014957518423254837,1.0,1.0,-5.933501109275369,341934.7171585943,1505818.2687485896,4.403818019011416,1505818.2687485896,4.403818019011416,0.7598137805858075,0.09051141528194717,4.032612935749541,101325.0,128351.07116782667,1.2667265844345095,1.0,0.0,4.032612935749541,1.2837051700611692,1.28395307469203,3.1413855999017164,6656.219130252757,15561.403508771931,6459.223192794653,0.0002861780515811802,22371.32536862845,2281.240318419486,19307.05037447928,1968.7712291638104,0.8630266672333041,0.8630266672333041,35623.421653817466,32395.05729023726,1.1260848064599975,0.8,4715.213241148625,4287.898129693729,1.1260848064599975,0.8,17904.69678407069,17904.69678407069,1.0,0.8,3099.015535412006,3099.015535412006,6.772599696402012,4.2550385384313065,-1.7118105516259705,5.966849090057277,3.5,3.5,1.0,0.6,0.0001931064321811453,1.0424136269552626,0.0001852493359523521,200.75504458954413,0.0,5.803584238438002e-05,164.47357731733297,0.00805886692823925,6.384198151777321e-05,0.0001292644506633721,0.0005212734958776727,0.09029049014993747,0.09029049014993747,0.09029049014993747,0.08928388103810979,0.0,0.0,0.0,0.0,0.0,0.0,1.0,1.0,0.0,1.0,1.0,518647.9277737352,585.4148946027141,0.0,0.09029049014993747,0.09051141528194709,0.09051141528194727,0.375,0.375,0.5,2.412055844641916,3.410605131648481e-13,3.410605131648481e-13,3.410605131648481e-13,3.410605131648481e-13,3.410605131648481e-13,3.410605131648481e-13,25341.069212483522,19254.493602423718,0.7598137805858075,0.9686419734285681,0.6380372660079224,37569.03399132045,20600.0,0.0,0.0,0.0,0.0,0.0,0.0,0.0,0.0,0.0,0.0,0.0,0.0,0.0,0.0,0.0,0.0,0.0,0.0,0.0,0.0,37733.50756863778,20600.0,1.0,0.0,0.0,6.0,0.9,152975.75209065224,25495.958681775373,259.808126914715,259.808126914715,-13.341873085284988,242.88829376001235,276.7279626197642,136768.29995843885,137902.69211181626,-1134.3921533774032,0.0,nan,276.7279626197642,3.5779626197642074,269.96002923017886,-3.189970769821116,263.19209152230104,-9.957908477698936,256.424158497102,-16.725841502897993,249.6562258589313,-23.493774141068684,242.88829376001235,-30.26170623998763,1.0,1.0,25762.59804822658,25762.59804822658,276.005852884422,2.8558528844220064,276.005852884422,276.005852884422,75344.72866998863,75375.70910158509,-30.980431596457493,0.0,8575.796259387458,8575.796259387458,0.8794909183684315,4052.776000428289,276.005852884422,2.8558528844220064,1.0,0.002,1.0559069367385912,0.0010066828193116613,0.0016329414558018877,0.0003612263714188209,0.8164707279009439,0.8164707279009439,0.0,-5.832172779291628e-06,0.9863627455129442,0.9863627455129442,0.0,0.08927708807776367,0.0012343272041835025,0.0,0.0,0.0,1600799.3371185418,267.2164988907246,0.0,1.0,1282443.4460534847,2606.5017659193477,,,,,,,,,,,,,,,,,14.0,15561.403508771931
780.0,-32.59269931055928,4.215344737592034,34.70109234711604,23.856975696422182,5.402940301640743,-28.79315506691471,-42.20232713324947,1.6027195369221126,-5.861407659832025,-5.861407659832415,39.37594636803932,40326.227106490776,20758.10993869436,20758.10993869436,61084.33704518514,74874.10410294081,74860.48886181484,20758.10993869436,95618.59880050921,95618.59880050921,95618.59880050921,121174.13200686467,120699.3577713675,474.7742354971758,0.0,90292.85231641488,55828.76071602397,38293.435111545456,25555.533206355467,63848.96831790092,19452.865947046972,1450.0,0.0,0.8847713842728528,2.794309680310489,0.0014957518423254837,1.0,1.0,-5.861407659832025,342904.2059855521,1527801.3420091213,4.455475655709786,1527801.3420091213,4.455475655709786,0.7611997679707654,0.09067720367352734,4.036995003550094,101325.0,128351.07116782667,1.2667265844345095,1.0,0.0,4.036995003550094,1.2843404453874783,1.2845783809886497,3.1432436921599516,6660.156204782998,15561.403508771931,6456.028493003236,0.0002851353446854707,22366.352258799492,2280.733202347335,19297.501203013424,1967.7974846673865,0.8627916157146858,0.8627916157146857,35654.38664761184,32395.05729023726,1.127308474600159,0.8,4719.311852173983,4287.898129693729,1.127308474600159,0.8,17904.69678407069,17904.69678407069,1.0,0.8,3099.015535412006,3099.015535412006,6.698291667626193,4.215344737592034,-1.6860369080922197,5.901381645684253,3.5,3.5,1.0,0.6,0.0001852493359523521,1.0424323587064421,0.00017770873515690614,201.08418151764403,0.0,5.257839012519055e-05,149.00715761479003,0.009636218631994967,6.13151167831414e-05,0.0001239342191692107,0.0005003218235549858,0.0908653846751514,0.0908653846751514,0.0908653846751514,0.08936797176239888,0.0,0.0,0.0,0.0,0.0,0.0,1.0,1.0,0.0,1.0,1.0,527804.3185249366,582.3788124496722,0.0,0.0908653846751514,0.09067720367352729,0.0906772036735274,0.375,0.375,0.5,1.0643687412690228,3.979039320256561e-13,3.979039320256561e-13,3.979039320256561e-13,3.979039320256561e-13,3.979039320256561e-13,3.979039320256561e-13,25555.533206355467,19452.865947046972,0.7611997679707654,0.9567004550652907,0.6315877635752616,37569.03399132045,20600.0,0.0,0.0,0.0,0.0,0.0,0.0,0.0,0.0,0.0,0.0,0.0,0.0,0.0,0.0,0.0,0.0,0.0,0.0,0.0,0.0,37718.04114893524,20600.0,1.0,0.0,0.0,6.0,0.9,152975.75209065224,25495.958681775373,259.5881217834622,259.5881217834622,-13.561878216537764,242.5133260786122,276.6629179731232,138178.70049455218,139300.5664589428,-1121.865964390634,0.0,nan,276.6629179731232,3.512917973123251,269.83299952341173,-3.317000476588248,263.00308058902175,-10.146919410978228,256.17316233578964,-16.976837664210336,249.34324420081475,-23.806755799185225,242.5133260786122,-30.636673921387768,1.0,1.0,25762.59804822658,25762.59804822658,276.0178679196648,2.867867919664832,276.0178679196648,276.0178679196648,74870.84740380567,74860.48886181484,10.358541990834055,0.0,8575.796259387458,8575.796259387458,0.8792138025140308,4057.179978567844,276.0178679196648,2.867867919664832,1.0,0.002,1.095335994270079,0.0008545298831581197,0.001694169649643128,0.00030581072999151933,0.847084824821564,0.847084824821564,0.0,-1.9620365352811947e-08,0.9855056881375647,0.9855056881375647,0.0,0.08936290000466968,0.0013143036688576717,0.0,0.0,0.0,1600883.22281223,267.28859234016795,0.0,1.0,1282196.497845854,2607.505963781581,,,,,,,,,,,,,,,,,19.0,15561.403508771931
810.0,-32.894147825977605,4.230625743056705,34.70515737074725,24.229554645158373,5.6565368979262525,-29.036007262372646,-42.43933892631901,1.961886442195213,-5.840918452713083,-5.840918452713424,38.78989901444991,39904.783323405434,20747.381043286463,20747.381043286463,60652.1643666919,75141.10585673014,75599.0644714779,20747.381043286463,96346.44551476437,96346.44551476437,96346.44551476437,121693.94311277468,121316.27827982642,377.66483294825935,0.0,90088.6025248625,55577.93746945646,38345.18339489559,25347.497598010308,63692.680992905895,19255.802828808683,1450.0,0.0,0.8870242373142534,2.7964333275473607,0.0014957518423254837,1.0,1.0,-5.840918452713083,343180.13167519186,1503015.3250034235,4.379668827757126,1503015.3250034235,4.379668827757126,0.7596727351231782,0.08983723488353747,4.025493142841542,101325.0,128351.07116782667,1.2667265844345095,1.0,0.0,4.025493142841542,1.2826792468733068,1.2829072020468433,3.1383474494143346,6649.78165393806,15561.403508771931,6464.389793865893,0.00028787532150290225,22379.519559004922,2282.0758932973977,19322.493690830157,1970.3460091703241,0.863400737441448,0.8634007374414479,35573.096725436124,32395.05729023726,1.1240966437608793,0.8,4708.552096383544,4287.898129693729,1.1240966437608793,0.8,17904.69678407069,17904.69678407069,1.0,0.8,3099.015535412006,3099.015535412006,6.6948296341883795,4.230625743056705,-1.6677057546793188,5.898331497736024,3.5,3.5,1.0,0.6,0.00017770873515690614,1.0326127758209283,0.00017209620035509197,201.33829781097006,0.0,5.0543184636784954e-05,143.23938526064856,0.011152514171098516,5.966020121017846e-05,0.00011804853394672767,0.00047520356392504923,0.08994503594863715,0.08994503594863715,0.08994503594863715,0.08966361705248643,0.0,0.0,0.0,0.0,0.0,0.0,1.0,1.0,0.0,1.0,1.0,525946.8732365526,582.9715944740818,0.0,0.08994503594863715,0.08983723488353743,0.08983723488353751,0.375,0.375,0.5,0.8555410202542159,3.410605131648481e-13,3.410605131648481e-13,3.410605131648481e-13,3.410605131648481e-13,3.410605131648481e-13,3.410605131648481e-13,25347.497598010308,19255.802828808683,0.7596727351231782,0.9522626999081315,0.6265207038128924,37569.03399132045,20600.0,0.0,0.0,0.0,0.0,0.0,0.0,0.0,0.0,0.0,0.0,0.0,0.0,0.0,0.0,0.0,0.0,0.0,0.0,0.0,0.0,37712.2733765811,20600.0,1.0,0.0,0.0,6.0,0.9,152975.75209065224,25495.958681775373,259.5386176040178,259.5386176040178,-13.611382395982162,242.2265018734584,276.85072844793024,140239.12797624455,140491.4722910847,-252.3443148401732,0.0,nan,276.85072844793024,3.70072844793026,269.92588783702087,-3.224112162979111,263.0010439424883,-10.148956057511668,256.0761958753749,-17.0738041246251,249.15134764783429,-23.998652352165692,242.2265018734584,-30.923498126541574,1.0,1.0,25762.59804822658,25762.59804822658,276.1244803959618,2.974480395961848,276.1244803959618,276.1244803959618,75666.1047210832,75599.0644714779,67.04024960529932,0.0,8575.796259387458,8575.796259387458,0.8799410893178823,4045.6206085557496,276.1244803959618,2.974480395961848,1.0,0.002,1.1005500084529958,0.0007983750204681807,0.0017023061721682627,0.00028549760604105063,0.8511530860841313,0.8511530860841313,0.0,-1.2196221790686853e-05,0.998046543484093,0.998046543484093,0.0,0.08966174175168316,0.00017549313185430927,0.0,0.0,0.0,1600907.0498165758,267.3090815472869,0.0,1.0,1282126.2959219564,2607.7915359193703,,,,,,,,,,,,,,,,,13.0,15561.403508771931
840.0,-33.2126673654104,4.193850608222461,34.69574681727694,23.868217330332868,5.427555044915404,-29.347617476208747,-42.73796294638885,1.613247462423678,-5.911146641597213,-5.9111466415976155,38.75115555676187,39893.41008042344,20816.294334629354,20816.294334629354,60709.704415052795,74815.19718626821,75104.40555509126,20816.294334629354,95920.69988972062,95920.69988972062,95920.69988972062,121230.31380301533,121028.79920727288,201.514595742459,0.0,90290.13888600926,55640.22852367143,38499.90040259758,25309.613913294717,63809.5143158923,19223.945113370846,1450.0,0.0,0.8868058439016848,2.7891596770268214,0.0014957518423254837,1.0,1.0,-5.911146641597213,342235.10203162674,1501387.5142451432,4.387006199341868,1501387.5142451432,4.387006199341868,0.7595511009858917,0.08952783074214246,4.036842487622723,101325.0,128351.07116782667,1.2667265844345095,1.0,0.0,4.036842487622723,1.284318387324775,1.2845394251461366,3.143178924683492,6660.018970272265,15561.403508771931,6456.140301474895,0.0002851717502477278,22366.52511532118,2280.7508288071035,19297.835406017435,1967.831563889548,0.8627998898585424,0.8627998898585424,35653.309037679915,32395.05729023726,1.1272658853729527,0.8,4719.16921678457,4287.898129693729,1.1272658853729527,0.8,17904.69678407069,17904.69678407069,1.0,0.8,3099.015535412006,3099.015535412006,6.717066790006228,4.193850608222461,-1.724072443555607,5.917923051778068,3.5,3.5,1.0,0.6,0.00017209620035509197,1.0345814403314837,0.00016634379242290654,201.60744085635335,0.0,3.766727344673645e-05,106.7490529480511,0.01228253237450061,5.763392647018556e-05,0.00011446227388490642,0.00046206617044849903,0.08987279257071837,0.08987279257071837,0.08987279257071837,0.08940837932339432,0.0,0.0,0.0,0.0,0.0,0.0,1.0,1.0,0.0,1.0,1.0,527709.006787411,582.3783303109886,0.0,0.08987279257071837,0.08952783074214245,0.08952783074214249,0.375,0.375,0.5,0.4578909712558592,3.979039320256561e-13,3.979039320256561e-13,3.979039320256561e-13,3.979039320256561e-13,3.979039320256561e-13,3.979039320256561e-13,25309.613913294717,19223.945113370846,0.7595511009858917,0.9514208823860696,0.6251953256207068,37569.03399132045,20600.0,0.0,0.0,0.0,0.0,0.0,0.0,0.0,0.0,0.0,0.0,0.0,0.0,0.0,0.0,0.0,0.0,0.0,0.0,0.0,0.0,37675.7830442685,20600.0,1.0,0.0,0.0,6.0,0.9,152975.75209065224,25495.958681775373,259.29412809366187,259.29412809366187,-13.855871906338109,241.91595804687748,276.672298314806,140464.43913218618,141711.50609477912,-1247.0669625929572,0.0,nan,276.672298314806,3.5222983148060507,269.72103039510165,-3.4289696048983274,262.76976228468214,-10.380237715317833,255.8184938576867,-17.331506142313287,248.86722566281708,-24.2827743371829,241.91595804687748,-31.2340419531225,1.0,1.0,25762.59804822658,25762.59804822658,275.99657139220926,2.8465713922092846,275.99657139220926,275.99657139220926,74984.90485557575,75104.40555509126,-119.50069951551268,0.0,8575.796259387458,8575.796259387458,0.87922344798737,4057.0267000608364,275.99657139220926,2.8465713922092846,1.0,0.002,1.1041054263941101,0.0008007848372215836,0.0017075582739084912,0.00028710612870870176,0.8537791369542456,0.8537791369542456,0.0,-5.335597382806825e-06,0.9986666466919335,0.9986666466919335,0.0,0.0894084585128584,0.00011937222928405319,0.0,0.0,0.0,1600825.3560502573,267.23885335840276,0.0,1.0,1282366.884051838,2606.8130409193336,,,,,,,,,,,,,,,,,22.0,15561.403508771931
870.0,-33.473778326400186,4.16055889865582,34.6891496604403,23.852803429495566,5.419038032304731,-29.562999266220096,-42.947030312474794,1.5982312967009964,-5.952624096842783,-5.952624096843057,38.47044326354028,39650.63813773745,20833.156970727683,20833.156970727683,60483.79510846513,74796.88700465512,75123.44692385592,20833.156970727683,95956.6038945836,95956.6038945836,95956.6038945836,121147.90946976842,120977.52796429479,170.38150547362645,0.0,90300.20079625362,55571.62157080011,38587.31025050389,25191.305575184815,63778.61582568871,19115.838130182896,1450.0,0.0,0.8876172332774642,2.7848708116337404,0.0014957518423254837,1.0,1.0,-5.952624096842783,341677.91921991785,1489633.1524248887,4.359758323938106,1489633.1524248887,4.359758323938106,0.7588268132086542,0.08943213578824358,4.037407487265733,101325.0,128351.07116782667,1.2667265844345095,1.0,0.0,4.037407487265733,1.2844004570300356,1.2846141201959924,3.1434179777556075,6660.525495046496,15561.403508771931,6455.727460163188,0.0002850373578514813,22365.887288084446,2280.685788529666,19296.601395709404,1967.70572985774,0.8627693212953719,0.8627693212953719,35657.30103390319,32395.05729023726,1.1274236583910395,0.8,4719.697608291526,4287.898129693729,1.1274236583910395,0.8,17904.69678407069,17904.69678407069,1.0,0.8,3099.015535412006,3099.015535412006,6.72250807802355,4.16055889865582,-1.7621580795183611,5.922716978174181,3.5,3.5,1.0,0.6,0.00016634379242290654,1.028330513355575,0.00016176101969405277,201.82856523358848,0.0,3.865760806565643e-05,109.55566125807033,0.013442260616470303,5.6253434588547296e-05,0.00011009035783435924,0.0004444796349962057,0.08946327339166871,0.08946327339166871,0.08946327339166871,0.08935257592230277,0.0,0.0,0.0,0.0,0.0,0.0,1.0,1.0,0.0,1.0,1.0,526672.172244578,582.7119094843177,0.0,0.08946327339166871,0.08943213578824355,0.08943213578824362,0.375,0.375,0.5,0.38778542495370677,2.8421709430404007e-13,2.8421709430404007e-13,2.8421709430404007e-13,2.8421709430404007e-13,2.8421709430404007e-13,2.8421709430404007e-13,25191.305575184815,19115.838130182896,0.7588268132086542,0.9483397268101812,0.6216917320078776,37569.03399132045,20600.0,0.0,0.0,0.0,0.0,0.0,0.0,0.0,0.0,0.0,0.0,0.0,0.0,0.0,0.0,0.0,0.0,0.0,0.0,0.0,0.0,37678.58965257852,20600.0,1.0,0.0,0.0,6.0,0.9,152975.75209065224,25495.958681775373,259.1450454990981,259.1450454990981,-14.004954500901874,241.65943968727532,276.6306550301723,141649.1452446185,142411.15642856454,-762.0111839460233,0.0,nan,276.6306550301723,3.480655030172329,269.6364098800411,-3.513590119958849,262.6421656409561,-10.507834359043898,255.64792240146963,-17.50207759853035,248.65368035467407,-24.49631964532591,241.65943968727532,-31.490560312724654,1.0,1.0,25762.59804822658,25762.59804822658,275.9573142985709,2.8073142985709296,275.9573142985709,275.9573142985709,75077.40984828142,75123.44692385592,-46.0370755745098,0.0,8575.796259387458,8575.796259387458,0.8791877158462164,4057.5945247020613,275.9573142985709,2.8073142985709296,1.0,0.002,1.1064747643365682,0.0007808186364652199,0.0017110762485906352,0.0002803787641435165,0.8555381242953176,0.8555381242953176,0.0,-8.544987265848153e-06,0.9991029316940341,0.9991029316940341,0.0,0.0893519090536931,8.02267345504738e-05,0.0,0.0,0.0,1600777.0737057975,267.1973759031572,0.0,1.0,1282508.9328474011,2606.2355610926793,,,,,,,,,,,,,,,,,25.0,15561.403508771931
900.0,-33.673397463198704,4.123797899752713,34.67800713582508,23.652213520277314,5.278885174925056,-29.777905827856042,-43.15409391475839,1.4044452182019314,-5.962554054431905,-5.962554054432219,38.652759117138764,39718.23689584336,20777.88502562096,20777.88502562096,60496.12192146432,74666.9929229807,74719.8688090283,20777.88502562096,95497.75383464925,95497.75383464925,95497.75383464925,120753.69660729752,120753.58183871448,0.11476858303169205,0.0,90412.25014581763,55588.413240724556,38693.15211677008,25255.94277264827,63949.09488941835,19176.41719622576,1450.0,0.0,0.8869016134202118,2.783844804083742,0.0014957518423254837,1.0,1.0,-5.962554054431905,341544.6320122915,1497259.3702370343,4.3837883248686245,1497259.3702370343,4.3837883248686245,0.759283364269952,0.08976960222691635,4.043687876106573,101325.0,128351.07116782667,1.2667265844345095,1.0,0.0,4.043687876106573,1.2853164811033826,1.285524406032217,3.1460639737811977,6666.132043113901,15561.403508771931,6451.12784816508,0.00028354586129598555,22358.85976265562,2279.9691803679766,19282.852847641025,1966.3037681207165,0.8624255911228431,0.8624255911228432,35701.66750473761,32395.05729023726,1.1291774221578605,0.8,4725.570075365982,4287.898129693729,1.1291774221578605,0.8,17904.69678407069,17904.69678407069,1.0,0.8,3099.015535412006,3099.015535412006,6.704672754361843,4.123797899752713,-1.7832056611914116,5.9070035609441245,3.5,3.5,1.0,0.6,0.00016176101969405277,1.0216290565366295,0.00015833635374705397,201.99791430026232,0.0,3.083114815520577e-05,87.37547387185316,0.014367195061126476,5.491639297680954e-05,0.00010684462671724323,0.0004320463216836489,0.08969332967478619,0.08969332967478619,0.08969332967478619,0.08924764466577538,0.0,0.0,0.0,0.0,0.0,0.0,1.0,1.0,0.0,1.0,1.0,529473.8731556156,581.7801761122059,0.0,0.08969332967478619,0.08976960222691636,0.08976960222691635,0.375,0.375,0.5,0.0002599905031619359,3.410605131648481e-13,3.410605131648481e-13,3.410605131648481e-13,3.410605131648481e-13,3.410605131648481e-13,3.410605131648481e-13,25255.94277264827,19176.41719622576,0.759283364269952,0.946004349648342,0.6210914628975543,37569.03399132045,20600.0,0.0,0.0,0.0,0.0,0.0,0.0,0.0,0.0,0.0,0.0,0.0,0.0,0.0,0.0,0.0,0.0,0.0,0.0,0.0,0.0,37656.40946519231,20600.0,1.0,0.0,0.0,6.0,0.9,152975.75209065224,25495.958681775373,258.97782684780464,258.97782684780464,-14.172173152195342,241.45489811794823,276.5007560527518,142042.2413900356,142894.92795824213,-852.6865682065163,0.0,nan,276.5007560527518,3.3507560527518194,269.4915841966672,-3.6584158033327867,262.4824124735785,-10.667587526421471,255.4732408520408,-17.67675914795919,248.4640693938412,-24.685930606158763,241.45489811794823,-31.695101882051745,1.0,1.0,25762.59804822658,25762.59804822658,275.90032420771587,2.7503242077158916,275.90032420771587,275.90032420771587,74647.38168825519,74719.8688090283,-72.48712077310483,0.0,8575.796259387458,8575.796259387458,0.8787904888018919,4063.906315487106,275.90032420771587,2.7503242077158916,1.0,0.002,1.1221789078476854,0.0007286449948576983,0.0017353259485370879,0.0002617405229590447,0.8676629742685439,0.8676629742685439,0.0,-2.933528503867508e-06,0.9941661538698623,0.9941661538698623,0.0,0.08924590018036085,0.0005237020465554975,0.0,0.0,0.0,1600765.5109590762,267.1874459455681,0.0,1.0,1282542.9352565308,2606.0973561070678,,,,,,,,,,,,,,,,,6.0,15561.403508771931
930.0,-33.9051625012544,4.121695642042036,34.678025266216146,23.831324732769303,5.4354056236075925,-29.969927257908967,-43.33822452519087,1.5773043220509115,-5.958504074179132,-5.958504074179427,38.46161222275717,39439.39382219569,20765.211415416212,20765.211415416212,60204.605237611904,74656.754700027,75016.86389733564,20765.211415416212,95782.07531275185,95782.07531275185,95782.07531275185,120968.13890038172,120968.02565807909,0.11324230262301278,0.0,90314.21224982972,55454.568725981866,38732.93724871984,25186.063587629866,63919.0008363497,19111.25495915663,1450.0,0.0,0.8876193733964008,2.7842632300678645,0.0014957518423254837,1.0,1.0,-5.958504074179132,341598.9888984322,1489264.500287461,4.359686499921886,1489264.500287461,4.359686499921886,0.7588027756962832,0.08935427207583291,4.038193913394476,101325.0,128351.07116782667,1.2667265844345095,1.0,0.0,4.038193913394476,1.284514827962034,1.28471822394468,3.1437503292985203,6661.229708084835,15561.403508771931,6455.152751556644,0.0002848504161201239,22365.001331476986,2280.595446098004,19294.883553224943,1967.5305586744653,0.8627266892253169,0.8627266892253168,35662.857329547245,32395.05729023726,1.1276432635277316,0.8,4720.433054735924,4287.898129693729,1.1276432635277316,0.8,17904.69678407069,17904.69678407069,1.0,0.8,3099.015535412006,3099.015535412006,6.700583194287063,4.121695642042036,-1.7817049024970428,5.903400544539079,3.5,3.5,1.0,0.6,0.00015833635374705397,1.025201343716415,0.00015444415354848778,202.19486194615382,0.0,2.3059179282296336e-05,65.34971408602782,0.015058970439595367,5.375220214982319e-05,0.00010458415159723078,0.0004223310844174625,0.0894039866947675,0.0894039866947675,0.0894039866947675,0.08933329705813549,0.0,0.0,0.0,0.0,0.0,0.0,1.0,1.0,0.0,1.0,1.0,528532.5735407986,582.086754526271,0.0,0.0894039866947675,0.08935427207583294,0.0893542720758329,0.375,0.375,0.5,0.0002578418835779022,2.8421709430404007e-13,2.8421709430404007e-13,2.8421709430404007e-13,2.8421709430404007e-13,2.8421709430404007e-13,2.8421709430404007e-13,25186.063587629866,19111.25495915663,0.7588027756962832,0.9418890228236252,0.6170214381662729,37569.03399132045,20600.0,0.0,0.0,0.0,0.0,0.0,0.0,0.0,0.0,0.0,0.0,0.0,0.0,0.0,0.0,0.0,0.0,0.0,0.0,0.0,0.0,37634.38370540648,20600.0,1.0,0.0,0.0,6.0,0.9,152975.75209065224,25495.958681775373,258.9233097272519,258.9233097272519,-14.226690272748101,241.24359925034543,276.60302674283747,143554.0735059257,143832.4270311733,-278.3535252476284,0.0,nan,276.60302674283747,3.453026742837494,269.5311375500913,-3.618862449908704,262.4592499896285,-10.69075001037146,255.3873642525325,-17.76263574746747,248.31548057807606,-24.834519421923915,241.24359925034543,-31.90640074965455,1.0,1.0,25762.59804822658,25762.59804822658,275.9390059678436,2.78900596784365,275.9390059678436,275.9390059678436,75076.47426292353,75016.86389733564,59.61036558788328,0.0,8575.796259387458,8575.796259387458,0.8791379791366899,4058.3848829614485,275.9390059678436,2.78900596784365,1.0,0.002,1.122769072470755,0.0007276494590415773,0.0017362530688125987,0.00026134362986356054,0.8681265344062994,0.8681265344062994,0.0,-2.403301323840659e-06,0.9997649228802468,0.9997649228802468,0.0,0.08933326693091567,2.1005144917233744e-05,0.0,0.0,0.0,1600770.2270506741,267.19149592582085,0.0,1.0,1282529.0674435042,2606.1537214622576,,,,,,,,,,,,,,,,,3.0,15561.403508771931
960.0,-34.128154419410045,4.114428530607688,34.66834490465138,23.680531291198008,5.343878947374773,-30.180718650200873,-43.54058912778271,1.4316140430514346,-5.92515128880666,-5.925151288806991,38.5146426765262,39373.79688583883,20681.534427994233,20681.534427994233,60055.331313833056,74502.81532419029,74647.96742469897,20681.534427994233,95329.50185269321,95329.50185269321,95329.50185269321,120546.40454710109,120546.31941505759,0.08513204350013108,0.0,90398.56033650071,55454.525296421576,38826.70560008793,25216.90269440788,64043.60829449581,19138.283302608153,1450.0,0.0,0.8875965434677557,2.787710981014692,0.0014957518423254837,1.0,1.0,-5.92515128880666,342046.89240229095,1491479.2961389043,4.360452701861514,1491479.2961389043,4.360452701861514,0.7589466293516005,0.09203486793723553,4.042921565170446,101325.0,128351.07116782667,1.2667265844345095,1.0,0.0,4.042921565170446,1.2852044196835604,1.2854029223260086,3.145742033913861,6665.44989116674,15561.403508771931,6451.69044712866,0.0002837277206747624,22359.711629154393,2280.0560465759863,19284.534493592284,1966.4752482848155,0.8624679429428578,0.8624679429428578,35696.254802750474,32395.05729023726,1.1289634340771928,0.8,4724.853635369618,4287.898129693729,1.1289634340771928,0.8,17904.69678407069,17904.69678407069,1.0,0.8,3099.015535412006,3099.015535412006,6.673582042964713,4.114428530607688,-1.7651832470736863,5.879611777681374,3.5,3.5,1.0,0.6,0.00015444415354848778,1.0242824124613223,0.00015078278380018529,202.38468780734812,0.0,2.6232762727196108e-05,74.34364956887377,0.01584595332141125,5.249909911694577e-05,0.00010194505443154201,0.00041215585902375614,0.08946623762465902,0.08946623762465902,0.08946623762465902,0.08944161787525064,0.0,0.0,0.0,0.0,0.0,0.0,1.0,1.0,0.0,1.0,1.0,528794.0260723802,582.0016142968608,0.0,0.08946623762465902,0.09203486793723574,0.09203486793723534,0.375,0.375,0.5,0.00018816820586297053,3.410605131648481e-13,3.410605131648481e-13,3.410605131648481e-13,3.410605131648481e-13,3.410605131648481e-13,3.410605131648481e-13,25216.90269440788,19138.283302608153,0.7589466293516005,0.9377256046798111,0.6147966664336554,37569.03399132045,20600.0,0.0,0.0,0.0,0.0,0.0,0.0,0.0,0.0,0.0,0.0,0.0,0.0,0.0,0.0,0.0,0.0,0.0,0.0,0.0,0.0,37643.377640889325,20600.0,1.0,0.0,0.0,6.0,0.9,152975.75209065224,25495.958681775373,258.77944238308623,258.77944238308623,-14.370557616913743,241.0278149330976,276.5310706907674,143975.41805152304,144709.02581821737,-733.6077666943416,0.0,nan,276.5310706907674,3.3810706907674444,269.4304190555055,-3.719580944494453,262.3297676344299,-10.820232365570064,255.2291164478263,-17.920883552173677,248.12846553689076,-25.02153446310922,241.0278149330976,-32.122185066902375,1.0,1.0,25762.59804822658,25762.59804822658,275.9293427507973,2.779342750797298,275.9293427507973,275.9293427507973,74634.84965671228,74647.96742469897,-13.11776798669598,0.0,8575.796259387458,8575.796259387458,0.878838960733012,4063.1361729962982,275.9293427507973,2.779342750797298,1.0,0.002,1.2007434005058373,0.0005490171795631829,0.0018569604614674731,0.00019694192952647747,0.9284802307337365,0.9284802307337365,0.0,5.390239099395053e-05,0.9717584683783808,0.9717584683783808,0.0,0.08943566230409454,0.0025992056331409883,0.0,0.0,0.0,1600809.0565241675,267.2248487111933,0.0,1.0,1282414.849817225,2606.618022252738,,,,,,,,,,,,,,,,,4.0,15561.403508771931
990.0,-34.33013656535515,4.124503882817049,34.675792167133366,23.880896914657228,5.49798016261877,-30.34606048511711,-43.70020064581183,1.6249649112974678,-5.94188917449236,-5.941889174492704,38.49443087582938,39115.565976177015,20736.769698058088,20736.769698058088,59852.3356742351,74576.59942515509,75090.76903870735,20736.769698058088,95827.53873676545,95827.53873676545,95827.53873676545,121031.35659982185,121031.27416503515,0.08243478670832746,0.0,90288.81262037728,55315.60029232216,38859.12480895014,25203.81786305641,64062.94267200655,19126.937367323022,1450.0,0.0,0.8875846930322175,2.785980327659275,0.0014957518423254837,1.0,1.0,-5.94188917449236,341822.0572164875,1490634.8646577375,4.3608504284253025,1490634.8646577375,4.3608504284253025,0.7588904772780143,0.08939220631841309,4.036767913628265,101325.0,128351.07116782667,1.2667265844345095,1.0,0.0,4.036767913628265,1.284307618835676,1.2845012803953946,3.143147213662025,6659.951778422994,15561.403508771931,6456.195032464159,0.0002851895733160505,22366.60976113073,2280.7594602775393,19297.999000606946,1967.848245895076,0.8628039388492174,0.8628039388492174,35652.78212792993,32395.05729023726,1.1272450609984208,0.8,4719.099473573091,4287.898129693729,1.1272450609984208,0.8,17904.69678407069,17904.69678407069,1.0,0.8,3099.015535412006,3099.015535412006,6.691405532209179,4.124503882817049,-1.7708108856429616,5.89531476846001,3.5,3.5,1.0,0.6,0.00015078278380018529,1.0220090172461445,0.00014753566872284277,202.556912139758,0.0,2.4700172448582314e-05,70.00028871928228,0.01658695849486872,5.152987147272957e-05,9.925291232745572e-05,0.0004006609718176325,0.08944461138792918,0.08944461138792918,0.08944461138792918,0.08938489775198805,0.0,0.0,0.0,0.0,0.0,0.0,1.0,1.0,0.0,1.0,1.0,528694.5068171632,582.0340222729521,0.0,0.08944461138792918,0.08939220631841341,0.08939220631841277,0.375,0.375,0.5,0.00018760187687141136,3.410605131648481e-13,3.410605131648481e-13,3.410605131648481e-13,3.410605131648481e-13,3.410605131648481e-13,3.410605131648481e-13,25203.81786305641,19126.937367323022,0.7588904772780143,0.9342739059095493,0.6105802253955664,37569.03399132045,20600.0,0.0,0.0,0.0,0.0,0.0,0.0,0.0,0.0,0.0,0.0,0.0,0.0,0.0,0.0,0.0,0.0,0.0,0.0,0.0,0.0,37639.034280039734,20600.0,1.0,0.0,0.0,6.0,0.9,152975.75209065224,25495.958681775373,258.7398675715434,258.7398675715434,-14.410132428456564,240.83954595582242,276.6401992163483,145321.61106713503,145523.73530778164,-202.12424064658495,0.0,nan,276.6401992163483,3.490199216348344,269.48006291813533,-3.6699370818646457,262.31992900213857,-10.830070997861412,255.15979807755843,-17.990201922441543,247.99967025925721,-25.150329740742762,240.83954595582242,-32.31045404417756,1.0,1.0,25762.59804822658,25762.59804822658,275.9642387426683,2.8142387426682944,275.9642387426683,275.9642387426683,75144.47986975667,75090.76903870735,53.710831049320404,0.0,8575.796259387458,8575.796259387458,0.8792281642106875,4056.951753196406,275.9642387426683,2.8142387426682944,1.0,0.002,1.2008880806512074,0.0005473651842220371,0.001857120120927293,0.00019647130268214146,0.9285600604636465,0.9285600604636465,0.0,5.359142360943439e-05,0.9999179667443397,0.9999179667443397,0.0,0.08938487318469814,7.333133714952385e-06,0.0,0.0,0.0,1600789.5721891783,267.2081108255076,0.0,1.0,1282472.1719090657,2606.3849900879936,,,,,,,,,,,,,,,,,3.0,15561.403508771931
1020.0,-34.50856837402013,4.10576791627458,34.67432002626367,23.705462843086593,5.353860851818399,-30.509202365175817,-43.8572146120481,1.4555203791598748,-5.992056101285414,-5.992056101285796,38.36765752575943,39059.900956702106,20801.517476174373,20801.517476174373,59861.41843287648,74550.27836359816,74918.05804326311,20801.517476174373,95719.57551943748,95719.57551943748,95719.57551943748,120859.42588473018,120859.34627911626,0.0796056139210151,0.0,90386.62699253953,55338.99557006425,38941.8126916392,25139.850365292703,64081.6630569319,19070.014234354614,1450.0,0.0,0.8877901950973548,2.780798281864016,0.0014957518423254837,1.0,1.0,-5.992056101285414,341148.87472616637,1485346.6296574378,4.35395435746255,1485346.6296574378,4.35395435746255,0.7585571893730156,0.08925769161251901,4.042253280984247,101325.0,128351.07116782667,1.2667265844345095,1.0,0.0,4.042253280984247,1.2851068048835548,1.285296413846117,3.145460957504245,6664.854323983009,15561.403508771931,6452.180961580349,0.00028388640881397666,22360.456089612308,2280.1319604158716,19286.00067411361,1966.6247570896903,0.8625047985078017,0.8625047985078016,35691.53432790503,32395.05729023726,1.1287768194230055,0.8,4724.228820445548,4287.898129693729,1.1287768194230055,0.8,17904.69678407069,17904.69678407069,1.0,0.8,3099.015535412006,3099.015535412006,6.712298547225212,4.10576791627458,-1.8079541807188448,5.913722096993425,3.5,3.5,1.0,0.6,0.00014753566872284277,1.0194492447032955,0.00014472095544666583,202.70928078839603,0.0,2.1924186780965053e-05,62.13314533725496,0.017244684098297672,5.05926029960193e-05,9.694306572682348e-05,0.0003918684255029237,0.08928035033398754,0.08928035033398754,0.08928035033398754,0.08923929466470007,0.0,0.0,0.0,0.0,0.0,0.0,1.0,1.0,0.0,1.0,1.0,528070.4130915478,582.2372104456508,0.0,0.08928035033398754,0.08925769161251931,0.0892576916125187,0.375,0.375,0.5,0.000181490638739205,3.979039320256561e-13,3.979039320256561e-13,3.979039320256561e-13,3.979039320256561e-13,3.979039320256561e-13,3.979039320256561e-13,25139.850365292703,19070.014234354614,0.7585571893730156,0.9341427106798704,0.6095331970707474,37569.03399132045,20600.0,0.0,0.0,0.0,0.0,0.0,0.0,0.0,0.0,0.0,0.0,0.0,0.0,0.0,0.0,0.0,0.0,0.0,0.0,0.0,0.0,37631.16713665771,20600.0,1.0,0.0,0.0,6.0,0.9,152975.75209065224,25495.958681775373,258.5944638732426,258.5944638732426,-14.555536126757374,240.66136608973426,276.5275598701663,145374.89394999703,146116.575955005,-741.6820050079936,0.0,nan,276.5275598701663,3.3775598701662943,269.3543246573386,-3.7956753426613545,262.181086182969,-10.968913817030966,255.00784329902157,-18.142156700978404,247.83460314022602,-25.315396859773955,240.66136608973426,-32.48863391026572,1.0,1.0,25762.59804822658,25762.59804822658,275.89393246202155,2.7439324620215757,275.89393246202155,275.89393246202155,74841.54786832644,74918.05804326311,-76.51017493667314,0.0,8575.796259387458,8575.796259387458,0.8788812312889775,4062.4645473891683,275.89393246202155,2.7439324620215757,1.0,0.002,1.2013709324425534,0.0005462845710092658,0.0018576747103363838,0.0001964488307447752,0.9288373551681919,0.9288373551681919,0.0,5.412354108115915e-05,0.9997934617948242,0.9997934617948242,0.0,0.08923925648909523,1.8435123423784656e-05,0.0,0.0,0.0,1600731.1495412393,267.15794389871456,0.0,1.0,1282643.9456374508,2605.6868547136073,,,,,,,,,,,,,,,,,24.0,15561.403508771931
1050.0,-34.68798382444933,4.0902669642916605,34.66425076715243,23.58283350421118,5.291296571271391,-30.689780745177938,-44.02995460024101,1.3370038812827638,-5.972125103270798,-5.97212510327114,38.40747840883709,39049.24727856721,20728.527659179366,20728.527659179366,59777.77493774657,74376.30838476295,74559.83427210363,20728.527659179366,95288.361931283,95288.361931283,95288.361931283,120449.67920779675,120449.62336959844,0.05583819831716748,0.0,90455.09355138107,55338.560043720245,39018.37056406758,25161.317276513753,64179.68784058133,19088.95921385396,1450.0,0.0,0.887746929192504,2.782856163160715,0.0014957518423254837,1.0,1.0,-5.972125103270798,341416.20100217394,1487006.190161251,4.355406058049901,1487006.190161251,4.355406058049901,0.7586629509128325,0.09156591039253636,4.046084216865876,101325.0,128351.07116782667,1.2667265844345095,1.0,0.0,4.046084216865876,1.28566749839141,1.2858535711067962,3.1470689131740666,6668.261389097968,15561.403508771931,6449.366359768169,0.0002829774916583038,22356.206322726568,2279.698604796395,19277.587640943853,1965.766866457338,0.8622924373956464,0.8622924373956464,35718.5923109716,32395.05729023726,1.129846587030152,0.8,4727.8102888759,4287.898129693729,1.129846587030152,0.8,17904.69678407069,17904.69678407069,1.0,0.8,3099.015535412006,3099.015535412006,6.6887459653936725,4.0902669642916605,-1.80270465167973,5.8929716159713905,3.5,3.5,1.0,0.6,0.00014472095544666583,1.019587030393676,0.00014194075751511586,202.8627030052383,0.0,1.9018950127979223e-05,53.89970466269312,0.01781525260213705,4.9579708266282884e-05,9.514124718038295e-05,0.00038494949858948246,0.08932974811631791,0.08932974811631791,0.08932974811631791,0.08930098240906902,0.0,0.0,0.0,0.0,0.0,0.0,1.0,1.0,0.0,1.0,1.0,528266.7201771705,582.1733034258274,0.0,0.08932974811631791,0.09156591039253636,0.09156591039253635,0.375,0.375,0.5,0.00012408315375757168,3.410605131648481e-13,3.410605131648481e-13,3.410605131648481e-13,3.410605131648481e-13,3.410605131648481e-13,3.410605131648481e-13,25161.317276513753,19088.95921385396,0.7586629509128325,0.9314126782017255,0.6084362294743985,37569.03399132045,20600.0,0.0,0.0,0.0,0.0,0.0,0.0,0.0,0.0,0.0,0.0,0.0,0.0,0.0,0.0,0.0,0.0,0.0,0.0,0.0,0.0,37622.93369598314,20600.0,1.0,0.0,0.0,6.0,0.9,152975.75209065224,25495.958681775373,258.4702834551687,258.4702834551687,-14.679716544831251,240.48711751975867,276.45344915957133,145994.88957447943,146628.10998362332,-633.2204091439102,0.0,nan,276.45344915957133,3.3034491595713575,269.2601832930767,-3.889816706923284,262.06691699858874,-11.08308300141124,254.87365013683015,-18.276349863169827,247.6803836231871,-25.469616376812866,240.48711751975867,-32.66288248024131,1.0,1.0,25762.59804822658,25762.59804822658,275.8720919719639,2.7220919719639483,275.8720919719639,275.8720919719639,74531.72131495996,74559.83427210363,-28.112957143675885,0.0,8575.796259387458,8575.796259387458,0.8786389050874986,4066.3146379502055,275.8720919719639,2.7220919719639483,1.0,0.002,1.269544198005529,0.00031234067542445647,0.001963171387980347,0.0001122374485462827,0.9815856939901736,0.9815856939901736,0.0,7.540883652662998e-05,0.9751793225031571,0.9751793225031571,0.0,0.08929318246097841,0.002272727931557962,0.0,0.0,0.0,1600754.364799958,267.1778748967292,0.0,1.0,1282575.7068736982,2605.9641636733513,,,,,,,,,,,,,,,,,4.0,15561.403508771931
1080.0,-34.87871171699048,4.057573046982244,34.662471440590856,23.542041959613584,5.2544293317584545,-30.86504393359306,-44.197714829910524,1.2975227439963692,-6.048689454141709,-6.048689454142059,38.23291803093427,38945.89564193651,20818.90075231606,20818.90075231606,59764.796394252575,74383.84647280785,74680.19278818223,20818.90075231606,95499.09354049829,95499.09354049829,95499.09354049829,120569.85942036414,120569.84253046515,0.016889898996497014,0.0,90478.34377167905,55304.652213882415,39081.879508662925,25070.765879865856,64152.64538852878,19008.772066092137,1450.0,0.0,0.8879917553697931,2.774957430595299,0.0014957518423254837,1.0,1.0,-6.048689454141709,340390.1721968334,1479741.6660490085,4.347192683322642,1479741.6660490085,4.347192683322642,0.7582046817866837,0.08952456044908028,4.0473834428922135,101325.0,128351.07116782667,1.2667265844345095,1.0,0.0,4.0473834428922135,1.2858581970431957,1.286040722231695,3.1476125844973324,6669.4133633932,15561.403508771931,6448.410015094561,0.00028266956597497705,22354.77439889517,2279.5525892017326,19274.72906271585,1965.475372600822,0.8622197978284432,0.8622197978284432,35727.767608827526,32395.05729023726,1.1302093886954063,0.8,4729.024756322688,4287.898129693729,1.1302093886954063,0.8,17904.69678407069,17904.69678407069,1.0,0.8,3099.015535412006,3099.015535412006,6.717907836995803,4.057573046982244,-1.8610909906342625,5.918664037616507,3.5,3.5,1.0,0.6,0.00014194075751511586,1.0208673866383533,0.00013903936923924772,203.0260344599871,0.0,1.879994890945999e-05,53.27905520940961,0.01837925106942085,4.861401341768436e-05,9.33267440974315e-05,0.0003777291188389829,0.08910756798075718,0.08910756798075718,0.08910756798075718,0.08907207241321476,0.0,0.0,0.0,0.0,0.0,0.0,1.0,1.0,0.0,1.0,1.0,527407.9677447896,582.4527933038094,0.0,0.08910756798075718,0.08952456044908029,0.08952456044908028,0.375,0.375,0.5,3.8404089631276e-05,3.410605131648481e-13,3.410605131648481e-13,3.410605131648481e-13,3.410605131648481e-13,3.410605131648481e-13,3.410605131648481e-13,25070.765879865856,19008.772066092137,0.7582046817866837,0.9316029920870449,0.6070816784883587,37569.03399132045,20600.0,0.0,0.0,0.0,0.0,0.0,0.0,0.0,0.0,0.0,0.0,0.0,0.0,0.0,0.0,0.0,0.0,0.0,0.0,0.0,0.0,37622.31304652986,20600.0,1.0,0.0,0.0,6.0,0.9,152975.75209065224,25495.958681775373,258.35513162613836,258.35513162613836,-14.794868373861618,240.30522874961284,276.40503450520356,146628.15209824478,147215.33486261862,-587.1827643738517,0.0,nan,276.40503450520356,3.2550345052035823,269.1850733774951,-3.9649266225048905,261.96511222768595,-11.184887772314028,254.745151025677,-18.404848974322988,247.52518987115582,-25.62481012884416,240.30522874961284,-32.84477125038714,1.0,1.0,25762.59804822658,25762.59804822658,275.80956229640924,2.6595622964092627,275.80956229640924,275.80956229640924,74626.36414655596,74680.19278818223,-53.82864162627084,0.0,8575.796259387458,8575.796259387458,0.8785567167232073,4067.6203601066745,275.80956229640924,2.6595622964092627,1.0,0.002,1.283173306784312,0.00023446778517887749,0.001983933811333724,8.449419172840361e-05,0.991966905666862,0.991966905666862,0.0,6.842800306212753e-05,0.9949167858658755,0.9949167858658755,0.0,0.08906948793805423,0.0004550725110260473,0.0,0.0,0.0,1600665.1530174727,267.10131054585827,0.0,1.0,1282837.8021329646,2604.8992902800273,,,,,,,,,,,,,,,,,6.0,15561.403508771931
1110.0,-35.032935475684404,4.039378160248875,34.663039201011294,23.577641823235922,5.276244961546784,-30.997249342740055,-44.325404323730595,1.3318458754385942,-6.059788126439798,-6.059788126440057,38.21070931369663,38809.42662561577,20804.282550579195,20804.282550579195,59613.70917619497,74420.10871606175,74762.83766826623,20804.282550579195,95567.12021884543,95567.12021884543,95567.12021884543,120625.92388841783,120625.90726459344,0.01662382439333092,0.0,90459.4641341839,55246.516266517734,39125.49763074019,25058.803669572397,64184.30130031258,18998.23811520673,1450.0,0.0,0.8880159948233278,2.7738139111815663,0.0014957518423254837,1.0,1.0,-6.059788126439798,340241.64159573335,1478819.3546666726,4.346379672197117,1478819.3546666726,4.346379672197117,0.7581462533375167,0.08904653844640628,4.046328388416543,101325.0,128351.07116782667,1.2667265844345095,1.0,0.0,4.046328388416543,1.28570340080149,1.2858821734979717,3.1471709461872135,6668.4775848092,15561.403508771931,6449.187060147127,0.00028291972545883067,22355.937395774137,2279.671181879045,19277.05170237783,1965.7122159328446,0.8622788372104541,0.8622788372104541,35720.31672617882,32395.05729023726,1.1299147705820467,0.8,4728.0385371754965,4287.898129693729,1.1299147705820467,0.8,17904.69678407069,17904.69678407069,1.0,0.8,3099.015535412006,3099.015535412006,6.713190790059502,4.039378160248875,-1.8751300275490488,5.9145081877979235,3.5,3.5,1.0,0.6,0.00013903936923924772,1.0168645895695454,0.00013673341629302408,203.15828351682472,0.0,1.9635245202606924e-05,55.64628490418802,0.01896830842549906,4.7890686448089686e-05,9.114868279115803e-05,0.0003688175027446372,0.08908002347454484,0.08908002347454484,0.08908002347454484,0.08903779750621725,0.0,0.0,0.0,0.0,0.0,0.0,1.0,1.0,0.0,1.0,1.0,527298.6840382797,582.4883508627472,0.0,0.08908002347454484,0.08904653844640628,0.08904653844640628,0.375,0.375,0.5,3.80039871016733e-05,2.8421709430404007e-13,2.8421709430404007e-13,2.8421709430404007e-13,2.8421709430404007e-13,2.8421709430404007e-13,2.8421709430404007e-13,25058.803669572397,18998.23811520673,0.7581462533375167,0.9287895633118725,0.6046560582474825,37569.03399132045,20600.0,0.0,0.0,0.0,0.0,0.0,0.0,0.0,0.0,0.0,0.0,0.0,0.0,0.0,0.0,0.0,0.0,0.0,0.0,0.0,0.0,37624.68027622464,20600.0,1.0,0.0,0.0,6.0,0.9,152975.75209065224,25495.958681775373,258.28257011390934,258.28257011390934,-14.867429886090633,240.15511261090123,276.41003070430895,147342.1999219987,147713.26371860635,-371.06379660765526,0.0,nan,276.41003070430895,3.2600307043089742,269.1590452025816,-3.9909547974183965,261.90806073588664,-11.241939264113341,254.65707708439444,-18.492922915605533,247.40609434538334,-25.74390565461664,240.15511261090123,-32.99488738909875,1.0,1.0,25762.59804822658,25762.59804822658,275.8081006161274,2.658100616127399,275.8081006161274,275.8081006161274,74744.9985954222,74762.83766826623,-17.839072844028124,0.0,8575.796259387458,8575.796259387458,0.8786234591408103,4066.560030358626,275.8081006161274,2.658100616127399,1.0,0.002,1.2833712406804787,0.00023260457030480148,0.0019841944648357323,8.385730901670996e-05,0.9920972324178662,0.9920972324178662,0.0,6.805177385244216e-05,0.9999011153169861,0.9999011153169861,0.0,0.08903773310767853,8.805338727756963e-06,0.0,0.0,0.0,1600652.2140265265,267.0902118735602,0.0,1.0,1282875.7857178245,2604.7450175085182,,,,,,,,,,,,,,,,,12.0,15561.403508771931
1140.0,-35.123580844446835,4.029441720804162,34.66395133115833,23.610569012258225,5.306915704578906,-31.04696480586941,-44.37512514470143,1.3635984108645964,-6.053248758051097,-6.053248758051457,38.22519343911568,38621.26983410382,20770.342386442575,20770.342386442575,59391.61222054639,74410.90325216249,74813.26602887388,20770.342386442575,95583.60841531646,95583.60841531646,95583.60841531646,120649.98547283797,120649.96886042204,0.016612415923829407,0.0,90441.89970869082,55209.571629245496,39147.031199383695,25066.37705752152,64213.40825690521,19004.928921224666,1450.0,0.0,0.8879966235688865,2.774487630930326,0.0014957518423254837,1.0,1.0,-6.053248758051097,340329.15007286624,1479420.8201919175,4.347029397496999,1479420.8201919175,4.347029397496999,0.7581841156228027,0.08906168696491487,4.045346370180871,101325.0,128351.07116782667,1.2667265844345095,1.0,0.0,4.045346370180871,1.2855594509446626,1.2857352390314698,3.146759465078216,6667.605705715613,15561.403508771931,6449.909632156706,0.00028315262004798795,22357.02247287346,2279.7818289500965,19279.211518468976,1965.932455881364,0.8623335930292642,0.8623335930292642,35713.381282399605,32395.05729023726,1.1296405474338111,0.8,4727.120542922761,4287.898129693729,1.1296405474338111,0.8,17904.69678407069,17904.69678407069,1.0,0.8,3099.015535412006,3099.015535412006,6.702238872023341,4.029441720804162,-1.8754175219655815,5.904859242769744,3.5,3.5,1.0,0.6,0.00013673341629302408,1.0098881902177377,0.000135394608648254,203.23608777324992,0.0,1.5615781414178645e-05,44.25512452778228,0.01943678186792442,4.7611736802357775e-05,8.91216794906663e-05,0.0003605280626319899,0.08909835304339048,0.08909835304339048,0.08909835304339048,0.08905748076484234,0.0,0.0,0.0,0.0,0.0,0.0,1.0,1.0,0.0,1.0,1.0,527369.9577373151,582.465160845593,0.0,0.08909835304339048,0.08906168696491487,0.08906168696491487,0.375,0.375,0.5,3.797015395839165e-05,3.410605131648481e-13,3.410605131648481e-13,3.410605131648481e-13,3.410605131648481e-13,3.410605131648481e-13,3.410605131648481e-13,25066.37705752152,19004.928921224666,0.7581841156228027,0.9249098254204517,0.6014517977240472,37569.03399132045,20600.0,0.0,0.0,0.0,0.0,0.0,0.0,0.0,0.0,0.0,0.0,0.0,0.0,0.0,0.0,0.0,0.0,0.0,0.0,0.0,0.0,37613.28911584823,20600.0,1.0,0.0,0.0,6.0,0.9,152975.75209065224,25495.958681775373,258.2470679229104,258.2470679229104,-14.902932077089588,240.06206677707803,276.43207515642274,147844.03151607607,148027.61917263758,-183.5876565614935,0.0,nan,276.43207515642274,3.2820751564227635,269.15807361154856,-3.991926388451418,261.88406538959515,-11.265934610404827,254.61006312726352,-18.53993687273646,247.33606347555423,-25.81393652444575,240.06206677707803,-33.08793322292195,1.0,1.0,25762.59804822658,25762.59804822658,275.8205202968605,2.670520296860502,275.8205202968605,275.8205202968605,74805.40201093304,74813.26602887388,-7.864017940839403,0.0,8575.796259387458,8575.796259387458,0.8786855796066035,4065.5731020317753,275.8205202968605,2.670520296860502,1.0,0.002,1.283376088204096,0.00023258451895548753,0.001984228694283138,8.382971917503146e-05,0.9921143471415691,0.9921143471415691,0.0,6.805841345816936e-05,0.9999527459869727,0.9999527459869727,0.0,0.0890574784427988,4.208522116073227e-06,0.0,0.0,0.0,1600659.8379290488,267.0967512419489,0.0,1.0,1282853.4059730847,2604.8359126964847,,,,,,,,,,,,,,,,,12.0,15561.403508771931
1170.0,-35.18997927954784,4.023856597279791,34.66446740580117,23.621432587411277,5.3210740795541325,-31.094617083760614,-44.42156801288945,1.3740598287678587,-6.05062514451663,-6.0506251445169505,38.22997707302985,38528.83144721598,20753.432388101286,20753.432388101286,59282.263835317266,74391.5255396409,74837.58033034371,20753.432388101286,95591.012718445,95591.012718445,95591.012718445,120660.04241778124,120660.02581645783,0.01660132341338592,0.0,90436.26101284404,55187.7960041668,39164.961120752494,25069.029699336246,64233.990820088744,19007.257684076467,1450.0,0.0,0.8879925902749937,2.774757965568193,0.0014957518423254837,1.0,1.0,-6.05062514451663,340364.2636969225,1479619.5052775538,4.347164679412647,1479619.5052775538,4.347164679412647,0.7581967835228869,0.08906828696012613,4.045031062702635,101325.0,128351.07116782667,1.2667265844345095,1.0,0.0,4.045031062702635,1.2855132281297839,1.2856872887515216,3.1466273346618987,6667.325737218653,15561.403508771931,6450.141368458763,0.00028322736728847507,22357.371207038454,2279.8173899383028,19279.90419378362,1966.003089106231,0.8623511241658859,0.8623511241658859,35711.15437119186,32395.05729023726,1.1295524995685033,0.8,4726.825782882142,4287.898129693729,1.1295524995685033,0.8,17904.69678407069,17904.69678407069,1.0,0.8,3099.015535412006,3099.015535412006,6.696782301009721,4.023856597279791,-1.8761952543481506,5.900051851627942,3.5,3.5,1.0,0.6,0.000135394608648254,1.007238410306578,0.00013442160988185836,203.29311509528262,0.0,9.069800933466328e-06,25.70381584544357,0.01970887589592841,4.735253719699326e-05,8.804207145126074e-05,0.00035613291384503453,0.08910416413498051,0.08910416413498051,0.08910416413498051,0.08906575361884139,0.0,0.0,0.0,0.0,0.0,0.0,1.0,1.0,0.0,1.0,1.0,527393.4977056017,582.4575015248942,0.0,0.08910416413498051,0.08906828696012613,0.08906828696012613,0.375,0.375,0.5,3.7941562404571225e-05,3.410605131648481e-13,3.410605131648481e-13,3.410605131648481e-13,3.410605131648481e-13,3.410605131648481e-13,3.410605131648481e-13,25069.029699336246,19007.257684076467,0.7581967835228869,0.9229111110558172,0.5998199855763336,37569.03399132045,20600.0,0.0,0.0,0.0,0.0,0.0,0.0,0.0,0.0,0.0,0.0,0.0,0.0,0.0,0.0,0.0,0.0,0.0,0.0,0.0,0.0,37594.7378071659,20600.0,1.0,0.0,0.0,6.0,0.9,152975.75209065224,25495.958681775373,258.2197513248146,258.2197513248146,-14.930248675185396,239.99574950145404,276.4437642843708,148147.5750142966,148290.48580535545,-142.91079105882505,0.0,nan,276.4437642843708,3.293764284370809,269.1541556423622,-3.995844357637793,261.86454842351947,-11.285451576480511,254.5749449484323,-18.575055051567688,247.28534514874852,-25.86465485125146,239.99574950145404,-33.154250498545935,1.0,1.0,25762.59804822658,25762.59804822658,275.82597913417294,2.6759791341729624,275.82597913417294,275.82597913417294,74820.57592090387,74837.58033034371,-17.004409439847223,0.0,8575.796259387458,8575.796259387458,0.8787055249636123,4065.256218016148,275.82597913417294,2.6759791341729624,1.0,0.002,1.2833805552291757,0.00023256972307735216,0.0019842463272317823,8.381621963547669e-05,0.9921231636158911,0.9921231636158911,0.0,6.806254686725875e-05,0.9999715205987703,0.9999715205987703,0.0,0.08906575034864495,2.536611481183211e-06,0.0,0.0,0.0,1600662.8964888332,267.09937485548335,0.0,1.0,1282844.4269221285,2604.8723823307523,,,,,,,,,,,,,,,,,13.0,15561.403508771931
1200.0,-35.33827258439928,4.000379120551287,34.660149677331255,23.47066051969307,5.209922150120091,-31.280399146640438,-44.59671266432849,1.2283535184029455,-6.100534982603392,-6.100534982603692,38.11595754242671,38668.830382432236,20807.883052499255,20807.883052499255,59476.71343493149,74315.89154901826,74666.82952694323,20807.883052499255,95474.71257944248,95474.71257944248,95474.71257944248,120484.63738208794,120484.62163351887,0.015748569075310314,0.0,90519.71728329969,55207.947585743044,39235.299663951824,25009.92480264546,64245.22446659728,18955.022998230867,1450.0,0.0,0.8881530947454365,2.7696188683221816,0.0014957518423254837,1.0,1.0,-6.100534982603392,339696.77374504023,1474889.2701458288,4.3417818011212805,1474889.2701458288,4.3417818011212805,0.7579000395965154,0.08892502393929333,4.049693302833006,101325.0,128351.07116782667,1.2667265844345095,1.0,0.0,4.049693302833006,1.286197900834765,1.2863708026281981,3.1485771359171744,6671.457132108845,15561.403508771931,6446.707441030836,0.00028212250311942594,22352.24016099581,2279.2941688543806,19269.639954903123,1964.9564280261989,0.8620898762768413,0.8620898762768414,35744.078676283105,32395.05729023726,1.130854404278558,0.8,4731.183733694126,4287.898129693729,1.130854404278558,0.8,17904.69678407069,17904.69678407069,1.0,0.8,3099.015535412006,3099.015535412006,6.7143526112504315,4.000379120551287,-1.9151526640966887,5.915531784647976,3.5,3.5,1.0,0.6,0.00013442160988185836,1.0162530896055681,0.00013227178471263547,203.4205864721812,0.0,6.59346500681457e-06,18.685879829312494,0.019906679846132844,4.638675687848162e-05,8.803485300337675e-05,0.000356514154623663,0.08895907707634541,0.08895907707634541,0.08895907707634541,0.0889168647629645,0.0,0.0,0.0,0.0,0.0,0.0,1.0,1.0,0.0,1.0,1.0,526832.4955373512,582.640007670047,0.0,0.08895907707634541,0.08892502393929333,0.08892502393929332,0.375,0.375,0.5,3.606025966154315e-05,2.8421709430404007e-13,2.8421709430404007e-13,2.8421709430404007e-13,2.8421709430404007e-13,2.8421709430404007e-13,2.8421709430404007e-13,25009.92480264546,18955.022998230867,0.7579000395965154,0.9257764126243334,0.6018942373302336,37569.03399132045,20600.0,0.0,0.0,0.0,0.0,0.0,0.0,0.0,0.0,0.0,0.0,0.0,0.0,0.0,0.0,0.0,0.0,0.0,0.0,0.0,0.0,37587.71987114976,20600.0,1.0,0.0,0.0,6.0,0.9,152975.75209065224,25495.958681775373,258.10330150432895,258.10330150432895,-15.046698495671023,239.85957699741553,276.3470278757846,148228.85510050866,148822.96945844922,-594.1143579405383,0.0,nan,276.3470278757846,3.197027875784613,269.049536725078,-4.100463274921992,261.752045863127,-11.397954136872954,254.4545556067456,-18.695444393254377,247.15706595782282,-25.992934042177154,239.85957699741553,-33.29042300258445,1.0,1.0,25762.59804822658,25762.59804822658,275.7561585148321,2.6061585148321456,275.7561585148321,275.7561585148321,74592.26272939779,74666.82952694323,-74.56679754544166,0.0,8575.796259387458,8575.796259387458,0.8784105891376073,4069.9417693471714,275.7561585148321,2.6061585148321456,1.0,0.002,1.28359557464316,0.0002317597478057602,0.001984374719226585,8.367929264800209e-05,0.9921873596132925,0.9921873596132925,0.0,6.805401187458694e-05,0.9999079163646031,0.9999079163646031,0.0,0.08891683539981124,8.188539482088476e-06,0.0,0.0,0.0,1600604.695648036,267.0494650173966,0.0,1.0,1283015.215449179,2604.1788269007243,,,,,,,,,,,,,,,,,16.0,15561.403508771931
1230.0,-35.45358046972027,3.9838017725140364,34.657483455031965,23.46649548215794,5.207782256921548,-31.380164202304314,-44.69306037118656,1.224273964648527,-6.1117104645044265,-6.111710464504761,38.0910985021508,38580.06854578067,20796.755208258717,20796.755208258717,59376.82375403939,74310.28912550541,74652.79062771304,20796.755208258717,95449.54583597176,95449.54583597176,95449.54583597176,120446.48997218165,120446.47434985734,0.015622324303103546,0.0,90522.58456130045,55177.27131675296,39272.570271719436,24996.944136209884,64269.514407929324,18943.57163249421,1450.0,0.0,0.8881865992861528,2.7684691862836104,0.0014957518423254837,1.0,1.0,-6.1117104645044265,339547.45481600723,1473859.484554827,4.340658319331172,1473859.484554827,4.340658319331172,0.7578354989821766,0.08888609307317455,4.04985326413639,101325.0,128351.07116782667,1.2667265844345095,1.0,0.0,4.04985326413639,1.2862214697746395,1.286391609441167,3.148643806144808,6671.598398320993,15561.403508771931,6446.58947928378,0.00028208465402455754,22352.065286642905,2279.2763366330914,19269.28735934717,1964.920473285696,0.8620808463217073,0.8620808463217073,35745.20817353666,32395.05729023726,1.1308990725857404,0.8,4731.3332370309345,4287.898129693729,1.1308990725857404,0.8,17904.69678407069,17904.69678407069,1.0,0.8,3099.015535412006,3099.015535412006,6.710761843758828,3.9838017725140364,-1.9285664458964025,5.912368218410439,3.5,3.5,1.0,0.6,0.00013227178471263547,1.0126291880221416,0.00013062213323219288,203.5198066585446,0.0,1.4577289891199224e-05,41.3120395516586,0.02034399854286882,4.5863286614619575e-05,8.64084980980159e-05,0.00034994173807137267,0.08892760697869957,0.08892760697869957,0.08892760697869957,0.08888330783988309,0.0,0.0,0.0,0.0,0.0,0.0,1.0,1.0,0.0,1.0,1.0,526710.201618361,582.6797842566525,0.0,0.08892760697869957,0.08888609307317455,0.08888609307317454,0.375,0.375,0.5,3.5788942525973234e-05,3.410605131648481e-13,3.410605131648481e-13,3.410605131648481e-13,3.410605131648481e-13,3.410605131648481e-13,3.410605131648481e-13,24996.944136209884,18943.57163249421,0.7578354989821766,0.9238722946802552,0.6002856704487689,37569.03399132045,20600.0,0.0,0.0,0.0,0.0,0.0,0.0,0.0,0.0,0.0,0.0,0.0,0.0,0.0,0.0,0.0,0.0,0.0,0.0,0.0,0.0,37610.34603087211,20600.0,1.0,0.0,0.0,6.0,0.9,152975.75209065224,25495.958681775373,258.037060157946,258.037060157946,-15.112939842054004,239.74649030752633,276.3276311604997,148777.04313148378,149115.6044544843,-338.5613230005415,0.0,nan,276.3276311604997,3.177631160499743,269.0114023466574,-4.138597653342572,261.69517380167673,-11.454826198323246,254.37894558851525,-18.771054411484727,247.06271774280046,-26.08728225719952,239.74649030752633,-33.40350969247365,1.0,1.0,25762.59804822658,25762.59804822658,275.74334599552884,2.593345995528864,275.74334599552884,275.74334599552884,74625.26601062262,74652.79062771304,-27.524617090413813,0.0,8575.796259387458,8575.796259387458,0.8784004692490036,4070.1025304570717,275.74334599552884,2.593345995528864,1.0,0.002,1.2836289871171604,0.00023164992843664132,0.0019843806925847595,8.36743748438132e-05,0.9921903462923798,0.9921903462923798,0.0,6.805506742857273e-05,0.9999685974914487,0.9999685974914487,0.0,0.08888330182687673,2.7912462978193767e-06,0.0,0.0,0.0,1600591.6588175776,267.03828953549555,0.0,1.0,1283053.4506890555,2604.0235936056743,,,,,,,,,,,,,,,,,14.0,15561.403508771931
1260.0,-35.528826895098916,3.9746161005713696,34.65610365616824,23.46341792671012,5.20970490832829,-31.437968686840115,-44.74945350140331,1.2212579917085526,-6.116045210362472,-6.116045210362768,38.08116449390105,38495.56954549634,20786.762300524322,20786.762300524322,59282.331846020665,74291.89664303814,74652.95144713616,20786.762300524322,95439.71374766048,95439.71374766048,95439.71374766048,120431.5133037961,120431.49773234034,0.015571455763907794,0.0,90524.71930268865,55157.48001369119,39296.93254333051,24991.799556135622,64288.732099466135,18939.03009073118,1450.0,0.0,0.8882006568183769,2.768023349087267,0.0014957518423254837,1.0,1.0,-6.116045210362472,339489.55087281903,1473448.1205048575,4.3401869563191555,1473448.1205048575,4.3401869563191555,0.7578097786912485,0.08887254968164171,4.0499723490131405,101325.0,128351.07116782667,1.2667265844345095,1.0,0.0,4.0499723490131405,1.2862390192195539,1.2864070392509308,3.1486934298343137,6671.703544964376,15561.403508771931,6446.501655026445,0.0002820564793412487,22351.935149568828,2279.2630663446566,19269.024846764798,1964.8937044520605,0.8620741210022927,0.8620741210022927,35746.049033867246,32395.05729023726,1.1309323263773947,0.8,4731.4445355974585,4287.898129693729,1.1309323263773947,0.8,17904.69678407069,17904.69678407069,1.0,0.8,3099.015535412006,3099.015535412006,6.70753730111933,3.9746161005713696,-1.934911205903206,5.909527306474576,3.5,3.5,1.0,0.6,0.00013062213323219288,1.0082300433674156,0.00012955588269907567,203.5846033062218,0.0,1.119122501178858e-05,31.715931683408837,0.02067973529322248,4.555943849900124e-05,8.506269473319164e-05,0.00034450156160197184,0.08891496329202134,0.08891496329202134,0.08891496329202134,0.08887040052815662,0.0,0.0,0.0,0.0,0.0,0.0,1.0,1.0,0.0,1.0,1.0,526661.3332186892,582.6956780711804,0.0,0.08891496329202134,0.08887254968164171,0.0888725496816417,0.375,0.375,0.5,3.567867429440795e-05,2.8421709430404007e-13,2.8421709430404007e-13,2.8421709430404007e-13,2.8421709430404007e-13,2.8421709430404007e-13,2.8421709430404007e-13,24991.799556135622,18939.03009073118,0.7578097786912485,0.9221263184083383,0.5987918611606281,37569.03399132045,20600.0,0.0,0.0,0.0,0.0,0.0,0.0,0.0,0.0,0.0,0.0,0.0,0.0,0.0,0.0,0.0,0.0,0.0,0.0,0.0,0.0,37600.74992300386,20600.0,1.0,0.0,0.0,6.0,0.9,152975.75209065224,25495.958681775373,257.99660924586607,257.99660924586607,-15.153390754133909,239.66983473064295,276.32339213986523,149128.51183864844,149338.26672533146,-209.75488668302143,0.0,nan,276.32339213986523,3.173392139865257,268.9926779148194,-4.157322085180567,261.6619618452726,-11.488038154727406,254.3312490180297,-18.818750981970283,247.00053982656695,-26.149460173433027,239.66983473064295,-33.48016526935703,1.0,1.0,25762.59804822658,25762.59804822658,275.7390300023812,2.5890300023812074,275.7390300023812,275.7390300023812,74631.24801042031,74652.95144713616,-21.70343671584851,0.0,8575.796259387458,8575.796259387458,0.8783929353635869,4070.222210758206,275.7390300023812,2.5890300023812074,1.0,0.002,1.2836470462064564,0.0002316053399045014,0.0019843908925528684,8.367174358585933e-05,0.9921954462764342,0.9921954462764342,0.0,6.806263613872744e-05,0.9999757692463711,0.9999757692463711,0.0,0.088870396232786,2.153448855707634e-06,0.0,0.0,0.0,1600586.6016111728,267.0339547896375,0.0,1.0,1283068.2807237403,2603.963387925606,,,,,,,,,,,,,,,,,12.0,15561.403508771931
1290.0,-35.59987692999072,3.9677668921703315,34.655165329392396,23.457729233801388,5.209869963900798,-31.49232996019625,-44.80181270102037,1.2157322357777798,-6.119775701685171,-6.119775701685462,38.07331500863321,38412.94943024851,20780.337743342934,20780.337743342934,59193.287173591445,74271.41845015215,74650.28806734193,20780.337743342934,95430.62581068487,95430.62581068487,95430.62581068487,120418.26140889419,120418.24587503592,0.01553385827550616,0.0,90528.13493596036,55142.766659333414,39317.07586291883,24987.63559820932,64304.71146112814,18935.364373565968,1450.0,0.0,0.8882102099025371,2.767639706067425,0.0014957518423254837,1.0,1.0,-6.119775701685171,339439.7248301303,1473123.1373226303,4.3398666377656365,1473123.1373226303,4.3398666377656365,0.7577893594271451,0.08886085896487914,4.050162821672755,101325.0,128351.07116782667,1.2667265844345095,1.0,0.0,4.050162821672755,1.286267128903001,1.286433781051903,3.1487727009917106,6671.871511034623,15561.403508771931,6446.361318917953,0.0002820114664764412,22351.727306254666,2279.241872224936,19268.605372745224,1964.8509300061921,0.862063370259233,0.862063370259233,35747.39395426128,32395.05729023726,1.130985514811657,0.8,4731.622552928637,4287.898129693729,1.130985514811657,0.8,17904.69678407069,17904.69678407069,1.0,0.8,3099.015535412006,3099.015535412006,6.70546420496735,3.9677668921703315,-1.939933958815577,5.907700850985909,3.5,3.5,1.0,0.6,0.00012955588269907567,1.0077740726923963,0.00012855647531489939,203.6458215983367,0.0,7.235739726990474e-06,20.506086386291003,0.02089680748503219,4.5278995294340125e-05,8.427688740473554e-05,0.0003413351160929608,0.0889051329641141,0.0889051329641141,0.0889051329641141,0.0888590389690143,0.0,0.0,0.0,0.0,0.0,0.0,1.0,1.0,0.0,1.0,1.0,526622.7199531168,582.7082362015648,0.0,0.0889051329641141,0.08886085896487914,0.08886085896487912,0.375,0.375,0.5,3.559786502403815e-05,2.8421709430404007e-13,2.8421709430404007e-13,2.8421709430404007e-13,2.8421709430404007e-13,2.8421709430404007e-13,2.8421709430404007e-13,24987.63559820932,18935.364373565968,0.7577893594271451,0.9205124450231531,0.5973582426144457,37569.03399132045,20600.0,0.0,0.0,0.0,0.0,0.0,0.0,0.0,0.0,0.0,0.0,0.0,0.0,0.0,0.0,0.0,0.0,0.0,0.0,0.0,0.0,37589.54007770674,20600.0,1.0,0.0,0.0,6.0,0.9,152975.75209065224,25495.958681775373,257.9604957614539,257.9604957614539,-15.189504238546078,239.60109410106787,276.31990652121135,149407.82286635487,149594.76754705518,-186.94468070030604,0.0,nan,276.31990652121135,3.1699065212113737,268.976139079189,-4.1738609208109665,261.63237353935654,-11.517626460643442,254.28861063456552,-18.861389365434462,246.94485069333325,-26.205149306666726,239.60109410106787,-33.548905898932105,1.0,1.0,25762.59804822658,25762.59804822658,275.7349889416707,2.5849889416707015,275.7349889416707,275.7349889416707,74627.84318266509,74650.28806734193,-22.4448846768355,0.0,8575.796259387458,8575.796259387458,0.8783808850924116,4070.413635781119,275.7349889416707,2.5849889416707015,1.0,0.002,1.283661659750821,0.00023157397182028971,0.0019843982359154977,8.36720080697701e-05,0.9921991179577488,0.9921991179577488,0.0,6.807024398526769e-05,0.9999794725819962,0.9999794725819962,0.0,0.08885903488088298,1.824083996152895e-06,0.0,0.0,0.0,1600582.2491537058,267.0302242983148,0.0,1.0,1283081.043191675,2603.9115775704563,,,,,,,,,,,,,,,,,14.0,15561.403508771931
1320.0,-35.62364439496062,3.9663469190669445,34.654813450988534,23.455914167594187,5.212876420018558,-31.502970103324923,-44.8131712275557,1.213953753398365,-6.12087417809704,-6.120874178097297,38.07176941954703,38359.906339265486,20779.67546015833,20779.67546015833,59139.58179942382,74252.95992055451,74647.45960132936,20779.67546015833,95427.1350614877,95427.1350614877,95427.1350614877,120413.83285234135,120413.81732519918,0.015527142171646233,0.0,90529.40731046641,55135.739808840284,39326.29722402903,24986.697790853657,64312.99501488269,18934.550105567618,1450.0,0.0,0.8882102376053187,2.767526746965458,0.0014957518423254837,1.0,1.0,-6.12087417809704,339425.0542029144,1473059.1534725716,4.339865708887683,1473059.1534725716,4.339865708887683,0.7577852129183145,0.08885801027787474,4.050233895824827,101325.0,128351.07116782667,1.2667265844345095,1.0,0.0,4.050233895824827,1.2862775332425629,1.2864429011572884,3.14880248713871,6671.934624305874,15561.403508771931,6446.3085743733345,0.0002819945511912456,22351.649222971642,2279.2339099459696,19268.447715771694,1964.8348534689924,0.8620593283098222,0.8620593283098222,35747.8958029755,32395.05729023726,1.1310053618746048,0.8,4731.6889789930765,4287.898129693729,1.1310053618746048,0.8,17904.69678407069,17904.69678407069,1.0,0.8,3099.015535412006,3099.015535412006,6.7052504973634255,3.9663469190669445,-1.941165649563712,5.907512568630656,3.5,3.5,1.0,0.6,0.00012855647531489939,1.0025948965904785,0.00012822374794852937,203.6663078292855,0.0,6.784171262067488e-06,19.226341356699262,0.021100332622894215,4.521836884009968e-05,8.33381064747997e-05,0.00033753882365809227,0.08890338796194786,0.08890338796194786,0.08890338796194786,0.08885541502651881,0.0,0.0,0.0,0.0,0.0,0.0,1.0,1.0,0.0,1.0,1.0,526615.1169467049,582.7107088806947,0.0,0.08890338796194786,0.08885801027787474,0.08885801027787472,0.375,0.375,0.5,3.558374320908302e-05,2.8421709430404007e-13,2.8421709430404007e-13,2.8421709430404007e-13,2.8421709430404007e-13,2.8421709430404007e-13,2.8421709430404007e-13,24986.697790853657,18934.550105567618,0.7577852129183145,0.9195588198891734,0.5964565377555284,37569.03399132045,20600.0,0.0,0.0,0.0,0.0,0.0,0.0,0.0,0.0,0.0,0.0,0.0,0.0,0.0,0.0,0.0,0.0,0.0,0.0,0.0,0.0,37588.26033267715,20600.0,1.0,0.0,0.0,6.0,0.9,152975.75209065224,25495.958681775373,257.94683256791546,257.94683256791546,-15.203167432084513,239.57278159769288,276.32090111240024,149564.32781701186,149639.6787564123,-75.35093940046053,0.0,nan,276.32090111240024,3.1709011124002586,268.97126730612933,-4.178732693870643,261.6216378251548,-11.5283621748452,254.2720132772066,-18.877986722793366,246.92239428890892,-26.22760571109106,239.57278159769288,-33.577218402307096,1.0,1.0,25762.59804822658,25762.59804822658,275.7335606456214,2.5835606456214464,275.7335606456214,275.7335606456214,74627.3878871368,74647.45960132936,-20.0717141925561,0.0,8575.796259387458,8575.796259387458,0.8783763885638102,4070.485065303951,275.7335606456214,2.5835606456214464,1.0,0.002,1.2836648347506112,0.00023156871885464806,0.001984398654353016,8.367352514607452e-05,0.9921993271765079,0.9921993271765079,0.0,6.807217949909026e-05,0.9999707617259423,0.9999707617259423,0.0,0.08885541222301802,2.5980548567221997e-06,0.0,0.0,0.0,1600580.9674959008,267.02912582190294,0.0,1.0,1283084.801162809,2603.8963220395763,,,,,,,,,,,,,,,,,17.0,15561.403508771931
1350.0,-35.62342623756691,3.9663426697912016,34.65481258407009,23.455903550516837,5.213041116794461,-31.5029932939619,-44.81365828597916,1.2139346244869307,-6.120880131764295,-6.1208801317646495,38.07176755923683,38362.828394892465,20779.67897120505,20779.67897120505,59142.50736609752,74252.29261943072,74647.42883858974,20779.67897120505,95427.10780979479,95427.10780979479,95427.10780979479,120413.8029711532,120413.7874440245,0.015527128695956119,0.0,90529.49839895991,55133.85838692209,39328.488902264246,24986.695161358417,64315.18406362266,18934.547947905878,1450.0,0.0,0.8882102140517784,2.767526134744748,0.0014957518423254837,1.0,1.0,-6.120880131764295,339424.9746904718,1473059.0764612553,4.3398664986410225,1473059.0764612553,4.3398664986410225,0.7577852063120335,0.08885800686213216,4.050238923387006,101325.0,128351.07116782667,1.2667265844345095,1.0,0.0,4.050238923387006,1.2862783109124125,1.286443250924842,3.1488044920185256,6671.938872405625,15561.403508771931,6446.3050239238555,0.00028199341260474076,22351.64396752544,2279.2333740395998,19268.437103240605,1964.8337712919913,0.8620590562034539,0.8620590562034539,35747.93130210987,32395.05729023726,1.1310067657934717,0.8,4731.693677755314,4287.898129693729,1.1310067657934717,0.8,17904.69678407069,17904.69678407069,1.0,0.8,3099.015535412006,3099.015535412006,6.705251630318932,3.9663426697912016,-1.9411708970048327,5.907513566796034,3.5,3.5,1.0,0.6,0.00012822374794852937,0.9999762106817436,0.00012822679837664496,203.66612077101155,0.0,2.2588451407447416e-06,6.401567128870598,0.021168097977116558,4.5215770833750894e-05,8.300797711477848e-05,0.0003362021398618936,0.08890338828705453,0.08890338828705453,0.08890338828705453,0.08885539301402945,0.0,0.0,0.0,0.0,0.0,0.0,1.0,1.0,0.0,1.0,1.0,526615.1077956093,582.7107118568412,0.0,0.08890338828705453,0.08885800686213216,0.08885800686213215,0.375,0.375,0.5,3.55837141863199e-05,3.410605131648481e-13,3.410605131648481e-13,3.410605131648481e-13,3.410605131648481e-13,3.410605131648481e-13,3.410605131648481e-13,24986.695161358417,18934.547947905878,0.7577852063120335,0.9195730095025746,0.5964816699730302,37569.03399132045,20600.0,0.0,0.0,0.0,0.0,0.0,0.0,0.0,0.0,0.0,0.0,0.0,0.0,0.0,0.0,0.0,0.0,0.0,0.0,0.0,0.0,37575.435558449324,20600.0,1.0,0.0,0.0,6.0,0.9,152975.75209065224,25495.958681775373,257.94662287589375,257.94662287589375,-15.203377124106225,239.57235011199296,276.3209289759723,149571.13561251794,149632.8506636953,-61.71505117734222,0.0,nan,276.3209289759723,3.1709289759723447,268.97119763656957,-4.178802363430407,261.62146781231536,-11.528532187684618,254.27174944875088,-18.878250551249096,246.92204326976116,-26.227956730238816,239.57235011199296,-33.577649888007016,1.0,1.0,25762.59804822658,25762.59804822658,275.7335511047957,2.583551104795731,275.7335511047957,275.7335511047957,74627.44965068105,74647.42883858974,-19.979187908684253,0.0,8575.796259387458,8575.796259387458,0.8783760704931873,4070.490118003941,275.7335511047957,2.583551104795731,1.0,0.002,1.2836648395882828,0.0002315687076594233,0.001984398637497413,8.367353961077629e-05,0.9921993187487065,0.9921993187487065,0.0,6.807217710818941e-05,0.9999705531584745,0.9999705531584745,0.0,0.08885539027448582,2.616587646341395e-06,0.0,0.0,0.0,1600580.9605493557,267.0291198682357,0.0,1.0,1283084.8215306925,2603.896239356245,,,,,,,,,,,,,,,,,9.0,15561.403508771931
1380.0,-35.62342623756691,3.9663426697912016,34.65481258407009,23.455903550516837,5.213041116794461,-31.5029932939619,-44.81365828597916,1.2139346244869307,-6.120880131764295,-6.1208801317646495,38.07176755923683,38362.828394892465,20779.67897120505,20779.67897120505,59142.50736609752,74252.29261943072,74647.42883858974,20779.67897120505,95427.10780979479,95427.10780979479,95427.10780979479,120413.8029711532,120413.7874440245,0.015527128695956119,0.0,90529.49839895991,55133.85838692209,39328.488902264246,24986.695161358417,64315.18406362266,18934.547947905878,1450.0,0.0,0.8882102140517784,2.767526134744748,0.0014957518423254837,1.0,1.0,-6.120880131764295,339424.9746904718,1473059.0764612553,4.3398664986410225,1473059.0764612553,4.3398664986410225,0.7577852063120335,0.08885800686213216,4.050238923387006,101325.0,128351.07116782667,1.2667265844345095,1.0,0.0,4.050238923387006,1.2862783109124125,1.286443250924842,3.1488044920185256,6671.938872405625,15561.403508771931,6446.3050239238555,0.00028199341260474076,22351.64396752544,2279.2333740395998,19268.437103240605,1964.8337712919913,0.8620590562034539,0.8620590562034539,35747.93130210987,32395.05729023726,1.1310067657934717,0.8,4731.693677755314,4287.898129693729,1.1310067657934717,0.8,17904.69678407069,17904.69678407069,1.0,0.8,3099.015535412006,3099.015535412006,6.705251630318932,3.9663426697912016,-1.9411708970048327,5.907513566796034,3.5,3.5,1.0,0.6,0.00012822374794852937,0.9999762106817436,0.00012822679837664496,203.66612077101155,0.0,0.0,0.0,0.021168097977116558,4.5215770833750894e-05,8.300797711477848e-05,0.0003362021398618936,0.08890338828705453,0.08890338828705453,0.08890338828705453,0.08885539301402945,0.0,0.0,0.0,0.0,0.0,0.0,1.0,1.0,0.0,1.0,1.0,526615.1077956093,582.7107118568412,0.0,0.08890338828705453,0.08885800686213216,0.08885800686213215,0.375,0.375,0.5,3.55837141863199e-05,3.410605131648481e-13,3.410605131648481e-13,3.410605131648481e-13,3.410605131648481e-13,3.410605131648481e-13,3.410605131648481e-13,24986.695161358417,18934.547947905878,0.7577852063120335,0.9195730095025746,0.5964816699730302,37569.03399132045,20600.0,0.0,0.0,0.0,0.0,0.0,0.0,0.0,0.0,0.0,0.0,0.0,0.0,0.0,0.0,0.0,0.0,0.0,0.0,0.0,0.0,37569.03399132045,20600.0,1.0,0.0,0.0,6.0,0.9,152975.75209065224,25495.958681775373,257.94662287589375,257.94662287589375,-15.203377124106225,239.57235011199296,276.3209289759723,149571.13561251794,149632.8506636953,-61.71505117734222,0.0,nan,276.3209289759723,3.1709289759723447,268.97119763656957,-4.178802363430407,261.62146781231536,-11.528532187684618,254.27174944875088,-18.878250551249096,246.92204326976116,-26.227956730238816,239.57235011199296,-33.577649888007016,1.0,1.0,25762.59804822658,25762.59804822658,275.7335511047957,2.583551104795731,275.7335511047957,275.7335511047957,74627.44965068105,74647.42883858974,-19.979187908684253,0.0,8575.796259387458,8575.796259387458,0.8783760704931873,4070.490118003941,275.7335511047957,2.583551104795731,1.0,0.002,1.2836648395882828,0.0002315687076594233,0.001984398637497413,8.367353961077629e-05,0.9921993187487065,0.9921993187487065,0.0,6.807217710818941e-05,0.9999705531584745,0.9999705531584745,0.0,0.08885539027448582,2.616587646341395e-06,0.0,0.0,0.0,1600580.9605493557,267.0291198682357,0.0,1.0,1283084.8215306925,2603.896239356245,,,,,,,,,,,,,,,,,9.0,15561.403508771931
1410.0,-35.62342623756691,3.9663426697912016,34.65481258407009,23.455903550516837,5.213041116794461,-31.5029932939619,-44.81365828597916,1.2139346244869307,-6.120880131764295,-6.1208801317646495,38.07176755923683,38362.828394892465,20779.67897120505,20779.67897120505,59142.50736609752,74252.29261943072,74647.42883858974,20779.67897120505,95427.10780979479,95427.10780979479,95427.10780979479,120413.8029711532,120413.7874440245,0.015527128695956119,0.0,90529.49839895991,55133.85838692209,39328.488902264246,24986.695161358417,64315.18406362266,18934.547947905878,1450.0,0.0,0.8882102140517784,2.767526134744748,0.0014957518423254837,1.0,1.0,-6.120880131764295,339424.9746904718,1473059.0764612553,4.3398664986410225,1473059.0764612553,4.3398664986410225,0.7577852063120335,0.08885800686213216,4.050238923387006,101325.0,128351.07116782667,1.2667265844345095,1.0,0.0,4.050238923387006,1.2862783109124125,1.286443250924842,3.1488044920185256,6671.938872405625,15561.403508771931,6446.3050239238555,0.00028199341260474076,22351.64396752544,2279.2333740395998,19268.437103240605,1964.8337712919913,0.8620590562034539,0.8620590562034539,35747.93130210987,32395.05729023726,1.1310067657934717,0.8,4731.693677755314,4287.898129693729,1.1310067657934717,0.8,17904.69678407069,17904.69678407069,1.0,0.8,3099.015535412006,3099.015535412006,6.705251630318932,3.9663426697912016,-1.9411708970048327,5.907513566796034,3.5,3.5,1.0,0.6,0.00012822374794852937,0.9999762106817436,0.00012822679837664496,203.66612077101155,0.0,0.0,0.0,0.021168097977116558,4.5215770833750894e-05,8.300797711477848e-05,0.0003362021398618936,0.08890338828705453,0.08890338828705453,0.08890338828705453,0.08885539301402945,0.0,0.0,0.0,0.0,0.0,0.0,1.0,1.0,0.0,1.0,1.0,526615.1077956093,582.7107118568412,0.0,0.08890338828705453,0.08885800686213216,0.08885800686213215,0.375,0.375,0.5,3.55837141863199e-05,3.410605131648481e-13,3.410605131648481e-13,3.410605131648481e-13,3.410605131648481e-13,3.410605131648481e-13,3.410605131648481e-13,24986.695161358417,18934.547947905878,0.7577852063120335,0.9195730095025746,0.5964816699730302,37569.03399132045,20600.0,0.0,0.0,0.0,0.0,0.0,0.0,0.0,0.0,0.0,0.0,0.0,0.0,0.0,0.0,0.0,0.0,0.0,0.0,0.0,0.0,37569.03399132045,20600.0,1.0,0.0,0.0,6.0,0.9,152975.75209065224,25495.958681775373,257.94662287589375,257.94662287589375,-15.203377124106225,239.57235011199296,276.3209289759723,149571.13561251794,149632.8506636953,-61.71505117734222,0.0,nan,276.3209289759723,3.1709289759723447,268.97119763656957,-4.178802363430407,261.62146781231536,-11.528532187684618,254.27174944875088,-18.878250551249096,246.92204326976116,-26.227956730238816,239.57235011199296,-33.577649888007016,1.0,1.0,25762.59804822658,25762.59804822658,275.7335511047957,2.583551104795731,275.7335511047957,275.7335511047957,74627.44965068105,74647.42883858974,-19.979187908684253,0.0,8575.796259387458,8575.796259387458,0.8783760704931873,4070.490118003941,275.7335511047957,2.583551104795731,1.0,0.002,1.2836648395882828,0.0002315687076594233,0.001984398637497413,8.367353961077629e-05,0.9921993187487065,0.9921993187487065,0.0,6.807217710818941e-05,0.9999705531584745,0.9999705531584745,0.0,0.08885539027448582,2.616587646341395e-06,0.0,0.0,0.0,1600580.9605493557,267.0291198682357,0.0,1.0,1283084.8215306925,2603.896239356245,,,,,,,,,,,,,,,,,9.0,15561.403508771931
1440.0,-35.62342623756691,3.9663426697912016,34.65481258407009,23.455903550516837,5.213041116794461,-31.5029932939619,-44.81365828597916,1.2139346244869307,-6.120880131764295,-6.1208801317646495,38.07176755923683,38362.828394892465,20779.67897120505,20779.67897120505,59142.50736609752,74252.29261943072,74647.42883858974,20779.67897120505,95427.10780979479,95427.10780979479,95427.10780979479,120413.8029711532,120413.7874440245,0.015527128695956119,0.0,90529.49839895991,55133.85838692209,39328.488902264246,24986.695161358417,64315.18406362266,18934.547947905878,1450.0,0.0,0.8882102140517784,2.767526134744748,0.0014957518423254837,1.0,1.0,-6.120880131764295,339424.9746904718,1473059.0764612553,4.3398664986410225,1473059.0764612553,4.3398664986410225,0.7577852063120335,0.08885800686213216,4.050238923387006,101325.0,128351.07116782667,1.2667265844345095,1.0,0.0,4.050238923387006,1.2862783109124125,1.286443250924842,3.1488044920185256,6671.938872405625,15561.403508771931,6446.3050239238555,0.00028199341260474076,22351.64396752544,2279.2333740395998,19268.437103240605,1964.8337712919913,0.8620590562034539,0.8620590562034539,35747.93130210987,32395.05729023726,1.1310067657934717,0.8,4731.693677755314,4287.898129693729,1.1310067657934717,0.8,17904.69678407069,17904.69678407069,1.0,0.8,3099.015535412006,3099.015535412006,6.705251630318932,3.9663426697912016,-1.9411708970048327,5.907513566796034,3.5,3.5,1.0,0.6,0.00012822374794852937,0.9999762106817436,0.00012822679837664496,203.66612077101155,0.0,0.0,0.0,0.021168097977116558,4.5215770833750894e-05,8.300797711477848e-05,0.0003362021398618936,0.08890338828705453,0.08890338828705453,0.08890338828705453,0.08885539301402945,0.0,0.0,0.0,0.0,0.0,0.0,1.0,1.0,0.0,1.0,1.0,526615.1077956093,582.7107118568412,0.0,0.08890338828705453,0.08885800686213216,0.08885800686213215,0.375,0.375,0.5,3.55837141863199e-05,3.410605131648481e-13,3.410605131648481e-13,3.410605131648481e-13,3.410605131648481e-13,3.410605131648481e-13,3.410605131648481e-13,24986.695161358417,18934.547947905878,0.7577852063120335,0.9195730095025746,0.5964816699730302,37569.03399132045,20600.0,0.0,0.0,0.0,0.0,0.0,0.0,0.0,0.0,0.0,0.0,0.0,0.0,0.0,0.0,0.0,0.0,0.0,0.0,0.0,0.0,37569.03399132045,20600.0,1.0,0.0,0.0,6.0,0.9,152975.75209065224,25495.958681775373,257.94662287589375,257.94662287589375,-15.203377124106225,239.57235011199296,276.3209289759723,149571.13561251794,149632.8506636953,-61.71505117734222,0.0,nan,276.3209289759723,3.1709289759723447,268.97119763656957,-4.178802363430407,261.62146781231536,-11.528532187684618,254.27174944875088,-18.878250551249096,246.92204326976116,-26.227956730238816,239.57235011199296,-33.577649888007016,1.0,1.0,25762.59804822658,25762.59804822658,275.7335511047957,2.583551104795731,275.7335511047957,275.7335511047957,74627.44965068105,74647.42883858974,-19.979187908684253,0.0,8575.796259387458,8575.796259387458,0.8783760704931873,4070.490118003941,275.7335511047957,2.583551104795731,1.0,0.002,1.2836648395882828,0.0002315687076594233,0.001984398637497413,8.367353961077629e-05,0.9921993187487065,0.9921993187487065,0.0,6.807217710818941e-05,0.9999705531584745,0.9999705531584745,0.0,0.08885539027448582,2.616587646341395e-06,0.0,0.0,0.0,1600580.9605493557,267.0291198682357,0.0,1.0,1283084.8215306925,2603.896239356245,,,,,,,,,,,,,,,,,9.0,15561.403508771931
1470.0,-35.62342623756691,3.9663426697912016,34.65481258407009,23.455903550516837,5.213041116794461,-31.5029932939619,-44.81365828597916,1.2139346244869307,-6.120880131764295,-6.1208801317646495,38.07176755923683,38362.828394892465,20779.67897120505,20779.67897120505,59142.50736609752,74252.29261943072,74647.42883858974,20779.67897120505,95427.10780979479,95427.10780979479,95427.10780979479,120413.8029711532,120413.7874440245,0.015527128695956119,0.0,90529.49839895991,55133.85838692209,39328.488902264246,24986.695161358417,64315.18406362266,18934.547947905878,1450.0,0.0,0.8882102140517784,2.767526134744748,0.0014957518423254837,1.0,1.0,-6.120880131764295,339424.9746904718,1473059.0764612553,4.3398664986410225,1473059.0764612553,4.3398664986410225,0.7577852063120335,0.08885800686213216,4.050238923387006,101325.0,128351.07116782667,1.2667265844345095,1.0,0.0,4.050238923387006,1.2862783109124125,1.286443250924842,3.1488044920185256,6671.938872405625,15561.403508771931,6446.3050239238555,0.00028199341260474076,22351.64396752544,2279.2333740395998,19268.437103240605,1964.8337712919913,0.8620590562034539,0.8620590562034539,35747.93130210987,32395.05729023726,1.1310067657934717,0.8,4731.693677755314,4287.898129693729,1.1310067657934717,0.8,17904.69678407069,17904.69678407069,1.0,0.8,3099.015535412006,3099.015535412006,6.705251630318932,3.9663426697912016,-1.9411708970048327,5.907513566796034,3.5,3.5,1.0,0.6,0.00012822374794852937,0.9999762106817436,0.00012822679837664496,203.66612077101155,0.0,0.0,0.0,0.021168097977116558,4.5215770833750894e-05,8.300797711477848e-05,0.0003362021398618936,0.08890338828705453,0.08890338828705453,0.08890338828705453,0.08885539301402945,0.0,0.0,0.0,0.0,0.0,0.0,1.0,1.0,0.0,1.0,1.0,526615.1077956093,582.7107118568412,0.0,0.08890338828705453,0.08885800686213216,0.08885800686213215,0.375,0.375,0.5,3.55837141863199e-05,3.410605131648481e-13,3.410605131648481e-13,3.410605131648481e-13,3.410605131648481e-13,3.410605131648481e-13,3.410605131648481e-13,24986.695161358417,18934.547947905878,0.7577852063120335,0.9195730095025746,0.5964816699730302,37569.03399132045,20600.0,0.0,0.0,0.0,0.0,0.0,0.0,0.0,0.0,0.0,0.0,0.0,0.0,0.0,0.0,0.0,0.0,0.0,0.0,0.0,0.0,37569.03399132045,20600.0,1.0,0.0,0.0,6.0,0.9,152975.75209065224,25495.958681775373,257.94662287589375,257.94662287589375,-15.203377124106225,239.57235011199296,276.3209289759723,149571.13561251794,149632.8506636953,-61.71505117734222,0.0,nan,276.3209289759723,3.1709289759723447,268.97119763656957,-4.178802363430407,261.62146781231536,-11.528532187684618,254.27174944875088,-18.878250551249096,246.92204326976116,-26.227956730238816,239.57235011199296,-33.577649888007016,1.0,1.0,25762.59804822658,25762.59804822658,275.7335511047957,2.583551104795731,275.7335511047957,275.7335511047957,74627.44965068105,74647.42883858974,-19.979187908684253,0.0,8575.796259387458,8575.796259387458,0.8783760704931873,4070.490118003941,275.7335511047957,2.583551104795731,1.0,0.002,1.2836648395882828,0.0002315687076594233,0.001984398637497413,8.367353961077629e-05,0.9921993187487065,0.9921993187487065,0.0,6.807217710818941e-05,0.9999705531584745,0.9999705531584745,0.0,0.08885539027448582,2.616587646341395e-06,0.0,0.0,0.0,1600580.9605493557,267.0291198682357,0.0,1.0,1283084.8215306925,2603.896239356245,,,,,,,,,,,,,,,,,9.0,15561.403508771931
1500.0,-35.62342623756691,3.9663426697912016,34.65481258407009,23.455903550516837,5.213041116794461,-31.5029932939619,-44.81365828597916,1.2139346244869307,-6.120880131764295,-6.1208801317646495,38.07176755923683,38362.828394892465,20779.67897120505,20779.67897120505,59142.50736609752,74252.29261943072,74647.42883858974,20779.67897120505,95427.10780979479,95427.10780979479,95427.10780979479,120413.8029711532,120413.7874440245,0.015527128695956119,0.0,90529.49839895991,55133.85838692209,39328.488902264246,24986.695161358417,64315.18406362266,18934.547947905878,1450.0,0.0,0.8882102140517784,2.767526134744748,0.0014957518423254837,1.0,1.0,-6.120880131764295,339424.9746904718,1473059.0764612553,4.3398664986410225,1473059.0764612553,4.3398664986410225,0.7577852063120335,0.08885800686213216,4.050238923387006,101325.0,128351.07116782667,1.2667265844345095,1.0,0.0,4.050238923387006,1.2862783109124125,1.286443250924842,3.1488044920185256,6671.938872405625,15561.403508771931,6446.3050239238555,0.00028199341260474076,22351.64396752544,2279.2333740395998,19268.437103240605,1964.8337712919913,0.8620590562034539,0.8620590562034539,35747.93130210987,32395.05729023726,1.1310067657934717,0.8,4731.693677755314,4287.898129693729,1.1310067657934717,0.8,17904.69678407069,17904.69678407069,1.0,0.8,3099.015535412006,3099.015535412006,6.705251630318932,3.9663426697912016,-1.9411708970048327,5.907513566796034,3.5,3.5,1.0,0.6,0.00012822374794852937,0.9999762106817436,0.00012822679837664496,203.66612077101155,0.0,0.0,0.0,0.021168097977116558,4.5215770833750894e-05,8.300797711477848e-05,0.0003362021398618936,0.08890338828705453,0.08890338828705453,0.08890338828705453,0.08885539301402945,0.0,0.0,0.0,0.0,0.0,0.0,1.0,1.0,0.0,1.0,1.0,526615.1077956093,582.7107118568412,0.0,0.08890338828705453,0.08885800686213216,0.08885800686213215,0.375,0.375,0.5,3.55837141863199e-05,3.410605131648481e-13,3.410605131648481e-13,3.410605131648481e-13,3.410605131648481e-13,3.410605131648481e-13,3.410605131648481e-13,24986.695161358417,18934.547947905878,0.7577852063120335,0.9195730095025746,0.5964816699730302,37569.03399132045,20600.0,0.0,0.0,0.0,0.0,0.0,0.0,0.0,0.0,0.0,0.0,0.0,0.0,0.0,0.0,0.0,0.0,0.0,0.0,0.0,0.0,37569.03399132045,20600.0,1.0,0.0,0.0,6.0,0.9,152975.75209065224,25495.958681775373,257.94662287589375,257.94662287589375,-15.203377124106225,239.57235011199296,276.3209289759723,149571.13561251794,149632.8506636953,-61.71505117734222,0.0,nan,276.3209289759723,3.1709289759723447,268.97119763656957,-4.178802363430407,261.62146781231536,-11.528532187684618,254.27174944875088,-18.878250551249096,246.92204326976116,-26.227956730238816,239.57235011199296,-33.577649888007016,1.0,1.0,25762.59804822658,25762.59804822658,275.7335511047957,2.583551104795731,275.7335511047957,275.7335511047957,74627.44965068105,74647.42883858974,-19.979187908684253,0.0,8575.796259387458,8575.796259387458,0.8783760704931873,4070.490118003941,275.7335511047957,2.583551104795731,1.0,0.002,1.2836648395882828,0.0002315687076594233,0.001984398637497413,8.367353961077629e-05,0.9921993187487065,0.9921993187487065,0.0,6.807217710818941e-05,0.9999705531584745,0.9999705531584745,0.0,0.08885539027448582,2.616587646341395e-06,0.0,0.0,0.0,1600580.9605493557,267.0291198682357,0.0,1.0,1283084.8215306925,2603.896239356245,,,,,,,,,,,,,,,,,9.0,15561.403508771931
1530.0,-35.62342623756691,3.9663426697912016,34.65481258407009,23.455903550516837,5.213041116794461,-31.5029932939619,-44.81365828597916,1.2139346244869307,-6.120880131764295,-6.1208801317646495,38.07176755923683,38362.828394892465,20779.67897120505,20779.67897120505,59142.50736609752,74252.29261943072,74647.42883858974,20779.67897120505,95427.10780979479,95427.10780979479,95427.10780979479,120413.8029711532,120413.7874440245,0.015527128695956119,0.0,90529.49839895991,55133.85838692209,39328.488902264246,24986.695161358417,64315.18406362266,18934.547947905878,1450.0,0.0,0.8882102140517784,2.767526134744748,0.0014957518423254837,1.0,1.0,-6.120880131764295,339424.9746904718,1473059.0764612553,4.3398664986410225,1473059.0764612553,4.3398664986410225,0.7577852063120335,0.08885800686213216,4.050238923387006,101325.0,128351.07116782667,1.2667265844345095,1.0,0.0,4.050238923387006,1.2862783109124125,1.286443250924842,3.1488044920185256,6671.938872405625,15561.403508771931,6446.3050239238555,0.00028199341260474076,22351.64396752544,2279.2333740395998,19268.437103240605,1964.8337712919913,0.8620590562034539,0.8620590562034539,35747.93130210987,32395.05729023726,1.1310067657934717,0.8,4731.693677755314,4287.898129693729,1.1310067657934717,0.8,17904.69678407069,17904.69678407069,1.0,0.8,3099.015535412006,3099.015535412006,6.705251630318932,3.9663426697912016,-1.9411708970048327,5.907513566796034,3.5,3.5,1.0,0.6,0.00012822374794852937,0.9999762106817436,0.00012822679837664496,203.66612077101155,0.0,0.0,0.0,0.021168097977116558,4.5215770833750894e-05,8.300797711477848e-05,0.0003362021398618936,0.08890338828705453,0.08890338828705453,0.08890338828705453,0.08885539301402945,0.0,0.0,0.0,0.0,0.0,0.0,1.0,1.0,0.0,1.0,1.0,526615.1077956093,582.7107118568412,0.0,0.08890338828705453,0.08885800686213216,0.08885800686213215,0.375,0.375,0.5,3.55837141863199e-05,3.410605131648481e-13,3.410605131648481e-13,3.410605131648481e-13,3.410605131648481e-13,3.410605131648481e-13,3.410605131648481e-13,24986.695161358417,18934.547947905878,0.7577852063120335,0.9195730095025746,0.5964816699730302,37569.03399132045,20600.0,0.0,0.0,0.0,0.0,0.0,0.0,0.0,0.0,0.0,0.0,0.0,0.0,0.0,0.0,0.0,0.0,0.0,0.0,0.0,0.0,37569.03399132045,20600.0,1.0,0.0,0.0,6.0,0.9,152975.75209065224,25495.958681775373,257.94662287589375,257.94662287589375,-15.203377124106225,239.57235011199296,276.3209289759723,149571.13561251794,149632.8506636953,-61.71505117734222,0.0,nan,276.3209289759723,3.1709289759723447,268.97119763656957,-4.178802363430407,261.62146781231536,-11.528532187684618,254.27174944875088,-18.878250551249096,246.92204326976116,-26.227956730238816,239.57235011199296,-33.577649888007016,1.0,1.0,25762.59804822658,25762.59804822658,275.7335511047957,2.583551104795731,275.7335511047957,275.7335511047957,74627.44965068105,74647.42883858974,-19.979187908684253,0.0,8575.796259387458,8575.796259387458,0.8783760704931873,4070.490118003941,275.7335511047957,2.583551104795731,1.0,0.002,1.2836648395882828,0.0002315687076594233,0.001984398637497413,8.367353961077629e-05,0.9921993187487065,0.9921993187487065,0.0,6.807217710818941e-05,0.9999705531584745,0.9999705531584745,0.0,0.08885539027448582,2.616587646341395e-06,0.0,0.0,0.0,1600580.9605493557,267.0291198682357,0.0,1.0,1283084.8215306925,2603.896239356245,,,,,,,,,,,,,,,,,9.0,15561.403508771931
1560.0,-35.62342623756691,3.9663426697912016,34.65481258407009,23.455903550516837,5.213041116794461,-31.5029932939619,-44.81365828597916,1.2139346244869307,-6.120880131764295,-6.1208801317646495,38.07176755923683,38362.828394892465,20779.67897120505,20779.67897120505,59142.50736609752,74252.29261943072,74647.42883858974,20779.67897120505,95427.10780979479,95427.10780979479,95427.10780979479,120413.8029711532,120413.7874440245,0.015527128695956119,0.0,90529.49839895991,55133.85838692209,39328.488902264246,24986.695161358417,64315.18406362266,18934.547947905878,1450.0,0.0,0.8882102140517784,2.767526134744748,0.0014957518423254837,1.0,1.0,-6.120880131764295,339424.9746904718,1473059.0764612553,4.3398664986410225,1473059.0764612553,4.3398664986410225,0.7577852063120335,0.08885800686213216,4.050238923387006,101325.0,128351.07116782667,1.2667265844345095,1.0,0.0,4.050238923387006,1.2862783109124125,1.286443250924842,3.1488044920185256,6671.938872405625,15561.403508771931,6446.3050239238555,0.00028199341260474076,22351.64396752544,2279.2333740395998,19268.437103240605,1964.8337712919913,0.8620590562034539,0.8620590562034539,35747.93130210987,32395.05729023726,1.1310067657934717,0.8,4731.693677755314,4287.898129693729,1.1310067657934717,0.8,17904.69678407069,17904.69678407069,1.0,0.8,3099.015535412006,3099.015535412006,6.705251630318932,3.9663426697912016,-1.9411708970048327,5.907513566796034,3.5,3.5,1.0,0.6,0.00012822374794852937,0.9999762106817436,0.00012822679837664496,203.66612077101155,0.0,0.0,0.0,0.021168097977116558,4.5215770833750894e-05,8.300797711477848e-05,0.0003362021398618936,0.08890338828705453,0.08890338828705453,0.08890338828705453,0.08885539301402945,0.0,0.0,0.0,0.0,0.0,0.0,1.0,1.0,0.0,1.0,1.0,526615.1077956093,582.7107118568412,0.0,0.08890338828705453,0.08885800686213216,0.08885800686213215,0.375,0.375,0.5,3.55837141863199e-05,3.410605131648481e-13,3.410605131648481e-13,3.410605131648481e-13,3.410605131648481e-13,3.410605131648481e-13,3.410605131648481e-13,24986.695161358417,18934.547947905878,0.7577852063120335,0.9195730095025746,0.5964816699730302,37569.03399132045,20600.0,0.0,0.0,0.0,0.0,0.0,0.0,0.0,0.0,0.0,0.0,0.0,0.0,0.0,0.0,0.0,0.0,0.0,0.0,0.0,0.0,37569.03399132045,20600.0,1.0,0.0,0.0,6.0,0.9,152975.75209065224,25495.958681775373,257.94662287589375,257.94662287589375,-15.203377124106225,239.57235011199296,276.3209289759723,149571.13561251794,149632.8506636953,-61.71505117734222,0.0,nan,276.3209289759723,3.1709289759723447,268.97119763656957,-4.178802363430407,261.62146781231536,-11.528532187684618,254.27174944875088,-18.878250551249096,246.92204326976116,-26.227956730238816,239.57235011199296,-33.577649888007016,1.0,1.0,25762.59804822658,25762.59804822658,275.7335511047957,2.583551104795731,275.7335511047957,275.7335511047957,74627.44965068105,74647.42883858974,-19.979187908684253,0.0,8575.796259387458,8575.796259387458,0.8783760704931873,4070.490118003941,275.7335511047957,2.583551104795731,1.0,0.002,1.2836648395882828,0.0002315687076594233,0.001984398637497413,8.367353961077629e-05,0.9921993187487065,0.9921993187487065,0.0,6.807217710818941e-05,0.9999705531584745,0.9999705531584745,0.0,0.08885539027448582,2.616587646341395e-06,0.0,0.0,0.0,1600580.9605493557,267.0291198682357,0.0,1.0,1283084.8215306925,2603.896239356245,,,,,,,,,,,,,,,,,9.0,15561.403508771931
1590.0,-35.62342623756691,3.9663426697912016,34.65481258407009,23.455903550516837,5.213041116794461,-31.5029932939619,-44.81365828597916,1.2139346244869307,-6.120880131764295,-6.1208801317646495,38.07176755923683,38362.828394892465,20779.67897120505,20779.67897120505,59142.50736609752,74252.29261943072,74647.42883858974,20779.67897120505,95427.10780979479,95427.10780979479,95427.10780979479,120413.8029711532,120413.7874440245,0.015527128695956119,0.0,90529.49839895991,55133.85838692209,39328.488902264246,24986.695161358417,64315.18406362266,18934.547947905878,1450.0,0.0,0.8882102140517784,2.767526134744748,0.0014957518423254837,1.0,1.0,-6.120880131764295,339424.9746904718,1473059.0764612553,4.3398664986410225,1473059.0764612553,4.3398664986410225,0.7577852063120335,0.08885800686213216,4.050238923387006,101325.0,128351.07116782667,1.2667265844345095,1.0,0.0,4.050238923387006,1.2862783109124125,1.286443250924842,3.1488044920185256,6671.938872405625,15561.403508771931,6446.3050239238555,0.00028199341260474076,22351.64396752544,2279.2333740395998,19268.437103240605,1964.8337712919913,0.8620590562034539,0.8620590562034539,35747.93130210987,32395.05729023726,1.1310067657934717,0.8,4731.693677755314,4287.898129693729,1.1310067657934717,0.8,17904.69678407069,17904.69678407069,1.0,0.8,3099.015535412006,3099.015535412006,6.705251630318932,3.9663426697912016,-1.9411708970048327,5.907513566796034,3.5,3.5,1.0,0.6,0.00012822374794852937,0.9999762106817436,0.00012822679837664496,203.66612077101155,0.0,0.0,0.0,0.021168097977116558,4.5215770833750894e-05,8.300797711477848e-05,0.0003362021398618936,0.08890338828705453,0.08890338828705453,0.08890338828705453,0.08885539301402945,0.0,0.0,0.0,0.0,0.0,0.0,1.0,1.0,0.0,1.0,1.0,526615.1077956093,582.7107118568412,0.0,0.08890338828705453,0.08885800686213216,0.08885800686213215,0.375,0.375,0.5,3.55837141863199e-05,3.410605131648481e-13,3.410605131648481e-13,3.410605131648481e-13,3.410605131648481e-13,3.410605131648481e-13,3.410605131648481e-13,24986.695161358417,18934.547947905878,0.7577852063120335,0.9195730095025746,0.5964816699730302,37569.03399132045,20600.0,0.0,0.0,0.0,0.0,0.0,0.0,0.0,0.0,0.0,0.0,0.0,0.0,0.0,0.0,0.0,0.0,0.0,0.0,0.0,0.0,37569.03399132045,20600.0,1.0,0.0,0.0,6.0,0.9,152975.75209065224,25495.958681775373,257.94662287589375,257.94662287589375,-15.203377124106225,239.57235011199296,276.3209289759723,149571.13561251794,149632.8506636953,-61.71505117734222,0.0,nan,276.3209289759723,3.1709289759723447,268.97119763656957,-4.178802363430407,261.62146781231536,-11.528532187684618,254.27174944875088,-18.878250551249096,246.92204326976116,-26.227956730238816,239.57235011199296,-33.577649888007016,1.0,1.0,25762.59804822658,25762.59804822658,275.7335511047957,2.583551104795731,275.7335511047957,275.7335511047957,74627.44965068105,74647.42883858974,-19.979187908684253,0.0,8575.796259387458,8575.796259387458,0.8783760704931873,4070.490118003941,275.7335511047957,2.583551104795731,1.0,0.002,1.2836648395882828,0.0002315687076594233,0.001984398637497413,8.367353961077629e-05,0.9921993187487065,0.9921993187487065,0.0,6.807217710818941e-05,0.9999705531584745,0.9999705531584745,0.0,0.08885539027448582,2.616587646341395e-06,0.0,0.0,0.0,1600580.9605493557,267.0291198682357,0.0,1.0,1283084.8215306925,2603.896239356245,,,,,,,,,,,,,,,,,9.0,15561.403508771931
1620.0,-35.62342623756691,3.9663426697912016,34.65481258407009,23.455903550516837,5.213041116794461,-31.5029932939619,-44.81365828597916,1.2139346244869307,-6.120880131764295,-6.1208801317646495,38.07176755923683,38362.828394892465,20779.67897120505,20779.67897120505,59142.50736609752,74252.29261943072,74647.42883858974,20779.67897120505,95427.10780979479,95427.10780979479,95427.10780979479,120413.8029711532,120413.7874440245,0.015527128695956119,0.0,90529.49839895991,55133.85838692209,39328.488902264246,24986.695161358417,64315.18406362266,18934.547947905878,1450.0,0.0,0.8882102140517784,2.767526134744748,0.0014957518423254837,1.0,1.0,-6.120880131764295,339424.9746904718,1473059.0764612553,4.3398664986410225,1473059.0764612553,4.3398664986410225,0.7577852063120335,0.08885800686213216,4.050238923387006,101325.0,128351.07116782667,1.2667265844345095,1.0,0.0,4.050238923387006,1.2862783109124125,1.286443250924842,3.1488044920185256,6671.938872405625,15561.403508771931,6446.3050239238555,0.00028199341260474076,22351.64396752544,2279.2333740395998,19268.437103240605,1964.8337712919913,0.8620590562034539,0.8620590562034539,35747.93130210987,32395.05729023726,1.1310067657934717,0.8,4731.693677755314,4287.898129693729,1.1310067657934717,0.8,17904.69678407069,17904.69678407069,1.0,0.8,3099.015535412006,3099.015535412006,6.705251630318932,3.9663426697912016,-1.9411708970048327,5.907513566796034,3.5,3.5,1.0,0.6,0.00012822374794852937,0.9999762106817436,0.00012822679837664496,203.66612077101155,0.0,0.0,0.0,0.021168097977116558,4.5215770833750894e-05,8.300797711477848e-05,0.0003362021398618936,0.08890338828705453,0.08890338828705453,0.08890338828705453,0.08885539301402945,0.0,0.0,0.0,0.0,0.0,0.0,1.0,1.0,0.0,1.0,1.0,526615.1077956093,582.7107118568412,0.0,0.08890338828705453,0.08885800686213216,0.08885800686213215,0.375,0.375,0.5,3.55837141863199e-05,3.410605131648481e-13,3.410605131648481e-13,3.410605131648481e-13,3.410605131648481e-13,3.410605131648481e-13,3.410605131648481e-13,24986.695161358417,18934.547947905878,0.7577852063120335,0.9195730095025746,0.5964816699730302,37569.03399132045,20600.0,0.0,0.0,0.0,0.0,0.0,0.0,0.0,0.0,0.0,0.0,0.0,0.0,0.0,0.0,0.0,0.0,0.0,0.0,0.0,0.0,37569.03399132045,20600.0,1.0,0.0,0.0,6.0,0.9,152975.75209065224,25495.958681775373,257.94662287589375,257.94662287589375,-15.203377124106225,239.57235011199296,276.3209289759723,149571.13561251794,149632.8506636953,-61.71505117734222,0.0,nan,276.3209289759723,3.1709289759723447,268.97119763656957,-4.178802363430407,261.62146781231536,-11.528532187684618,254.27174944875088,-18.878250551249096,246.92204326976116,-26.227956730238816,239.57235011199296,-33.577649888007016,1.0,1.0,25762.59804822658,25762.59804822658,275.7335511047957,2.583551104795731,275.7335511047957,275.7335511047957,74627.44965068105,74647.42883858974,-19.979187908684253,0.0,8575.796259387458,8575.796259387458,0.8783760704931873,4070.490118003941,275.7335511047957,2.583551104795731,1.0,0.002,1.2836648395882828,0.0002315687076594233,0.001984398637497413,8.367353961077629e-05,0.9921993187487065,0.9921993187487065,0.0,6.807217710818941e-05,0.9999705531584745,0.9999705531584745,0.0,0.08885539027448582,2.616587646341395e-06,0.0,0.0,0.0,1600580.9605493557,267.0291198682357,0.0,1.0,1283084.8215306925,2603.896239356245,,,,,,,,,,,,,,,,,9.0,15561.403508771931
1650.0,-35.62342623756691,3.9663426697912016,34.65481258407009,23.455903550516837,5.213041116794461,-31.5029932939619,-44.81365828597916,1.2139346244869307,-6.120880131764295,-6.1208801317646495,38.07176755923683,38362.828394892465,20779.67897120505,20779.67897120505,59142.50736609752,74252.29261943072,74647.42883858974,20779.67897120505,95427.10780979479,95427.10780979479,95427.10780979479,120413.8029711532,120413.7874440245,0.015527128695956119,0.0,90529.49839895991,55133.85838692209,39328.488902264246,24986.695161358417,64315.18406362266,18934.547947905878,1450.0,0.0,0.8882102140517784,2.767526134744748,0.0014957518423254837,1.0,1.0,-6.120880131764295,339424.9746904718,1473059.0764612553,4.3398664986410225,1473059.0764612553,4.3398664986410225,0.7577852063120335,0.08885800686213216,4.050238923387006,101325.0,128351.07116782667,1.2667265844345095,1.0,0.0,4.050238923387006,1.2862783109124125,1.286443250924842,3.1488044920185256,6671.938872405625,15561.403508771931,6446.3050239238555,0.00028199341260474076,22351.64396752544,2279.2333740395998,19268.437103240605,1964.8337712919913,0.8620590562034539,0.8620590562034539,35747.93130210987,32395.05729023726,1.1310067657934717,0.8,4731.693677755314,4287.898129693729,1.1310067657934717,0.8,17904.69678407069,17904.69678407069,1.0,0.8,3099.015535412006,3099.015535412006,6.705251630318932,3.9663426697912016,-1.9411708970048327,5.907513566796034,3.5,3.5,1.0,0.6,0.00012822374794852937,0.9999762106817436,0.00012822679837664496,203.66612077101155,0.0,0.0,0.0,0.021168097977116558,4.5215770833750894e-05,8.300797711477848e-05,0.0003362021398618936,0.08890338828705453,0.08890338828705453,0.08890338828705453,0.08885539301402945,0.0,0.0,0.0,0.0,0.0,0.0,1.0,1.0,0.0,1.0,1.0,526615.1077956093,582.7107118568412,0.0,0.08890338828705453,0.08885800686213216,0.08885800686213215,0.375,0.375,0.5,3.55837141863199e-05,3.410605131648481e-13,3.410605131648481e-13,3.410605131648481e-13,3.410605131648481e-13,3.410605131648481e-13,3.410605131648481e-13,24986.695161358417,18934.547947905878,0.7577852063120335,0.9195730095025746,0.5964816699730302,37569.03399132045,20600.0,0.0,0.0,0.0,0.0,0.0,0.0,0.0,0.0,0.0,0.0,0.0,0.0,0.0,0.0,0.0,0.0,0.0,0.0,0.0,0.0,37569.03399132045,20600.0,1.0,0.0,0.0,6.0,0.9,152975.75209065224,25495.958681775373,257.94662287589375,257.94662287589375,-15.203377124106225,239.57235011199296,276.3209289759723,149571.13561251794,149632.8506636953,-61.71505117734222,0.0,nan,276.3209289759723,3.1709289759723447,268.97119763656957,-4.178802363430407,261.62146781231536,-11.528532187684618,254.27174944875088,-18.878250551249096,246.92204326976116,-26.227956730238816,239.57235011199296,-33.577649888007016,1.0,1.0,25762.59804822658,25762.59804822658,275.7335511047957,2.583551104795731,275.7335511047957,275.7335511047957,74627.44965068105,74647.42883858974,-19.979187908684253,0.0,8575.796259387458,8575.796259387458,0.8783760704931873,4070.490118003941,275.7335511047957,2.583551104795731,1.0,0.002,1.2836648395882828,0.0002315687076594233,0.001984398637497413,8.367353961077629e-05,0.9921993187487065,0.9921993187487065,0.0,6.807217710818941e-05,0.9999705531584745,0.9999705531584745,0.0,0.08885539027448582,2.616587646341395e-06,0.0,0.0,0.0,1600580.9605493557,267.0291198682357,0.0,1.0,1283084.8215306925,2603.896239356245,,,,,,,,,,,,,,,,,9.0,15561.403508771931
1680.0,-35.62342623756691,3.9663426697912016,34.65481258407009,23.455903550516837,5.213041116794461,-31.5029932939619,-44.81365828597916,1.2139346244869307,-6.120880131764295,-6.1208801317646495,38.07176755923683,38362.828394892465,20779.67897120505,20779.67897120505,59142.50736609752,74252.29261943072,74647.42883858974,20779.67897120505,95427.10780979479,95427.10780979479,95427.10780979479,120413.8029711532,120413.7874440245,0.015527128695956119,0.0,90529.49839895991,55133.85838692209,39328.488902264246,24986.695161358417,64315.18406362266,18934.547947905878,1450.0,0.0,0.8882102140517784,2.767526134744748,0.0014957518423254837,1.0,1.0,-6.120880131764295,339424.9746904718,1473059.0764612553,4.3398664986410225,1473059.0764612553,4.3398664986410225,0.7577852063120335,0.08885800686213216,4.050238923387006,101325.0,128351.07116782667,1.2667265844345095,1.0,0.0,4.050238923387006,1.2862783109124125,1.286443250924842,3.1488044920185256,6671.938872405625,15561.403508771931,6446.3050239238555,0.00028199341260474076,22351.64396752544,2279.2333740395998,19268.437103240605,1964.8337712919913,0.8620590562034539,0.8620590562034539,35747.93130210987,32395.05729023726,1.1310067657934717,0.8,4731.693677755314,4287.898129693729,1.1310067657934717,0.8,17904.69678407069,17904.69678407069,1.0,0.8,3099.015535412006,3099.015535412006,6.705251630318932,3.9663426697912016,-1.9411708970048327,5.907513566796034,3.5,3.5,1.0,0.6,0.00012822374794852937,0.9999762106817436,0.00012822679837664496,203.66612077101155,0.0,0.0,0.0,0.021168097977116558,4.5215770833750894e-05,8.300797711477848e-05,0.0003362021398618936,0.08890338828705453,0.08890338828705453,0.08890338828705453,0.08885539301402945,0.0,0.0,0.0,0.0,0.0,0.0,1.0,1.0,0.0,1.0,1.0,526615.1077956093,582.7107118568412,0.0,0.08890338828705453,0.08885800686213216,0.08885800686213215,0.375,0.375,0.5,3.55837141863199e-05,3.410605131648481e-13,3.410605131648481e-13,3.410605131648481e-13,3.410605131648481e-13,3.410605131648481e-13,3.410605131648481e-13,24986.695161358417,18934.547947905878,0.7577852063120335,0.9195730095025746,0.5964816699730302,37569.03399132045,20600.0,0.0,0.0,0.0,0.0,0.0,0.0,0.0,0.0,0.0,0.0,0.0,0.0,0.0,0.0,0.0,0.0,0.0,0.0,0.0,0.0,37569.03399132045,20600.0,1.0,0.0,0.0,6.0,0.9,152975.75209065224,25495.958681775373,257.94662287589375,257.94662287589375,-15.203377124106225,239.57235011199296,276.3209289759723,149571.13561251794,149632.8506636953,-61.71505117734222,0.0,nan,276.3209289759723,3.1709289759723447,268.97119763656957,-4.178802363430407,261.62146781231536,-11.528532187684618,254.27174944875088,-18.878250551249096,246.92204326976116,-26.227956730238816,239.57235011199296,-33.577649888007016,1.0,1.0,25762.59804822658,25762.59804822658,275.7335511047957,2.583551104795731,275.7335511047957,275.7335511047957,74627.44965068105,74647.42883858974,-19.979187908684253,0.0,8575.796259387458,8575.796259387458,0.8783760704931873,4070.490118003941,275.7335511047957,2.583551104795731,1.0,0.002,1.2836648395882828,0.0002315687076594233,0.001984398637497413,8.367353961077629e-05,0.9921993187487065,0.9921993187487065,0.0,6.807217710818941e-05,0.9999705531584745,0.9999705531584745,0.0,0.08885539027448582,2.616587646341395e-06,0.0,0.0,0.0,1600580.9605493557,267.0291198682357,0.0,1.0,1283084.8215306925,2603.896239356245,,,,,,,,,,,,,,,,,9.0,15561.403508771931
1710.0,-35.62342623756691,3.9663426697912016,34.65481258407009,23.455903550516837,5.213041116794461,-31.5029932939619,-44.81365828597916,1.2139346244869307,-6.120880131764295,-6.1208801317646495,38.07176755923683,38362.828394892465,20779.67897120505,20779.67897120505,59142.50736609752,74252.29261943072,74647.42883858974,20779.67897120505,95427.10780979479,95427.10780979479,95427.10780979479,120413.8029711532,120413.7874440245,0.015527128695956119,0.0,90529.49839895991,55133.85838692209,39328.488902264246,24986.695161358417,64315.18406362266,18934.547947905878,1450.0,0.0,0.8882102140517784,2.767526134744748,0.0014957518423254837,1.0,1.0,-6.120880131764295,339424.9746904718,1473059.0764612553,4.3398664986410225,1473059.0764612553,4.3398664986410225,0.7577852063120335,0.08885800686213216,4.050238923387006,101325.0,128351.07116782667,1.2667265844345095,1.0,0.0,4.050238923387006,1.2862783109124125,1.286443250924842,3.1488044920185256,6671.938872405625,15561.403508771931,6446.3050239238555,0.00028199341260474076,22351.64396752544,2279.2333740395998,19268.437103240605,1964.8337712919913,0.8620590562034539,0.8620590562034539,35747.93130210987,32395.05729023726,1.1310067657934717,0.8,4731.693677755314,4287.898129693729,1.1310067657934717,0.8,17904.69678407069,17904.69678407069,1.0,0.8,3099.015535412006,3099.015535412006,6.705251630318932,3.9663426697912016,-1.9411708970048327,5.907513566796034,3.5,3.5,1.0,0.6,0.00012822374794852937,0.9999762106817436,0.00012822679837664496,203.66612077101155,0.0,0.0,0.0,0.021168097977116558,4.5215770833750894e-05,8.300797711477848e-05,0.0003362021398618936,0.08890338828705453,0.08890338828705453,0.08890338828705453,0.08885539301402945,0.0,0.0,0.0,0.0,0.0,0.0,1.0,1.0,0.0,1.0,1.0,526615.1077956093,582.7107118568412,0.0,0.08890338828705453,0.08885800686213216,0.08885800686213215,0.375,0.375,0.5,3.55837141863199e-05,3.410605131648481e-13,3.410605131648481e-13,3.410605131648481e-13,3.410605131648481e-13,3.410605131648481e-13,3.410605131648481e-13,24986.695161358417,18934.547947905878,0.7577852063120335,0.9195730095025746,0.5964816699730302,37569.03399132045,20600.0,0.0,0.0,0.0,0.0,0.0,0.0,0.0,0.0,0.0,0.0,0.0,0.0,0.0,0.0,0.0,0.0,0.0,0.0,0.0,0.0,37569.03399132045,20600.0,1.0,0.0,0.0,6.0,0.9,152975.75209065224,25495.958681775373,257.94662287589375,257.94662287589375,-15.203377124106225,239.57235011199296,276.3209289759723,149571.13561251794,149632.8506636953,-61.71505117734222,0.0,nan,276.3209289759723,3.1709289759723447,268.97119763656957,-4.178802363430407,261.62146781231536,-11.528532187684618,254.27174944875088,-18.878250551249096,246.92204326976116,-26.227956730238816,239.57235011199296,-33.577649888007016,1.0,1.0,25762.59804822658,25762.59804822658,275.7335511047957,2.583551104795731,275.7335511047957,275.7335511047957,74627.44965068105,74647.42883858974,-19.979187908684253,0.0,8575.796259387458,8575.796259387458,0.8783760704931873,4070.490118003941,275.7335511047957,2.583551104795731,1.0,0.002,1.2836648395882828,0.0002315687076594233,0.001984398637497413,8.367353961077629e-05,0.9921993187487065,0.9921993187487065,0.0,6.807217710818941e-05,0.9999705531584745,0.9999705531584745,0.0,0.08885539027448582,2.616587646341395e-06,0.0,0.0,0.0,1600580.9605493557,267.0291198682357,0.0,1.0,1283084.8215306925,2603.896239356245,,,,,,,,,,,,,,,,,9.0,15561.403508771931
1740.0,-35.62342623756691,3.9663426697912016,34.65481258407009,23.455903550516837,5.213041116794461,-31.5029932939619,-44.81365828597916,1.2139346244869307,-6.120880131764295,-6.1208801317646495,38.07176755923683,38362.828394892465,20779.67897120505,20779.67897120505,59142.50736609752,74252.29261943072,74647.42883858974,20779.67897120505,95427.10780979479,95427.10780979479,95427.10780979479,120413.8029711532,120413.7874440245,0.015527128695956119,0.0,90529.49839895991,55133.85838692209,39328.488902264246,24986.695161358417,64315.18406362266,18934.547947905878,1450.0,0.0,0.8882102140517784,2.767526134744748,0.0014957518423254837,1.0,1.0,-6.120880131764295,339424.9746904718,1473059.0764612553,4.3398664986410225,1473059.0764612553,4.3398664986410225,0.7577852063120335,0.08885800686213216,4.050238923387006,101325.0,128351.07116782667,1.2667265844345095,1.0,0.0,4.050238923387006,1.2862783109124125,1.286443250924842,3.1488044920185256,6671.938872405625,15561.403508771931,6446.3050239238555,0.00028199341260474076,22351.64396752544,2279.2333740395998,19268.437103240605,1964.8337712919913,0.8620590562034539,0.8620590562034539,35747.93130210987,32395.05729023726,1.1310067657934717,0.8,4731.693677755314,4287.898129693729,1.1310067657934717,0.8,17904.69678407069,17904.69678407069,1.0,0.8,3099.015535412006,3099.015535412006,6.705251630318932,3.9663426697912016,-1.9411708970048327,5.907513566796034,3.5,3.5,1.0,0.6,0.00012822374794852937,0.9999762106817436,0.00012822679837664496,203.66612077101155,0.0,0.0,0.0,0.021168097977116558,4.5215770833750894e-05,8.300797711477848e-05,0.0003362021398618936,0.08890338828705453,0.08890338828705453,0.08890338828705453,0.08885539301402945,0.0,0.0,0.0,0.0,0.0,0.0,1.0,1.0,0.0,1.0,1.0,526615.1077956093,582.7107118568412,0.0,0.08890338828705453,0.08885800686213216,0.08885800686213215,0.375,0.375,0.5,3.55837141863199e-05,3.410605131648481e-13,3.410605131648481e-13,3.410605131648481e-13,3.410605131648481e-13,3.410605131648481e-13,3.410605131648481e-13,24986.695161358417,18934.547947905878,0.7577852063120335,0.9195730095025746,0.5964816699730302,37569.03399132045,20600.0,0.0,0.0,0.0,0.0,0.0,0.0,0.0,0.0,0.0,0.0,0.0,0.0,0.0,0.0,0.0,0.0,0.0,0.0,0.0,0.0,37569.03399132045,20600.0,1.0,0.0,0.0,6.0,0.9,152975.75209065224,25495.958681775373,257.94662287589375,257.94662287589375,-15.203377124106225,239.57235011199296,276.3209289759723,149571.13561251794,149632.8506636953,-61.71505117734222,0.0,nan,276.3209289759723,3.1709289759723447,268.97119763656957,-4.178802363430407,261.62146781231536,-11.528532187684618,254.27174944875088,-18.878250551249096,246.92204326976116,-26.227956730238816,239.57235011199296,-33.577649888007016,1.0,1.0,25762.59804822658,25762.59804822658,275.7335511047957,2.583551104795731,275.7335511047957,275.7335511047957,74627.44965068105,74647.42883858974,-19.979187908684253,0.0,8575.796259387458,8575.796259387458,0.8783760704931873,4070.490118003941,275.7335511047957,2.583551104795731,1.0,0.002,1.2836648395882828,0.0002315687076594233,0.001984398637497413,8.367353961077629e-05,0.9921993187487065,0.9921993187487065,0.0,6.807217710818941e-05,0.9999705531584745,0.9999705531584745,0.0,0.08885539027448582,2.616587646341395e-06,0.0,0.0,0.0,1600580.9605493557,267.0291198682357,0.0,1.0,1283084.8215306925,2603.896239356245,,,,,,,,,,,,,,,,,9.0,15561.403508771931
1770.0,-35.62342623756691,3.9663426697912016,34.65481258407009,23.455903550516837,5.213041116794461,-31.5029932939619,-44.81365828597916,1.2139346244869307,-6.120880131764295,-6.1208801317646495,38.07176755923683,38362.828394892465,20779.67897120505,20779.67897120505,59142.50736609752,74252.29261943072,74647.42883858974,20779.67897120505,95427.10780979479,95427.10780979479,95427.10780979479,120413.8029711532,120413.7874440245,0.015527128695956119,0.0,90529.49839895991,55133.85838692209,39328.488902264246,24986.695161358417,64315.18406362266,18934.547947905878,1450.0,0.0,0.8882102140517784,2.767526134744748,0.0014957518423254837,1.0,1.0,-6.120880131764295,339424.9746904718,1473059.0764612553,4.3398664986410225,1473059.0764612553,4.3398664986410225,0.7577852063120335,0.08885800686213216,4.050238923387006,101325.0,128351.07116782667,1.2667265844345095,1.0,0.0,4.050238923387006,1.2862783109124125,1.286443250924842,3.1488044920185256,6671.938872405625,15561.403508771931,6446.3050239238555,0.00028199341260474076,22351.64396752544,2279.2333740395998,19268.437103240605,1964.8337712919913,0.8620590562034539,0.8620590562034539,35747.93130210987,32395.05729023726,1.1310067657934717,0.8,4731.693677755314,4287.898129693729,1.1310067657934717,0.8,17904.69678407069,17904.69678407069,1.0,0.8,3099.015535412006,3099.015535412006,6.705251630318932,3.9663426697912016,-1.9411708970048327,5.907513566796034,3.5,3.5,1.0,0.6,0.00012822374794852937,0.9999762106817436,0.00012822679837664496,203.66612077101155,0.0,0.0,0.0,0.021168097977116558,4.5215770833750894e-05,8.300797711477848e-05,0.0003362021398618936,0.08890338828705453,0.08890338828705453,0.08890338828705453,0.08885539301402945,0.0,0.0,0.0,0.0,0.0,0.0,1.0,1.0,0.0,1.0,1.0,526615.1077956093,582.7107118568412,0.0,0.08890338828705453,0.08885800686213216,0.08885800686213215,0.375,0.375,0.5,3.55837141863199e-05,3.410605131648481e-13,3.410605131648481e-13,3.410605131648481e-13,3.410605131648481e-13,3.410605131648481e-13,3.410605131648481e-13,24986.695161358417,18934.547947905878,0.7577852063120335,0.9195730095025746,0.5964816699730302,37569.03399132045,20600.0,0.0,0.0,0.0,0.0,0.0,0.0,0.0,0.0,0.0,0.0,0.0,0.0,0.0,0.0,0.0,0.0,0.0,0.0,0.0,0.0,37569.03399132045,20600.0,1.0,0.0,0.0,6.0,0.9,152975.75209065224,25495.958681775373,257.94662287589375,257.94662287589375,-15.203377124106225,239.57235011199296,276.3209289759723,149571.13561251794,149632.8506636953,-61.71505117734222,0.0,nan,276.3209289759723,3.1709289759723447,268.97119763656957,-4.178802363430407,261.62146781231536,-11.528532187684618,254.27174944875088,-18.878250551249096,246.92204326976116,-26.227956730238816,239.57235011199296,-33.577649888007016,1.0,1.0,25762.59804822658,25762.59804822658,275.7335511047957,2.583551104795731,275.7335511047957,275.7335511047957,74627.44965068105,74647.42883858974,-19.979187908684253,0.0,8575.796259387458,8575.796259387458,0.8783760704931873,4070.490118003941,275.7335511047957,2.583551104795731,1.0,0.002,1.2836648395882828,0.0002315687076594233,0.001984398637497413,8.367353961077629e-05,0.9921993187487065,0.9921993187487065,0.0,6.807217710818941e-05,0.9999705531584745,0.9999705531584745,0.0,0.08885539027448582,2.616587646341395e-06,0.0,0.0,0.0,1600580.9605493557,267.0291198682357,0.0,1.0,1283084.8215306925,2603.896239356245,,,,,,,,,,,,,,,,,9.0,15561.403508771931
1800.0,-35.62342623756691,3.9663426697912016,34.65481258407009,23.455903550516837,5.213041116794461,-31.5029932939619,-44.81365828597916,1.2139346244869307,-6.120880131764295,-6.1208801317646495,38.07176755923683,38362.828394892465,20779.67897120505,20779.67897120505,59142.50736609752,74252.29261943072,74647.42883858974,20779.67897120505,95427.10780979479,95427.10780979479,95427.10780979479,120413.8029711532,120413.7874440245,0.015527128695956119,0.0,90529.49839895991,55133.85838692209,39328.488902264246,24986.695161358417,64315.18406362266,18934.547947905878,1450.0,0.0,0.8882102140517784,2.767526134744748,0.0014957518423254837,1.0,1.0,-6.120880131764295,339424.9746904718,1473059.0764612553,4.3398664986410225,1473059.0764612553,4.3398664986410225,0.7577852063120335,0.08885800686213216,4.050238923387006,101325.0,128351.07116782667,1.2667265844345095,1.0,0.0,4.050238923387006,1.2862783109124125,1.286443250924842,3.1488044920185256,6671.938872405625,15561.403508771931,6446.3050239238555,0.00028199341260474076,22351.64396752544,2279.2333740395998,19268.437103240605,1964.8337712919913,0.8620590562034539,0.8620590562034539,35747.93130210987,32395.05729023726,1.1310067657934717,0.8,4731.693677755314,4287.898129693729,1.1310067657934717,0.8,17904.69678407069,17904.69678407069,1.0,0.8,3099.015535412006,3099.015535412006,6.705251630318932,3.9663426697912016,-1.9411708970048327,5.907513566796034,3.5,3.5,1.0,0.6,0.00012822374794852937,0.9999762106817436,0.00012822679837664496,203.66612077101155,0.0,0.0,0.0,0.021168097977116558,4.5215770833750894e-05,8.300797711477848e-05,0.0003362021398618936,0.08890338828705453,0.08890338828705453,0.08890338828705453,0.08885539301402945,0.0,0.0,0.0,0.0,0.0,0.0,1.0,1.0,0.0,1.0,1.0,526615.1077956093,582.7107118568412,0.0,0.08890338828705453,0.08885800686213216,0.08885800686213215,0.375,0.375,0.5,3.55837141863199e-05,3.410605131648481e-13,3.410605131648481e-13,3.410605131648481e-13,3.410605131648481e-13,3.410605131648481e-13,3.410605131648481e-13,24986.695161358417,18934.547947905878,0.7577852063120335,0.9195730095025746,0.5964816699730302,37569.03399132045,20600.0,0.0,0.0,0.0,0.0,0.0,0.0,0.0,0.0,0.0,0.0,0.0,0.0,0.0,0.0,0.0,0.0,0.0,0.0,0.0,0.0,37569.03399132045,20600.0,1.0,0.0,0.0,6.0,0.9,152975.75209065224,25495.958681775373,257.94662287589375,257.94662287589375,-15.203377124106225,239.57235011199296,276.3209289759723,149571.13561251794,149632.8506636953,-61.71505117734222,0.0,nan,276.3209289759723,3.1709289759723447,268.97119763656957,-4.178802363430407,261.62146781231536,-11.528532187684618,254.27174944875088,-18.878250551249096,246.92204326976116,-26.227956730238816,239.57235011199296,-33.577649888007016,1.0,1.0,25762.59804822658,25762.59804822658,275.7335511047957,2.583551104795731,275.7335511047957,275.7335511047957,74627.44965068105,74647.42883858974,-19.979187908684253,0.0,8575.796259387458,8575.796259387458,0.8783760704931873,4070.490118003941,275.7335511047957,2.583551104795731,1.0,0.002,1.2836648395882828,0.0002315687076594233,0.001984398637497413,8.367353961077629e-05,0.9921993187487065,0.9921993187487065,0.0,6.807217710818941e-05,0.9999705531584745,0.9999705531584745,0.0,0.08885539027448582,2.616587646341395e-06,0.0,0.0,0.0,1600580.9605493557,267.0291198682357,0.0,1.0,1283084.8215306925,2603.896239356245,,,,,,,,,,,,,,,,,9.0,15561.403508771931
1830.0,-35.62342623756691,3.9663426697912016,34.65481258407009,23.455903550516837,5.213041116794461,-31.5029932939619,-44.81365828597916,1.2139346244869307,-6.120880131764295,-6.1208801317646495,38.07176755923683,38362.828394892465,20779.67897120505,20779.67897120505,59142.50736609752,74252.29261943072,74647.42883858974,20779.67897120505,95427.10780979479,95427.10780979479,95427.10780979479,120413.8029711532,120413.7874440245,0.015527128695956119,0.0,90529.49839895991,55133.85838692209,39328.488902264246,24986.695161358417,64315.18406362266,18934.547947905878,1450.0,0.0,0.8882102140517784,2.767526134744748,0.0014957518423254837,1.0,1.0,-6.120880131764295,339424.9746904718,1473059.0764612553,4.3398664986410225,1473059.0764612553,4.3398664986410225,0.7577852063120335,0.08885800686213216,4.050238923387006,101325.0,128351.07116782667,1.2667265844345095,1.0,0.0,4.050238923387006,1.2862783109124125,1.286443250924842,3.1488044920185256,6671.938872405625,15561.403508771931,6446.3050239238555,0.00028199341260474076,22351.64396752544,2279.2333740395998,19268.437103240605,1964.8337712919913,0.8620590562034539,0.8620590562034539,35747.93130210987,32395.05729023726,1.1310067657934717,0.8,4731.693677755314,4287.898129693729,1.1310067657934717,0.8,17904.69678407069,17904.69678407069,1.0,0.8,3099.015535412006,3099.015535412006,6.705251630318932,3.9663426697912016,-1.9411708970048327,5.907513566796034,3.5,3.5,1.0,0.6,0.00012822374794852937,0.9999762106817436,0.00012822679837664496,203.66612077101155,0.0,0.0,0.0,0.021168097977116558,4.5215770833750894e-05,8.300797711477848e-05,0.0003362021398618936,0.08890338828705453,0.08890338828705453,0.08890338828705453,0.08885539301402945,0.0,0.0,0.0,0.0,0.0,0.0,1.0,1.0,0.0,1.0,1.0,526615.1077956093,582.7107118568412,0.0,0.08890338828705453,0.08885800686213216,0.08885800686213215,0.375,0.375,0.5,3.55837141863199e-05,3.410605131648481e-13,3.410605131648481e-13,3.410605131648481e-13,3.410605131648481e-13,3.410605131648481e-13,3.410605131648481e-13,24986.695161358417,18934.547947905878,0.7577852063120335,0.9195730095025746,0.5964816699730302,37569.03399132045,20600.0,0.0,0.0,0.0,0.0,0.0,0.0,0.0,0.0,0.0,0.0,0.0,0.0,0.0,0.0,0.0,0.0,0.0,0.0,0.0,0.0,37569.03399132045,20600.0,1.0,0.0,0.0,6.0,0.9,152975.75209065224,25495.958681775373,257.94662287589375,257.94662287589375,-15.203377124106225,239.57235011199296,276.3209289759723,149571.13561251794,149632.8506636953,-61.71505117734222,0.0,nan,276.3209289759723,3.1709289759723447,268.97119763656957,-4.178802363430407,261.62146781231536,-11.528532187684618,254.27174944875088,-18.878250551249096,246.92204326976116,-26.227956730238816,239.57235011199296,-33.577649888007016,1.0,1.0,25762.59804822658,25762.59804822658,275.7335511047957,2.583551104795731,275.7335511047957,275.7335511047957,74627.44965068105,74647.42883858974,-19.979187908684253,0.0,8575.796259387458,8575.796259387458,0.8783760704931873,4070.490118003941,275.7335511047957,2.583551104795731,1.0,0.002,1.2836648395882828,0.0002315687076594233,0.001984398637497413,8.367353961077629e-05,0.9921993187487065,0.9921993187487065,0.0,6.807217710818941e-05,0.9999705531584745,0.9999705531584745,0.0,0.08885539027448582,2.616587646341395e-06,0.0,0.0,0.0,1600580.9605493557,267.0291198682357,0.0,1.0,1283084.8215306925,2603.896239356245,,,,,,,,,,,,,,,,,9.0,15561.403508771931
1860.0,-35.62342623756691,3.9663426697912016,34.65481258407009,23.455903550516837,5.213041116794461,-31.5029932939619,-44.81365828597916,1.2139346244869307,-6.120880131764295,-6.1208801317646495,38.07176755923683,38362.828394892465,20779.67897120505,20779.67897120505,59142.50736609752,74252.29261943072,74647.42883858974,20779.67897120505,95427.10780979479,95427.10780979479,95427.10780979479,120413.8029711532,120413.7874440245,0.015527128695956119,0.0,90529.49839895991,55133.85838692209,39328.488902264246,24986.695161358417,64315.18406362266,18934.547947905878,1450.0,0.0,0.8882102140517784,2.767526134744748,0.0014957518423254837,1.0,1.0,-6.120880131764295,339424.9746904718,1473059.0764612553,4.3398664986410225,1473059.0764612553,4.3398664986410225,0.7577852063120335,0.08885800686213216,4.050238923387006,101325.0,128351.07116782667,1.2667265844345095,1.0,0.0,4.050238923387006,1.2862783109124125,1.286443250924842,3.1488044920185256,6671.938872405625,15561.403508771931,6446.3050239238555,0.00028199341260474076,22351.64396752544,2279.2333740395998,19268.437103240605,1964.8337712919913,0.8620590562034539,0.8620590562034539,35747.93130210987,32395.05729023726,1.1310067657934717,0.8,4731.693677755314,4287.898129693729,1.1310067657934717,0.8,17904.69678407069,17904.69678407069,1.0,0.8,3099.015535412006,3099.015535412006,6.705251630318932,3.9663426697912016,-1.9411708970048327,5.907513566796034,3.5,3.5,1.0,0.6,0.00012822374794852937,0.9999762106817436,0.00012822679837664496,203.66612077101155,0.0,0.0,0.0,0.021168097977116558,4.5215770833750894e-05,8.300797711477848e-05,0.0003362021398618936,0.08890338828705453,0.08890338828705453,0.08890338828705453,0.08885539301402945,0.0,0.0,0.0,0.0,0.0,0.0,1.0,1.0,0.0,1.0,1.0,526615.1077956093,582.7107118568412,0.0,0.08890338828705453,0.08885800686213216,0.08885800686213215,0.375,0.375,0.5,3.55837141863199e-05,3.410605131648481e-13,3.410605131648481e-13,3.410605131648481e-13,3.410605131648481e-13,3.410605131648481e-13,3.410605131648481e-13,24986.695161358417,18934.547947905878,0.7577852063120335,0.9195730095025746,0.5964816699730302,37569.03399132045,20600.0,0.0,0.0,0.0,0.0,0.0,0.0,0.0,0.0,0.0,0.0,0.0,0.0,0.0,0.0,0.0,0.0,0.0,0.0,0.0,0.0,37569.03399132045,20600.0,1.0,0.0,0.0,6.0,0.9,152975.75209065224,25495.958681775373,257.94662287589375,257.94662287589375,-15.203377124106225,239.57235011199296,276.3209289759723,149571.13561251794,149632.8506636953,-61.71505117734222,0.0,nan,276.3209289759723,3.1709289759723447,268.97119763656957,-4.178802363430407,261.62146781231536,-11.528532187684618,254.27174944875088,-18.878250551249096,246.92204326976116,-26.227956730238816,239.57235011199296,-33.577649888007016,1.0,1.0,25762.59804822658,25762.59804822658,275.7335511047957,2.583551104795731,275.7335511047957,275.7335511047957,74627.44965068105,74647.42883858974,-19.979187908684253,0.0,8575.796259387458,8575.796259387458,0.8783760704931873,4070.490118003941,275.7335511047957,2.583551104795731,1.0,0.002,1.2836648395882828,0.0002315687076594233,0.001984398637497413,8.367353961077629e-05,0.9921993187487065,0.9921993187487065,0.0,6.807217710818941e-05,0.9999705531584745,0.9999705531584745,0.0,0.08885539027448582,2.616587646341395e-06,0.0,0.0,0.0,1600580.9605493557,267.0291198682357,0.0,1.0,1283084.8215306925,2603.896239356245,,,,,,,,,,,,,,,,,9.0,15561.403508771931
1890.0,-35.62342623756691,3.9663426697912016,34.65481258407009,23.455903550516837,5.213041116794461,-31.5029932939619,-44.81365828597916,1.2139346244869307,-6.120880131764295,-6.1208801317646495,38.07176755923683,38362.828394892465,20779.67897120505,20779.67897120505,59142.50736609752,74252.29261943072,74647.42883858974,20779.67897120505,95427.10780979479,95427.10780979479,95427.10780979479,120413.8029711532,120413.7874440245,0.015527128695956119,0.0,90529.49839895991,55133.85838692209,39328.488902264246,24986.695161358417,64315.18406362266,18934.547947905878,1450.0,0.0,0.8882102140517784,2.767526134744748,0.0014957518423254837,1.0,1.0,-6.120880131764295,339424.9746904718,1473059.0764612553,4.3398664986410225,1473059.0764612553,4.3398664986410225,0.7577852063120335,0.08885800686213216,4.050238923387006,101325.0,128351.07116782667,1.2667265844345095,1.0,0.0,4.050238923387006,1.2862783109124125,1.286443250924842,3.1488044920185256,6671.938872405625,15561.403508771931,6446.3050239238555,0.00028199341260474076,22351.64396752544,2279.2333740395998,19268.437103240605,1964.8337712919913,0.8620590562034539,0.8620590562034539,35747.93130210987,32395.05729023726,1.1310067657934717,0.8,4731.693677755314,4287.898129693729,1.1310067657934717,0.8,17904.69678407069,17904.69678407069,1.0,0.8,3099.015535412006,3099.015535412006,6.705251630318932,3.9663426697912016,-1.9411708970048327,5.907513566796034,3.5,3.5,1.0,0.6,0.00012822374794852937,0.9999762106817436,0.00012822679837664496,203.66612077101155,0.0,0.0,0.0,0.021168097977116558,4.5215770833750894e-05,8.300797711477848e-05,0.0003362021398618936,0.08890338828705453,0.08890338828705453,0.08890338828705453,0.08885539301402945,0.0,0.0,0.0,0.0,0.0,0.0,1.0,1.0,0.0,1.0,1.0,526615.1077956093,582.7107118568412,0.0,0.08890338828705453,0.08885800686213216,0.08885800686213215,0.375,0.375,0.5,3.55837141863199e-05,3.410605131648481e-13,3.410605131648481e-13,3.410605131648481e-13,3.410605131648481e-13,3.410605131648481e-13,3.410605131648481e-13,24986.695161358417,18934.547947905878,0.7577852063120335,0.9195730095025746,0.5964816699730302,37569.03399132045,20600.0,0.0,0.0,0.0,0.0,0.0,0.0,0.0,0.0,0.0,0.0,0.0,0.0,0.0,0.0,0.0,0.0,0.0,0.0,0.0,0.0,37569.03399132045,20600.0,1.0,0.0,0.0,6.0,0.9,152975.75209065224,25495.958681775373,257.94662287589375,257.94662287589375,-15.203377124106225,239.57235011199296,276.3209289759723,149571.13561251794,149632.8506636953,-61.71505117734222,0.0,nan,276.3209289759723,3.1709289759723447,268.97119763656957,-4.178802363430407,261.62146781231536,-11.528532187684618,254.27174944875088,-18.878250551249096,246.92204326976116,-26.227956730238816,239.57235011199296,-33.577649888007016,1.0,1.0,25762.59804822658,25762.59804822658,275.7335511047957,2.583551104795731,275.7335511047957,275.7335511047957,74627.44965068105,74647.42883858974,-19.979187908684253,0.0,8575.796259387458,8575.796259387458,0.8783760704931873,4070.490118003941,275.7335511047957,2.583551104795731,1.0,0.002,1.2836648395882828,0.0002315687076594233,0.001984398637497413,8.367353961077629e-05,0.9921993187487065,0.9921993187487065,0.0,6.807217710818941e-05,0.9999705531584745,0.9999705531584745,0.0,0.08885539027448582,2.616587646341395e-06,0.0,0.0,0.0,1600580.9605493557,267.0291198682357,0.0,1.0,1283084.8215306925,2603.896239356245,,,,,,,,,,,,,,,,,9.0,15561.403508771931
1920.0,-35.62342623756691,3.9663426697912016,34.65481258407009,23.455903550516837,5.213041116794461,-31.5029932939619,-44.81365828597916,1.2139346244869307,-6.120880131764295,-6.1208801317646495,38.07176755923683,38362.828394892465,20779.67897120505,20779.67897120505,59142.50736609752,74252.29261943072,74647.42883858974,20779.67897120505,95427.10780979479,95427.10780979479,95427.10780979479,120413.8029711532,120413.7874440245,0.015527128695956119,0.0,90529.49839895991,55133.85838692209,39328.488902264246,24986.695161358417,64315.18406362266,18934.547947905878,1450.0,0.0,0.8882102140517784,2.767526134744748,0.0014957518423254837,1.0,1.0,-6.120880131764295,339424.9746904718,1473059.0764612553,4.3398664986410225,1473059.0764612553,4.3398664986410225,0.7577852063120335,0.08885800686213216,4.050238923387006,101325.0,128351.07116782667,1.2667265844345095,1.0,0.0,4.050238923387006,1.2862783109124125,1.286443250924842,3.1488044920185256,6671.938872405625,15561.403508771931,6446.3050239238555,0.00028199341260474076,22351.64396752544,2279.2333740395998,19268.437103240605,1964.8337712919913,0.8620590562034539,0.8620590562034539,35747.93130210987,32395.05729023726,1.1310067657934717,0.8,4731.693677755314,4287.898129693729,1.1310067657934717,0.8,17904.69678407069,17904.69678407069,1.0,0.8,3099.015535412006,3099.015535412006,6.705251630318932,3.9663426697912016,-1.9411708970048327,5.907513566796034,3.5,3.5,1.0,0.6,0.00012822374794852937,0.9999762106817436,0.00012822679837664496,203.66612077101155,0.0,0.0,0.0,0.021168097977116558,4.5215770833750894e-05,8.300797711477848e-05,0.0003362021398618936,0.08890338828705453,0.08890338828705453,0.08890338828705453,0.08885539301402945,0.0,0.0,0.0,0.0,0.0,0.0,1.0,1.0,0.0,1.0,1.0,526615.1077956093,582.7107118568412,0.0,0.08890338828705453,0.08885800686213216,0.08885800686213215,0.375,0.375,0.5,3.55837141863199e-05,3.410605131648481e-13,3.410605131648481e-13,3.410605131648481e-13,3.410605131648481e-13,3.410605131648481e-13,3.410605131648481e-13,24986.695161358417,18934.547947905878,0.7577852063120335,0.9195730095025746,0.5964816699730302,37569.03399132045,20600.0,0.0,0.0,0.0,0.0,0.0,0.0,0.0,0.0,0.0,0.0,0.0,0.0,0.0,0.0,0.0,0.0,0.0,0.0,0.0,0.0,37569.03399132045,20600.0,1.0,0.0,0.0,6.0,0.9,152975.75209065224,25495.958681775373,257.94662287589375,257.94662287589375,-15.203377124106225,239.57235011199296,276.3209289759723,149571.13561251794,149632.8506636953,-61.71505117734222,0.0,nan,276.3209289759723,3.1709289759723447,268.97119763656957,-4.178802363430407,261.62146781231536,-11.528532187684618,254.27174944875088,-18.878250551249096,246.92204326976116,-26.227956730238816,239.57235011199296,-33.577649888007016,1.0,1.0,25762.59804822658,25762.59804822658,275.7335511047957,2.583551104795731,275.7335511047957,275.7335511047957,74627.44965068105,74647.42883858974,-19.979187908684253,0.0,8575.796259387458,8575.796259387458,0.8783760704931873,4070.490118003941,275.7335511047957,2.583551104795731,1.0,0.002,1.2836648395882828,0.0002315687076594233,0.001984398637497413,8.367353961077629e-05,0.9921993187487065,0.9921993187487065,0.0,6.807217710818941e-05,0.9999705531584745,0.9999705531584745,0.0,0.08885539027448582,2.616587646341395e-06,0.0,0.0,0.0,1600580.9605493557,267.0291198682357,0.0,1.0,1283084.8215306925,2603.896239356245,,,,,,,,,,,,,,,,,9.0,15561.403508771931
1950.0,-35.62342623756691,3.9663426697912016,34.65481258407009,23.455903550516837,5.213041116794461,-31.5029932939619,-44.81365828597916,1.2139346244869307,-6.120880131764295,-6.1208801317646495,38.07176755923683,38362.828394892465,20779.67897120505,20779.67897120505,59142.50736609752,74252.29261943072,74647.42883858974,20779.67897120505,95427.10780979479,95427.10780979479,95427.10780979479,120413.8029711532,120413.7874440245,0.015527128695956119,0.0,90529.49839895991,55133.85838692209,39328.488902264246,24986.695161358417,64315.18406362266,18934.547947905878,1450.0,0.0,0.8882102140517784,2.767526134744748,0.0014957518423254837,1.0,1.0,-6.120880131764295,339424.9746904718,1473059.0764612553,4.3398664986410225,1473059.0764612553,4.3398664986410225,0.7577852063120335,0.08885800686213216,4.050238923387006,101325.0,128351.07116782667,1.2667265844345095,1.0,0.0,4.050238923387006,1.2862783109124125,1.286443250924842,3.1488044920185256,6671.938872405625,15561.403508771931,6446.3050239238555,0.00028199341260474076,22351.64396752544,2279.2333740395998,19268.437103240605,1964.8337712919913,0.8620590562034539,0.8620590562034539,35747.93130210987,32395.05729023726,1.1310067657934717,0.8,4731.693677755314,4287.898129693729,1.1310067657934717,0.8,17904.69678407069,17904.69678407069,1.0,0.8,3099.015535412006,3099.015535412006,6.705251630318932,3.9663426697912016,-1.9411708970048327,5.907513566796034,3.5,3.5,1.0,0.6,0.00012822374794852937,0.9999762106817436,0.00012822679837664496,203.66612077101155,0.0,0.0,0.0,0.021168097977116558,4.5215770833750894e-05,8.300797711477848e-05,0.0003362021398618936,0.08890338828705453,0.08890338828705453,0.08890338828705453,0.08885539301402945,0.0,0.0,0.0,0.0,0.0,0.0,1.0,1.0,0.0,1.0,1.0,526615.1077956093,582.7107118568412,0.0,0.08890338828705453,0.08885800686213216,0.08885800686213215,0.375,0.375,0.5,3.55837141863199e-05,3.410605131648481e-13,3.410605131648481e-13,3.410605131648481e-13,3.410605131648481e-13,3.410605131648481e-13,3.410605131648481e-13,24986.695161358417,18934.547947905878,0.7577852063120335,0.9195730095025746,0.5964816699730302,37569.03399132045,20600.0,0.0,0.0,0.0,0.0,0.0,0.0,0.0,0.0,0.0,0.0,0.0,0.0,0.0,0.0,0.0,0.0,0.0,0.0,0.0,0.0,37569.03399132045,20600.0,1.0,0.0,0.0,6.0,0.9,152975.75209065224,25495.958681775373,257.94662287589375,257.94662287589375,-15.203377124106225,239.57235011199296,276.3209289759723,149571.13561251794,149632.8506636953,-61.71505117734222,0.0,nan,276.3209289759723,3.1709289759723447,268.97119763656957,-4.178802363430407,261.62146781231536,-11.528532187684618,254.27174944875088,-18.878250551249096,246.92204326976116,-26.227956730238816,239.57235011199296,-33.577649888007016,1.0,1.0,25762.59804822658,25762.59804822658,275.7335511047957,2.583551104795731,275.7335511047957,275.7335511047957,74627.44965068105,74647.42883858974,-19.979187908684253,0.0,8575.796259387458,8575.796259387458,0.8783760704931873,4070.490118003941,275.7335511047957,2.583551104795731,1.0,0.002,1.2836648395882828,0.0002315687076594233,0.001984398637497413,8.367353961077629e-05,0.9921993187487065,0.9921993187487065,0.0,6.807217710818941e-05,0.9999705531584745,0.9999705531584745,0.0,0.08885539027448582,2.616587646341395e-06,0.0,0.0,0.0,1600580.9605493557,267.0291198682357,0.0,1.0,1283084.8215306925,2603.896239356245,,,,,,,,,,,,,,,,,9.0,15561.403508771931
1980.0,-35.62342623756691,3.9663426697912016,34.65481258407009,23.455903550516837,5.213041116794461,-31.5029932939619,-44.81365828597916,1.2139346244869307,-6.120880131764295,-6.1208801317646495,38.07176755923683,38362.828394892465,20779.67897120505,20779.67897120505,59142.50736609752,74252.29261943072,74647.42883858974,20779.67897120505,95427.10780979479,95427.10780979479,95427.10780979479,120413.8029711532,120413.7874440245,0.015527128695956119,0.0,90529.49839895991,55133.85838692209,39328.488902264246,24986.695161358417,64315.18406362266,18934.547947905878,1450.0,0.0,0.8882102140517784,2.767526134744748,0.0014957518423254837,1.0,1.0,-6.120880131764295,339424.9746904718,1473059.0764612553,4.3398664986410225,1473059.0764612553,4.3398664986410225,0.7577852063120335,0.08885800686213216,4.050238923387006,101325.0,128351.07116782667,1.2667265844345095,1.0,0.0,4.050238923387006,1.2862783109124125,1.286443250924842,3.1488044920185256,6671.938872405625,15561.403508771931,6446.3050239238555,0.00028199341260474076,22351.64396752544,2279.2333740395998,19268.437103240605,1964.8337712919913,0.8620590562034539,0.8620590562034539,35747.93130210987,32395.05729023726,1.1310067657934717,0.8,4731.693677755314,4287.898129693729,1.1310067657934717,0.8,17904.69678407069,17904.69678407069,1.0,0.8,3099.015535412006,3099.015535412006,6.705251630318932,3.9663426697912016,-1.9411708970048327,5.907513566796034,3.5,3.5,1.0,0.6,0.00012822374794852937,0.9999762106817436,0.00012822679837664496,203.66612077101155,0.0,0.0,0.0,0.021168097977116558,4.5215770833750894e-05,8.300797711477848e-05,0.0003362021398618936,0.08890338828705453,0.08890338828705453,0.08890338828705453,0.08885539301402945,0.0,0.0,0.0,0.0,0.0,0.0,1.0,1.0,0.0,1.0,1.0,526615.1077956093,582.7107118568412,0.0,0.08890338828705453,0.08885800686213216,0.08885800686213215,0.375,0.375,0.5,3.55837141863199e-05,3.410605131648481e-13,3.410605131648481e-13,3.410605131648481e-13,3.410605131648481e-13,3.410605131648481e-13,3.410605131648481e-13,24986.695161358417,18934.547947905878,0.7577852063120335,0.9195730095025746,0.5964816699730302,37569.03399132045,20600.0,0.0,0.0,0.0,0.0,0.0,0.0,0.0,0.0,0.0,0.0,0.0,0.0,0.0,0.0,0.0,0.0,0.0,0.0,0.0,0.0,37569.03399132045,20600.0,1.0,0.0,0.0,6.0,0.9,152975.75209065224,25495.958681775373,257.94662287589375,257.94662287589375,-15.203377124106225,239.57235011199296,276.3209289759723,149571.13561251794,149632.8506636953,-61.71505117734222,0.0,nan,276.3209289759723,3.1709289759723447,268.97119763656957,-4.178802363430407,261.62146781231536,-11.528532187684618,254.27174944875088,-18.878250551249096,246.92204326976116,-26.227956730238816,239.57235011199296,-33.577649888007016,1.0,1.0,25762.59804822658,25762.59804822658,275.7335511047957,2.583551104795731,275.7335511047957,275.7335511047957,74627.44965068105,74647.42883858974,-19.979187908684253,0.0,8575.796259387458,8575.796259387458,0.8783760704931873,4070.490118003941,275.7335511047957,2.583551104795731,1.0,0.002,1.2836648395882828,0.0002315687076594233,0.001984398637497413,8.367353961077629e-05,0.9921993187487065,0.9921993187487065,0.0,6.807217710818941e-05,0.9999705531584745,0.9999705531584745,0.0,0.08885539027448582,2.616587646341395e-06,0.0,0.0,0.0,1600580.9605493557,267.0291198682357,0.0,1.0,1283084.8215306925,2603.896239356245,,,,,,,,,,,,,,,,,9.0,15561.403508771931
2010.0,-35.62342623756691,3.9663426697912016,34.65481258407009,23.455903550516837,5.213041116794461,-31.5029932939619,-44.81365828597916,1.2139346244869307,-6.120880131764295,-6.1208801317646495,38.07176755923683,38362.828394892465,20779.67897120505,20779.67897120505,59142.50736609752,74252.29261943072,74647.42883858974,20779.67897120505,95427.10780979479,95427.10780979479,95427.10780979479,120413.8029711532,120413.7874440245,0.015527128695956119,0.0,90529.49839895991,55133.85838692209,39328.488902264246,24986.695161358417,64315.18406362266,18934.547947905878,1450.0,0.0,0.8882102140517784,2.767526134744748,0.0014957518423254837,1.0,1.0,-6.120880131764295,339424.9746904718,1473059.0764612553,4.3398664986410225,1473059.0764612553,4.3398664986410225,0.7577852063120335,0.08885800686213216,4.050238923387006,101325.0,128351.07116782667,1.2667265844345095,1.0,0.0,4.050238923387006,1.2862783109124125,1.286443250924842,3.1488044920185256,6671.938872405625,15561.403508771931,6446.3050239238555,0.00028199341260474076,22351.64396752544,2279.2333740395998,19268.437103240605,1964.8337712919913,0.8620590562034539,0.8620590562034539,35747.93130210987,32395.05729023726,1.1310067657934717,0.8,4731.693677755314,4287.898129693729,1.1310067657934717,0.8,17904.69678407069,17904.69678407069,1.0,0.8,3099.015535412006,3099.015535412006,6.705251630318932,3.9663426697912016,-1.9411708970048327,5.907513566796034,3.5,3.5,1.0,0.6,0.00012822374794852937,0.9999762106817436,0.00012822679837664496,203.66612077101155,0.0,0.0,0.0,0.021168097977116558,4.5215770833750894e-05,8.300797711477848e-05,0.0003362021398618936,0.08890338828705453,0.08890338828705453,0.08890338828705453,0.08885539301402945,0.0,0.0,0.0,0.0,0.0,0.0,1.0,1.0,0.0,1.0,1.0,526615.1077956093,582.7107118568412,0.0,0.08890338828705453,0.08885800686213216,0.08885800686213215,0.375,0.375,0.5,3.55837141863199e-05,3.410605131648481e-13,3.410605131648481e-13,3.410605131648481e-13,3.410605131648481e-13,3.410605131648481e-13,3.410605131648481e-13,24986.695161358417,18934.547947905878,0.7577852063120335,0.9195730095025746,0.5964816699730302,37569.03399132045,20600.0,0.0,0.0,0.0,0.0,0.0,0.0,0.0,0.0,0.0,0.0,0.0,0.0,0.0,0.0,0.0,0.0,0.0,0.0,0.0,0.0,37569.03399132045,20600.0,1.0,0.0,0.0,6.0,0.9,152975.75209065224,25495.958681775373,257.94662287589375,257.94662287589375,-15.203377124106225,239.57235011199296,276.3209289759723,149571.13561251794,149632.8506636953,-61.71505117734222,0.0,nan,276.3209289759723,3.1709289759723447,268.97119763656957,-4.178802363430407,261.62146781231536,-11.528532187684618,254.27174944875088,-18.878250551249096,246.92204326976116,-26.227956730238816,239.57235011199296,-33.577649888007016,1.0,1.0,25762.59804822658,25762.59804822658,275.7335511047957,2.583551104795731,275.7335511047957,275.7335511047957,74627.44965068105,74647.42883858974,-19.979187908684253,0.0,8575.796259387458,8575.796259387458,0.8783760704931873,4070.490118003941,275.7335511047957,2.583551104795731,1.0,0.002,1.2836648395882828,0.0002315687076594233,0.001984398637497413,8.367353961077629e-05,0.9921993187487065,0.9921993187487065,0.0,6.807217710818941e-05,0.9999705531584745,0.9999705531584745,0.0,0.08885539027448582,2.616587646341395e-06,0.0,0.0,0.0,1600580.9605493557,267.0291198682357,0.0,1.0,1283084.8215306925,2603.896239356245,,,,,,,,,,,,,,,,,9.0,15561.403508771931
2040.0,-35.62342623756691,3.9663426697912016,34.65481258407009,23.455903550516837,5.213041116794461,-31.5029932939619,-44.81365828597916,1.2139346244869307,-6.120880131764295,-6.1208801317646495,38.07176755923683,38362.828394892465,20779.67897120505,20779.67897120505,59142.50736609752,74252.29261943072,74647.42883858974,20779.67897120505,95427.10780979479,95427.10780979479,95427.10780979479,120413.8029711532,120413.7874440245,0.015527128695956119,0.0,90529.49839895991,55133.85838692209,39328.488902264246,24986.695161358417,64315.18406362266,18934.547947905878,1450.0,0.0,0.8882102140517784,2.767526134744748,0.0014957518423254837,1.0,1.0,-6.120880131764295,339424.9746904718,1473059.0764612553,4.3398664986410225,1473059.0764612553,4.3398664986410225,0.7577852063120335,0.08885800686213216,4.050238923387006,101325.0,128351.07116782667,1.2667265844345095,1.0,0.0,4.050238923387006,1.2862783109124125,1.286443250924842,3.1488044920185256,6671.938872405625,15561.403508771931,6446.3050239238555,0.00028199341260474076,22351.64396752544,2279.2333740395998,19268.437103240605,1964.8337712919913,0.8620590562034539,0.8620590562034539,35747.93130210987,32395.05729023726,1.1310067657934717,0.8,4731.693677755314,4287.898129693729,1.1310067657934717,0.8,17904.69678407069,17904.69678407069,1.0,0.8,3099.015535412006,3099.015535412006,6.705251630318932,3.9663426697912016,-1.9411708970048327,5.907513566796034,3.5,3.5,1.0,0.6,0.00012822374794852937,0.9999762106817436,0.00012822679837664496,203.66612077101155,0.0,0.0,0.0,0.021168097977116558,4.5215770833750894e-05,8.300797711477848e-05,0.0003362021398618936,0.08890338828705453,0.08890338828705453,0.08890338828705453,0.08885539301402945,0.0,0.0,0.0,0.0,0.0,0.0,1.0,1.0,0.0,1.0,1.0,526615.1077956093,582.7107118568412,0.0,0.08890338828705453,0.08885800686213216,0.08885800686213215,0.375,0.375,0.5,3.55837141863199e-05,3.410605131648481e-13,3.410605131648481e-13,3.410605131648481e-13,3.410605131648481e-13,3.410605131648481e-13,3.410605131648481e-13,24986.695161358417,18934.547947905878,0.7577852063120335,0.9195730095025746,0.5964816699730302,37569.03399132045,20600.0,0.0,0.0,0.0,0.0,0.0,0.0,0.0,0.0,0.0,0.0,0.0,0.0,0.0,0.0,0.0,0.0,0.0,0.0,0.0,0.0,37569.03399132045,20600.0,1.0,0.0,0.0,6.0,0.9,152975.75209065224,25495.958681775373,257.94662287589375,257.94662287589375,-15.203377124106225,239.57235011199296,276.3209289759723,149571.13561251794,149632.8506636953,-61.71505117734222,0.0,nan,276.3209289759723,3.1709289759723447,268.97119763656957,-4.178802363430407,261.62146781231536,-11.528532187684618,254.27174944875088,-18.878250551249096,246.92204326976116,-26.227956730238816,239.57235011199296,-33.577649888007016,1.0,1.0,25762.59804822658,25762.59804822658,275.7335511047957,2.583551104795731,275.7335511047957,275.7335511047957,74627.44965068105,74647.42883858974,-19.979187908684253,0.0,8575.796259387458,8575.796259387458,0.8783760704931873,4070.490118003941,275.7335511047957,2.583551104795731,1.0,0.002,1.2836648395882828,0.0002315687076594233,0.001984398637497413,8.367353961077629e-05,0.9921993187487065,0.9921993187487065,0.0,6.807217710818941e-05,0.9999705531584745,0.9999705531584745,0.0,0.08885539027448582,2.616587646341395e-06,0.0,0.0,0.0,1600580.9605493557,267.0291198682357,0.0,1.0,1283084.8215306925,2603.896239356245,,,,,,,,,,,,,,,,,9.0,15561.403508771931
2070.0,-35.62342623756691,3.9663426697912016,34.65481258407009,23.455903550516837,5.213041116794461,-31.5029932939619,-44.81365828597916,1.2139346244869307,-6.120880131764295,-6.1208801317646495,38.07176755923683,38362.828394892465,20779.67897120505,20779.67897120505,59142.50736609752,74252.29261943072,74647.42883858974,20779.67897120505,95427.10780979479,95427.10780979479,95427.10780979479,120413.8029711532,120413.7874440245,0.015527128695956119,0.0,90529.49839895991,55133.85838692209,39328.488902264246,24986.695161358417,64315.18406362266,18934.547947905878,1450.0,0.0,0.8882102140517784,2.767526134744748,0.0014957518423254837,1.0,1.0,-6.120880131764295,339424.9746904718,1473059.0764612553,4.3398664986410225,1473059.0764612553,4.3398664986410225,0.7577852063120335,0.08885800686213216,4.050238923387006,101325.0,128351.07116782667,1.2667265844345095,1.0,0.0,4.050238923387006,1.2862783109124125,1.286443250924842,3.1488044920185256,6671.938872405625,15561.403508771931,6446.3050239238555,0.00028199341260474076,22351.64396752544,2279.2333740395998,19268.437103240605,1964.8337712919913,0.8620590562034539,0.8620590562034539,35747.93130210987,32395.05729023726,1.1310067657934717,0.8,4731.693677755314,4287.898129693729,1.1310067657934717,0.8,17904.69678407069,17904.69678407069,1.0,0.8,3099.015535412006,3099.015535412006,6.705251630318932,3.9663426697912016,-1.9411708970048327,5.907513566796034,3.5,3.5,1.0,0.6,0.00012822374794852937,0.9999762106817436,0.00012822679837664496,203.66612077101155,0.0,0.0,0.0,0.021168097977116558,4.5215770833750894e-05,8.300797711477848e-05,0.0003362021398618936,0.08890338828705453,0.08890338828705453,0.08890338828705453,0.08885539301402945,0.0,0.0,0.0,0.0,0.0,0.0,1.0,1.0,0.0,1.0,1.0,526615.1077956093,582.7107118568412,0.0,0.08890338828705453,0.08885800686213216,0.08885800686213215,0.375,0.375,0.5,3.55837141863199e-05,3.410605131648481e-13,3.410605131648481e-13,3.410605131648481e-13,3.410605131648481e-13,3.410605131648481e-13,3.410605131648481e-13,24986.695161358417,18934.547947905878,0.7577852063120335,0.9195730095025746,0.5964816699730302,37569.03399132045,20600.0,0.0,0.0,0.0,0.0,0.0,0.0,0.0,0.0,0.0,0.0,0.0,0.0,0.0,0.0,0.0,0.0,0.0,0.0,0.0,0.0,37569.03399132045,20600.0,1.0,0.0,0.0,6.0,0.9,152975.75209065224,25495.958681775373,257.94662287589375,257.94662287589375,-15.203377124106225,239.57235011199296,276.3209289759723,149571.13561251794,149632.8506636953,-61.71505117734222,0.0,nan,276.3209289759723,3.1709289759723447,268.97119763656957,-4.178802363430407,261.62146781231536,-11.528532187684618,254.27174944875088,-18.878250551249096,246.92204326976116,-26.227956730238816,239.57235011199296,-33.577649888007016,1.0,1.0,25762.59804822658,25762.59804822658,275.7335511047957,2.583551104795731,275.7335511047957,275.7335511047957,74627.44965068105,74647.42883858974,-19.979187908684253,0.0,8575.796259387458,8575.796259387458,0.8783760704931873,4070.490118003941,275.7335511047957,2.583551104795731,1.0,0.002,1.2836648395882828,0.0002315687076594233,0.001984398637497413,8.367353961077629e-05,0.9921993187487065,0.9921993187487065,0.0,6.807217710818941e-05,0.9999705531584745,0.9999705531584745,0.0,0.08885539027448582,2.616587646341395e-06,0.0,0.0,0.0,1600580.9605493557,267.0291198682357,0.0,1.0,1283084.8215306925,2603.896239356245,,,,,,,,,,,,,,,,,9.0,15561.403508771931
2100.0,-35.62342623756691,3.9663426697912016,34.65481258407009,23.455903550516837,5.213041116794461,-31.5029932939619,-44.81365828597916,1.2139346244869307,-6.120880131764295,-6.1208801317646495,38.07176755923683,38362.828394892465,20779.67897120505,20779.67897120505,59142.50736609752,74252.29261943072,74647.42883858974,20779.67897120505,95427.10780979479,95427.10780979479,95427.10780979479,120413.8029711532,120413.7874440245,0.015527128695956119,0.0,90529.49839895991,55133.85838692209,39328.488902264246,24986.695161358417,64315.18406362266,18934.547947905878,1450.0,0.0,0.8882102140517784,2.767526134744748,0.0014957518423254837,1.0,1.0,-6.120880131764295,339424.9746904718,1473059.0764612553,4.3398664986410225,1473059.0764612553,4.3398664986410225,0.7577852063120335,0.08885800686213216,4.050238923387006,101325.0,128351.07116782667,1.2667265844345095,1.0,0.0,4.050238923387006,1.2862783109124125,1.286443250924842,3.1488044920185256,6671.938872405625,15561.403508771931,6446.3050239238555,0.00028199341260474076,22351.64396752544,2279.2333740395998,19268.437103240605,1964.8337712919913,0.8620590562034539,0.8620590562034539,35747.93130210987,32395.05729023726,1.1310067657934717,0.8,4731.693677755314,4287.898129693729,1.1310067657934717,0.8,17904.69678407069,17904.69678407069,1.0,0.8,3099.015535412006,3099.015535412006,6.705251630318932,3.9663426697912016,-1.9411708970048327,5.907513566796034,3.5,3.5,1.0,0.6,0.00012822374794852937,0.9999762106817436,0.00012822679837664496,203.66612077101155,0.0,0.0,0.0,0.021168097977116558,4.5215770833750894e-05,8.300797711477848e-05,0.0003362021398618936,0.08890338828705453,0.08890338828705453,0.08890338828705453,0.08885539301402945,0.0,0.0,0.0,0.0,0.0,0.0,1.0,1.0,0.0,1.0,1.0,526615.1077956093,582.7107118568412,0.0,0.08890338828705453,0.08885800686213216,0.08885800686213215,0.375,0.375,0.5,3.55837141863199e-05,3.410605131648481e-13,3.410605131648481e-13,3.410605131648481e-13,3.410605131648481e-13,3.410605131648481e-13,3.410605131648481e-13,24986.695161358417,18934.547947905878,0.7577852063120335,0.9195730095025746,0.5964816699730302,37569.03399132045,20600.0,0.0,0.0,0.0,0.0,0.0,0.0,0.0,0.0,0.0,0.0,0.0,0.0,0.0,0.0,0.0,0.0,0.0,0.0,0.0,0.0,37569.03399132045,20600.0,1.0,0.0,0.0,6.0,0.9,152975.75209065224,25495.958681775373,257.94662287589375,257.94662287589375,-15.203377124106225,239.57235011199296,276.3209289759723,149571.13561251794,149632.8506636953,-61.71505117734222,0.0,nan,276.3209289759723,3.1709289759723447,268.97119763656957,-4.178802363430407,261.62146781231536,-11.528532187684618,254.27174944875088,-18.878250551249096,246.92204326976116,-26.227956730238816,239.57235011199296,-33.577649888007016,1.0,1.0,25762.59804822658,25762.59804822658,275.7335511047957,2.583551104795731,275.7335511047957,275.7335511047957,74627.44965068105,74647.42883858974,-19.979187908684253,0.0,8575.796259387458,8575.796259387458,0.8783760704931873,4070.490118003941,275.7335511047957,2.583551104795731,1.0,0.002,1.2836648395882828,0.0002315687076594233,0.001984398637497413,8.367353961077629e-05,0.9921993187487065,0.9921993187487065,0.0,6.807217710818941e-05,0.9999705531584745,0.9999705531584745,0.0,0.08885539027448582,2.616587646341395e-06,0.0,0.0,0.0,1600580.9605493557,267.0291198682357,0.0,1.0,1283084.8215306925,2603.896239356245,,,,,,,,,,,,,,,,,9.0,15561.403508771931
2130.0,-35.62342623756691,3.9663426697912016,34.65481258407009,23.455903550516837,5.213041116794461,-31.5029932939619,-44.81365828597916,1.2139346244869307,-6.120880131764295,-6.1208801317646495,38.07176755923683,38362.828394892465,20779.67897120505,20779.67897120505,59142.50736609752,74252.29261943072,74647.42883858974,20779.67897120505,95427.10780979479,95427.10780979479,95427.10780979479,120413.8029711532,120413.7874440245,0.015527128695956119,0.0,90529.49839895991,55133.85838692209,39328.488902264246,24986.695161358417,64315.18406362266,18934.547947905878,1450.0,0.0,0.8882102140517784,2.767526134744748,0.0014957518423254837,1.0,1.0,-6.120880131764295,339424.9746904718,1473059.0764612553,4.3398664986410225,1473059.0764612553,4.3398664986410225,0.7577852063120335,0.08885800686213216,4.050238923387006,101325.0,128351.07116782667,1.2667265844345095,1.0,0.0,4.050238923387006,1.2862783109124125,1.286443250924842,3.1488044920185256,6671.938872405625,15561.403508771931,6446.3050239238555,0.00028199341260474076,22351.64396752544,2279.2333740395998,19268.437103240605,1964.8337712919913,0.8620590562034539,0.8620590562034539,35747.93130210987,32395.05729023726,1.1310067657934717,0.8,4731.693677755314,4287.898129693729,1.1310067657934717,0.8,17904.69678407069,17904.69678407069,1.0,0.8,3099.015535412006,3099.015535412006,6.705251630318932,3.9663426697912016,-1.9411708970048327,5.907513566796034,3.5,3.5,1.0,0.6,0.00012822374794852937,0.9999762106817436,0.00012822679837664496,203.66612077101155,0.0,0.0,0.0,0.021168097977116558,4.5215770833750894e-05,8.300797711477848e-05,0.0003362021398618936,0.08890338828705453,0.08890338828705453,0.08890338828705453,0.08885539301402945,0.0,0.0,0.0,0.0,0.0,0.0,1.0,1.0,0.0,1.0,1.0,526615.1077956093,582.7107118568412,0.0,0.08890338828705453,0.08885800686213216,0.08885800686213215,0.375,0.375,0.5,3.55837141863199e-05,3.410605131648481e-13,3.410605131648481e-13,3.410605131648481e-13,3.410605131648481e-13,3.410605131648481e-13,3.410605131648481e-13,24986.695161358417,18934.547947905878,0.7577852063120335,0.9195730095025746,0.5964816699730302,37569.03399132045,20600.0,0.0,0.0,0.0,0.0,0.0,0.0,0.0,0.0,0.0,0.0,0.0,0.0,0.0,0.0,0.0,0.0,0.0,0.0,0.0,0.0,37569.03399132045,20600.0,1.0,0.0,0.0,6.0,0.9,152975.75209065224,25495.958681775373,257.94662287589375,257.94662287589375,-15.203377124106225,239.57235011199296,276.3209289759723,149571.13561251794,149632.8506636953,-61.71505117734222,0.0,nan,276.3209289759723,3.1709289759723447,268.97119763656957,-4.178802363430407,261.62146781231536,-11.528532187684618,254.27174944875088,-18.878250551249096,246.92204326976116,-26.227956730238816,239.57235011199296,-33.577649888007016,1.0,1.0,25762.59804822658,25762.59804822658,275.7335511047957,2.583551104795731,275.7335511047957,275.7335511047957,74627.44965068105,74647.42883858974,-19.979187908684253,0.0,8575.796259387458,8575.796259387458,0.8783760704931873,4070.490118003941,275.7335511047957,2.583551104795731,1.0,0.002,1.2836648395882828,0.0002315687076594233,0.001984398637497413,8.367353961077629e-05,0.9921993187487065,0.9921993187487065,0.0,6.807217710818941e-05,0.9999705531584745,0.9999705531584745,0.0,0.08885539027448582,2.616587646341395e-06,0.0,0.0,0.0,1600580.9605493557,267.0291198682357,0.0,1.0,1283084.8215306925,2603.896239356245,,,,,,,,,,,,,,,,,9.0,15561.403508771931
2160.0,-35.62342623756691,3.9663426697912016,34.65481258407009,23.455903550516837,5.213041116794461,-31.5029932939619,-44.81365828597916,1.2139346244869307,-6.120880131764295,-6.1208801317646495,38.07176755923683,38362.828394892465,20779.67897120505,20779.67897120505,59142.50736609752,74252.29261943072,74647.42883858974,20779.67897120505,95427.10780979479,95427.10780979479,95427.10780979479,120413.8029711532,120413.7874440245,0.015527128695956119,0.0,90529.49839895991,55133.85838692209,39328.488902264246,24986.695161358417,64315.18406362266,18934.547947905878,1450.0,0.0,0.8882102140517784,2.767526134744748,0.0014957518423254837,1.0,1.0,-6.120880131764295,339424.9746904718,1473059.0764612553,4.3398664986410225,1473059.0764612553,4.3398664986410225,0.7577852063120335,0.08885800686213216,4.050238923387006,101325.0,128351.07116782667,1.2667265844345095,1.0,0.0,4.050238923387006,1.2862783109124125,1.286443250924842,3.1488044920185256,6671.938872405625,15561.403508771931,6446.3050239238555,0.00028199341260474076,22351.64396752544,2279.2333740395998,19268.437103240605,1964.8337712919913,0.8620590562034539,0.8620590562034539,35747.93130210987,32395.05729023726,1.1310067657934717,0.8,4731.693677755314,4287.898129693729,1.1310067657934717,0.8,17904.69678407069,17904.69678407069,1.0,0.8,3099.015535412006,3099.015535412006,6.705251630318932,3.9663426697912016,-1.9411708970048327,5.907513566796034,3.5,3.5,1.0,0.6,0.00012822374794852937,0.9999762106817436,0.00012822679837664496,203.66612077101155,0.0,0.0,0.0,0.021168097977116558,4.5215770833750894e-05,8.300797711477848e-05,0.0003362021398618936,0.08890338828705453,0.08890338828705453,0.08890338828705453,0.08885539301402945,0.0,0.0,0.0,0.0,0.0,0.0,1.0,1.0,0.0,1.0,1.0,526615.1077956093,582.7107118568412,0.0,0.08890338828705453,0.08885800686213216,0.08885800686213215,0.375,0.375,0.5,3.55837141863199e-05,3.410605131648481e-13,3.410605131648481e-13,3.410605131648481e-13,3.410605131648481e-13,3.410605131648481e-13,3.410605131648481e-13,24986.695161358417,18934.547947905878,0.7577852063120335,0.9195730095025746,0.5964816699730302,37569.03399132045,20600.0,0.0,0.0,0.0,0.0,0.0,0.0,0.0,0.0,0.0,0.0,0.0,0.0,0.0,0.0,0.0,0.0,0.0,0.0,0.0,0.0,37569.03399132045,20600.0,1.0,0.0,0.0,6.0,0.9,152975.75209065224,25495.958681775373,257.94662287589375,257.94662287589375,-15.203377124106225,239.57235011199296,276.3209289759723,149571.13561251794,149632.8506636953,-61.71505117734222,0.0,nan,276.3209289759723,3.1709289759723447,268.97119763656957,-4.178802363430407,261.62146781231536,-11.528532187684618,254.27174944875088,-18.878250551249096,246.92204326976116,-26.227956730238816,239.57235011199296,-33.577649888007016,1.0,1.0,25762.59804822658,25762.59804822658,275.7335511047957,2.583551104795731,275.7335511047957,275.7335511047957,74627.44965068105,74647.42883858974,-19.979187908684253,0.0,8575.796259387458,8575.796259387458,0.8783760704931873,4070.490118003941,275.7335511047957,2.583551104795731,1.0,0.002,1.2836648395882828,0.0002315687076594233,0.001984398637497413,8.367353961077629e-05,0.9921993187487065,0.9921993187487065,0.0,6.807217710818941e-05,0.9999705531584745,0.9999705531584745,0.0,0.08885539027448582,2.616587646341395e-06,0.0,0.0,0.0,1600580.9605493557,267.0291198682357,0.0,1.0,1283084.8215306925,2603.896239356245,,,,,,,,,,,,,,,,,9.0,15561.403508771931
2190.0,-35.62342623756691,3.9663426697912016,34.65481258407009,23.455903550516837,5.213041116794461,-31.5029932939619,-44.81365828597916,1.2139346244869307,-6.120880131764295,-6.1208801317646495,38.07176755923683,38362.828394892465,20779.67897120505,20779.67897120505,59142.50736609752,74252.29261943072,74647.42883858974,20779.67897120505,95427.10780979479,95427.10780979479,95427.10780979479,120413.8029711532,120413.7874440245,0.015527128695956119,0.0,90529.49839895991,55133.85838692209,39328.488902264246,24986.695161358417,64315.18406362266,18934.547947905878,1450.0,0.0,0.8882102140517784,2.767526134744748,0.0014957518423254837,1.0,1.0,-6.120880131764295,339424.9746904718,1473059.0764612553,4.3398664986410225,1473059.0764612553,4.3398664986410225,0.7577852063120335,0.08885800686213216,4.050238923387006,101325.0,128351.07116782667,1.2667265844345095,1.0,0.0,4.050238923387006,1.2862783109124125,1.286443250924842,3.1488044920185256,6671.938872405625,15561.403508771931,6446.3050239238555,0.00028199341260474076,22351.64396752544,2279.2333740395998,19268.437103240605,1964.8337712919913,0.8620590562034539,0.8620590562034539,35747.93130210987,32395.05729023726,1.1310067657934717,0.8,4731.693677755314,4287.898129693729,1.1310067657934717,0.8,17904.69678407069,17904.69678407069,1.0,0.8,3099.015535412006,3099.015535412006,6.705251630318932,3.9663426697912016,-1.9411708970048327,5.907513566796034,3.5,3.5,1.0,0.6,0.00012822374794852937,0.9999762106817436,0.00012822679837664496,203.66612077101155,0.0,0.0,0.0,0.021168097977116558,4.5215770833750894e-05,8.300797711477848e-05,0.0003362021398618936,0.08890338828705453,0.08890338828705453,0.08890338828705453,0.08885539301402945,0.0,0.0,0.0,0.0,0.0,0.0,1.0,1.0,0.0,1.0,1.0,526615.1077956093,582.7107118568412,0.0,0.08890338828705453,0.08885800686213216,0.08885800686213215,0.375,0.375,0.5,3.55837141863199e-05,3.410605131648481e-13,3.410605131648481e-13,3.410605131648481e-13,3.410605131648481e-13,3.410605131648481e-13,3.410605131648481e-13,24986.695161358417,18934.547947905878,0.7577852063120335,0.9195730095025746,0.5964816699730302,37569.03399132045,20600.0,0.0,0.0,0.0,0.0,0.0,0.0,0.0,0.0,0.0,0.0,0.0,0.0,0.0,0.0,0.0,0.0,0.0,0.0,0.0,0.0,37569.03399132045,20600.0,1.0,0.0,0.0,6.0,0.9,152975.75209065224,25495.958681775373,257.94662287589375,257.94662287589375,-15.203377124106225,239.57235011199296,276.3209289759723,149571.13561251794,149632.8506636953,-61.71505117734222,0.0,nan,276.3209289759723,3.1709289759723447,268.97119763656957,-4.178802363430407,261.62146781231536,-11.528532187684618,254.27174944875088,-18.878250551249096,246.92204326976116,-26.227956730238816,239.57235011199296,-33.577649888007016,1.0,1.0,25762.59804822658,25762.59804822658,275.7335511047957,2.583551104795731,275.7335511047957,275.7335511047957,74627.44965068105,74647.42883858974,-19.979187908684253,0.0,8575.796259387458,8575.796259387458,0.8783760704931873,4070.490118003941,275.7335511047957,2.583551104795731,1.0,0.002,1.2836648395882828,0.0002315687076594233,0.001984398637497413,8.367353961077629e-05,0.9921993187487065,0.9921993187487065,0.0,6.807217710818941e-05,0.9999705531584745,0.9999705531584745,0.0,0.08885539027448582,2.616587646341395e-06,0.0,0.0,0.0,1600580.9605493557,267.0291198682357,0.0,1.0,1283084.8215306925,2603.896239356245,,,,,,,,,,,,,,,,,9.0,15561.403508771931
2220.0,-35.62342623756691,3.9663426697912016,34.65481258407009,23.455903550516837,5.213041116794461,-31.5029932939619,-44.81365828597916,1.2139346244869307,-6.120880131764295,-6.1208801317646495,38.07176755923683,38362.828394892465,20779.67897120505,20779.67897120505,59142.50736609752,74252.29261943072,74647.42883858974,20779.67897120505,95427.10780979479,95427.10780979479,95427.10780979479,120413.8029711532,120413.7874440245,0.015527128695956119,0.0,90529.49839895991,55133.85838692209,39328.488902264246,24986.695161358417,64315.18406362266,18934.547947905878,1450.0,0.0,0.8882102140517784,2.767526134744748,0.0014957518423254837,1.0,1.0,-6.120880131764295,339424.9746904718,1473059.0764612553,4.3398664986410225,1473059.0764612553,4.3398664986410225,0.7577852063120335,0.08885800686213216,4.050238923387006,101325.0,128351.07116782667,1.2667265844345095,1.0,0.0,4.050238923387006,1.2862783109124125,1.286443250924842,3.1488044920185256,6671.938872405625,15561.403508771931,6446.3050239238555,0.00028199341260474076,22351.64396752544,2279.2333740395998,19268.437103240605,1964.8337712919913,0.8620590562034539,0.8620590562034539,35747.93130210987,32395.05729023726,1.1310067657934717,0.8,4731.693677755314,4287.898129693729,1.1310067657934717,0.8,17904.69678407069,17904.69678407069,1.0,0.8,3099.015535412006,3099.015535412006,6.705251630318932,3.9663426697912016,-1.9411708970048327,5.907513566796034,3.5,3.5,1.0,0.6,0.00012822374794852937,0.9999762106817436,0.00012822679837664496,203.66612077101155,0.0,0.0,0.0,0.021168097977116558,4.5215770833750894e-05,8.300797711477848e-05,0.0003362021398618936,0.08890338828705453,0.08890338828705453,0.08890338828705453,0.08885539301402945,0.0,0.0,0.0,0.0,0.0,0.0,1.0,1.0,0.0,1.0,1.0,526615.1077956093,582.7107118568412,0.0,0.08890338828705453,0.08885800686213216,0.08885800686213215,0.375,0.375,0.5,3.55837141863199e-05,3.410605131648481e-13,3.410605131648481e-13,3.410605131648481e-13,3.410605131648481e-13,3.410605131648481e-13,3.410605131648481e-13,24986.695161358417,18934.547947905878,0.7577852063120335,0.9195730095025746,0.5964816699730302,37569.03399132045,20600.0,0.0,0.0,0.0,0.0,0.0,0.0,0.0,0.0,0.0,0.0,0.0,0.0,0.0,0.0,0.0,0.0,0.0,0.0,0.0,0.0,37569.03399132045,20600.0,1.0,0.0,0.0,6.0,0.9,152975.75209065224,25495.958681775373,257.94662287589375,257.94662287589375,-15.203377124106225,239.57235011199296,276.3209289759723,149571.13561251794,149632.8506636953,-61.71505117734222,0.0,nan,276.3209289759723,3.1709289759723447,268.97119763656957,-4.178802363430407,261.62146781231536,-11.528532187684618,254.27174944875088,-18.878250551249096,246.92204326976116,-26.227956730238816,239.57235011199296,-33.577649888007016,1.0,1.0,25762.59804822658,25762.59804822658,275.7335511047957,2.583551104795731,275.7335511047957,275.7335511047957,74627.44965068105,74647.42883858974,-19.979187908684253,0.0,8575.796259387458,8575.796259387458,0.8783760704931873,4070.490118003941,275.7335511047957,2.583551104795731,1.0,0.002,1.2836648395882828,0.0002315687076594233,0.001984398637497413,8.367353961077629e-05,0.9921993187487065,0.9921993187487065,0.0,6.807217710818941e-05,0.9999705531584745,0.9999705531584745,0.0,0.08885539027448582,2.616587646341395e-06,0.0,0.0,0.0,1600580.9605493557,267.0291198682357,0.0,1.0,1283084.8215306925,2603.896239356245,,,,,,,,,,,,,,,,,9.0,15561.403508771931
2250.0,-35.62342623756691,3.9663426697912016,34.65481258407009,23.455903550516837,5.213041116794461,-31.5029932939619,-44.81365828597916,1.2139346244869307,-6.120880131764295,-6.1208801317646495,38.07176755923683,38362.828394892465,20779.67897120505,20779.67897120505,59142.50736609752,74252.29261943072,74647.42883858974,20779.67897120505,95427.10780979479,95427.10780979479,95427.10780979479,120413.8029711532,120413.7874440245,0.015527128695956119,0.0,90529.49839895991,55133.85838692209,39328.488902264246,24986.695161358417,64315.18406362266,18934.547947905878,1450.0,0.0,0.8882102140517784,2.767526134744748,0.0014957518423254837,1.0,1.0,-6.120880131764295,339424.9746904718,1473059.0764612553,4.3398664986410225,1473059.0764612553,4.3398664986410225,0.7577852063120335,0.08885800686213216,4.050238923387006,101325.0,128351.07116782667,1.2667265844345095,1.0,0.0,4.050238923387006,1.2862783109124125,1.286443250924842,3.1488044920185256,6671.938872405625,15561.403508771931,6446.3050239238555,0.00028199341260474076,22351.64396752544,2279.2333740395998,19268.437103240605,1964.8337712919913,0.8620590562034539,0.8620590562034539,35747.93130210987,32395.05729023726,1.1310067657934717,0.8,4731.693677755314,4287.898129693729,1.1310067657934717,0.8,17904.69678407069,17904.69678407069,1.0,0.8,3099.015535412006,3099.015535412006,6.705251630318932,3.9663426697912016,-1.9411708970048327,5.907513566796034,3.5,3.5,1.0,0.6,0.00012822374794852937,0.9999762106817436,0.00012822679837664496,203.66612077101155,0.0,0.0,0.0,0.021168097977116558,4.5215770833750894e-05,8.300797711477848e-05,0.0003362021398618936,0.08890338828705453,0.08890338828705453,0.08890338828705453,0.08885539301402945,0.0,0.0,0.0,0.0,0.0,0.0,1.0,1.0,0.0,1.0,1.0,526615.1077956093,582.7107118568412,0.0,0.08890338828705453,0.08885800686213216,0.08885800686213215,0.375,0.375,0.5,3.55837141863199e-05,3.410605131648481e-13,3.410605131648481e-13,3.410605131648481e-13,3.410605131648481e-13,3.410605131648481e-13,3.410605131648481e-13,24986.695161358417,18934.547947905878,0.7577852063120335,0.9195730095025746,0.5964816699730302,37569.03399132045,20600.0,0.0,0.0,0.0,0.0,0.0,0.0,0.0,0.0,0.0,0.0,0.0,0.0,0.0,0.0,0.0,0.0,0.0,0.0,0.0,0.0,37569.03399132045,20600.0,1.0,0.0,0.0,6.0,0.9,152975.75209065224,25495.958681775373,257.94662287589375,257.94662287589375,-15.203377124106225,239.57235011199296,276.3209289759723,149571.13561251794,149632.8506636953,-61.71505117734222,0.0,nan,276.3209289759723,3.1709289759723447,268.97119763656957,-4.178802363430407,261.62146781231536,-11.528532187684618,254.27174944875088,-18.878250551249096,246.92204326976116,-26.227956730238816,239.57235011199296,-33.577649888007016,1.0,1.0,25762.59804822658,25762.59804822658,275.7335511047957,2.583551104795731,275.7335511047957,275.7335511047957,74627.44965068105,74647.42883858974,-19.979187908684253,0.0,8575.796259387458,8575.796259387458,0.8783760704931873,4070.490118003941,275.7335511047957,2.583551104795731,1.0,0.002,1.2836648395882828,0.0002315687076594233,0.001984398637497413,8.367353961077629e-05,0.9921993187487065,0.9921993187487065,0.0,6.807217710818941e-05,0.9999705531584745,0.9999705531584745,0.0,0.08885539027448582,2.616587646341395e-06,0.0,0.0,0.0,1600580.9605493557,267.0291198682357,0.0,1.0,1283084.8215306925,2603.896239356245,,,,,,,,,,,,,,,,,9.0,15561.403508771931
2280.0,-35.62342623756691,3.9663426697912016,34.65481258407009,23.455903550516837,5.213041116794461,-31.5029932939619,-44.81365828597916,1.2139346244869307,-6.120880131764295,-6.1208801317646495,38.07176755923683,38362.828394892465,20779.67897120505,20779.67897120505,59142.50736609752,74252.29261943072,74647.42883858974,20779.67897120505,95427.10780979479,95427.10780979479,95427.10780979479,120413.8029711532,120413.7874440245,0.015527128695956119,0.0,90529.49839895991,55133.85838692209,39328.488902264246,24986.695161358417,64315.18406362266,18934.547947905878,1450.0,0.0,0.8882102140517784,2.767526134744748,0.0014957518423254837,1.0,1.0,-6.120880131764295,339424.9746904718,1473059.0764612553,4.3398664986410225,1473059.0764612553,4.3398664986410225,0.7577852063120335,0.08885800686213216,4.050238923387006,101325.0,128351.07116782667,1.2667265844345095,1.0,0.0,4.050238923387006,1.2862783109124125,1.286443250924842,3.1488044920185256,6671.938872405625,15561.403508771931,6446.3050239238555,0.00028199341260474076,22351.64396752544,2279.2333740395998,19268.437103240605,1964.8337712919913,0.8620590562034539,0.8620590562034539,35747.93130210987,32395.05729023726,1.1310067657934717,0.8,4731.693677755314,4287.898129693729,1.1310067657934717,0.8,17904.69678407069,17904.69678407069,1.0,0.8,3099.015535412006,3099.015535412006,6.705251630318932,3.9663426697912016,-1.9411708970048327,5.907513566796034,3.5,3.5,1.0,0.6,0.00012822374794852937,0.9999762106817436,0.00012822679837664496,203.66612077101155,0.0,0.0,0.0,0.021168097977116558,4.5215770833750894e-05,8.300797711477848e-05,0.0003362021398618936,0.08890338828705453,0.08890338828705453,0.08890338828705453,0.08885539301402945,0.0,0.0,0.0,0.0,0.0,0.0,1.0,1.0,0.0,1.0,1.0,526615.1077956093,582.7107118568412,0.0,0.08890338828705453,0.08885800686213216,0.08885800686213215,0.375,0.375,0.5,3.55837141863199e-05,3.410605131648481e-13,3.410605131648481e-13,3.410605131648481e-13,3.410605131648481e-13,3.410605131648481e-13,3.410605131648481e-13,24986.695161358417,18934.547947905878,0.7577852063120335,0.9195730095025746,0.5964816699730302,37569.03399132045,20600.0,0.0,0.0,0.0,0.0,0.0,0.0,0.0,0.0,0.0,0.0,0.0,0.0,0.0,0.0,0.0,0.0,0.0,0.0,0.0,0.0,37569.03399132045,20600.0,1.0,0.0,0.0,6.0,0.9,152975.75209065224,25495.958681775373,257.94662287589375,257.94662287589375,-15.203377124106225,239.57235011199296,276.3209289759723,149571.13561251794,149632.8506636953,-61.71505117734222,0.0,nan,276.3209289759723,3.1709289759723447,268.97119763656957,-4.178802363430407,261.62146781231536,-11.528532187684618,254.27174944875088,-18.878250551249096,246.92204326976116,-26.227956730238816,239.57235011199296,-33.577649888007016,1.0,1.0,25762.59804822658,25762.59804822658,275.7335511047957,2.583551104795731,275.7335511047957,275.7335511047957,74627.44965068105,74647.42883858974,-19.979187908684253,0.0,8575.796259387458,8575.796259387458,0.8783760704931873,4070.490118003941,275.7335511047957,2.583551104795731,1.0,0.002,1.2836648395882828,0.0002315687076594233,0.001984398637497413,8.367353961077629e-05,0.9921993187487065,0.9921993187487065,0.0,6.807217710818941e-05,0.9999705531584745,0.9999705531584745,0.0,0.08885539027448582,2.616587646341395e-06,0.0,0.0,0.0,1600580.9605493557,267.0291198682357,0.0,1.0,1283084.8215306925,2603.896239356245,,,,,,,,,,,,,,,,,9.0,15561.403508771931
2310.0,-35.62342623756691,3.9663426697912016,34.65481258407009,23.455903550516837,5.213041116794461,-31.5029932939619,-44.81365828597916,1.2139346244869307,-6.120880131764295,-6.1208801317646495,38.07176755923683,38362.828394892465,20779.67897120505,20779.67897120505,59142.50736609752,74252.29261943072,74647.42883858974,20779.67897120505,95427.10780979479,95427.10780979479,95427.10780979479,120413.8029711532,120413.7874440245,0.015527128695956119,0.0,90529.49839895991,55133.85838692209,39328.488902264246,24986.695161358417,64315.18406362266,18934.547947905878,1450.0,0.0,0.8882102140517784,2.767526134744748,0.0014957518423254837,1.0,1.0,-6.120880131764295,339424.9746904718,1473059.0764612553,4.3398664986410225,1473059.0764612553,4.3398664986410225,0.7577852063120335,0.08885800686213216,4.050238923387006,101325.0,128351.07116782667,1.2667265844345095,1.0,0.0,4.050238923387006,1.2862783109124125,1.286443250924842,3.1488044920185256,6671.938872405625,15561.403508771931,6446.3050239238555,0.00028199341260474076,22351.64396752544,2279.2333740395998,19268.437103240605,1964.8337712919913,0.8620590562034539,0.8620590562034539,35747.93130210987,32395.05729023726,1.1310067657934717,0.8,4731.693677755314,4287.898129693729,1.1310067657934717,0.8,17904.69678407069,17904.69678407069,1.0,0.8,3099.015535412006,3099.015535412006,6.705251630318932,3.9663426697912016,-1.9411708970048327,5.907513566796034,3.5,3.5,1.0,0.6,0.00012822374794852937,0.9999762106817436,0.00012822679837664496,203.66612077101155,0.0,0.0,0.0,0.021168097977116558,4.5215770833750894e-05,8.300797711477848e-05,0.0003362021398618936,0.08890338828705453,0.08890338828705453,0.08890338828705453,0.08885539301402945,0.0,0.0,0.0,0.0,0.0,0.0,1.0,1.0,0.0,1.0,1.0,526615.1077956093,582.7107118568412,0.0,0.08890338828705453,0.08885800686213216,0.08885800686213215,0.375,0.375,0.5,3.55837141863199e-05,3.410605131648481e-13,3.410605131648481e-13,3.410605131648481e-13,3.410605131648481e-13,3.410605131648481e-13,3.410605131648481e-13,24986.695161358417,18934.547947905878,0.7577852063120335,0.9195730095025746,0.5964816699730302,37569.03399132045,20600.0,0.0,0.0,0.0,0.0,0.0,0.0,0.0,0.0,0.0,0.0,0.0,0.0,0.0,0.0,0.0,0.0,0.0,0.0,0.0,0.0,37569.03399132045,20600.0,1.0,0.0,0.0,6.0,0.9,152975.75209065224,25495.958681775373,257.94662287589375,257.94662287589375,-15.203377124106225,239.57235011199296,276.3209289759723,149571.13561251794,149632.8506636953,-61.71505117734222,0.0,nan,276.3209289759723,3.1709289759723447,268.97119763656957,-4.178802363430407,261.62146781231536,-11.528532187684618,254.27174944875088,-18.878250551249096,246.92204326976116,-26.227956730238816,239.57235011199296,-33.577649888007016,1.0,1.0,25762.59804822658,25762.59804822658,275.7335511047957,2.583551104795731,275.7335511047957,275.7335511047957,74627.44965068105,74647.42883858974,-19.979187908684253,0.0,8575.796259387458,8575.796259387458,0.8783760704931873,4070.490118003941,275.7335511047957,2.583551104795731,1.0,0.002,1.2836648395882828,0.0002315687076594233,0.001984398637497413,8.367353961077629e-05,0.9921993187487065,0.9921993187487065,0.0,6.807217710818941e-05,0.9999705531584745,0.9999705531584745,0.0,0.08885539027448582,2.616587646341395e-06,0.0,0.0,0.0,1600580.9605493557,267.0291198682357,0.0,1.0,1283084.8215306925,2603.896239356245,,,,,,,,,,,,,,,,,9.0,15561.403508771931
2340.0,-35.62342623756691,3.9663426697912016,34.65481258407009,23.455903550516837,5.213041116794461,-31.5029932939619,-44.81365828597916,1.2139346244869307,-6.120880131764295,-6.1208801317646495,38.07176755923683,38362.828394892465,20779.67897120505,20779.67897120505,59142.50736609752,74252.29261943072,74647.42883858974,20779.67897120505,95427.10780979479,95427.10780979479,95427.10780979479,120413.8029711532,120413.7874440245,0.015527128695956119,0.0,90529.49839895991,55133.85838692209,39328.488902264246,24986.695161358417,64315.18406362266,18934.547947905878,1450.0,0.0,0.8882102140517784,2.767526134744748,0.0014957518423254837,1.0,1.0,-6.120880131764295,339424.9746904718,1473059.0764612553,4.3398664986410225,1473059.0764612553,4.3398664986410225,0.7577852063120335,0.08885800686213216,4.050238923387006,101325.0,128351.07116782667,1.2667265844345095,1.0,0.0,4.050238923387006,1.2862783109124125,1.286443250924842,3.1488044920185256,6671.938872405625,15561.403508771931,6446.3050239238555,0.00028199341260474076,22351.64396752544,2279.2333740395998,19268.437103240605,1964.8337712919913,0.8620590562034539,0.8620590562034539,35747.93130210987,32395.05729023726,1.1310067657934717,0.8,4731.693677755314,4287.898129693729,1.1310067657934717,0.8,17904.69678407069,17904.69678407069,1.0,0.8,3099.015535412006,3099.015535412006,6.705251630318932,3.9663426697912016,-1.9411708970048327,5.907513566796034,3.5,3.5,1.0,0.6,0.00012822374794852937,0.9999762106817436,0.00012822679837664496,203.66612077101155,0.0,0.0,0.0,0.021168097977116558,4.5215770833750894e-05,8.300797711477848e-05,0.0003362021398618936,0.08890338828705453,0.08890338828705453,0.08890338828705453,0.08885539301402945,0.0,0.0,0.0,0.0,0.0,0.0,1.0,1.0,0.0,1.0,1.0,526615.1077956093,582.7107118568412,0.0,0.08890338828705453,0.08885800686213216,0.08885800686213215,0.375,0.375,0.5,3.55837141863199e-05,3.410605131648481e-13,3.410605131648481e-13,3.410605131648481e-13,3.410605131648481e-13,3.410605131648481e-13,3.410605131648481e-13,24986.695161358417,18934.547947905878,0.7577852063120335,0.9195730095025746,0.5964816699730302,37569.03399132045,20600.0,0.0,0.0,0.0,0.0,0.0,0.0,0.0,0.0,0.0,0.0,0.0,0.0,0.0,0.0,0.0,0.0,0.0,0.0,0.0,0.0,37569.03399132045,20600.0,1.0,0.0,0.0,6.0,0.9,152975.75209065224,25495.958681775373,257.94662287589375,257.94662287589375,-15.203377124106225,239.57235011199296,276.3209289759723,149571.13561251794,149632.8506636953,-61.71505117734222,0.0,nan,276.3209289759723,3.1709289759723447,268.97119763656957,-4.178802363430407,261.62146781231536,-11.528532187684618,254.27174944875088,-18.878250551249096,246.92204326976116,-26.227956730238816,239.57235011199296,-33.577649888007016,1.0,1.0,25762.59804822658,25762.59804822658,275.7335511047957,2.583551104795731,275.7335511047957,275.7335511047957,74627.44965068105,74647.42883858974,-19.979187908684253,0.0,8575.796259387458,8575.796259387458,0.8783760704931873,4070.490118003941,275.7335511047957,2.583551104795731,1.0,0.002,1.2836648395882828,0.0002315687076594233,0.001984398637497413,8.367353961077629e-05,0.9921993187487065,0.9921993187487065,0.0,6.807217710818941e-05,0.9999705531584745,0.9999705531584745,0.0,0.08885539027448582,2.616587646341395e-06,0.0,0.0,0.0,1600580.9605493557,267.0291198682357,0.0,1.0,1283084.8215306925,2603.896239356245,,,,,,,,,,,,,,,,,9.0,15561.403508771931
2370.0,-35.62342623756691,3.9663426697912016,34.65481258407009,23.455903550516837,5.213041116794461,-31.5029932939619,-44.81365828597916,1.2139346244869307,-6.120880131764295,-6.1208801317646495,38.07176755923683,38362.828394892465,20779.67897120505,20779.67897120505,59142.50736609752,74252.29261943072,74647.42883858974,20779.67897120505,95427.10780979479,95427.10780979479,95427.10780979479,120413.8029711532,120413.7874440245,0.015527128695956119,0.0,90529.49839895991,55133.85838692209,39328.488902264246,24986.695161358417,64315.18406362266,18934.547947905878,1450.0,0.0,0.8882102140517784,2.767526134744748,0.0014957518423254837,1.0,1.0,-6.120880131764295,339424.9746904718,1473059.0764612553,4.3398664986410225,1473059.0764612553,4.3398664986410225,0.7577852063120335,0.08885800686213216,4.050238923387006,101325.0,128351.07116782667,1.2667265844345095,1.0,0.0,4.050238923387006,1.2862783109124125,1.286443250924842,3.1488044920185256,6671.938872405625,15561.403508771931,6446.3050239238555,0.00028199341260474076,22351.64396752544,2279.2333740395998,19268.437103240605,1964.8337712919913,0.8620590562034539,0.8620590562034539,35747.93130210987,32395.05729023726,1.1310067657934717,0.8,4731.693677755314,4287.898129693729,1.1310067657934717,0.8,17904.69678407069,17904.69678407069,1.0,0.8,3099.015535412006,3099.015535412006,6.705251630318932,3.9663426697912016,-1.9411708970048327,5.907513566796034,3.5,3.5,1.0,0.6,0.00012822374794852937,0.9999762106817436,0.00012822679837664496,203.66612077101155,0.0,0.0,0.0,0.021168097977116558,4.5215770833750894e-05,8.300797711477848e-05,0.0003362021398618936,0.08890338828705453,0.08890338828705453,0.08890338828705453,0.08885539301402945,0.0,0.0,0.0,0.0,0.0,0.0,1.0,1.0,0.0,1.0,1.0,526615.1077956093,582.7107118568412,0.0,0.08890338828705453,0.08885800686213216,0.08885800686213215,0.375,0.375,0.5,3.55837141863199e-05,3.410605131648481e-13,3.410605131648481e-13,3.410605131648481e-13,3.410605131648481e-13,3.410605131648481e-13,3.410605131648481e-13,24986.695161358417,18934.547947905878,0.7577852063120335,0.9195730095025746,0.5964816699730302,37569.03399132045,20600.0,0.0,0.0,0.0,0.0,0.0,0.0,0.0,0.0,0.0,0.0,0.0,0.0,0.0,0.0,0.0,0.0,0.0,0.0,0.0,0.0,37569.03399132045,20600.0,1.0,0.0,0.0,6.0,0.9,152975.75209065224,25495.958681775373,257.94662287589375,257.94662287589375,-15.203377124106225,239.57235011199296,276.3209289759723,149571.13561251794,149632.8506636953,-61.71505117734222,0.0,nan,276.3209289759723,3.1709289759723447,268.97119763656957,-4.178802363430407,261.62146781231536,-11.528532187684618,254.27174944875088,-18.878250551249096,246.92204326976116,-26.227956730238816,239.57235011199296,-33.577649888007016,1.0,1.0,25762.59804822658,25762.59804822658,275.7335511047957,2.583551104795731,275.7335511047957,275.7335511047957,74627.44965068105,74647.42883858974,-19.979187908684253,0.0,8575.796259387458,8575.796259387458,0.8783760704931873,4070.490118003941,275.7335511047957,2.583551104795731,1.0,0.002,1.2836648395882828,0.0002315687076594233,0.001984398637497413,8.367353961077629e-05,0.9921993187487065,0.9921993187487065,0.0,6.807217710818941e-05,0.9999705531584745,0.9999705531584745,0.0,0.08885539027448582,2.616587646341395e-06,0.0,0.0,0.0,1600580.9605493557,267.0291198682357,0.0,1.0,1283084.8215306925,2603.896239356245,,,,,,,,,,,,,,,,,9.0,15561.403508771931
2400.0,-35.62342623756691,3.9663426697912016,34.65481258407009,23.455903550516837,5.213041116794461,-31.5029932939619,-44.81365828597916,1.2139346244869307,-6.120880131764295,-6.1208801317646495,38.07176755923683,38362.828394892465,20779.67897120505,20779.67897120505,59142.50736609752,74252.29261943072,74647.42883858974,20779.67897120505,95427.10780979479,95427.10780979479,95427.10780979479,120413.8029711532,120413.7874440245,0.015527128695956119,0.0,90529.49839895991,55133.85838692209,39328.488902264246,24986.695161358417,64315.18406362266,18934.547947905878,1450.0,0.0,0.8882102140517784,2.767526134744748,0.0014957518423254837,1.0,1.0,-6.120880131764295,339424.9746904718,1473059.0764612553,4.3398664986410225,1473059.0764612553,4.3398664986410225,0.7577852063120335,0.08885800686213216,4.050238923387006,101325.0,128351.07116782667,1.2667265844345095,1.0,0.0,4.050238923387006,1.2862783109124125,1.286443250924842,3.1488044920185256,6671.938872405625,15561.403508771931,6446.3050239238555,0.00028199341260474076,22351.64396752544,2279.2333740395998,19268.437103240605,1964.8337712919913,0.8620590562034539,0.8620590562034539,35747.93130210987,32395.05729023726,1.1310067657934717,0.8,4731.693677755314,4287.898129693729,1.1310067657934717,0.8,17904.69678407069,17904.69678407069,1.0,0.8,3099.015535412006,3099.015535412006,6.705251630318932,3.9663426697912016,-1.9411708970048327,5.907513566796034,3.5,3.5,1.0,0.6,0.00012822374794852937,0.9999762106817436,0.00012822679837664496,203.66612077101155,0.0,0.0,0.0,0.021168097977116558,4.5215770833750894e-05,8.300797711477848e-05,0.0003362021398618936,0.08890338828705453,0.08890338828705453,0.08890338828705453,0.08885539301402945,0.0,0.0,0.0,0.0,0.0,0.0,1.0,1.0,0.0,1.0,1.0,526615.1077956093,582.7107118568412,0.0,0.08890338828705453,0.08885800686213216,0.08885800686213215,0.375,0.375,0.5,3.55837141863199e-05,3.410605131648481e-13,3.410605131648481e-13,3.410605131648481e-13,3.410605131648481e-13,3.410605131648481e-13,3.410605131648481e-13,24986.695161358417,18934.547947905878,0.7577852063120335,0.9195730095025746,0.5964816699730302,37569.03399132045,20600.0,0.0,0.0,0.0,0.0,0.0,0.0,0.0,0.0,0.0,0.0,0.0,0.0,0.0,0.0,0.0,0.0,0.0,0.0,0.0,0.0,37569.03399132045,20600.0,1.0,0.0,0.0,6.0,0.9,152975.75209065224,25495.958681775373,257.94662287589375,257.94662287589375,-15.203377124106225,239.57235011199296,276.3209289759723,149571.13561251794,149632.8506636953,-61.71505117734222,0.0,nan,276.3209289759723,3.1709289759723447,268.97119763656957,-4.178802363430407,261.62146781231536,-11.528532187684618,254.27174944875088,-18.878250551249096,246.92204326976116,-26.227956730238816,239.57235011199296,-33.577649888007016,1.0,1.0,25762.59804822658,25762.59804822658,275.7335511047957,2.583551104795731,275.7335511047957,275.7335511047957,74627.44965068105,74647.42883858974,-19.979187908684253,0.0,8575.796259387458,8575.796259387458,0.8783760704931873,4070.490118003941,275.7335511047957,2.583551104795731,1.0,0.002,1.2836648395882828,0.0002315687076594233,0.001984398637497413,8.367353961077629e-05,0.9921993187487065,0.9921993187487065,0.0,6.807217710818941e-05,0.9999705531584745,0.9999705531584745,0.0,0.08885539027448582,2.616587646341395e-06,0.0,0.0,0.0,1600580.9605493557,267.0291198682357,0.0,1.0,1283084.8215306925,2603.896239356245,,,,,,,,,,,,,,,,,9.0,15561.403508771931
2430.0,-35.62342623756691,3.9663426697912016,34.65481258407009,23.455903550516837,5.213041116794461,-31.5029932939619,-44.81365828597916,1.2139346244869307,-6.120880131764295,-6.1208801317646495,38.07176755923683,38362.828394892465,20779.67897120505,20779.67897120505,59142.50736609752,74252.29261943072,74647.42883858974,20779.67897120505,95427.10780979479,95427.10780979479,95427.10780979479,120413.8029711532,120413.7874440245,0.015527128695956119,0.0,90529.49839895991,55133.85838692209,39328.488902264246,24986.695161358417,64315.18406362266,18934.547947905878,1450.0,0.0,0.8882102140517784,2.767526134744748,0.0014957518423254837,1.0,1.0,-6.120880131764295,339424.9746904718,1473059.0764612553,4.3398664986410225,1473059.0764612553,4.3398664986410225,0.7577852063120335,0.08885800686213216,4.050238923387006,101325.0,128351.07116782667,1.2667265844345095,1.0,0.0,4.050238923387006,1.2862783109124125,1.286443250924842,3.1488044920185256,6671.938872405625,15561.403508771931,6446.3050239238555,0.00028199341260474076,22351.64396752544,2279.2333740395998,19268.437103240605,1964.8337712919913,0.8620590562034539,0.8620590562034539,35747.93130210987,32395.05729023726,1.1310067657934717,0.8,4731.693677755314,4287.898129693729,1.1310067657934717,0.8,17904.69678407069,17904.69678407069,1.0,0.8,3099.015535412006,3099.015535412006,6.705251630318932,3.9663426697912016,-1.9411708970048327,5.907513566796034,3.5,3.5,1.0,0.6,0.00012822374794852937,0.9999762106817436,0.00012822679837664496,203.66612077101155,0.0,0.0,0.0,0.021168097977116558,4.5215770833750894e-05,8.300797711477848e-05,0.0003362021398618936,0.08890338828705453,0.08890338828705453,0.08890338828705453,0.08885539301402945,0.0,0.0,0.0,0.0,0.0,0.0,1.0,1.0,0.0,1.0,1.0,526615.1077956093,582.7107118568412,0.0,0.08890338828705453,0.08885800686213216,0.08885800686213215,0.375,0.375,0.5,3.55837141863199e-05,3.410605131648481e-13,3.410605131648481e-13,3.410605131648481e-13,3.410605131648481e-13,3.410605131648481e-13,3.410605131648481e-13,24986.695161358417,18934.547947905878,0.7577852063120335,0.9195730095025746,0.5964816699730302,37569.03399132045,20600.0,0.0,0.0,0.0,0.0,0.0,0.0,0.0,0.0,0.0,0.0,0.0,0.0,0.0,0.0,0.0,0.0,0.0,0.0,0.0,0.0,37569.03399132045,20600.0,1.0,0.0,0.0,6.0,0.9,152975.75209065224,25495.958681775373,257.94662287589375,257.94662287589375,-15.203377124106225,239.57235011199296,276.3209289759723,149571.13561251794,149632.8506636953,-61.71505117734222,0.0,nan,276.3209289759723,3.1709289759723447,268.97119763656957,-4.178802363430407,261.62146781231536,-11.528532187684618,254.27174944875088,-18.878250551249096,246.92204326976116,-26.227956730238816,239.57235011199296,-33.577649888007016,1.0,1.0,25762.59804822658,25762.59804822658,275.7335511047957,2.583551104795731,275.7335511047957,275.7335511047957,74627.44965068105,74647.42883858974,-19.979187908684253,0.0,8575.796259387458,8575.796259387458,0.8783760704931873,4070.490118003941,275.7335511047957,2.583551104795731,1.0,0.002,1.2836648395882828,0.0002315687076594233,0.001984398637497413,8.367353961077629e-05,0.9921993187487065,0.9921993187487065,0.0,6.807217710818941e-05,0.9999705531584745,0.9999705531584745,0.0,0.08885539027448582,2.616587646341395e-06,0.0,0.0,0.0,1600580.9605493557,267.0291198682357,0.0,1.0,1283084.8215306925,2603.896239356245,,,,,,,,,,,,,,,,,9.0,15561.403508771931
2460.0,-35.62342623756691,3.9663426697912016,34.65481258407009,23.455903550516837,5.213041116794461,-31.5029932939619,-44.81365828597916,1.2139346244869307,-6.120880131764295,-6.1208801317646495,38.07176755923683,38362.828394892465,20779.67897120505,20779.67897120505,59142.50736609752,74252.29261943072,74647.42883858974,20779.67897120505,95427.10780979479,95427.10780979479,95427.10780979479,120413.8029711532,120413.7874440245,0.015527128695956119,0.0,90529.49839895991,55133.85838692209,39328.488902264246,24986.695161358417,64315.18406362266,18934.547947905878,1450.0,0.0,0.8882102140517784,2.767526134744748,0.0014957518423254837,1.0,1.0,-6.120880131764295,339424.9746904718,1473059.0764612553,4.3398664986410225,1473059.0764612553,4.3398664986410225,0.7577852063120335,0.08885800686213216,4.050238923387006,101325.0,128351.07116782667,1.2667265844345095,1.0,0.0,4.050238923387006,1.2862783109124125,1.286443250924842,3.1488044920185256,6671.938872405625,15561.403508771931,6446.3050239238555,0.00028199341260474076,22351.64396752544,2279.2333740395998,19268.437103240605,1964.8337712919913,0.8620590562034539,0.8620590562034539,35747.93130210987,32395.05729023726,1.1310067657934717,0.8,4731.693677755314,4287.898129693729,1.1310067657934717,0.8,17904.69678407069,17904.69678407069,1.0,0.8,3099.015535412006,3099.015535412006,6.705251630318932,3.9663426697912016,-1.9411708970048327,5.907513566796034,3.5,3.5,1.0,0.6,0.00012822374794852937,0.9999762106817436,0.00012822679837664496,203.66612077101155,0.0,0.0,0.0,0.021168097977116558,4.5215770833750894e-05,8.300797711477848e-05,0.0003362021398618936,0.08890338828705453,0.08890338828705453,0.08890338828705453,0.08885539301402945,0.0,0.0,0.0,0.0,0.0,0.0,1.0,1.0,0.0,1.0,1.0,526615.1077956093,582.7107118568412,0.0,0.08890338828705453,0.08885800686213216,0.08885800686213215,0.375,0.375,0.5,3.55837141863199e-05,3.410605131648481e-13,3.410605131648481e-13,3.410605131648481e-13,3.410605131648481e-13,3.410605131648481e-13,3.410605131648481e-13,24986.695161358417,18934.547947905878,0.7577852063120335,0.9195730095025746,0.5964816699730302,37569.03399132045,20600.0,0.0,0.0,0.0,0.0,0.0,0.0,0.0,0.0,0.0,0.0,0.0,0.0,0.0,0.0,0.0,0.0,0.0,0.0,0.0,0.0,37569.03399132045,20600.0,1.0,0.0,0.0,6.0,0.9,152975.75209065224,25495.958681775373,257.94662287589375,257.94662287589375,-15.203377124106225,239.57235011199296,276.3209289759723,149571.13561251794,149632.8506636953,-61.71505117734222,0.0,nan,276.3209289759723,3.1709289759723447,268.97119763656957,-4.178802363430407,261.62146781231536,-11.528532187684618,254.27174944875088,-18.878250551249096,246.92204326976116,-26.227956730238816,239.57235011199296,-33.577649888007016,1.0,1.0,25762.59804822658,25762.59804822658,275.7335511047957,2.583551104795731,275.7335511047957,275.7335511047957,74627.44965068105,74647.42883858974,-19.979187908684253,0.0,8575.796259387458,8575.796259387458,0.8783760704931873,4070.490118003941,275.7335511047957,2.583551104795731,1.0,0.002,1.2836648395882828,0.0002315687076594233,0.001984398637497413,8.367353961077629e-05,0.9921993187487065,0.9921993187487065,0.0,6.807217710818941e-05,0.9999705531584745,0.9999705531584745,0.0,0.08885539027448582,2.616587646341395e-06,0.0,0.0,0.0,1600580.9605493557,267.0291198682357,0.0,1.0,1283084.8215306925,2603.896239356245,,,,,,,,,,,,,,,,,9.0,15561.403508771931
2490.0,-35.62342623756691,3.9663426697912016,34.65481258407009,23.455903550516837,5.213041116794461,-31.5029932939619,-44.81365828597916,1.2139346244869307,-6.120880131764295,-6.1208801317646495,38.07176755923683,38362.828394892465,20779.67897120505,20779.67897120505,59142.50736609752,74252.29261943072,74647.42883858974,20779.67897120505,95427.10780979479,95427.10780979479,95427.10780979479,120413.8029711532,120413.7874440245,0.015527128695956119,0.0,90529.49839895991,55133.85838692209,39328.488902264246,24986.695161358417,64315.18406362266,18934.547947905878,1450.0,0.0,0.8882102140517784,2.767526134744748,0.0014957518423254837,1.0,1.0,-6.120880131764295,339424.9746904718,1473059.0764612553,4.3398664986410225,1473059.0764612553,4.3398664986410225,0.7577852063120335,0.08885800686213216,4.050238923387006,101325.0,128351.07116782667,1.2667265844345095,1.0,0.0,4.050238923387006,1.2862783109124125,1.286443250924842,3.1488044920185256,6671.938872405625,15561.403508771931,6446.3050239238555,0.00028199341260474076,22351.64396752544,2279.2333740395998,19268.437103240605,1964.8337712919913,0.8620590562034539,0.8620590562034539,35747.93130210987,32395.05729023726,1.1310067657934717,0.8,4731.693677755314,4287.898129693729,1.1310067657934717,0.8,17904.69678407069,17904.69678407069,1.0,0.8,3099.015535412006,3099.015535412006,6.705251630318932,3.9663426697912016,-1.9411708970048327,5.907513566796034,3.5,3.5,1.0,0.6,0.00012822374794852937,0.9999762106817436,0.00012822679837664496,203.66612077101155,0.0,0.0,0.0,0.021168097977116558,4.5215770833750894e-05,8.300797711477848e-05,0.0003362021398618936,0.08890338828705453,0.08890338828705453,0.08890338828705453,0.08885539301402945,0.0,0.0,0.0,0.0,0.0,0.0,1.0,1.0,0.0,1.0,1.0,526615.1077956093,582.7107118568412,0.0,0.08890338828705453,0.08885800686213216,0.08885800686213215,0.375,0.375,0.5,3.55837141863199e-05,3.410605131648481e-13,3.410605131648481e-13,3.410605131648481e-13,3.410605131648481e-13,3.410605131648481e-13,3.410605131648481e-13,24986.695161358417,18934.547947905878,0.7577852063120335,0.9195730095025746,0.5964816699730302,37569.03399132045,20600.0,0.0,0.0,0.0,0.0,0.0,0.0,0.0,0.0,0.0,0.0,0.0,0.0,0.0,0.0,0.0,0.0,0.0,0.0,0.0,0.0,37569.03399132045,20600.0,1.0,0.0,0.0,6.0,0.9,152975.75209065224,25495.958681775373,257.94662287589375,257.94662287589375,-15.203377124106225,239.57235011199296,276.3209289759723,149571.13561251794,149632.8506636953,-61.71505117734222,0.0,nan,276.3209289759723,3.1709289759723447,268.97119763656957,-4.178802363430407,261.62146781231536,-11.528532187684618,254.27174944875088,-18.878250551249096,246.92204326976116,-26.227956730238816,239.57235011199296,-33.577649888007016,1.0,1.0,25762.59804822658,25762.59804822658,275.7335511047957,2.583551104795731,275.7335511047957,275.7335511047957,74627.44965068105,74647.42883858974,-19.979187908684253,0.0,8575.796259387458,8575.796259387458,0.8783760704931873,4070.490118003941,275.7335511047957,2.583551104795731,1.0,0.002,1.2836648395882828,0.0002315687076594233,0.001984398637497413,8.367353961077629e-05,0.9921993187487065,0.9921993187487065,0.0,6.807217710818941e-05,0.9999705531584745,0.9999705531584745,0.0,0.08885539027448582,2.616587646341395e-06,0.0,0.0,0.0,1600580.9605493557,267.0291198682357,0.0,1.0,1283084.8215306925,2603.896239356245,,,,,,,,,,,,,,,,,9.0,15561.403508771931
2520.0,-35.62342623756691,3.9663426697912016,34.65481258407009,23.455903550516837,5.213041116794461,-31.5029932939619,-44.81365828597916,1.2139346244869307,-6.120880131764295,-6.1208801317646495,38.07176755923683,38362.828394892465,20779.67897120505,20779.67897120505,59142.50736609752,74252.29261943072,74647.42883858974,20779.67897120505,95427.10780979479,95427.10780979479,95427.10780979479,120413.8029711532,120413.7874440245,0.015527128695956119,0.0,90529.49839895991,55133.85838692209,39328.488902264246,24986.695161358417,64315.18406362266,18934.547947905878,1450.0,0.0,0.8882102140517784,2.767526134744748,0.0014957518423254837,1.0,1.0,-6.120880131764295,339424.9746904718,1473059.0764612553,4.3398664986410225,1473059.0764612553,4.3398664986410225,0.7577852063120335,0.08885800686213216,4.050238923387006,101325.0,128351.07116782667,1.2667265844345095,1.0,0.0,4.050238923387006,1.2862783109124125,1.286443250924842,3.1488044920185256,6671.938872405625,15561.403508771931,6446.3050239238555,0.00028199341260474076,22351.64396752544,2279.2333740395998,19268.437103240605,1964.8337712919913,0.8620590562034539,0.8620590562034539,35747.93130210987,32395.05729023726,1.1310067657934717,0.8,4731.693677755314,4287.898129693729,1.1310067657934717,0.8,17904.69678407069,17904.69678407069,1.0,0.8,3099.015535412006,3099.015535412006,6.705251630318932,3.9663426697912016,-1.9411708970048327,5.907513566796034,3.5,3.5,1.0,0.6,0.00012822374794852937,0.9999762106817436,0.00012822679837664496,203.66612077101155,0.0,0.0,0.0,0.021168097977116558,4.5215770833750894e-05,8.300797711477848e-05,0.0003362021398618936,0.08890338828705453,0.08890338828705453,0.08890338828705453,0.08885539301402945,0.0,0.0,0.0,0.0,0.0,0.0,1.0,1.0,0.0,1.0,1.0,526615.1077956093,582.7107118568412,0.0,0.08890338828705453,0.08885800686213216,0.08885800686213215,0.375,0.375,0.5,3.55837141863199e-05,3.410605131648481e-13,3.410605131648481e-13,3.410605131648481e-13,3.410605131648481e-13,3.410605131648481e-13,3.410605131648481e-13,24986.695161358417,18934.547947905878,0.7577852063120335,0.9195730095025746,0.5964816699730302,37569.03399132045,20600.0,0.0,0.0,0.0,0.0,0.0,0.0,0.0,0.0,0.0,0.0,0.0,0.0,0.0,0.0,0.0,0.0,0.0,0.0,0.0,0.0,37569.03399132045,20600.0,1.0,0.0,0.0,6.0,0.9,152975.75209065224,25495.958681775373,257.94662287589375,257.94662287589375,-15.203377124106225,239.57235011199296,276.3209289759723,149571.13561251794,149632.8506636953,-61.71505117734222,0.0,nan,276.3209289759723,3.1709289759723447,268.97119763656957,-4.178802363430407,261.62146781231536,-11.528532187684618,254.27174944875088,-18.878250551249096,246.92204326976116,-26.227956730238816,239.57235011199296,-33.577649888007016,1.0,1.0,25762.59804822658,25762.59804822658,275.7335511047957,2.583551104795731,275.7335511047957,275.7335511047957,74627.44965068105,74647.42883858974,-19.979187908684253,0.0,8575.796259387458,8575.796259387458,0.8783760704931873,4070.490118003941,275.7335511047957,2.583551104795731,1.0,0.002,1.2836648395882828,0.0002315687076594233,0.001984398637497413,8.367353961077629e-05,0.9921993187487065,0.9921993187487065,0.0,6.807217710818941e-05,0.9999705531584745,0.9999705531584745,0.0,0.08885539027448582,2.616587646341395e-06,0.0,0.0,0.0,1600580.9605493557,267.0291198682357,0.0,1.0,1283084.8215306925,2603.896239356245,,,,,,,,,,,,,,,,,9.0,15561.403508771931
2550.0,-35.62342623756691,3.9663426697912016,34.65481258407009,23.455903550516837,5.213041116794461,-31.5029932939619,-44.81365828597916,1.2139346244869307,-6.120880131764295,-6.1208801317646495,38.07176755923683,38362.828394892465,20779.67897120505,20779.67897120505,59142.50736609752,74252.29261943072,74647.42883858974,20779.67897120505,95427.10780979479,95427.10780979479,95427.10780979479,120413.8029711532,120413.7874440245,0.015527128695956119,0.0,90529.49839895991,55133.85838692209,39328.488902264246,24986.695161358417,64315.18406362266,18934.547947905878,1450.0,0.0,0.8882102140517784,2.767526134744748,0.0014957518423254837,1.0,1.0,-6.120880131764295,339424.9746904718,1473059.0764612553,4.3398664986410225,1473059.0764612553,4.3398664986410225,0.7577852063120335,0.08885800686213216,4.050238923387006,101325.0,128351.07116782667,1.2667265844345095,1.0,0.0,4.050238923387006,1.2862783109124125,1.286443250924842,3.1488044920185256,6671.938872405625,15561.403508771931,6446.3050239238555,0.00028199341260474076,22351.64396752544,2279.2333740395998,19268.437103240605,1964.8337712919913,0.8620590562034539,0.8620590562034539,35747.93130210987,32395.05729023726,1.1310067657934717,0.8,4731.693677755314,4287.898129693729,1.1310067657934717,0.8,17904.69678407069,17904.69678407069,1.0,0.8,3099.015535412006,3099.015535412006,6.705251630318932,3.9663426697912016,-1.9411708970048327,5.907513566796034,3.5,3.5,1.0,0.6,0.00012822374794852937,0.9999762106817436,0.00012822679837664496,203.66612077101155,0.0,0.0,0.0,0.021168097977116558,4.5215770833750894e-05,8.300797711477848e-05,0.0003362021398618936,0.08890338828705453,0.08890338828705453,0.08890338828705453,0.08885539301402945,0.0,0.0,0.0,0.0,0.0,0.0,1.0,1.0,0.0,1.0,1.0,526615.1077956093,582.7107118568412,0.0,0.08890338828705453,0.08885800686213216,0.08885800686213215,0.375,0.375,0.5,3.55837141863199e-05,3.410605131648481e-13,3.410605131648481e-13,3.410605131648481e-13,3.410605131648481e-13,3.410605131648481e-13,3.410605131648481e-13,24986.695161358417,18934.547947905878,0.7577852063120335,0.9195730095025746,0.5964816699730302,37569.03399132045,20600.0,0.0,0.0,0.0,0.0,0.0,0.0,0.0,0.0,0.0,0.0,0.0,0.0,0.0,0.0,0.0,0.0,0.0,0.0,0.0,0.0,37569.03399132045,20600.0,1.0,0.0,0.0,6.0,0.9,152975.75209065224,25495.958681775373,257.94662287589375,257.94662287589375,-15.203377124106225,239.57235011199296,276.3209289759723,149571.13561251794,149632.8506636953,-61.71505117734222,0.0,nan,276.3209289759723,3.1709289759723447,268.97119763656957,-4.178802363430407,261.62146781231536,-11.528532187684618,254.27174944875088,-18.878250551249096,246.92204326976116,-26.227956730238816,239.57235011199296,-33.577649888007016,1.0,1.0,25762.59804822658,25762.59804822658,275.7335511047957,2.583551104795731,275.7335511047957,275.7335511047957,74627.44965068105,74647.42883858974,-19.979187908684253,0.0,8575.796259387458,8575.796259387458,0.8783760704931873,4070.490118003941,275.7335511047957,2.583551104795731,1.0,0.002,1.2836648395882828,0.0002315687076594233,0.001984398637497413,8.367353961077629e-05,0.9921993187487065,0.9921993187487065,0.0,6.807217710818941e-05,0.9999705531584745,0.9999705531584745,0.0,0.08885539027448582,2.616587646341395e-06,0.0,0.0,0.0,1600580.9605493557,267.0291198682357,0.0,1.0,1283084.8215306925,2603.896239356245,,,,,,,,,,,,,,,,,9.0,15561.403508771931
2580.0,-35.62342623756691,3.9663426697912016,34.65481258407009,23.455903550516837,5.213041116794461,-31.5029932939619,-44.81365828597916,1.2139346244869307,-6.120880131764295,-6.1208801317646495,38.07176755923683,38362.828394892465,20779.67897120505,20779.67897120505,59142.50736609752,74252.29261943072,74647.42883858974,20779.67897120505,95427.10780979479,95427.10780979479,95427.10780979479,120413.8029711532,120413.7874440245,0.015527128695956119,0.0,90529.49839895991,55133.85838692209,39328.488902264246,24986.695161358417,64315.18406362266,18934.547947905878,1450.0,0.0,0.8882102140517784,2.767526134744748,0.0014957518423254837,1.0,1.0,-6.120880131764295,339424.9746904718,1473059.0764612553,4.3398664986410225,1473059.0764612553,4.3398664986410225,0.7577852063120335,0.08885800686213216,4.050238923387006,101325.0,128351.07116782667,1.2667265844345095,1.0,0.0,4.050238923387006,1.2862783109124125,1.286443250924842,3.1488044920185256,6671.938872405625,15561.403508771931,6446.3050239238555,0.00028199341260474076,22351.64396752544,2279.2333740395998,19268.437103240605,1964.8337712919913,0.8620590562034539,0.8620590562034539,35747.93130210987,32395.05729023726,1.1310067657934717,0.8,4731.693677755314,4287.898129693729,1.1310067657934717,0.8,17904.69678407069,17904.69678407069,1.0,0.8,3099.015535412006,3099.015535412006,6.705251630318932,3.9663426697912016,-1.9411708970048327,5.907513566796034,3.5,3.5,1.0,0.6,0.00012822374794852937,0.9999762106817436,0.00012822679837664496,203.66612077101155,0.0,0.0,0.0,0.021168097977116558,4.5215770833750894e-05,8.300797711477848e-05,0.0003362021398618936,0.08890338828705453,0.08890338828705453,0.08890338828705453,0.08885539301402945,0.0,0.0,0.0,0.0,0.0,0.0,1.0,1.0,0.0,1.0,1.0,526615.1077956093,582.7107118568412,0.0,0.08890338828705453,0.08885800686213216,0.08885800686213215,0.375,0.375,0.5,3.55837141863199e-05,3.410605131648481e-13,3.410605131648481e-13,3.410605131648481e-13,3.410605131648481e-13,3.410605131648481e-13,3.410605131648481e-13,24986.695161358417,18934.547947905878,0.7577852063120335,0.9195730095025746,0.5964816699730302,37569.03399132045,20600.0,0.0,0.0,0.0,0.0,0.0,0.0,0.0,0.0,0.0,0.0,0.0,0.0,0.0,0.0,0.0,0.0,0.0,0.0,0.0,0.0,37569.03399132045,20600.0,1.0,0.0,0.0,6.0,0.9,152975.75209065224,25495.958681775373,257.94662287589375,257.94662287589375,-15.203377124106225,239.57235011199296,276.3209289759723,149571.13561251794,149632.8506636953,-61.71505117734222,0.0,nan,276.3209289759723,3.1709289759723447,268.97119763656957,-4.178802363430407,261.62146781231536,-11.528532187684618,254.27174944875088,-18.878250551249096,246.92204326976116,-26.227956730238816,239.57235011199296,-33.577649888007016,1.0,1.0,25762.59804822658,25762.59804822658,275.7335511047957,2.583551104795731,275.7335511047957,275.7335511047957,74627.44965068105,74647.42883858974,-19.979187908684253,0.0,8575.796259387458,8575.796259387458,0.8783760704931873,4070.490118003941,275.7335511047957,2.583551104795731,1.0,0.002,1.2836648395882828,0.0002315687076594233,0.001984398637497413,8.367353961077629e-05,0.9921993187487065,0.9921993187487065,0.0,6.807217710818941e-05,0.9999705531584745,0.9999705531584745,0.0,0.08885539027448582,2.616587646341395e-06,0.0,0.0,0.0,1600580.9605493557,267.0291198682357,0.0,1.0,1283084.8215306925,2603.896239356245,,,,,,,,,,,,,,,,,9.0,15561.403508771931
2610.0,-35.62342623756691,3.9663426697912016,34.65481258407009,23.455903550516837,5.213041116794461,-31.5029932939619,-44.81365828597916,1.2139346244869307,-6.120880131764295,-6.1208801317646495,38.07176755923683,38362.828394892465,20779.67897120505,20779.67897120505,59142.50736609752,74252.29261943072,74647.42883858974,20779.67897120505,95427.10780979479,95427.10780979479,95427.10780979479,120413.8029711532,120413.7874440245,0.015527128695956119,0.0,90529.49839895991,55133.85838692209,39328.488902264246,24986.695161358417,64315.18406362266,18934.547947905878,1450.0,0.0,0.8882102140517784,2.767526134744748,0.0014957518423254837,1.0,1.0,-6.120880131764295,339424.9746904718,1473059.0764612553,4.3398664986410225,1473059.0764612553,4.3398664986410225,0.7577852063120335,0.08885800686213216,4.050238923387006,101325.0,128351.07116782667,1.2667265844345095,1.0,0.0,4.050238923387006,1.2862783109124125,1.286443250924842,3.1488044920185256,6671.938872405625,15561.403508771931,6446.3050239238555,0.00028199341260474076,22351.64396752544,2279.2333740395998,19268.437103240605,1964.8337712919913,0.8620590562034539,0.8620590562034539,35747.93130210987,32395.05729023726,1.1310067657934717,0.8,4731.693677755314,4287.898129693729,1.1310067657934717,0.8,17904.69678407069,17904.69678407069,1.0,0.8,3099.015535412006,3099.015535412006,6.705251630318932,3.9663426697912016,-1.9411708970048327,5.907513566796034,3.5,3.5,1.0,0.6,0.00012822374794852937,0.9999762106817436,0.00012822679837664496,203.66612077101155,0.0,0.0,0.0,0.021168097977116558,4.5215770833750894e-05,8.300797711477848e-05,0.0003362021398618936,0.08890338828705453,0.08890338828705453,0.08890338828705453,0.08885539301402945,0.0,0.0,0.0,0.0,0.0,0.0,1.0,1.0,0.0,1.0,1.0,526615.1077956093,582.7107118568412,0.0,0.08890338828705453,0.08885800686213216,0.08885800686213215,0.375,0.375,0.5,3.55837141863199e-05,3.410605131648481e-13,3.410605131648481e-13,3.410605131648481e-13,3.410605131648481e-13,3.410605131648481e-13,3.410605131648481e-13,24986.695161358417,18934.547947905878,0.7577852063120335,0.9195730095025746,0.5964816699730302,37569.03399132045,20600.0,0.0,0.0,0.0,0.0,0.0,0.0,0.0,0.0,0.0,0.0,0.0,0.0,0.0,0.0,0.0,0.0,0.0,0.0,0.0,0.0,37569.03399132045,20600.0,1.0,0.0,0.0,6.0,0.9,152975.75209065224,25495.958681775373,257.94662287589375,257.94662287589375,-15.203377124106225,239.57235011199296,276.3209289759723,149571.13561251794,149632.8506636953,-61.71505117734222,0.0,nan,276.3209289759723,3.1709289759723447,268.97119763656957,-4.178802363430407,261.62146781231536,-11.528532187684618,254.27174944875088,-18.878250551249096,246.92204326976116,-26.227956730238816,239.57235011199296,-33.577649888007016,1.0,1.0,25762.59804822658,25762.59804822658,275.7335511047957,2.583551104795731,275.7335511047957,275.7335511047957,74627.44965068105,74647.42883858974,-19.979187908684253,0.0,8575.796259387458,8575.796259387458,0.8783760704931873,4070.490118003941,275.7335511047957,2.583551104795731,1.0,0.002,1.2836648395882828,0.0002315687076594233,0.001984398637497413,8.367353961077629e-05,0.9921993187487065,0.9921993187487065,0.0,6.807217710818941e-05,0.9999705531584745,0.9999705531584745,0.0,0.08885539027448582,2.616587646341395e-06,0.0,0.0,0.0,1600580.9605493557,267.0291198682357,0.0,1.0,1283084.8215306925,2603.896239356245,,,,,,,,,,,,,,,,,9.0,15561.403508771931
2640.0,-35.62342623756691,3.9663426697912016,34.65481258407009,23.455903550516837,5.213041116794461,-31.5029932939619,-44.81365828597916,1.2139346244869307,-6.120880131764295,-6.1208801317646495,38.07176755923683,38362.828394892465,20779.67897120505,20779.67897120505,59142.50736609752,74252.29261943072,74647.42883858974,20779.67897120505,95427.10780979479,95427.10780979479,95427.10780979479,120413.8029711532,120413.7874440245,0.015527128695956119,0.0,90529.49839895991,55133.85838692209,39328.488902264246,24986.695161358417,64315.18406362266,18934.547947905878,1450.0,0.0,0.8882102140517784,2.767526134744748,0.0014957518423254837,1.0,1.0,-6.120880131764295,339424.9746904718,1473059.0764612553,4.3398664986410225,1473059.0764612553,4.3398664986410225,0.7577852063120335,0.08885800686213216,4.050238923387006,101325.0,128351.07116782667,1.2667265844345095,1.0,0.0,4.050238923387006,1.2862783109124125,1.286443250924842,3.1488044920185256,6671.938872405625,15561.403508771931,6446.3050239238555,0.00028199341260474076,22351.64396752544,2279.2333740395998,19268.437103240605,1964.8337712919913,0.8620590562034539,0.8620590562034539,35747.93130210987,32395.05729023726,1.1310067657934717,0.8,4731.693677755314,4287.898129693729,1.1310067657934717,0.8,17904.69678407069,17904.69678407069,1.0,0.8,3099.015535412006,3099.015535412006,6.705251630318932,3.9663426697912016,-1.9411708970048327,5.907513566796034,3.5,3.5,1.0,0.6,0.00012822374794852937,0.9999762106817436,0.00012822679837664496,203.66612077101155,0.0,0.0,0.0,0.021168097977116558,4.5215770833750894e-05,8.300797711477848e-05,0.0003362021398618936,0.08890338828705453,0.08890338828705453,0.08890338828705453,0.08885539301402945,0.0,0.0,0.0,0.0,0.0,0.0,1.0,1.0,0.0,1.0,1.0,526615.1077956093,582.7107118568412,0.0,0.08890338828705453,0.08885800686213216,0.08885800686213215,0.375,0.375,0.5,3.55837141863199e-05,3.410605131648481e-13,3.410605131648481e-13,3.410605131648481e-13,3.410605131648481e-13,3.410605131648481e-13,3.410605131648481e-13,24986.695161358417,18934.547947905878,0.7577852063120335,0.9195730095025746,0.5964816699730302,37569.03399132045,20600.0,0.0,0.0,0.0,0.0,0.0,0.0,0.0,0.0,0.0,0.0,0.0,0.0,0.0,0.0,0.0,0.0,0.0,0.0,0.0,0.0,37569.03399132045,20600.0,1.0,0.0,0.0,6.0,0.9,152975.75209065224,25495.958681775373,257.94662287589375,257.94662287589375,-15.203377124106225,239.57235011199296,276.3209289759723,149571.13561251794,149632.8506636953,-61.71505117734222,0.0,nan,276.3209289759723,3.1709289759723447,268.97119763656957,-4.178802363430407,261.62146781231536,-11.528532187684618,254.27174944875088,-18.878250551249096,246.92204326976116,-26.227956730238816,239.57235011199296,-33.577649888007016,1.0,1.0,25762.59804822658,25762.59804822658,275.7335511047957,2.583551104795731,275.7335511047957,275.7335511047957,74627.44965068105,74647.42883858974,-19.979187908684253,0.0,8575.796259387458,8575.796259387458,0.8783760704931873,4070.490118003941,275.7335511047957,2.583551104795731,1.0,0.002,1.2836648395882828,0.0002315687076594233,0.001984398637497413,8.367353961077629e-05,0.9921993187487065,0.9921993187487065,0.0,6.807217710818941e-05,0.9999705531584745,0.9999705531584745,0.0,0.08885539027448582,2.616587646341395e-06,0.0,0.0,0.0,1600580.9605493557,267.0291198682357,0.0,1.0,1283084.8215306925,2603.896239356245,,,,,,,,,,,,,,,,,9.0,15561.403508771931
2670.0,-35.62342623756691,3.9663426697912016,34.65481258407009,23.455903550516837,5.213041116794461,-31.5029932939619,-44.81365828597916,1.2139346244869307,-6.120880131764295,-6.1208801317646495,38.07176755923683,38362.828394892465,20779.67897120505,20779.67897120505,59142.50736609752,74252.29261943072,74647.42883858974,20779.67897120505,95427.10780979479,95427.10780979479,95427.10780979479,120413.8029711532,120413.7874440245,0.015527128695956119,0.0,90529.49839895991,55133.85838692209,39328.488902264246,24986.695161358417,64315.18406362266,18934.547947905878,1450.0,0.0,0.8882102140517784,2.767526134744748,0.0014957518423254837,1.0,1.0,-6.120880131764295,339424.9746904718,1473059.0764612553,4.3398664986410225,1473059.0764612553,4.3398664986410225,0.7577852063120335,0.08885800686213216,4.050238923387006,101325.0,128351.07116782667,1.2667265844345095,1.0,0.0,4.050238923387006,1.2862783109124125,1.286443250924842,3.1488044920185256,6671.938872405625,15561.403508771931,6446.3050239238555,0.00028199341260474076,22351.64396752544,2279.2333740395998,19268.437103240605,1964.8337712919913,0.8620590562034539,0.8620590562034539,35747.93130210987,32395.05729023726,1.1310067657934717,0.8,4731.693677755314,4287.898129693729,1.1310067657934717,0.8,17904.69678407069,17904.69678407069,1.0,0.8,3099.015535412006,3099.015535412006,6.705251630318932,3.9663426697912016,-1.9411708970048327,5.907513566796034,3.5,3.5,1.0,0.6,0.00012822374794852937,0.9999762106817436,0.00012822679837664496,203.66612077101155,0.0,0.0,0.0,0.021168097977116558,4.5215770833750894e-05,8.300797711477848e-05,0.0003362021398618936,0.08890338828705453,0.08890338828705453,0.08890338828705453,0.08885539301402945,0.0,0.0,0.0,0.0,0.0,0.0,1.0,1.0,0.0,1.0,1.0,526615.1077956093,582.7107118568412,0.0,0.08890338828705453,0.08885800686213216,0.08885800686213215,0.375,0.375,0.5,3.55837141863199e-05,3.410605131648481e-13,3.410605131648481e-13,3.410605131648481e-13,3.410605131648481e-13,3.410605131648481e-13,3.410605131648481e-13,24986.695161358417,18934.547947905878,0.7577852063120335,0.9195730095025746,0.5964816699730302,37569.03399132045,20600.0,0.0,0.0,0.0,0.0,0.0,0.0,0.0,0.0,0.0,0.0,0.0,0.0,0.0,0.0,0.0,0.0,0.0,0.0,0.0,0.0,37569.03399132045,20600.0,1.0,0.0,0.0,6.0,0.9,152975.75209065224,25495.958681775373,257.94662287589375,257.94662287589375,-15.203377124106225,239.57235011199296,276.3209289759723,149571.13561251794,149632.8506636953,-61.71505117734222,0.0,nan,276.3209289759723,3.1709289759723447,268.97119763656957,-4.178802363430407,261.62146781231536,-11.528532187684618,254.27174944875088,-18.878250551249096,246.92204326976116,-26.227956730238816,239.57235011199296,-33.577649888007016,1.0,1.0,25762.59804822658,25762.59804822658,275.7335511047957,2.583551104795731,275.7335511047957,275.7335511047957,74627.44965068105,74647.42883858974,-19.979187908684253,0.0,8575.796259387458,8575.796259387458,0.8783760704931873,4070.490118003941,275.7335511047957,2.583551104795731,1.0,0.002,1.2836648395882828,0.0002315687076594233,0.001984398637497413,8.367353961077629e-05,0.9921993187487065,0.9921993187487065,0.0,6.807217710818941e-05,0.9999705531584745,0.9999705531584745,0.0,0.08885539027448582,2.616587646341395e-06,0.0,0.0,0.0,1600580.9605493557,267.0291198682357,0.0,1.0,1283084.8215306925,2603.896239356245,,,,,,,,,,,,,,,,,9.0,15561.403508771931
2700.0,-35.62342623756691,3.9663426697912016,34.65481258407009,23.455903550516837,5.213041116794461,-31.5029932939619,-44.81365828597916,1.2139346244869307,-6.120880131764295,-6.1208801317646495,38.07176755923683,38362.828394892465,20779.67897120505,20779.67897120505,59142.50736609752,74252.29261943072,74647.42883858974,20779.67897120505,95427.10780979479,95427.10780979479,95427.10780979479,120413.8029711532,120413.7874440245,0.015527128695956119,0.0,90529.49839895991,55133.85838692209,39328.488902264246,24986.695161358417,64315.18406362266,18934.547947905878,1450.0,0.0,0.8882102140517784,2.767526134744748,0.0014957518423254837,1.0,1.0,-6.120880131764295,339424.9746904718,1473059.0764612553,4.3398664986410225,1473059.0764612553,4.3398664986410225,0.7577852063120335,0.08885800686213216,4.050238923387006,101325.0,128351.07116782667,1.2667265844345095,1.0,0.0,4.050238923387006,1.2862783109124125,1.286443250924842,3.1488044920185256,6671.938872405625,15561.403508771931,6446.3050239238555,0.00028199341260474076,22351.64396752544,2279.2333740395998,19268.437103240605,1964.8337712919913,0.8620590562034539,0.8620590562034539,35747.93130210987,32395.05729023726,1.1310067657934717,0.8,4731.693677755314,4287.898129693729,1.1310067657934717,0.8,17904.69678407069,17904.69678407069,1.0,0.8,3099.015535412006,3099.015535412006,6.705251630318932,3.9663426697912016,-1.9411708970048327,5.907513566796034,3.5,3.5,1.0,0.6,0.00012822374794852937,0.9999762106817436,0.00012822679837664496,203.66612077101155,0.0,0.0,0.0,0.021168097977116558,4.5215770833750894e-05,8.300797711477848e-05,0.0003362021398618936,0.08890338828705453,0.08890338828705453,0.08890338828705453,0.08885539301402945,0.0,0.0,0.0,0.0,0.0,0.0,1.0,1.0,0.0,1.0,1.0,526615.1077956093,582.7107118568412,0.0,0.08890338828705453,0.08885800686213216,0.08885800686213215,0.375,0.375,0.5,3.55837141863199e-05,3.410605131648481e-13,3.410605131648481e-13,3.410605131648481e-13,3.410605131648481e-13,3.410605131648481e-13,3.410605131648481e-13,24986.695161358417,18934.547947905878,0.7577852063120335,0.9195730095025746,0.5964816699730302,37569.03399132045,20600.0,0.0,0.0,0.0,0.0,0.0,0.0,0.0,0.0,0.0,0.0,0.0,0.0,0.0,0.0,0.0,0.0,0.0,0.0,0.0,0.0,37569.03399132045,20600.0,1.0,0.0,0.0,6.0,0.9,152975.75209065224,25495.958681775373,257.94662287589375,257.94662287589375,-15.203377124106225,239.57235011199296,276.3209289759723,149571.13561251794,149632.8506636953,-61.71505117734222,0.0,nan,276.3209289759723,3.1709289759723447,268.97119763656957,-4.178802363430407,261.62146781231536,-11.528532187684618,254.27174944875088,-18.878250551249096,246.92204326976116,-26.227956730238816,239.57235011199296,-33.577649888007016,1.0,1.0,25762.59804822658,25762.59804822658,275.7335511047957,2.583551104795731,275.7335511047957,275.7335511047957,74627.44965068105,74647.42883858974,-19.979187908684253,0.0,8575.796259387458,8575.796259387458,0.8783760704931873,4070.490118003941,275.7335511047957,2.583551104795731,1.0,0.002,1.2836648395882828,0.0002315687076594233,0.001984398637497413,8.367353961077629e-05,0.9921993187487065,0.9921993187487065,0.0,6.807217710818941e-05,0.9999705531584745,0.9999705531584745,0.0,0.08885539027448582,2.616587646341395e-06,0.0,0.0,0.0,1600580.9605493557,267.0291198682357,0.0,1.0,1283084.8215306925,2603.896239356245,,,,,,,,,,,,,,,,,9.0,15561.403508771931
2730.0,-35.62342623756691,3.9663426697912016,34.65481258407009,23.455903550516837,5.213041116794461,-31.5029932939619,-44.81365828597916,1.2139346244869307,-6.120880131764295,-6.1208801317646495,38.07176755923683,38362.828394892465,20779.67897120505,20779.67897120505,59142.50736609752,74252.29261943072,74647.42883858974,20779.67897120505,95427.10780979479,95427.10780979479,95427.10780979479,120413.8029711532,120413.7874440245,0.015527128695956119,0.0,90529.49839895991,55133.85838692209,39328.488902264246,24986.695161358417,64315.18406362266,18934.547947905878,1450.0,0.0,0.8882102140517784,2.767526134744748,0.0014957518423254837,1.0,1.0,-6.120880131764295,339424.9746904718,1473059.0764612553,4.3398664986410225,1473059.0764612553,4.3398664986410225,0.7577852063120335,0.08885800686213216,4.050238923387006,101325.0,128351.07116782667,1.2667265844345095,1.0,0.0,4.050238923387006,1.2862783109124125,1.286443250924842,3.1488044920185256,6671.938872405625,15561.403508771931,6446.3050239238555,0.00028199341260474076,22351.64396752544,2279.2333740395998,19268.437103240605,1964.8337712919913,0.8620590562034539,0.8620590562034539,35747.93130210987,32395.05729023726,1.1310067657934717,0.8,4731.693677755314,4287.898129693729,1.1310067657934717,0.8,17904.69678407069,17904.69678407069,1.0,0.8,3099.015535412006,3099.015535412006,6.705251630318932,3.9663426697912016,-1.9411708970048327,5.907513566796034,3.5,3.5,1.0,0.6,0.00012822374794852937,0.9999762106817436,0.00012822679837664496,203.66612077101155,0.0,0.0,0.0,0.021168097977116558,4.5215770833750894e-05,8.300797711477848e-05,0.0003362021398618936,0.08890338828705453,0.08890338828705453,0.08890338828705453,0.08885539301402945,0.0,0.0,0.0,0.0,0.0,0.0,1.0,1.0,0.0,1.0,1.0,526615.1077956093,582.7107118568412,0.0,0.08890338828705453,0.08885800686213216,0.08885800686213215,0.375,0.375,0.5,3.55837141863199e-05,3.410605131648481e-13,3.410605131648481e-13,3.410605131648481e-13,3.410605131648481e-13,3.410605131648481e-13,3.410605131648481e-13,24986.695161358417,18934.547947905878,0.7577852063120335,0.9195730095025746,0.5964816699730302,37569.03399132045,20600.0,0.0,0.0,0.0,0.0,0.0,0.0,0.0,0.0,0.0,0.0,0.0,0.0,0.0,0.0,0.0,0.0,0.0,0.0,0.0,0.0,37569.03399132045,20600.0,1.0,0.0,0.0,6.0,0.9,152975.75209065224,25495.958681775373,257.94662287589375,257.94662287589375,-15.203377124106225,239.57235011199296,276.3209289759723,149571.13561251794,149632.8506636953,-61.71505117734222,0.0,nan,276.3209289759723,3.1709289759723447,268.97119763656957,-4.178802363430407,261.62146781231536,-11.528532187684618,254.27174944875088,-18.878250551249096,246.92204326976116,-26.227956730238816,239.57235011199296,-33.577649888007016,1.0,1.0,25762.59804822658,25762.59804822658,275.7335511047957,2.583551104795731,275.7335511047957,275.7335511047957,74627.44965068105,74647.42883858974,-19.979187908684253,0.0,8575.796259387458,8575.796259387458,0.8783760704931873,4070.490118003941,275.7335511047957,2.583551104795731,1.0,0.002,1.2836648395882828,0.0002315687076594233,0.001984398637497413,8.367353961077629e-05,0.9921993187487065,0.9921993187487065,0.0,6.807217710818941e-05,0.9999705531584745,0.9999705531584745,0.0,0.08885539027448582,2.616587646341395e-06,0.0,0.0,0.0,1600580.9605493557,267.0291198682357,0.0,1.0,1283084.8215306925,2603.896239356245,,,,,,,,,,,,,,,,,9.0,15561.403508771931
2760.0,-35.62342623756691,3.9663426697912016,34.65481258407009,23.455903550516837,5.213041116794461,-31.5029932939619,-44.81365828597916,1.2139346244869307,-6.120880131764295,-6.1208801317646495,38.07176755923683,38362.828394892465,20779.67897120505,20779.67897120505,59142.50736609752,74252.29261943072,74647.42883858974,20779.67897120505,95427.10780979479,95427.10780979479,95427.10780979479,120413.8029711532,120413.7874440245,0.015527128695956119,0.0,90529.49839895991,55133.85838692209,39328.488902264246,24986.695161358417,64315.18406362266,18934.547947905878,1450.0,0.0,0.8882102140517784,2.767526134744748,0.0014957518423254837,1.0,1.0,-6.120880131764295,339424.9746904718,1473059.0764612553,4.3398664986410225,1473059.0764612553,4.3398664986410225,0.7577852063120335,0.08885800686213216,4.050238923387006,101325.0,128351.07116782667,1.2667265844345095,1.0,0.0,4.050238923387006,1.2862783109124125,1.286443250924842,3.1488044920185256,6671.938872405625,15561.403508771931,6446.3050239238555,0.00028199341260474076,22351.64396752544,2279.2333740395998,19268.437103240605,1964.8337712919913,0.8620590562034539,0.8620590562034539,35747.93130210987,32395.05729023726,1.1310067657934717,0.8,4731.693677755314,4287.898129693729,1.1310067657934717,0.8,17904.69678407069,17904.69678407069,1.0,0.8,3099.015535412006,3099.015535412006,6.705251630318932,3.9663426697912016,-1.9411708970048327,5.907513566796034,3.5,3.5,1.0,0.6,0.00012822374794852937,0.9999762106817436,0.00012822679837664496,203.66612077101155,0.0,0.0,0.0,0.021168097977116558,4.5215770833750894e-05,8.300797711477848e-05,0.0003362021398618936,0.08890338828705453,0.08890338828705453,0.08890338828705453,0.08885539301402945,0.0,0.0,0.0,0.0,0.0,0.0,1.0,1.0,0.0,1.0,1.0,526615.1077956093,582.7107118568412,0.0,0.08890338828705453,0.08885800686213216,0.08885800686213215,0.375,0.375,0.5,3.55837141863199e-05,3.410605131648481e-13,3.410605131648481e-13,3.410605131648481e-13,3.410605131648481e-13,3.410605131648481e-13,3.410605131648481e-13,24986.695161358417,18934.547947905878,0.7577852063120335,0.9195730095025746,0.5964816699730302,37569.03399132045,20600.0,0.0,0.0,0.0,0.0,0.0,0.0,0.0,0.0,0.0,0.0,0.0,0.0,0.0,0.0,0.0,0.0,0.0,0.0,0.0,0.0,37569.03399132045,20600.0,1.0,0.0,0.0,6.0,0.9,152975.75209065224,25495.958681775373,257.94662287589375,257.94662287589375,-15.203377124106225,239.57235011199296,276.3209289759723,149571.13561251794,149632.8506636953,-61.71505117734222,0.0,nan,276.3209289759723,3.1709289759723447,268.97119763656957,-4.178802363430407,261.62146781231536,-11.528532187684618,254.27174944875088,-18.878250551249096,246.92204326976116,-26.227956730238816,239.57235011199296,-33.577649888007016,1.0,1.0,25762.59804822658,25762.59804822658,275.7335511047957,2.583551104795731,275.7335511047957,275.7335511047957,74627.44965068105,74647.42883858974,-19.979187908684253,0.0,8575.796259387458,8575.796259387458,0.8783760704931873,4070.490118003941,275.7335511047957,2.583551104795731,1.0,0.002,1.2836648395882828,0.0002315687076594233,0.001984398637497413,8.367353961077629e-05,0.9921993187487065,0.9921993187487065,0.0,6.807217710818941e-05,0.9999705531584745,0.9999705531584745,0.0,0.08885539027448582,2.616587646341395e-06,0.0,0.0,0.0,1600580.9605493557,267.0291198682357,0.0,1.0,1283084.8215306925,2603.896239356245,,,,,,,,,,,,,,,,,9.0,15561.403508771931
2790.0,-35.62342623756691,3.9663426697912016,34.65481258407009,23.455903550516837,5.213041116794461,-31.5029932939619,-44.81365828597916,1.2139346244869307,-6.120880131764295,-6.1208801317646495,38.07176755923683,38362.828394892465,20779.67897120505,20779.67897120505,59142.50736609752,74252.29261943072,74647.42883858974,20779.67897120505,95427.10780979479,95427.10780979479,95427.10780979479,120413.8029711532,120413.7874440245,0.015527128695956119,0.0,90529.49839895991,55133.85838692209,39328.488902264246,24986.695161358417,64315.18406362266,18934.547947905878,1450.0,0.0,0.8882102140517784,2.767526134744748,0.0014957518423254837,1.0,1.0,-6.120880131764295,339424.9746904718,1473059.0764612553,4.3398664986410225,1473059.0764612553,4.3398664986410225,0.7577852063120335,0.08885800686213216,4.050238923387006,101325.0,128351.07116782667,1.2667265844345095,1.0,0.0,4.050238923387006,1.2862783109124125,1.286443250924842,3.1488044920185256,6671.938872405625,15561.403508771931,6446.3050239238555,0.00028199341260474076,22351.64396752544,2279.2333740395998,19268.437103240605,1964.8337712919913,0.8620590562034539,0.8620590562034539,35747.93130210987,32395.05729023726,1.1310067657934717,0.8,4731.693677755314,4287.898129693729,1.1310067657934717,0.8,17904.69678407069,17904.69678407069,1.0,0.8,3099.015535412006,3099.015535412006,6.705251630318932,3.9663426697912016,-1.9411708970048327,5.907513566796034,3.5,3.5,1.0,0.6,0.00012822374794852937,0.9999762106817436,0.00012822679837664496,203.66612077101155,0.0,0.0,0.0,0.021168097977116558,4.5215770833750894e-05,8.300797711477848e-05,0.0003362021398618936,0.08890338828705453,0.08890338828705453,0.08890338828705453,0.08885539301402945,0.0,0.0,0.0,0.0,0.0,0.0,1.0,1.0,0.0,1.0,1.0,526615.1077956093,582.7107118568412,0.0,0.08890338828705453,0.08885800686213216,0.08885800686213215,0.375,0.375,0.5,3.55837141863199e-05,3.410605131648481e-13,3.410605131648481e-13,3.410605131648481e-13,3.410605131648481e-13,3.410605131648481e-13,3.410605131648481e-13,24986.695161358417,18934.547947905878,0.7577852063120335,0.9195730095025746,0.5964816699730302,37569.03399132045,20600.0,0.0,0.0,0.0,0.0,0.0,0.0,0.0,0.0,0.0,0.0,0.0,0.0,0.0,0.0,0.0,0.0,0.0,0.0,0.0,0.0,37569.03399132045,20600.0,1.0,0.0,0.0,6.0,0.9,152975.75209065224,25495.958681775373,257.94662287589375,257.94662287589375,-15.203377124106225,239.57235011199296,276.3209289759723,149571.13561251794,149632.8506636953,-61.71505117734222,0.0,nan,276.3209289759723,3.1709289759723447,268.97119763656957,-4.178802363430407,261.62146781231536,-11.528532187684618,254.27174944875088,-18.878250551249096,246.92204326976116,-26.227956730238816,239.57235011199296,-33.577649888007016,1.0,1.0,25762.59804822658,25762.59804822658,275.7335511047957,2.583551104795731,275.7335511047957,275.7335511047957,74627.44965068105,74647.42883858974,-19.979187908684253,0.0,8575.796259387458,8575.796259387458,0.8783760704931873,4070.490118003941,275.7335511047957,2.583551104795731,1.0,0.002,1.2836648395882828,0.0002315687076594233,0.001984398637497413,8.367353961077629e-05,0.9921993187487065,0.9921993187487065,0.0,6.807217710818941e-05,0.9999705531584745,0.9999705531584745,0.0,0.08885539027448582,2.616587646341395e-06,0.0,0.0,0.0,1600580.9605493557,267.0291198682357,0.0,1.0,1283084.8215306925,2603.896239356245,,,,,,,,,,,,,,,,,9.0,15561.403508771931
2820.0,-35.62342623756691,3.9663426697912016,34.65481258407009,23.455903550516837,5.213041116794461,-31.5029932939619,-44.81365828597916,1.2139346244869307,-6.120880131764295,-6.1208801317646495,38.07176755923683,38362.828394892465,20779.67897120505,20779.67897120505,59142.50736609752,74252.29261943072,74647.42883858974,20779.67897120505,95427.10780979479,95427.10780979479,95427.10780979479,120413.8029711532,120413.7874440245,0.015527128695956119,0.0,90529.49839895991,55133.85838692209,39328.488902264246,24986.695161358417,64315.18406362266,18934.547947905878,1450.0,0.0,0.8882102140517784,2.767526134744748,0.0014957518423254837,1.0,1.0,-6.120880131764295,339424.9746904718,1473059.0764612553,4.3398664986410225,1473059.0764612553,4.3398664986410225,0.7577852063120335,0.08885800686213216,4.050238923387006,101325.0,128351.07116782667,1.2667265844345095,1.0,0.0,4.050238923387006,1.2862783109124125,1.286443250924842,3.1488044920185256,6671.938872405625,15561.403508771931,6446.3050239238555,0.00028199341260474076,22351.64396752544,2279.2333740395998,19268.437103240605,1964.8337712919913,0.8620590562034539,0.8620590562034539,35747.93130210987,32395.05729023726,1.1310067657934717,0.8,4731.693677755314,4287.898129693729,1.1310067657934717,0.8,17904.69678407069,17904.69678407069,1.0,0.8,3099.015535412006,3099.015535412006,6.705251630318932,3.9663426697912016,-1.9411708970048327,5.907513566796034,3.5,3.5,1.0,0.6,0.00012822374794852937,0.9999762106817436,0.00012822679837664496,203.66612077101155,0.0,0.0,0.0,0.021168097977116558,4.5215770833750894e-05,8.300797711477848e-05,0.0003362021398618936,0.08890338828705453,0.08890338828705453,0.08890338828705453,0.08885539301402945,0.0,0.0,0.0,0.0,0.0,0.0,1.0,1.0,0.0,1.0,1.0,526615.1077956093,582.7107118568412,0.0,0.08890338828705453,0.08885800686213216,0.08885800686213215,0.375,0.375,0.5,3.55837141863199e-05,3.410605131648481e-13,3.410605131648481e-13,3.410605131648481e-13,3.410605131648481e-13,3.410605131648481e-13,3.410605131648481e-13,24986.695161358417,18934.547947905878,0.7577852063120335,0.9195730095025746,0.5964816699730302,37569.03399132045,20600.0,0.0,0.0,0.0,0.0,0.0,0.0,0.0,0.0,0.0,0.0,0.0,0.0,0.0,0.0,0.0,0.0,0.0,0.0,0.0,0.0,37569.03399132045,20600.0,1.0,0.0,0.0,6.0,0.9,152975.75209065224,25495.958681775373,257.94662287589375,257.94662287589375,-15.203377124106225,239.57235011199296,276.3209289759723,149571.13561251794,149632.8506636953,-61.71505117734222,0.0,nan,276.3209289759723,3.1709289759723447,268.97119763656957,-4.178802363430407,261.62146781231536,-11.528532187684618,254.27174944875088,-18.878250551249096,246.92204326976116,-26.227956730238816,239.57235011199296,-33.577649888007016,1.0,1.0,25762.59804822658,25762.59804822658,275.7335511047957,2.583551104795731,275.7335511047957,275.7335511047957,74627.44965068105,74647.42883858974,-19.979187908684253,0.0,8575.796259387458,8575.796259387458,0.8783760704931873,4070.490118003941,275.7335511047957,2.583551104795731,1.0,0.002,1.2836648395882828,0.0002315687076594233,0.001984398637497413,8.367353961077629e-05,0.9921993187487065,0.9921993187487065,0.0,6.807217710818941e-05,0.9999705531584745,0.9999705531584745,0.0,0.08885539027448582,2.616587646341395e-06,0.0,0.0,0.0,1600580.9605493557,267.0291198682357,0.0,1.0,1283084.8215306925,2603.896239356245,,,,,,,,,,,,,,,,,9.0,15561.403508771931
2850.0,-35.62342623756691,3.9663426697912016,34.65481258407009,23.455903550516837,5.213041116794461,-31.5029932939619,-44.81365828597916,1.2139346244869307,-6.120880131764295,-6.1208801317646495,38.07176755923683,38362.828394892465,20779.67897120505,20779.67897120505,59142.50736609752,74252.29261943072,74647.42883858974,20779.67897120505,95427.10780979479,95427.10780979479,95427.10780979479,120413.8029711532,120413.7874440245,0.015527128695956119,0.0,90529.49839895991,55133.85838692209,39328.488902264246,24986.695161358417,64315.18406362266,18934.547947905878,1450.0,0.0,0.8882102140517784,2.767526134744748,0.0014957518423254837,1.0,1.0,-6.120880131764295,339424.9746904718,1473059.0764612553,4.3398664986410225,1473059.0764612553,4.3398664986410225,0.7577852063120335,0.08885800686213216,4.050238923387006,101325.0,128351.07116782667,1.2667265844345095,1.0,0.0,4.050238923387006,1.2862783109124125,1.286443250924842,3.1488044920185256,6671.938872405625,15561.403508771931,6446.3050239238555,0.00028199341260474076,22351.64396752544,2279.2333740395998,19268.437103240605,1964.8337712919913,0.8620590562034539,0.8620590562034539,35747.93130210987,32395.05729023726,1.1310067657934717,0.8,4731.693677755314,4287.898129693729,1.1310067657934717,0.8,17904.69678407069,17904.69678407069,1.0,0.8,3099.015535412006,3099.015535412006,6.705251630318932,3.9663426697912016,-1.9411708970048327,5.907513566796034,3.5,3.5,1.0,0.6,0.00012822374794852937,0.9999762106817436,0.00012822679837664496,203.66612077101155,0.0,0.0,0.0,0.021168097977116558,4.5215770833750894e-05,8.300797711477848e-05,0.0003362021398618936,0.08890338828705453,0.08890338828705453,0.08890338828705453,0.08885539301402945,0.0,0.0,0.0,0.0,0.0,0.0,1.0,1.0,0.0,1.0,1.0,526615.1077956093,582.7107118568412,0.0,0.08890338828705453,0.08885800686213216,0.08885800686213215,0.375,0.375,0.5,3.55837141863199e-05,3.410605131648481e-13,3.410605131648481e-13,3.410605131648481e-13,3.410605131648481e-13,3.410605131648481e-13,3.410605131648481e-13,24986.695161358417,18934.547947905878,0.7577852063120335,0.9195730095025746,0.5964816699730302,37569.03399132045,20600.0,0.0,0.0,0.0,0.0,0.0,0.0,0.0,0.0,0.0,0.0,0.0,0.0,0.0,0.0,0.0,0.0,0.0,0.0,0.0,0.0,37569.03399132045,20600.0,1.0,0.0,0.0,6.0,0.9,152975.75209065224,25495.958681775373,257.94662287589375,257.94662287589375,-15.203377124106225,239.57235011199296,276.3209289759723,149571.13561251794,149632.8506636953,-61.71505117734222,0.0,nan,276.3209289759723,3.1709289759723447,268.97119763656957,-4.178802363430407,261.62146781231536,-11.528532187684618,254.27174944875088,-18.878250551249096,246.92204326976116,-26.227956730238816,239.57235011199296,-33.577649888007016,1.0,1.0,25762.59804822658,25762.59804822658,275.7335511047957,2.583551104795731,275.7335511047957,275.7335511047957,74627.44965068105,74647.42883858974,-19.979187908684253,0.0,8575.796259387458,8575.796259387458,0.8783760704931873,4070.490118003941,275.7335511047957,2.583551104795731,1.0,0.002,1.2836648395882828,0.0002315687076594233,0.001984398637497413,8.367353961077629e-05,0.9921993187487065,0.9921993187487065,0.0,6.807217710818941e-05,0.9999705531584745,0.9999705531584745,0.0,0.08885539027448582,2.616587646341395e-06,0.0,0.0,0.0,1600580.9605493557,267.0291198682357,0.0,1.0,1283084.8215306925,2603.896239356245,,,,,,,,,,,,,,,,,9.0,15561.403508771931
2880.0,-35.62342623756691,3.9663426697912016,34.65481258407009,23.455903550516837,5.213041116794461,-31.5029932939619,-44.81365828597916,1.2139346244869307,-6.120880131764295,-6.1208801317646495,38.07176755923683,38362.828394892465,20779.67897120505,20779.67897120505,59142.50736609752,74252.29261943072,74647.42883858974,20779.67897120505,95427.10780979479,95427.10780979479,95427.10780979479,120413.8029711532,120413.7874440245,0.015527128695956119,0.0,90529.49839895991,55133.85838692209,39328.488902264246,24986.695161358417,64315.18406362266,18934.547947905878,1450.0,0.0,0.8882102140517784,2.767526134744748,0.0014957518423254837,1.0,1.0,-6.120880131764295,339424.9746904718,1473059.0764612553,4.3398664986410225,1473059.0764612553,4.3398664986410225,0.7577852063120335,0.08885800686213216,4.050238923387006,101325.0,128351.07116782667,1.2667265844345095,1.0,0.0,4.050238923387006,1.2862783109124125,1.286443250924842,3.1488044920185256,6671.938872405625,15561.403508771931,6446.3050239238555,0.00028199341260474076,22351.64396752544,2279.2333740395998,19268.437103240605,1964.8337712919913,0.8620590562034539,0.8620590562034539,35747.93130210987,32395.05729023726,1.1310067657934717,0.8,4731.693677755314,4287.898129693729,1.1310067657934717,0.8,17904.69678407069,17904.69678407069,1.0,0.8,3099.015535412006,3099.015535412006,6.705251630318932,3.9663426697912016,-1.9411708970048327,5.907513566796034,3.5,3.5,1.0,0.6,0.00012822374794852937,0.9999762106817436,0.00012822679837664496,203.66612077101155,0.0,0.0,0.0,0.021168097977116558,4.5215770833750894e-05,8.300797711477848e-05,0.0003362021398618936,0.08890338828705453,0.08890338828705453,0.08890338828705453,0.08885539301402945,0.0,0.0,0.0,0.0,0.0,0.0,1.0,1.0,0.0,1.0,1.0,526615.1077956093,582.7107118568412,0.0,0.08890338828705453,0.08885800686213216,0.08885800686213215,0.375,0.375,0.5,3.55837141863199e-05,3.410605131648481e-13,3.410605131648481e-13,3.410605131648481e-13,3.410605131648481e-13,3.410605131648481e-13,3.410605131648481e-13,24986.695161358417,18934.547947905878,0.7577852063120335,0.9195730095025746,0.5964816699730302,37569.03399132045,20600.0,0.0,0.0,0.0,0.0,0.0,0.0,0.0,0.0,0.0,0.0,0.0,0.0,0.0,0.0,0.0,0.0,0.0,0.0,0.0,0.0,37569.03399132045,20600.0,1.0,0.0,0.0,6.0,0.9,152975.75209065224,25495.958681775373,257.94662287589375,257.94662287589375,-15.203377124106225,239.57235011199296,276.3209289759723,149571.13561251794,149632.8506636953,-61.71505117734222,0.0,nan,276.3209289759723,3.1709289759723447,268.97119763656957,-4.178802363430407,261.62146781231536,-11.528532187684618,254.27174944875088,-18.878250551249096,246.92204326976116,-26.227956730238816,239.57235011199296,-33.577649888007016,1.0,1.0,25762.59804822658,25762.59804822658,275.7335511047957,2.583551104795731,275.7335511047957,275.7335511047957,74627.44965068105,74647.42883858974,-19.979187908684253,0.0,8575.796259387458,8575.796259387458,0.8783760704931873,4070.490118003941,275.7335511047957,2.583551104795731,1.0,0.002,1.2836648395882828,0.0002315687076594233,0.001984398637497413,8.367353961077629e-05,0.9921993187487065,0.9921993187487065,0.0,6.807217710818941e-05,0.9999705531584745,0.9999705531584745,0.0,0.08885539027448582,2.616587646341395e-06,0.0,0.0,0.0,1600580.9605493557,267.0291198682357,0.0,1.0,1283084.8215306925,2603.896239356245,,,,,,,,,,,,,,,,,9.0,15561.403508771931
2910.0,-35.62342623756691,3.9663426697912016,34.65481258407009,23.455903550516837,5.213041116794461,-31.5029932939619,-44.81365828597916,1.2139346244869307,-6.120880131764295,-6.1208801317646495,38.07176755923683,38362.828394892465,20779.67897120505,20779.67897120505,59142.50736609752,74252.29261943072,74647.42883858974,20779.67897120505,95427.10780979479,95427.10780979479,95427.10780979479,120413.8029711532,120413.7874440245,0.015527128695956119,0.0,90529.49839895991,55133.85838692209,39328.488902264246,24986.695161358417,64315.18406362266,18934.547947905878,1450.0,0.0,0.8882102140517784,2.767526134744748,0.0014957518423254837,1.0,1.0,-6.120880131764295,339424.9746904718,1473059.0764612553,4.3398664986410225,1473059.0764612553,4.3398664986410225,0.7577852063120335,0.08885800686213216,4.050238923387006,101325.0,128351.07116782667,1.2667265844345095,1.0,0.0,4.050238923387006,1.2862783109124125,1.286443250924842,3.1488044920185256,6671.938872405625,15561.403508771931,6446.3050239238555,0.00028199341260474076,22351.64396752544,2279.2333740395998,19268.437103240605,1964.8337712919913,0.8620590562034539,0.8620590562034539,35747.93130210987,32395.05729023726,1.1310067657934717,0.8,4731.693677755314,4287.898129693729,1.1310067657934717,0.8,17904.69678407069,17904.69678407069,1.0,0.8,3099.015535412006,3099.015535412006,6.705251630318932,3.9663426697912016,-1.9411708970048327,5.907513566796034,3.5,3.5,1.0,0.6,0.00012822374794852937,0.9999762106817436,0.00012822679837664496,203.66612077101155,0.0,0.0,0.0,0.021168097977116558,4.5215770833750894e-05,8.300797711477848e-05,0.0003362021398618936,0.08890338828705453,0.08890338828705453,0.08890338828705453,0.08885539301402945,0.0,0.0,0.0,0.0,0.0,0.0,1.0,1.0,0.0,1.0,1.0,526615.1077956093,582.7107118568412,0.0,0.08890338828705453,0.08885800686213216,0.08885800686213215,0.375,0.375,0.5,3.55837141863199e-05,3.410605131648481e-13,3.410605131648481e-13,3.410605131648481e-13,3.410605131648481e-13,3.410605131648481e-13,3.410605131648481e-13,24986.695161358417,18934.547947905878,0.7577852063120335,0.9195730095025746,0.5964816699730302,37569.03399132045,20600.0,0.0,0.0,0.0,0.0,0.0,0.0,0.0,0.0,0.0,0.0,0.0,0.0,0.0,0.0,0.0,0.0,0.0,0.0,0.0,0.0,37569.03399132045,20600.0,1.0,0.0,0.0,6.0,0.9,152975.75209065224,25495.958681775373,257.94662287589375,257.94662287589375,-15.203377124106225,239.57235011199296,276.3209289759723,149571.13561251794,149632.8506636953,-61.71505117734222,0.0,nan,276.3209289759723,3.1709289759723447,268.97119763656957,-4.178802363430407,261.62146781231536,-11.528532187684618,254.27174944875088,-18.878250551249096,246.92204326976116,-26.227956730238816,239.57235011199296,-33.577649888007016,1.0,1.0,25762.59804822658,25762.59804822658,275.7335511047957,2.583551104795731,275.7335511047957,275.7335511047957,74627.44965068105,74647.42883858974,-19.979187908684253,0.0,8575.796259387458,8575.796259387458,0.8783760704931873,4070.490118003941,275.7335511047957,2.583551104795731,1.0,0.002,1.2836648395882828,0.0002315687076594233,0.001984398637497413,8.367353961077629e-05,0.9921993187487065,0.9921993187487065,0.0,6.807217710818941e-05,0.9999705531584745,0.9999705531584745,0.0,0.08885539027448582,2.616587646341395e-06,0.0,0.0,0.0,1600580.9605493557,267.0291198682357,0.0,1.0,1283084.8215306925,2603.896239356245,,,,,,,,,,,,,,,,,9.0,15561.403508771931
2940.0,-35.62342623756691,3.9663426697912016,34.65481258407009,23.455903550516837,5.213041116794461,-31.5029932939619,-44.81365828597916,1.2139346244869307,-6.120880131764295,-6.1208801317646495,38.07176755923683,38362.828394892465,20779.67897120505,20779.67897120505,59142.50736609752,74252.29261943072,74647.42883858974,20779.67897120505,95427.10780979479,95427.10780979479,95427.10780979479,120413.8029711532,120413.7874440245,0.015527128695956119,0.0,90529.49839895991,55133.85838692209,39328.488902264246,24986.695161358417,64315.18406362266,18934.547947905878,1450.0,0.0,0.8882102140517784,2.767526134744748,0.0014957518423254837,1.0,1.0,-6.120880131764295,339424.9746904718,1473059.0764612553,4.3398664986410225,1473059.0764612553,4.3398664986410225,0.7577852063120335,0.08885800686213216,4.050238923387006,101325.0,128351.07116782667,1.2667265844345095,1.0,0.0,4.050238923387006,1.2862783109124125,1.286443250924842,3.1488044920185256,6671.938872405625,15561.403508771931,6446.3050239238555,0.00028199341260474076,22351.64396752544,2279.2333740395998,19268.437103240605,1964.8337712919913,0.8620590562034539,0.8620590562034539,35747.93130210987,32395.05729023726,1.1310067657934717,0.8,4731.693677755314,4287.898129693729,1.1310067657934717,0.8,17904.69678407069,17904.69678407069,1.0,0.8,3099.015535412006,3099.015535412006,6.705251630318932,3.9663426697912016,-1.9411708970048327,5.907513566796034,3.5,3.5,1.0,0.6,0.00012822374794852937,0.9999762106817436,0.00012822679837664496,203.66612077101155,0.0,0.0,0.0,0.021168097977116558,4.5215770833750894e-05,8.300797711477848e-05,0.0003362021398618936,0.08890338828705453,0.08890338828705453,0.08890338828705453,0.08885539301402945,0.0,0.0,0.0,0.0,0.0,0.0,1.0,1.0,0.0,1.0,1.0,526615.1077956093,582.7107118568412,0.0,0.08890338828705453,0.08885800686213216,0.08885800686213215,0.375,0.375,0.5,3.55837141863199e-05,3.410605131648481e-13,3.410605131648481e-13,3.410605131648481e-13,3.410605131648481e-13,3.410605131648481e-13,3.410605131648481e-13,24986.695161358417,18934.547947905878,0.7577852063120335,0.9195730095025746,0.5964816699730302,37569.03399132045,20600.0,0.0,0.0,0.0,0.0,0.0,0.0,0.0,0.0,0.0,0.0,0.0,0.0,0.0,0.0,0.0,0.0,0.0,0.0,0.0,0.0,37569.03399132045,20600.0,1.0,0.0,0.0,6.0,0.9,152975.75209065224,25495.958681775373,257.94662287589375,257.94662287589375,-15.203377124106225,239.57235011199296,276.3209289759723,149571.13561251794,149632.8506636953,-61.71505117734222,0.0,nan,276.3209289759723,3.1709289759723447,268.97119763656957,-4.178802363430407,261.62146781231536,-11.528532187684618,254.27174944875088,-18.878250551249096,246.92204326976116,-26.227956730238816,239.57235011199296,-33.577649888007016,1.0,1.0,25762.59804822658,25762.59804822658,275.7335511047957,2.583551104795731,275.7335511047957,275.7335511047957,74627.44965068105,74647.42883858974,-19.979187908684253,0.0,8575.796259387458,8575.796259387458,0.8783760704931873,4070.490118003941,275.7335511047957,2.583551104795731,1.0,0.002,1.2836648395882828,0.0002315687076594233,0.001984398637497413,8.367353961077629e-05,0.9921993187487065,0.9921993187487065,0.0,6.807217710818941e-05,0.9999705531584745,0.9999705531584745,0.0,0.08885539027448582,2.616587646341395e-06,0.0,0.0,0.0,1600580.9605493557,267.0291198682357,0.0,1.0,1283084.8215306925,2603.896239356245,,,,,,,,,,,,,,,,,9.0,15561.403508771931
2970.0,-35.62342623756691,3.9663426697912016,34.65481258407009,23.455903550516837,5.213041116794461,-31.5029932939619,-44.81365828597916,1.2139346244869307,-6.120880131764295,-6.1208801317646495,38.07176755923683,38362.828394892465,20779.67897120505,20779.67897120505,59142.50736609752,74252.29261943072,74647.42883858974,20779.67897120505,95427.10780979479,95427.10780979479,95427.10780979479,120413.8029711532,120413.7874440245,0.015527128695956119,0.0,90529.49839895991,55133.85838692209,39328.488902264246,24986.695161358417,64315.18406362266,18934.547947905878,1450.0,0.0,0.8882102140517784,2.767526134744748,0.0014957518423254837,1.0,1.0,-6.120880131764295,339424.9746904718,1473059.0764612553,4.3398664986410225,1473059.0764612553,4.3398664986410225,0.7577852063120335,0.08885800686213216,4.050238923387006,101325.0,128351.07116782667,1.2667265844345095,1.0,0.0,4.050238923387006,1.2862783109124125,1.286443250924842,3.1488044920185256,6671.938872405625,15561.403508771931,6446.3050239238555,0.00028199341260474076,22351.64396752544,2279.2333740395998,19268.437103240605,1964.8337712919913,0.8620590562034539,0.8620590562034539,35747.93130210987,32395.05729023726,1.1310067657934717,0.8,4731.693677755314,4287.898129693729,1.1310067657934717,0.8,17904.69678407069,17904.69678407069,1.0,0.8,3099.015535412006,3099.015535412006,6.705251630318932,3.9663426697912016,-1.9411708970048327,5.907513566796034,3.5,3.5,1.0,0.6,0.00012822374794852937,0.9999762106817436,0.00012822679837664496,203.66612077101155,0.0,0.0,0.0,0.021168097977116558,4.5215770833750894e-05,8.300797711477848e-05,0.0003362021398618936,0.08890338828705453,0.08890338828705453,0.08890338828705453,0.08885539301402945,0.0,0.0,0.0,0.0,0.0,0.0,1.0,1.0,0.0,1.0,1.0,526615.1077956093,582.7107118568412,0.0,0.08890338828705453,0.08885800686213216,0.08885800686213215,0.375,0.375,0.5,3.55837141863199e-05,3.410605131648481e-13,3.410605131648481e-13,3.410605131648481e-13,3.410605131648481e-13,3.410605131648481e-13,3.410605131648481e-13,24986.695161358417,18934.547947905878,0.7577852063120335,0.9195730095025746,0.5964816699730302,37569.03399132045,20600.0,0.0,0.0,0.0,0.0,0.0,0.0,0.0,0.0,0.0,0.0,0.0,0.0,0.0,0.0,0.0,0.0,0.0,0.0,0.0,0.0,37569.03399132045,20600.0,1.0,0.0,0.0,6.0,0.9,152975.75209065224,25495.958681775373,257.94662287589375,257.94662287589375,-15.203377124106225,239.57235011199296,276.3209289759723,149571.13561251794,149632.8506636953,-61.71505117734222,0.0,nan,276.3209289759723,3.1709289759723447,268.97119763656957,-4.178802363430407,261.62146781231536,-11.528532187684618,254.27174944875088,-18.878250551249096,246.92204326976116,-26.227956730238816,239.57235011199296,-33.577649888007016,1.0,1.0,25762.59804822658,25762.59804822658,275.7335511047957,2.583551104795731,275.7335511047957,275.7335511047957,74627.44965068105,74647.42883858974,-19.979187908684253,0.0,8575.796259387458,8575.796259387458,0.8783760704931873,4070.490118003941,275.7335511047957,2.583551104795731,1.0,0.002,1.2836648395882828,0.0002315687076594233,0.001984398637497413,8.367353961077629e-05,0.9921993187487065,0.9921993187487065,0.0,6.807217710818941e-05,0.9999705531584745,0.9999705531584745,0.0,0.08885539027448582,2.616587646341395e-06,0.0,0.0,0.0,1600580.9605493557,267.0291198682357,0.0,1.0,1283084.8215306925,2603.896239356245,,,,,,,,,,,,,,,,,9.0,15561.403508771931
3000.0,-35.62342623756691,3.9663426697912016,34.65481258407009,23.455903550516837,5.213041116794461,-31.5029932939619,-44.81365828597916,1.2139346244869307,-6.120880131764295,-6.1208801317646495,38.07176755923683,38362.828394892465,20779.67897120505,20779.67897120505,59142.50736609752,74252.29261943072,74647.42883858974,20779.67897120505,95427.10780979479,95427.10780979479,95427.10780979479,120413.8029711532,120413.7874440245,0.015527128695956119,0.0,90529.49839895991,55133.85838692209,39328.488902264246,24986.695161358417,64315.18406362266,18934.547947905878,1450.0,0.0,0.8882102140517784,2.767526134744748,0.0014957518423254837,1.0,1.0,-6.120880131764295,339424.9746904718,1473059.0764612553,4.3398664986410225,1473059.0764612553,4.3398664986410225,0.7577852063120335,0.08885800686213216,4.050238923387006,101325.0,128351.07116782667,1.2667265844345095,1.0,0.0,4.050238923387006,1.2862783109124125,1.286443250924842,3.1488044920185256,6671.938872405625,15561.403508771931,6446.3050239238555,0.00028199341260474076,22351.64396752544,2279.2333740395998,19268.437103240605,1964.8337712919913,0.8620590562034539,0.8620590562034539,35747.93130210987,32395.05729023726,1.1310067657934717,0.8,4731.693677755314,4287.898129693729,1.1310067657934717,0.8,17904.69678407069,17904.69678407069,1.0,0.8,3099.015535412006,3099.015535412006,6.705251630318932,3.9663426697912016,-1.9411708970048327,5.907513566796034,3.5,3.5,1.0,0.6,0.00012822374794852937,0.9999762106817436,0.00012822679837664496,203.66612077101155,0.0,0.0,0.0,0.021168097977116558,4.5215770833750894e-05,8.300797711477848e-05,0.0003362021398618936,0.08890338828705453,0.08890338828705453,0.08890338828705453,0.08885539301402945,0.0,0.0,0.0,0.0,0.0,0.0,1.0,1.0,0.0,1.0,1.0,526615.1077956093,582.7107118568412,0.0,0.08890338828705453,0.08885800686213216,0.08885800686213215,0.375,0.375,0.5,3.55837141863199e-05,3.410605131648481e-13,3.410605131648481e-13,3.410605131648481e-13,3.410605131648481e-13,3.410605131648481e-13,3.410605131648481e-13,24986.695161358417,18934.547947905878,0.7577852063120335,0.9195730095025746,0.5964816699730302,37569.03399132045,20600.0,0.0,0.0,0.0,0.0,0.0,0.0,0.0,0.0,0.0,0.0,0.0,0.0,0.0,0.0,0.0,0.0,0.0,0.0,0.0,0.0,37569.03399132045,20600.0,1.0,0.0,0.0,6.0,0.9,152975.75209065224,25495.958681775373,257.94662287589375,257.94662287589375,-15.203377124106225,239.57235011199296,276.3209289759723,149571.13561251794,149632.8506636953,-61.71505117734222,0.0,nan,276.3209289759723,3.1709289759723447,268.97119763656957,-4.178802363430407,261.62146781231536,-11.528532187684618,254.27174944875088,-18.878250551249096,246.92204326976116,-26.227956730238816,239.57235011199296,-33.577649888007016,1.0,1.0,25762.59804822658,25762.59804822658,275.7335511047957,2.583551104795731,275.7335511047957,275.7335511047957,74627.44965068105,74647.42883858974,-19.979187908684253,0.0,8575.796259387458,8575.796259387458,0.8783760704931873,4070.490118003941,275.7335511047957,2.583551104795731,1.0,0.002,1.2836648395882828,0.0002315687076594233,0.001984398637497413,8.367353961077629e-05,0.9921993187487065,0.9921993187487065,0.0,6.807217710818941e-05,0.9999705531584745,0.9999705531584745,0.0,0.08885539027448582,2.616587646341395e-06,0.0,0.0,0.0,1600580.9605493557,267.0291198682357,0.0,1.0,1283084.8215306925,2603.896239356245,,,,,,,,,,,,,,,,,9.0,15561.403508771931
3030.0,-35.62342623756691,3.9663426697912016,34.65481258407009,23.455903550516837,5.213041116794461,-31.5029932939619,-44.81365828597916,1.2139346244869307,-6.120880131764295,-6.1208801317646495,38.07176755923683,38362.828394892465,20779.67897120505,20779.67897120505,59142.50736609752,74252.29261943072,74647.42883858974,20779.67897120505,95427.10780979479,95427.10780979479,95427.10780979479,120413.8029711532,120413.7874440245,0.015527128695956119,0.0,90529.49839895991,55133.85838692209,39328.488902264246,24986.695161358417,64315.18406362266,18934.547947905878,1450.0,0.0,0.8882102140517784,2.767526134744748,0.0014957518423254837,1.0,1.0,-6.120880131764295,339424.9746904718,1473059.0764612553,4.3398664986410225,1473059.0764612553,4.3398664986410225,0.7577852063120335,0.08885800686213216,4.050238923387006,101325.0,128351.07116782667,1.2667265844345095,1.0,0.0,4.050238923387006,1.2862783109124125,1.286443250924842,3.1488044920185256,6671.938872405625,15561.403508771931,6446.3050239238555,0.00028199341260474076,22351.64396752544,2279.2333740395998,19268.437103240605,1964.8337712919913,0.8620590562034539,0.8620590562034539,35747.93130210987,32395.05729023726,1.1310067657934717,0.8,4731.693677755314,4287.898129693729,1.1310067657934717,0.8,17904.69678407069,17904.69678407069,1.0,0.8,3099.015535412006,3099.015535412006,6.705251630318932,3.9663426697912016,-1.9411708970048327,5.907513566796034,3.5,3.5,1.0,0.6,0.00012822374794852937,0.9999762106817436,0.00012822679837664496,203.66612077101155,0.0,0.0,0.0,0.021168097977116558,4.5215770833750894e-05,8.300797711477848e-05,0.0003362021398618936,0.08890338828705453,0.08890338828705453,0.08890338828705453,0.08885539301402945,0.0,0.0,0.0,0.0,0.0,0.0,1.0,1.0,0.0,1.0,1.0,526615.1077956093,582.7107118568412,0.0,0.08890338828705453,0.08885800686213216,0.08885800686213215,0.375,0.375,0.5,3.55837141863199e-05,3.410605131648481e-13,3.410605131648481e-13,3.410605131648481e-13,3.410605131648481e-13,3.410605131648481e-13,3.410605131648481e-13,24986.695161358417,18934.547947905878,0.7577852063120335,0.9195730095025746,0.5964816699730302,37569.03399132045,20600.0,0.0,0.0,0.0,0.0,0.0,0.0,0.0,0.0,0.0,0.0,0.0,0.0,0.0,0.0,0.0,0.0,0.0,0.0,0.0,0.0,37569.03399132045,20600.0,1.0,0.0,0.0,6.0,0.9,152975.75209065224,25495.958681775373,257.94662287589375,257.94662287589375,-15.203377124106225,239.57235011199296,276.3209289759723,149571.13561251794,149632.8506636953,-61.71505117734222,0.0,nan,276.3209289759723,3.1709289759723447,268.97119763656957,-4.178802363430407,261.62146781231536,-11.528532187684618,254.27174944875088,-18.878250551249096,246.92204326976116,-26.227956730238816,239.57235011199296,-33.577649888007016,1.0,1.0,25762.59804822658,25762.59804822658,275.7335511047957,2.583551104795731,275.7335511047957,275.7335511047957,74627.44965068105,74647.42883858974,-19.979187908684253,0.0,8575.796259387458,8575.796259387458,0.8783760704931873,4070.490118003941,275.7335511047957,2.583551104795731,1.0,0.002,1.2836648395882828,0.0002315687076594233,0.001984398637497413,8.367353961077629e-05,0.9921993187487065,0.9921993187487065,0.0,6.807217710818941e-05,0.9999705531584745,0.9999705531584745,0.0,0.08885539027448582,2.616587646341395e-06,0.0,0.0,0.0,1600580.9605493557,267.0291198682357,0.0,1.0,1283084.8215306925,2603.896239356245,,,,,,,,,,,,,,,,,9.0,15561.403508771931
3060.0,-35.62342623756691,3.9663426697912016,34.65481258407009,23.455903550516837,5.213041116794461,-31.5029932939619,-44.81365828597916,1.2139346244869307,-6.120880131764295,-6.1208801317646495,38.07176755923683,38362.828394892465,20779.67897120505,20779.67897120505,59142.50736609752,74252.29261943072,74647.42883858974,20779.67897120505,95427.10780979479,95427.10780979479,95427.10780979479,120413.8029711532,120413.7874440245,0.015527128695956119,0.0,90529.49839895991,55133.85838692209,39328.488902264246,24986.695161358417,64315.18406362266,18934.547947905878,1450.0,0.0,0.8882102140517784,2.767526134744748,0.0014957518423254837,1.0,1.0,-6.120880131764295,339424.9746904718,1473059.0764612553,4.3398664986410225,1473059.0764612553,4.3398664986410225,0.7577852063120335,0.08885800686213216,4.050238923387006,101325.0,128351.07116782667,1.2667265844345095,1.0,0.0,4.050238923387006,1.2862783109124125,1.286443250924842,3.1488044920185256,6671.938872405625,15561.403508771931,6446.3050239238555,0.00028199341260474076,22351.64396752544,2279.2333740395998,19268.437103240605,1964.8337712919913,0.8620590562034539,0.8620590562034539,35747.93130210987,32395.05729023726,1.1310067657934717,0.8,4731.693677755314,4287.898129693729,1.1310067657934717,0.8,17904.69678407069,17904.69678407069,1.0,0.8,3099.015535412006,3099.015535412006,6.705251630318932,3.9663426697912016,-1.9411708970048327,5.907513566796034,3.5,3.5,1.0,0.6,0.00012822374794852937,0.9999762106817436,0.00012822679837664496,203.66612077101155,0.0,0.0,0.0,0.021168097977116558,4.5215770833750894e-05,8.300797711477848e-05,0.0003362021398618936,0.08890338828705453,0.08890338828705453,0.08890338828705453,0.08885539301402945,0.0,0.0,0.0,0.0,0.0,0.0,1.0,1.0,0.0,1.0,1.0,526615.1077956093,582.7107118568412,0.0,0.08890338828705453,0.08885800686213216,0.08885800686213215,0.375,0.375,0.5,3.55837141863199e-05,3.410605131648481e-13,3.410605131648481e-13,3.410605131648481e-13,3.410605131648481e-13,3.410605131648481e-13,3.410605131648481e-13,24986.695161358417,18934.547947905878,0.7577852063120335,0.9195730095025746,0.5964816699730302,37569.03399132045,20600.0,0.0,0.0,0.0,0.0,0.0,0.0,0.0,0.0,0.0,0.0,0.0,0.0,0.0,0.0,0.0,0.0,0.0,0.0,0.0,0.0,37569.03399132045,20600.0,1.0,0.0,0.0,6.0,0.9,152975.75209065224,25495.958681775373,257.94662287589375,257.94662287589375,-15.203377124106225,239.57235011199296,276.3209289759723,149571.13561251794,149632.8506636953,-61.71505117734222,0.0,nan,276.3209289759723,3.1709289759723447,268.97119763656957,-4.178802363430407,261.62146781231536,-11.528532187684618,254.27174944875088,-18.878250551249096,246.92204326976116,-26.227956730238816,239.57235011199296,-33.577649888007016,1.0,1.0,25762.59804822658,25762.59804822658,275.7335511047957,2.583551104795731,275.7335511047957,275.7335511047957,74627.44965068105,74647.42883858974,-19.979187908684253,0.0,8575.796259387458,8575.796259387458,0.8783760704931873,4070.490118003941,275.7335511047957,2.583551104795731,1.0,0.002,1.2836648395882828,0.0002315687076594233,0.001984398637497413,8.367353961077629e-05,0.9921993187487065,0.9921993187487065,0.0,6.807217710818941e-05,0.9999705531584745,0.9999705531584745,0.0,0.08885539027448582,2.616587646341395e-06,0.0,0.0,0.0,1600580.9605493557,267.0291198682357,0.0,1.0,1283084.8215306925,2603.896239356245,,,,,,,,,,,,,,,,,9.0,15561.403508771931
3090.0,-35.62342623756691,3.9663426697912016,34.65481258407009,23.455903550516837,5.213041116794461,-31.5029932939619,-44.81365828597916,1.2139346244869307,-6.120880131764295,-6.1208801317646495,38.07176755923683,38362.828394892465,20779.67897120505,20779.67897120505,59142.50736609752,74252.29261943072,74647.42883858974,20779.67897120505,95427.10780979479,95427.10780979479,95427.10780979479,120413.8029711532,120413.7874440245,0.015527128695956119,0.0,90529.49839895991,55133.85838692209,39328.488902264246,24986.695161358417,64315.18406362266,18934.547947905878,1450.0,0.0,0.8882102140517784,2.767526134744748,0.0014957518423254837,1.0,1.0,-6.120880131764295,339424.9746904718,1473059.0764612553,4.3398664986410225,1473059.0764612553,4.3398664986410225,0.7577852063120335,0.08885800686213216,4.050238923387006,101325.0,128351.07116782667,1.2667265844345095,1.0,0.0,4.050238923387006,1.2862783109124125,1.286443250924842,3.1488044920185256,6671.938872405625,15561.403508771931,6446.3050239238555,0.00028199341260474076,22351.64396752544,2279.2333740395998,19268.437103240605,1964.8337712919913,0.8620590562034539,0.8620590562034539,35747.93130210987,32395.05729023726,1.1310067657934717,0.8,4731.693677755314,4287.898129693729,1.1310067657934717,0.8,17904.69678407069,17904.69678407069,1.0,0.8,3099.015535412006,3099.015535412006,6.705251630318932,3.9663426697912016,-1.9411708970048327,5.907513566796034,3.5,3.5,1.0,0.6,0.00012822374794852937,0.9999762106817436,0.00012822679837664496,203.66612077101155,0.0,0.0,0.0,0.021168097977116558,4.5215770833750894e-05,8.300797711477848e-05,0.0003362021398618936,0.08890338828705453,0.08890338828705453,0.08890338828705453,0.08885539301402945,0.0,0.0,0.0,0.0,0.0,0.0,1.0,1.0,0.0,1.0,1.0,526615.1077956093,582.7107118568412,0.0,0.08890338828705453,0.08885800686213216,0.08885800686213215,0.375,0.375,0.5,3.55837141863199e-05,3.410605131648481e-13,3.410605131648481e-13,3.410605131648481e-13,3.410605131648481e-13,3.410605131648481e-13,3.410605131648481e-13,24986.695161358417,18934.547947905878,0.7577852063120335,0.9195730095025746,0.5964816699730302,37569.03399132045,20600.0,0.0,0.0,0.0,0.0,0.0,0.0,0.0,0.0,0.0,0.0,0.0,0.0,0.0,0.0,0.0,0.0,0.0,0.0,0.0,0.0,37569.03399132045,20600.0,1.0,0.0,0.0,6.0,0.9,152975.75209065224,25495.958681775373,257.94662287589375,257.94662287589375,-15.203377124106225,239.57235011199296,276.3209289759723,149571.13561251794,149632.8506636953,-61.71505117734222,0.0,nan,276.3209289759723,3.1709289759723447,268.97119763656957,-4.178802363430407,261.62146781231536,-11.528532187684618,254.27174944875088,-18.878250551249096,246.92204326976116,-26.227956730238816,239.57235011199296,-33.577649888007016,1.0,1.0,25762.59804822658,25762.59804822658,275.7335511047957,2.583551104795731,275.7335511047957,275.7335511047957,74627.44965068105,74647.42883858974,-19.979187908684253,0.0,8575.796259387458,8575.796259387458,0.8783760704931873,4070.490118003941,275.7335511047957,2.583551104795731,1.0,0.002,1.2836648395882828,0.0002315687076594233,0.001984398637497413,8.367353961077629e-05,0.9921993187487065,0.9921993187487065,0.0,6.807217710818941e-05,0.9999705531584745,0.9999705531584745,0.0,0.08885539027448582,2.616587646341395e-06,0.0,0.0,0.0,1600580.9605493557,267.0291198682357,0.0,1.0,1283084.8215306925,2603.896239356245,,,,,,,,,,,,,,,,,9.0,15561.403508771931
3120.0,-35.62342623756691,3.9663426697912016,34.65481258407009,23.455903550516837,5.213041116794461,-31.5029932939619,-44.81365828597916,1.2139346244869307,-6.120880131764295,-6.1208801317646495,38.07176755923683,38362.828394892465,20779.67897120505,20779.67897120505,59142.50736609752,74252.29261943072,74647.42883858974,20779.67897120505,95427.10780979479,95427.10780979479,95427.10780979479,120413.8029711532,120413.7874440245,0.015527128695956119,0.0,90529.49839895991,55133.85838692209,39328.488902264246,24986.695161358417,64315.18406362266,18934.547947905878,1450.0,0.0,0.8882102140517784,2.767526134744748,0.0014957518423254837,1.0,1.0,-6.120880131764295,339424.9746904718,1473059.0764612553,4.3398664986410225,1473059.0764612553,4.3398664986410225,0.7577852063120335,0.08885800686213216,4.050238923387006,101325.0,128351.07116782667,1.2667265844345095,1.0,0.0,4.050238923387006,1.2862783109124125,1.286443250924842,3.1488044920185256,6671.938872405625,15561.403508771931,6446.3050239238555,0.00028199341260474076,22351.64396752544,2279.2333740395998,19268.437103240605,1964.8337712919913,0.8620590562034539,0.8620590562034539,35747.93130210987,32395.05729023726,1.1310067657934717,0.8,4731.693677755314,4287.898129693729,1.1310067657934717,0.8,17904.69678407069,17904.69678407069,1.0,0.8,3099.015535412006,3099.015535412006,6.705251630318932,3.9663426697912016,-1.9411708970048327,5.907513566796034,3.5,3.5,1.0,0.6,0.00012822374794852937,0.9999762106817436,0.00012822679837664496,203.66612077101155,0.0,0.0,0.0,0.021168097977116558,4.5215770833750894e-05,8.300797711477848e-05,0.0003362021398618936,0.08890338828705453,0.08890338828705453,0.08890338828705453,0.08885539301402945,0.0,0.0,0.0,0.0,0.0,0.0,1.0,1.0,0.0,1.0,1.0,526615.1077956093,582.7107118568412,0.0,0.08890338828705453,0.08885800686213216,0.08885800686213215,0.375,0.375,0.5,3.55837141863199e-05,3.410605131648481e-13,3.410605131648481e-13,3.410605131648481e-13,3.410605131648481e-13,3.410605131648481e-13,3.410605131648481e-13,24986.695161358417,18934.547947905878,0.7577852063120335,0.9195730095025746,0.5964816699730302,37569.03399132045,20600.0,0.0,0.0,0.0,0.0,0.0,0.0,0.0,0.0,0.0,0.0,0.0,0.0,0.0,0.0,0.0,0.0,0.0,0.0,0.0,0.0,37569.03399132045,20600.0,1.0,0.0,0.0,6.0,0.9,152975.75209065224,25495.958681775373,257.94662287589375,257.94662287589375,-15.203377124106225,239.57235011199296,276.3209289759723,149571.13561251794,149632.8506636953,-61.71505117734222,0.0,nan,276.3209289759723,3.1709289759723447,268.97119763656957,-4.178802363430407,261.62146781231536,-11.528532187684618,254.27174944875088,-18.878250551249096,246.92204326976116,-26.227956730238816,239.57235011199296,-33.577649888007016,1.0,1.0,25762.59804822658,25762.59804822658,275.7335511047957,2.583551104795731,275.7335511047957,275.7335511047957,74627.44965068105,74647.42883858974,-19.979187908684253,0.0,8575.796259387458,8575.796259387458,0.8783760704931873,4070.490118003941,275.7335511047957,2.583551104795731,1.0,0.002,1.2836648395882828,0.0002315687076594233,0.001984398637497413,8.367353961077629e-05,0.9921993187487065,0.9921993187487065,0.0,6.807217710818941e-05,0.9999705531584745,0.9999705531584745,0.0,0.08885539027448582,2.616587646341395e-06,0.0,0.0,0.0,1600580.9605493557,267.0291198682357,0.0,1.0,1283084.8215306925,2603.896239356245,,,,,,,,,,,,,,,,,9.0,15561.403508771931
3150.0,-35.62342623756691,3.9663426697912016,34.65481258407009,23.455903550516837,5.213041116794461,-31.5029932939619,-44.81365828597916,1.2139346244869307,-6.120880131764295,-6.1208801317646495,38.07176755923683,38362.828394892465,20779.67897120505,20779.67897120505,59142.50736609752,74252.29261943072,74647.42883858974,20779.67897120505,95427.10780979479,95427.10780979479,95427.10780979479,120413.8029711532,120413.7874440245,0.015527128695956119,0.0,90529.49839895991,55133.85838692209,39328.488902264246,24986.695161358417,64315.18406362266,18934.547947905878,1450.0,0.0,0.8882102140517784,2.767526134744748,0.0014957518423254837,1.0,1.0,-6.120880131764295,339424.9746904718,1473059.0764612553,4.3398664986410225,1473059.0764612553,4.3398664986410225,0.7577852063120335,0.08885800686213216,4.050238923387006,101325.0,128351.07116782667,1.2667265844345095,1.0,0.0,4.050238923387006,1.2862783109124125,1.286443250924842,3.1488044920185256,6671.938872405625,15561.403508771931,6446.3050239238555,0.00028199341260474076,22351.64396752544,2279.2333740395998,19268.437103240605,1964.8337712919913,0.8620590562034539,0.8620590562034539,35747.93130210987,32395.05729023726,1.1310067657934717,0.8,4731.693677755314,4287.898129693729,1.1310067657934717,0.8,17904.69678407069,17904.69678407069,1.0,0.8,3099.015535412006,3099.015535412006,6.705251630318932,3.9663426697912016,-1.9411708970048327,5.907513566796034,3.5,3.5,1.0,0.6,0.00012822374794852937,0.9999762106817436,0.00012822679837664496,203.66612077101155,0.0,0.0,0.0,0.021168097977116558,4.5215770833750894e-05,8.300797711477848e-05,0.0003362021398618936,0.08890338828705453,0.08890338828705453,0.08890338828705453,0.08885539301402945,0.0,0.0,0.0,0.0,0.0,0.0,1.0,1.0,0.0,1.0,1.0,526615.1077956093,582.7107118568412,0.0,0.08890338828705453,0.08885800686213216,0.08885800686213215,0.375,0.375,0.5,3.55837141863199e-05,3.410605131648481e-13,3.410605131648481e-13,3.410605131648481e-13,3.410605131648481e-13,3.410605131648481e-13,3.410605131648481e-13,24986.695161358417,18934.547947905878,0.7577852063120335,0.9195730095025746,0.5964816699730302,37569.03399132045,20600.0,0.0,0.0,0.0,0.0,0.0,0.0,0.0,0.0,0.0,0.0,0.0,0.0,0.0,0.0,0.0,0.0,0.0,0.0,0.0,0.0,37569.03399132045,20600.0,1.0,0.0,0.0,6.0,0.9,152975.75209065224,25495.958681775373,257.94662287589375,257.94662287589375,-15.203377124106225,239.57235011199296,276.3209289759723,149571.13561251794,149632.8506636953,-61.71505117734222,0.0,nan,276.3209289759723,3.1709289759723447,268.97119763656957,-4.178802363430407,261.62146781231536,-11.528532187684618,254.27174944875088,-18.878250551249096,246.92204326976116,-26.227956730238816,239.57235011199296,-33.577649888007016,1.0,1.0,25762.59804822658,25762.59804822658,275.7335511047957,2.583551104795731,275.7335511047957,275.7335511047957,74627.44965068105,74647.42883858974,-19.979187908684253,0.0,8575.796259387458,8575.796259387458,0.8783760704931873,4070.490118003941,275.7335511047957,2.583551104795731,1.0,0.002,1.2836648395882828,0.0002315687076594233,0.001984398637497413,8.367353961077629e-05,0.9921993187487065,0.9921993187487065,0.0,6.807217710818941e-05,0.9999705531584745,0.9999705531584745,0.0,0.08885539027448582,2.616587646341395e-06,0.0,0.0,0.0,1600580.9605493557,267.0291198682357,0.0,1.0,1283084.8215306925,2603.896239356245,,,,,,,,,,,,,,,,,9.0,15561.403508771931
3180.0,-35.62342623756691,3.9663426697912016,34.65481258407009,23.455903550516837,5.213041116794461,-31.5029932939619,-44.81365828597916,1.2139346244869307,-6.120880131764295,-6.1208801317646495,38.07176755923683,38362.828394892465,20779.67897120505,20779.67897120505,59142.50736609752,74252.29261943072,74647.42883858974,20779.67897120505,95427.10780979479,95427.10780979479,95427.10780979479,120413.8029711532,120413.7874440245,0.015527128695956119,0.0,90529.49839895991,55133.85838692209,39328.488902264246,24986.695161358417,64315.18406362266,18934.547947905878,1450.0,0.0,0.8882102140517784,2.767526134744748,0.0014957518423254837,1.0,1.0,-6.120880131764295,339424.9746904718,1473059.0764612553,4.3398664986410225,1473059.0764612553,4.3398664986410225,0.7577852063120335,0.08885800686213216,4.050238923387006,101325.0,128351.07116782667,1.2667265844345095,1.0,0.0,4.050238923387006,1.2862783109124125,1.286443250924842,3.1488044920185256,6671.938872405625,15561.403508771931,6446.3050239238555,0.00028199341260474076,22351.64396752544,2279.2333740395998,19268.437103240605,1964.8337712919913,0.8620590562034539,0.8620590562034539,35747.93130210987,32395.05729023726,1.1310067657934717,0.8,4731.693677755314,4287.898129693729,1.1310067657934717,0.8,17904.69678407069,17904.69678407069,1.0,0.8,3099.015535412006,3099.015535412006,6.705251630318932,3.9663426697912016,-1.9411708970048327,5.907513566796034,3.5,3.5,1.0,0.6,0.00012822374794852937,0.9999762106817436,0.00012822679837664496,203.66612077101155,0.0,0.0,0.0,0.021168097977116558,4.5215770833750894e-05,8.300797711477848e-05,0.0003362021398618936,0.08890338828705453,0.08890338828705453,0.08890338828705453,0.08885539301402945,0.0,0.0,0.0,0.0,0.0,0.0,1.0,1.0,0.0,1.0,1.0,526615.1077956093,582.7107118568412,0.0,0.08890338828705453,0.08885800686213216,0.08885800686213215,0.375,0.375,0.5,3.55837141863199e-05,3.410605131648481e-13,3.410605131648481e-13,3.410605131648481e-13,3.410605131648481e-13,3.410605131648481e-13,3.410605131648481e-13,24986.695161358417,18934.547947905878,0.7577852063120335,0.9195730095025746,0.5964816699730302,37569.03399132045,20600.0,0.0,0.0,0.0,0.0,0.0,0.0,0.0,0.0,0.0,0.0,0.0,0.0,0.0,0.0,0.0,0.0,0.0,0.0,0.0,0.0,37569.03399132045,20600.0,1.0,0.0,0.0,6.0,0.9,152975.75209065224,25495.958681775373,257.94662287589375,257.94662287589375,-15.203377124106225,239.57235011199296,276.3209289759723,149571.13561251794,149632.8506636953,-61.71505117734222,0.0,nan,276.3209289759723,3.1709289759723447,268.97119763656957,-4.178802363430407,261.62146781231536,-11.528532187684618,254.27174944875088,-18.878250551249096,246.92204326976116,-26.227956730238816,239.57235011199296,-33.577649888007016,1.0,1.0,25762.59804822658,25762.59804822658,275.7335511047957,2.583551104795731,275.7335511047957,275.7335511047957,74627.44965068105,74647.42883858974,-19.979187908684253,0.0,8575.796259387458,8575.796259387458,0.8783760704931873,4070.490118003941,275.7335511047957,2.583551104795731,1.0,0.002,1.2836648395882828,0.0002315687076594233,0.001984398637497413,8.367353961077629e-05,0.9921993187487065,0.9921993187487065,0.0,6.807217710818941e-05,0.9999705531584745,0.9999705531584745,0.0,0.08885539027448582,2.616587646341395e-06,0.0,0.0,0.0,1600580.9605493557,267.0291198682357,0.0,1.0,1283084.8215306925,2603.896239356245,,,,,,,,,,,,,,,,,9.0,15561.403508771931
3210.0,-35.62342623756691,3.9663426697912016,34.65481258407009,23.455903550516837,5.213041116794461,-31.5029932939619,-44.81365828597916,1.2139346244869307,-6.120880131764295,-6.1208801317646495,38.07176755923683,38362.828394892465,20779.67897120505,20779.67897120505,59142.50736609752,74252.29261943072,74647.42883858974,20779.67897120505,95427.10780979479,95427.10780979479,95427.10780979479,120413.8029711532,120413.7874440245,0.015527128695956119,0.0,90529.49839895991,55133.85838692209,39328.488902264246,24986.695161358417,64315.18406362266,18934.547947905878,1450.0,0.0,0.8882102140517784,2.767526134744748,0.0014957518423254837,1.0,1.0,-6.120880131764295,339424.9746904718,1473059.0764612553,4.3398664986410225,1473059.0764612553,4.3398664986410225,0.7577852063120335,0.08885800686213216,4.050238923387006,101325.0,128351.07116782667,1.2667265844345095,1.0,0.0,4.050238923387006,1.2862783109124125,1.286443250924842,3.1488044920185256,6671.938872405625,15561.403508771931,6446.3050239238555,0.00028199341260474076,22351.64396752544,2279.2333740395998,19268.437103240605,1964.8337712919913,0.8620590562034539,0.8620590562034539,35747.93130210987,32395.05729023726,1.1310067657934717,0.8,4731.693677755314,4287.898129693729,1.1310067657934717,0.8,17904.69678407069,17904.69678407069,1.0,0.8,3099.015535412006,3099.015535412006,6.705251630318932,3.9663426697912016,-1.9411708970048327,5.907513566796034,3.5,3.5,1.0,0.6,0.00012822374794852937,0.9999762106817436,0.00012822679837664496,203.66612077101155,0.0,0.0,0.0,0.021168097977116558,4.5215770833750894e-05,8.300797711477848e-05,0.0003362021398618936,0.08890338828705453,0.08890338828705453,0.08890338828705453,0.08885539301402945,0.0,0.0,0.0,0.0,0.0,0.0,1.0,1.0,0.0,1.0,1.0,526615.1077956093,582.7107118568412,0.0,0.08890338828705453,0.08885800686213216,0.08885800686213215,0.375,0.375,0.5,3.55837141863199e-05,3.410605131648481e-13,3.410605131648481e-13,3.410605131648481e-13,3.410605131648481e-13,3.410605131648481e-13,3.410605131648481e-13,24986.695161358417,18934.547947905878,0.7577852063120335,0.9195730095025746,0.5964816699730302,37569.03399132045,20600.0,0.0,0.0,0.0,0.0,0.0,0.0,0.0,0.0,0.0,0.0,0.0,0.0,0.0,0.0,0.0,0.0,0.0,0.0,0.0,0.0,37569.03399132045,20600.0,1.0,0.0,0.0,6.0,0.9,152975.75209065224,25495.958681775373,257.94662287589375,257.94662287589375,-15.203377124106225,239.57235011199296,276.3209289759723,149571.13561251794,149632.8506636953,-61.71505117734222,0.0,nan,276.3209289759723,3.1709289759723447,268.97119763656957,-4.178802363430407,261.62146781231536,-11.528532187684618,254.27174944875088,-18.878250551249096,246.92204326976116,-26.227956730238816,239.57235011199296,-33.577649888007016,1.0,1.0,25762.59804822658,25762.59804822658,275.7335511047957,2.583551104795731,275.7335511047957,275.7335511047957,74627.44965068105,74647.42883858974,-19.979187908684253,0.0,8575.796259387458,8575.796259387458,0.8783760704931873,4070.490118003941,275.7335511047957,2.583551104795731,1.0,0.002,1.2836648395882828,0.0002315687076594233,0.001984398637497413,8.367353961077629e-05,0.9921993187487065,0.9921993187487065,0.0,6.807217710818941e-05,0.9999705531584745,0.9999705531584745,0.0,0.08885539027448582,2.616587646341395e-06,0.0,0.0,0.0,1600580.9605493557,267.0291198682357,0.0,1.0,1283084.8215306925,2603.896239356245,,,,,,,,,,,,,,,,,9.0,15561.403508771931
3240.0,-35.62342623756691,3.9663426697912016,34.65481258407009,23.455903550516837,5.213041116794461,-31.5029932939619,-44.81365828597916,1.2139346244869307,-6.120880131764295,-6.1208801317646495,38.07176755923683,38362.828394892465,20779.67897120505,20779.67897120505,59142.50736609752,74252.29261943072,74647.42883858974,20779.67897120505,95427.10780979479,95427.10780979479,95427.10780979479,120413.8029711532,120413.7874440245,0.015527128695956119,0.0,90529.49839895991,55133.85838692209,39328.488902264246,24986.695161358417,64315.18406362266,18934.547947905878,1450.0,0.0,0.8882102140517784,2.767526134744748,0.0014957518423254837,1.0,1.0,-6.120880131764295,339424.9746904718,1473059.0764612553,4.3398664986410225,1473059.0764612553,4.3398664986410225,0.7577852063120335,0.08885800686213216,4.050238923387006,101325.0,128351.07116782667,1.2667265844345095,1.0,0.0,4.050238923387006,1.2862783109124125,1.286443250924842,3.1488044920185256,6671.938872405625,15561.403508771931,6446.3050239238555,0.00028199341260474076,22351.64396752544,2279.2333740395998,19268.437103240605,1964.8337712919913,0.8620590562034539,0.8620590562034539,35747.93130210987,32395.05729023726,1.1310067657934717,0.8,4731.693677755314,4287.898129693729,1.1310067657934717,0.8,17904.69678407069,17904.69678407069,1.0,0.8,3099.015535412006,3099.015535412006,6.705251630318932,3.9663426697912016,-1.9411708970048327,5.907513566796034,3.5,3.5,1.0,0.6,0.00012822374794852937,0.9999762106817436,0.00012822679837664496,203.66612077101155,0.0,0.0,0.0,0.021168097977116558,4.5215770833750894e-05,8.300797711477848e-05,0.0003362021398618936,0.08890338828705453,0.08890338828705453,0.08890338828705453,0.08885539301402945,0.0,0.0,0.0,0.0,0.0,0.0,1.0,1.0,0.0,1.0,1.0,526615.1077956093,582.7107118568412,0.0,0.08890338828705453,0.08885800686213216,0.08885800686213215,0.375,0.375,0.5,3.55837141863199e-05,3.410605131648481e-13,3.410605131648481e-13,3.410605131648481e-13,3.410605131648481e-13,3.410605131648481e-13,3.410605131648481e-13,24986.695161358417,18934.547947905878,0.7577852063120335,0.9195730095025746,0.5964816699730302,37569.03399132045,20600.0,0.0,0.0,0.0,0.0,0.0,0.0,0.0,0.0,0.0,0.0,0.0,0.0,0.0,0.0,0.0,0.0,0.0,0.0,0.0,0.0,37569.03399132045,20600.0,1.0,0.0,0.0,6.0,0.9,152975.75209065224,25495.958681775373,257.94662287589375,257.94662287589375,-15.203377124106225,239.57235011199296,276.3209289759723,149571.13561251794,149632.8506636953,-61.71505117734222,0.0,nan,276.3209289759723,3.1709289759723447,268.97119763656957,-4.178802363430407,261.62146781231536,-11.528532187684618,254.27174944875088,-18.878250551249096,246.92204326976116,-26.227956730238816,239.57235011199296,-33.577649888007016,1.0,1.0,25762.59804822658,25762.59804822658,275.7335511047957,2.583551104795731,275.7335511047957,275.7335511047957,74627.44965068105,74647.42883858974,-19.979187908684253,0.0,8575.796259387458,8575.796259387458,0.8783760704931873,4070.490118003941,275.7335511047957,2.583551104795731,1.0,0.002,1.2836648395882828,0.0002315687076594233,0.001984398637497413,8.367353961077629e-05,0.9921993187487065,0.9921993187487065,0.0,6.807217710818941e-05,0.9999705531584745,0.9999705531584745,0.0,0.08885539027448582,2.616587646341395e-06,0.0,0.0,0.0,1600580.9605493557,267.0291198682357,0.0,1.0,1283084.8215306925,2603.896239356245,,,,,,,,,,,,,,,,,9.0,15561.403508771931
3270.0,-35.62342623756691,3.9663426697912016,34.65481258407009,23.455903550516837,5.213041116794461,-31.5029932939619,-44.81365828597916,1.2139346244869307,-6.120880131764295,-6.1208801317646495,38.07176755923683,38362.828394892465,20779.67897120505,20779.67897120505,59142.50736609752,74252.29261943072,74647.42883858974,20779.67897120505,95427.10780979479,95427.10780979479,95427.10780979479,120413.8029711532,120413.7874440245,0.015527128695956119,0.0,90529.49839895991,55133.85838692209,39328.488902264246,24986.695161358417,64315.18406362266,18934.547947905878,1450.0,0.0,0.8882102140517784,2.767526134744748,0.0014957518423254837,1.0,1.0,-6.120880131764295,339424.9746904718,1473059.0764612553,4.3398664986410225,1473059.0764612553,4.3398664986410225,0.7577852063120335,0.08885800686213216,4.050238923387006,101325.0,128351.07116782667,1.2667265844345095,1.0,0.0,4.050238923387006,1.2862783109124125,1.286443250924842,3.1488044920185256,6671.938872405625,15561.403508771931,6446.3050239238555,0.00028199341260474076,22351.64396752544,2279.2333740395998,19268.437103240605,1964.8337712919913,0.8620590562034539,0.8620590562034539,35747.93130210987,32395.05729023726,1.1310067657934717,0.8,4731.693677755314,4287.898129693729,1.1310067657934717,0.8,17904.69678407069,17904.69678407069,1.0,0.8,3099.015535412006,3099.015535412006,6.705251630318932,3.9663426697912016,-1.9411708970048327,5.907513566796034,3.5,3.5,1.0,0.6,0.00012822374794852937,0.9999762106817436,0.00012822679837664496,203.66612077101155,0.0,0.0,0.0,0.021168097977116558,4.5215770833750894e-05,8.300797711477848e-05,0.0003362021398618936,0.08890338828705453,0.08890338828705453,0.08890338828705453,0.08885539301402945,0.0,0.0,0.0,0.0,0.0,0.0,1.0,1.0,0.0,1.0,1.0,526615.1077956093,582.7107118568412,0.0,0.08890338828705453,0.08885800686213216,0.08885800686213215,0.375,0.375,0.5,3.55837141863199e-05,3.410605131648481e-13,3.410605131648481e-13,3.410605131648481e-13,3.410605131648481e-13,3.410605131648481e-13,3.410605131648481e-13,24986.695161358417,18934.547947905878,0.7577852063120335,0.9195730095025746,0.5964816699730302,37569.03399132045,20600.0,0.0,0.0,0.0,0.0,0.0,0.0,0.0,0.0,0.0,0.0,0.0,0.0,0.0,0.0,0.0,0.0,0.0,0.0,0.0,0.0,37569.03399132045,20600.0,1.0,0.0,0.0,6.0,0.9,152975.75209065224,25495.958681775373,257.94662287589375,257.94662287589375,-15.203377124106225,239.57235011199296,276.3209289759723,149571.13561251794,149632.8506636953,-61.71505117734222,0.0,nan,276.3209289759723,3.1709289759723447,268.97119763656957,-4.178802363430407,261.62146781231536,-11.528532187684618,254.27174944875088,-18.878250551249096,246.92204326976116,-26.227956730238816,239.57235011199296,-33.577649888007016,1.0,1.0,25762.59804822658,25762.59804822658,275.7335511047957,2.583551104795731,275.7335511047957,275.7335511047957,74627.44965068105,74647.42883858974,-19.979187908684253,0.0,8575.796259387458,8575.796259387458,0.8783760704931873,4070.490118003941,275.7335511047957,2.583551104795731,1.0,0.002,1.2836648395882828,0.0002315687076594233,0.001984398637497413,8.367353961077629e-05,0.9921993187487065,0.9921993187487065,0.0,6.807217710818941e-05,0.9999705531584745,0.9999705531584745,0.0,0.08885539027448582,2.616587646341395e-06,0.0,0.0,0.0,1600580.9605493557,267.0291198682357,0.0,1.0,1283084.8215306925,2603.896239356245,,,,,,,,,,,,,,,,,9.0,15561.403508771931
3300.0,-35.62342623756691,3.9663426697912016,34.65481258407009,23.455903550516837,5.213041116794461,-31.5029932939619,-44.81365828597916,1.2139346244869307,-6.120880131764295,-6.1208801317646495,38.07176755923683,38362.828394892465,20779.67897120505,20779.67897120505,59142.50736609752,74252.29261943072,74647.42883858974,20779.67897120505,95427.10780979479,95427.10780979479,95427.10780979479,120413.8029711532,120413.7874440245,0.015527128695956119,0.0,90529.49839895991,55133.85838692209,39328.488902264246,24986.695161358417,64315.18406362266,18934.547947905878,1450.0,0.0,0.8882102140517784,2.767526134744748,0.0014957518423254837,1.0,1.0,-6.120880131764295,339424.9746904718,1473059.0764612553,4.3398664986410225,1473059.0764612553,4.3398664986410225,0.7577852063120335,0.08885800686213216,4.050238923387006,101325.0,128351.07116782667,1.2667265844345095,1.0,0.0,4.050238923387006,1.2862783109124125,1.286443250924842,3.1488044920185256,6671.938872405625,15561.403508771931,6446.3050239238555,0.00028199341260474076,22351.64396752544,2279.2333740395998,19268.437103240605,1964.8337712919913,0.8620590562034539,0.8620590562034539,35747.93130210987,32395.05729023726,1.1310067657934717,0.8,4731.693677755314,4287.898129693729,1.1310067657934717,0.8,17904.69678407069,17904.69678407069,1.0,0.8,3099.015535412006,3099.015535412006,6.705251630318932,3.9663426697912016,-1.9411708970048327,5.907513566796034,3.5,3.5,1.0,0.6,0.00012822374794852937,0.9999762106817436,0.00012822679837664496,203.66612077101155,0.0,0.0,0.0,0.021168097977116558,4.5215770833750894e-05,8.300797711477848e-05,0.0003362021398618936,0.08890338828705453,0.08890338828705453,0.08890338828705453,0.08885539301402945,0.0,0.0,0.0,0.0,0.0,0.0,1.0,1.0,0.0,1.0,1.0,526615.1077956093,582.7107118568412,0.0,0.08890338828705453,0.08885800686213216,0.08885800686213215,0.375,0.375,0.5,3.55837141863199e-05,3.410605131648481e-13,3.410605131648481e-13,3.410605131648481e-13,3.410605131648481e-13,3.410605131648481e-13,3.410605131648481e-13,24986.695161358417,18934.547947905878,0.7577852063120335,0.9195730095025746,0.5964816699730302,37569.03399132045,20600.0,0.0,0.0,0.0,0.0,0.0,0.0,0.0,0.0,0.0,0.0,0.0,0.0,0.0,0.0,0.0,0.0,0.0,0.0,0.0,0.0,37569.03399132045,20600.0,1.0,0.0,0.0,6.0,0.9,152975.75209065224,25495.958681775373,257.94662287589375,257.94662287589375,-15.203377124106225,239.57235011199296,276.3209289759723,149571.13561251794,149632.8506636953,-61.71505117734222,0.0,nan,276.3209289759723,3.1709289759723447,268.97119763656957,-4.178802363430407,261.62146781231536,-11.528532187684618,254.27174944875088,-18.878250551249096,246.92204326976116,-26.227956730238816,239.57235011199296,-33.577649888007016,1.0,1.0,25762.59804822658,25762.59804822658,275.7335511047957,2.583551104795731,275.7335511047957,275.7335511047957,74627.44965068105,74647.42883858974,-19.979187908684253,0.0,8575.796259387458,8575.796259387458,0.8783760704931873,4070.490118003941,275.7335511047957,2.583551104795731,1.0,0.002,1.2836648395882828,0.0002315687076594233,0.001984398637497413,8.367353961077629e-05,0.9921993187487065,0.9921993187487065,0.0,6.807217710818941e-05,0.9999705531584745,0.9999705531584745,0.0,0.08885539027448582,2.616587646341395e-06,0.0,0.0,0.0,1600580.9605493557,267.0291198682357,0.0,1.0,1283084.8215306925,2603.896239356245,,,,,,,,,,,,,,,,,9.0,15561.403508771931
3330.0,-35.62342623756691,3.9663426697912016,34.65481258407009,23.455903550516837,5.213041116794461,-31.5029932939619,-44.81365828597916,1.2139346244869307,-6.120880131764295,-6.1208801317646495,38.07176755923683,38362.828394892465,20779.67897120505,20779.67897120505,59142.50736609752,74252.29261943072,74647.42883858974,20779.67897120505,95427.10780979479,95427.10780979479,95427.10780979479,120413.8029711532,120413.7874440245,0.015527128695956119,0.0,90529.49839895991,55133.85838692209,39328.488902264246,24986.695161358417,64315.18406362266,18934.547947905878,1450.0,0.0,0.8882102140517784,2.767526134744748,0.0014957518423254837,1.0,1.0,-6.120880131764295,339424.9746904718,1473059.0764612553,4.3398664986410225,1473059.0764612553,4.3398664986410225,0.7577852063120335,0.08885800686213216,4.050238923387006,101325.0,128351.07116782667,1.2667265844345095,1.0,0.0,4.050238923387006,1.2862783109124125,1.286443250924842,3.1488044920185256,6671.938872405625,15561.403508771931,6446.3050239238555,0.00028199341260474076,22351.64396752544,2279.2333740395998,19268.437103240605,1964.8337712919913,0.8620590562034539,0.8620590562034539,35747.93130210987,32395.05729023726,1.1310067657934717,0.8,4731.693677755314,4287.898129693729,1.1310067657934717,0.8,17904.69678407069,17904.69678407069,1.0,0.8,3099.015535412006,3099.015535412006,6.705251630318932,3.9663426697912016,-1.9411708970048327,5.907513566796034,3.5,3.5,1.0,0.6,0.00012822374794852937,0.9999762106817436,0.00012822679837664496,203.66612077101155,0.0,0.0,0.0,0.021168097977116558,4.5215770833750894e-05,8.300797711477848e-05,0.0003362021398618936,0.08890338828705453,0.08890338828705453,0.08890338828705453,0.08885539301402945,0.0,0.0,0.0,0.0,0.0,0.0,1.0,1.0,0.0,1.0,1.0,526615.1077956093,582.7107118568412,0.0,0.08890338828705453,0.08885800686213216,0.08885800686213215,0.375,0.375,0.5,3.55837141863199e-05,3.410605131648481e-13,3.410605131648481e-13,3.410605131648481e-13,3.410605131648481e-13,3.410605131648481e-13,3.410605131648481e-13,24986.695161358417,18934.547947905878,0.7577852063120335,0.9195730095025746,0.5964816699730302,37569.03399132045,20600.0,0.0,0.0,0.0,0.0,0.0,0.0,0.0,0.0,0.0,0.0,0.0,0.0,0.0,0.0,0.0,0.0,0.0,0.0,0.0,0.0,37569.03399132045,20600.0,1.0,0.0,0.0,6.0,0.9,152975.75209065224,25495.958681775373,257.94662287589375,257.94662287589375,-15.203377124106225,239.57235011199296,276.3209289759723,149571.13561251794,149632.8506636953,-61.71505117734222,0.0,nan,276.3209289759723,3.1709289759723447,268.97119763656957,-4.178802363430407,261.62146781231536,-11.528532187684618,254.27174944875088,-18.878250551249096,246.92204326976116,-26.227956730238816,239.57235011199296,-33.577649888007016,1.0,1.0,25762.59804822658,25762.59804822658,275.7335511047957,2.583551104795731,275.7335511047957,275.7335511047957,74627.44965068105,74647.42883858974,-19.979187908684253,0.0,8575.796259387458,8575.796259387458,0.8783760704931873,4070.490118003941,275.7335511047957,2.583551104795731,1.0,0.002,1.2836648395882828,0.0002315687076594233,0.001984398637497413,8.367353961077629e-05,0.9921993187487065,0.9921993187487065,0.0,6.807217710818941e-05,0.9999705531584745,0.9999705531584745,0.0,0.08885539027448582,2.616587646341395e-06,0.0,0.0,0.0,1600580.9605493557,267.0291198682357,0.0,1.0,1283084.8215306925,2603.896239356245,,,,,,,,,,,,,,,,,9.0,15561.403508771931
3360.0,-35.62342623756691,3.9663426697912016,34.65481258407009,23.455903550516837,5.213041116794461,-31.5029932939619,-44.81365828597916,1.2139346244869307,-6.120880131764295,-6.1208801317646495,38.07176755923683,38362.828394892465,20779.67897120505,20779.67897120505,59142.50736609752,74252.29261943072,74647.42883858974,20779.67897120505,95427.10780979479,95427.10780979479,95427.10780979479,120413.8029711532,120413.7874440245,0.015527128695956119,0.0,90529.49839895991,55133.85838692209,39328.488902264246,24986.695161358417,64315.18406362266,18934.547947905878,1450.0,0.0,0.8882102140517784,2.767526134744748,0.0014957518423254837,1.0,1.0,-6.120880131764295,339424.9746904718,1473059.0764612553,4.3398664986410225,1473059.0764612553,4.3398664986410225,0.7577852063120335,0.08885800686213216,4.050238923387006,101325.0,128351.07116782667,1.2667265844345095,1.0,0.0,4.050238923387006,1.2862783109124125,1.286443250924842,3.1488044920185256,6671.938872405625,15561.403508771931,6446.3050239238555,0.00028199341260474076,22351.64396752544,2279.2333740395998,19268.437103240605,1964.8337712919913,0.8620590562034539,0.8620590562034539,35747.93130210987,32395.05729023726,1.1310067657934717,0.8,4731.693677755314,4287.898129693729,1.1310067657934717,0.8,17904.69678407069,17904.69678407069,1.0,0.8,3099.015535412006,3099.015535412006,6.705251630318932,3.9663426697912016,-1.9411708970048327,5.907513566796034,3.5,3.5,1.0,0.6,0.00012822374794852937,0.9999762106817436,0.00012822679837664496,203.66612077101155,0.0,0.0,0.0,0.021168097977116558,4.5215770833750894e-05,8.300797711477848e-05,0.0003362021398618936,0.08890338828705453,0.08890338828705453,0.08890338828705453,0.08885539301402945,0.0,0.0,0.0,0.0,0.0,0.0,1.0,1.0,0.0,1.0,1.0,526615.1077956093,582.7107118568412,0.0,0.08890338828705453,0.08885800686213216,0.08885800686213215,0.375,0.375,0.5,3.55837141863199e-05,3.410605131648481e-13,3.410605131648481e-13,3.410605131648481e-13,3.410605131648481e-13,3.410605131648481e-13,3.410605131648481e-13,24986.695161358417,18934.547947905878,0.7577852063120335,0.9195730095025746,0.5964816699730302,37569.03399132045,20600.0,0.0,0.0,0.0,0.0,0.0,0.0,0.0,0.0,0.0,0.0,0.0,0.0,0.0,0.0,0.0,0.0,0.0,0.0,0.0,0.0,37569.03399132045,20600.0,1.0,0.0,0.0,6.0,0.9,152975.75209065224,25495.958681775373,257.94662287589375,257.94662287589375,-15.203377124106225,239.57235011199296,276.3209289759723,149571.13561251794,149632.8506636953,-61.71505117734222,0.0,nan,276.3209289759723,3.1709289759723447,268.97119763656957,-4.178802363430407,261.62146781231536,-11.528532187684618,254.27174944875088,-18.878250551249096,246.92204326976116,-26.227956730238816,239.57235011199296,-33.577649888007016,1.0,1.0,25762.59804822658,25762.59804822658,275.7335511047957,2.583551104795731,275.7335511047957,275.7335511047957,74627.44965068105,74647.42883858974,-19.979187908684253,0.0,8575.796259387458,8575.796259387458,0.8783760704931873,4070.490118003941,275.7335511047957,2.583551104795731,1.0,0.002,1.2836648395882828,0.0002315687076594233,0.001984398637497413,8.367353961077629e-05,0.9921993187487065,0.9921993187487065,0.0,6.807217710818941e-05,0.9999705531584745,0.9999705531584745,0.0,0.08885539027448582,2.616587646341395e-06,0.0,0.0,0.0,1600580.9605493557,267.0291198682357,0.0,1.0,1283084.8215306925,2603.896239356245,,,,,,,,,,,,,,,,,9.0,15561.403508771931
3390.0,-35.62342623756691,3.9663426697912016,34.65481258407009,23.455903550516837,5.213041116794461,-31.5029932939619,-44.81365828597916,1.2139346244869307,-6.120880131764295,-6.1208801317646495,38.07176755923683,38362.828394892465,20779.67897120505,20779.67897120505,59142.50736609752,74252.29261943072,74647.42883858974,20779.67897120505,95427.10780979479,95427.10780979479,95427.10780979479,120413.8029711532,120413.7874440245,0.015527128695956119,0.0,90529.49839895991,55133.85838692209,39328.488902264246,24986.695161358417,64315.18406362266,18934.547947905878,1450.0,0.0,0.8882102140517784,2.767526134744748,0.0014957518423254837,1.0,1.0,-6.120880131764295,339424.9746904718,1473059.0764612553,4.3398664986410225,1473059.0764612553,4.3398664986410225,0.7577852063120335,0.08885800686213216,4.050238923387006,101325.0,128351.07116782667,1.2667265844345095,1.0,0.0,4.050238923387006,1.2862783109124125,1.286443250924842,3.1488044920185256,6671.938872405625,15561.403508771931,6446.3050239238555,0.00028199341260474076,22351.64396752544,2279.2333740395998,19268.437103240605,1964.8337712919913,0.8620590562034539,0.8620590562034539,35747.93130210987,32395.05729023726,1.1310067657934717,0.8,4731.693677755314,4287.898129693729,1.1310067657934717,0.8,17904.69678407069,17904.69678407069,1.0,0.8,3099.015535412006,3099.015535412006,6.705251630318932,3.9663426697912016,-1.9411708970048327,5.907513566796034,3.5,3.5,1.0,0.6,0.00012822374794852937,0.9999762106817436,0.00012822679837664496,203.66612077101155,0.0,0.0,0.0,0.021168097977116558,4.5215770833750894e-05,8.300797711477848e-05,0.0003362021398618936,0.08890338828705453,0.08890338828705453,0.08890338828705453,0.08885539301402945,0.0,0.0,0.0,0.0,0.0,0.0,1.0,1.0,0.0,1.0,1.0,526615.1077956093,582.7107118568412,0.0,0.08890338828705453,0.08885800686213216,0.08885800686213215,0.375,0.375,0.5,3.55837141863199e-05,3.410605131648481e-13,3.410605131648481e-13,3.410605131648481e-13,3.410605131648481e-13,3.410605131648481e-13,3.410605131648481e-13,24986.695161358417,18934.547947905878,0.7577852063120335,0.9195730095025746,0.5964816699730302,37569.03399132045,20600.0,0.0,0.0,0.0,0.0,0.0,0.0,0.0,0.0,0.0,0.0,0.0,0.0,0.0,0.0,0.0,0.0,0.0,0.0,0.0,0.0,37569.03399132045,20600.0,1.0,0.0,0.0,6.0,0.9,152975.75209065224,25495.958681775373,257.94662287589375,257.94662287589375,-15.203377124106225,239.57235011199296,276.3209289759723,149571.13561251794,149632.8506636953,-61.71505117734222,0.0,nan,276.3209289759723,3.1709289759723447,268.97119763656957,-4.178802363430407,261.62146781231536,-11.528532187684618,254.27174944875088,-18.878250551249096,246.92204326976116,-26.227956730238816,239.57235011199296,-33.577649888007016,1.0,1.0,25762.59804822658,25762.59804822658,275.7335511047957,2.583551104795731,275.7335511047957,275.7335511047957,74627.44965068105,74647.42883858974,-19.979187908684253,0.0,8575.796259387458,8575.796259387458,0.8783760704931873,4070.490118003941,275.7335511047957,2.583551104795731,1.0,0.002,1.2836648395882828,0.0002315687076594233,0.001984398637497413,8.367353961077629e-05,0.9921993187487065,0.9921993187487065,0.0,6.807217710818941e-05,0.9999705531584745,0.9999705531584745,0.0,0.08885539027448582,2.616587646341395e-06,0.0,0.0,0.0,1600580.9605493557,267.0291198682357,0.0,1.0,1283084.8215306925,2603.896239356245,,,,,,,,,,,,,,,,,9.0,15561.403508771931
3420.0,-35.62342623756691,3.9663426697912016,34.65481258407009,23.455903550516837,5.213041116794461,-31.5029932939619,-44.81365828597916,1.2139346244869307,-6.120880131764295,-6.1208801317646495,38.07176755923683,38362.828394892465,20779.67897120505,20779.67897120505,59142.50736609752,74252.29261943072,74647.42883858974,20779.67897120505,95427.10780979479,95427.10780979479,95427.10780979479,120413.8029711532,120413.7874440245,0.015527128695956119,0.0,90529.49839895991,55133.85838692209,39328.488902264246,24986.695161358417,64315.18406362266,18934.547947905878,1450.0,0.0,0.8882102140517784,2.767526134744748,0.0014957518423254837,1.0,1.0,-6.120880131764295,339424.9746904718,1473059.0764612553,4.3398664986410225,1473059.0764612553,4.3398664986410225,0.7577852063120335,0.08885800686213216,4.050238923387006,101325.0,128351.07116782667,1.2667265844345095,1.0,0.0,4.050238923387006,1.2862783109124125,1.286443250924842,3.1488044920185256,6671.938872405625,15561.403508771931,6446.3050239238555,0.00028199341260474076,22351.64396752544,2279.2333740395998,19268.437103240605,1964.8337712919913,0.8620590562034539,0.8620590562034539,35747.93130210987,32395.05729023726,1.1310067657934717,0.8,4731.693677755314,4287.898129693729,1.1310067657934717,0.8,17904.69678407069,17904.69678407069,1.0,0.8,3099.015535412006,3099.015535412006,6.705251630318932,3.9663426697912016,-1.9411708970048327,5.907513566796034,3.5,3.5,1.0,0.6,0.00012822374794852937,0.9999762106817436,0.00012822679837664496,203.66612077101155,0.0,0.0,0.0,0.021168097977116558,4.5215770833750894e-05,8.300797711477848e-05,0.0003362021398618936,0.08890338828705453,0.08890338828705453,0.08890338828705453,0.08885539301402945,0.0,0.0,0.0,0.0,0.0,0.0,1.0,1.0,0.0,1.0,1.0,526615.1077956093,582.7107118568412,0.0,0.08890338828705453,0.08885800686213216,0.08885800686213215,0.375,0.375,0.5,3.55837141863199e-05,3.410605131648481e-13,3.410605131648481e-13,3.410605131648481e-13,3.410605131648481e-13,3.410605131648481e-13,3.410605131648481e-13,24986.695161358417,18934.547947905878,0.7577852063120335,0.9195730095025746,0.5964816699730302,37569.03399132045,20600.0,0.0,0.0,0.0,0.0,0.0,0.0,0.0,0.0,0.0,0.0,0.0,0.0,0.0,0.0,0.0,0.0,0.0,0.0,0.0,0.0,37569.03399132045,20600.0,1.0,0.0,0.0,6.0,0.9,152975.75209065224,25495.958681775373,257.94662287589375,257.94662287589375,-15.203377124106225,239.57235011199296,276.3209289759723,149571.13561251794,149632.8506636953,-61.71505117734222,0.0,nan,276.3209289759723,3.1709289759723447,268.97119763656957,-4.178802363430407,261.62146781231536,-11.528532187684618,254.27174944875088,-18.878250551249096,246.92204326976116,-26.227956730238816,239.57235011199296,-33.577649888007016,1.0,1.0,25762.59804822658,25762.59804822658,275.7335511047957,2.583551104795731,275.7335511047957,275.7335511047957,74627.44965068105,74647.42883858974,-19.979187908684253,0.0,8575.796259387458,8575.796259387458,0.8783760704931873,4070.490118003941,275.7335511047957,2.583551104795731,1.0,0.002,1.2836648395882828,0.0002315687076594233,0.001984398637497413,8.367353961077629e-05,0.9921993187487065,0.9921993187487065,0.0,6.807217710818941e-05,0.9999705531584745,0.9999705531584745,0.0,0.08885539027448582,2.616587646341395e-06,0.0,0.0,0.0,1600580.9605493557,267.0291198682357,0.0,1.0,1283084.8215306925,2603.896239356245,,,,,,,,,,,,,,,,,9.0,15561.403508771931
3450.0,-35.62342623756691,3.9663426697912016,34.65481258407009,23.455903550516837,5.213041116794461,-31.5029932939619,-44.81365828597916,1.2139346244869307,-6.120880131764295,-6.1208801317646495,38.07176755923683,38362.828394892465,20779.67897120505,20779.67897120505,59142.50736609752,74252.29261943072,74647.42883858974,20779.67897120505,95427.10780979479,95427.10780979479,95427.10780979479,120413.8029711532,120413.7874440245,0.015527128695956119,0.0,90529.49839895991,55133.85838692209,39328.488902264246,24986.695161358417,64315.18406362266,18934.547947905878,1450.0,0.0,0.8882102140517784,2.767526134744748,0.0014957518423254837,1.0,1.0,-6.120880131764295,339424.9746904718,1473059.0764612553,4.3398664986410225,1473059.0764612553,4.3398664986410225,0.7577852063120335,0.08885800686213216,4.050238923387006,101325.0,128351.07116782667,1.2667265844345095,1.0,0.0,4.050238923387006,1.2862783109124125,1.286443250924842,3.1488044920185256,6671.938872405625,15561.403508771931,6446.3050239238555,0.00028199341260474076,22351.64396752544,2279.2333740395998,19268.437103240605,1964.8337712919913,0.8620590562034539,0.8620590562034539,35747.93130210987,32395.05729023726,1.1310067657934717,0.8,4731.693677755314,4287.898129693729,1.1310067657934717,0.8,17904.69678407069,17904.69678407069,1.0,0.8,3099.015535412006,3099.015535412006,6.705251630318932,3.9663426697912016,-1.9411708970048327,5.907513566796034,3.5,3.5,1.0,0.6,0.00012822374794852937,0.9999762106817436,0.00012822679837664496,203.66612077101155,0.0,0.0,0.0,0.021168097977116558,4.5215770833750894e-05,8.300797711477848e-05,0.0003362021398618936,0.08890338828705453,0.08890338828705453,0.08890338828705453,0.08885539301402945,0.0,0.0,0.0,0.0,0.0,0.0,1.0,1.0,0.0,1.0,1.0,526615.1077956093,582.7107118568412,0.0,0.08890338828705453,0.08885800686213216,0.08885800686213215,0.375,0.375,0.5,3.55837141863199e-05,3.410605131648481e-13,3.410605131648481e-13,3.410605131648481e-13,3.410605131648481e-13,3.410605131648481e-13,3.410605131648481e-13,24986.695161358417,18934.547947905878,0.7577852063120335,0.9195730095025746,0.5964816699730302,37569.03399132045,20600.0,0.0,0.0,0.0,0.0,0.0,0.0,0.0,0.0,0.0,0.0,0.0,0.0,0.0,0.0,0.0,0.0,0.0,0.0,0.0,0.0,37569.03399132045,20600.0,1.0,0.0,0.0,6.0,0.9,152975.75209065224,25495.958681775373,257.94662287589375,257.94662287589375,-15.203377124106225,239.57235011199296,276.3209289759723,149571.13561251794,149632.8506636953,-61.71505117734222,0.0,nan,276.3209289759723,3.1709289759723447,268.97119763656957,-4.178802363430407,261.62146781231536,-11.528532187684618,254.27174944875088,-18.878250551249096,246.92204326976116,-26.227956730238816,239.57235011199296,-33.577649888007016,1.0,1.0,25762.59804822658,25762.59804822658,275.7335511047957,2.583551104795731,275.7335511047957,275.7335511047957,74627.44965068105,74647.42883858974,-19.979187908684253,0.0,8575.796259387458,8575.796259387458,0.8783760704931873,4070.490118003941,275.7335511047957,2.583551104795731,1.0,0.002,1.2836648395882828,0.0002315687076594233,0.001984398637497413,8.367353961077629e-05,0.9921993187487065,0.9921993187487065,0.0,6.807217710818941e-05,0.9999705531584745,0.9999705531584745,0.0,0.08885539027448582,2.616587646341395e-06,0.0,0.0,0.0,1600580.9605493557,267.0291198682357,0.0,1.0,1283084.8215306925,2603.896239356245,,,,,,,,,,,,,,,,,9.0,15561.403508771931
3480.0,-35.62342623756691,3.9663426697912016,34.65481258407009,23.455903550516837,5.213041116794461,-31.5029932939619,-44.81365828597916,1.2139346244869307,-6.120880131764295,-6.1208801317646495,38.07176755923683,38362.828394892465,20779.67897120505,20779.67897120505,59142.50736609752,74252.29261943072,74647.42883858974,20779.67897120505,95427.10780979479,95427.10780979479,95427.10780979479,120413.8029711532,120413.7874440245,0.015527128695956119,0.0,90529.49839895991,55133.85838692209,39328.488902264246,24986.695161358417,64315.18406362266,18934.547947905878,1450.0,0.0,0.8882102140517784,2.767526134744748,0.0014957518423254837,1.0,1.0,-6.120880131764295,339424.9746904718,1473059.0764612553,4.3398664986410225,1473059.0764612553,4.3398664986410225,0.7577852063120335,0.08885800686213216,4.050238923387006,101325.0,128351.07116782667,1.2667265844345095,1.0,0.0,4.050238923387006,1.2862783109124125,1.286443250924842,3.1488044920185256,6671.938872405625,15561.403508771931,6446.3050239238555,0.00028199341260474076,22351.64396752544,2279.2333740395998,19268.437103240605,1964.8337712919913,0.8620590562034539,0.8620590562034539,35747.93130210987,32395.05729023726,1.1310067657934717,0.8,4731.693677755314,4287.898129693729,1.1310067657934717,0.8,17904.69678407069,17904.69678407069,1.0,0.8,3099.015535412006,3099.015535412006,6.705251630318932,3.9663426697912016,-1.9411708970048327,5.907513566796034,3.5,3.5,1.0,0.6,0.00012822374794852937,0.9999762106817436,0.00012822679837664496,203.66612077101155,0.0,0.0,0.0,0.021168097977116558,4.5215770833750894e-05,8.300797711477848e-05,0.0003362021398618936,0.08890338828705453,0.08890338828705453,0.08890338828705453,0.08885539301402945,0.0,0.0,0.0,0.0,0.0,0.0,1.0,1.0,0.0,1.0,1.0,526615.1077956093,582.7107118568412,0.0,0.08890338828705453,0.08885800686213216,0.08885800686213215,0.375,0.375,0.5,3.55837141863199e-05,3.410605131648481e-13,3.410605131648481e-13,3.410605131648481e-13,3.410605131648481e-13,3.410605131648481e-13,3.410605131648481e-13,24986.695161358417,18934.547947905878,0.7577852063120335,0.9195730095025746,0.5964816699730302,37569.03399132045,20600.0,0.0,0.0,0.0,0.0,0.0,0.0,0.0,0.0,0.0,0.0,0.0,0.0,0.0,0.0,0.0,0.0,0.0,0.0,0.0,0.0,37569.03399132045,20600.0,1.0,0.0,0.0,6.0,0.9,152975.75209065224,25495.958681775373,257.94662287589375,257.94662287589375,-15.203377124106225,239.57235011199296,276.3209289759723,149571.13561251794,149632.8506636953,-61.71505117734222,0.0,nan,276.3209289759723,3.1709289759723447,268.97119763656957,-4.178802363430407,261.62146781231536,-11.528532187684618,254.27174944875088,-18.878250551249096,246.92204326976116,-26.227956730238816,239.57235011199296,-33.577649888007016,1.0,1.0,25762.59804822658,25762.59804822658,275.7335511047957,2.583551104795731,275.7335511047957,275.7335511047957,74627.44965068105,74647.42883858974,-19.979187908684253,0.0,8575.796259387458,8575.796259387458,0.8783760704931873,4070.490118003941,275.7335511047957,2.583551104795731,1.0,0.002,1.2836648395882828,0.0002315687076594233,0.001984398637497413,8.367353961077629e-05,0.9921993187487065,0.9921993187487065,0.0,6.807217710818941e-05,0.9999705531584745,0.9999705531584745,0.0,0.08885539027448582,2.616587646341395e-06,0.0,0.0,0.0,1600580.9605493557,267.0291198682357,0.0,1.0,1283084.8215306925,2603.896239356245,,,,,,,,,,,,,,,,,9.0,15561.403508771931
3510.0,-35.62342623756691,3.9663426697912016,34.65481258407009,23.455903550516837,5.213041116794461,-31.5029932939619,-44.81365828597916,1.2139346244869307,-6.120880131764295,-6.1208801317646495,38.07176755923683,38362.828394892465,20779.67897120505,20779.67897120505,59142.50736609752,74252.29261943072,74647.42883858974,20779.67897120505,95427.10780979479,95427.10780979479,95427.10780979479,120413.8029711532,120413.7874440245,0.015527128695956119,0.0,90529.49839895991,55133.85838692209,39328.488902264246,24986.695161358417,64315.18406362266,18934.547947905878,1450.0,0.0,0.8882102140517784,2.767526134744748,0.0014957518423254837,1.0,1.0,-6.120880131764295,339424.9746904718,1473059.0764612553,4.3398664986410225,1473059.0764612553,4.3398664986410225,0.7577852063120335,0.08885800686213216,4.050238923387006,101325.0,128351.07116782667,1.2667265844345095,1.0,0.0,4.050238923387006,1.2862783109124125,1.286443250924842,3.1488044920185256,6671.938872405625,15561.403508771931,6446.3050239238555,0.00028199341260474076,22351.64396752544,2279.2333740395998,19268.437103240605,1964.8337712919913,0.8620590562034539,0.8620590562034539,35747.93130210987,32395.05729023726,1.1310067657934717,0.8,4731.693677755314,4287.898129693729,1.1310067657934717,0.8,17904.69678407069,17904.69678407069,1.0,0.8,3099.015535412006,3099.015535412006,6.705251630318932,3.9663426697912016,-1.9411708970048327,5.907513566796034,3.5,3.5,1.0,0.6,0.00012822374794852937,0.9999762106817436,0.00012822679837664496,203.66612077101155,0.0,0.0,0.0,0.021168097977116558,4.5215770833750894e-05,8.300797711477848e-05,0.0003362021398618936,0.08890338828705453,0.08890338828705453,0.08890338828705453,0.08885539301402945,0.0,0.0,0.0,0.0,0.0,0.0,1.0,1.0,0.0,1.0,1.0,526615.1077956093,582.7107118568412,0.0,0.08890338828705453,0.08885800686213216,0.08885800686213215,0.375,0.375,0.5,3.55837141863199e-05,3.410605131648481e-13,3.410605131648481e-13,3.410605131648481e-13,3.410605131648481e-13,3.410605131648481e-13,3.410605131648481e-13,24986.695161358417,18934.547947905878,0.7577852063120335,0.9195730095025746,0.5964816699730302,37569.03399132045,20600.0,0.0,0.0,0.0,0.0,0.0,0.0,0.0,0.0,0.0,0.0,0.0,0.0,0.0,0.0,0.0,0.0,0.0,0.0,0.0,0.0,37569.03399132045,20600.0,1.0,0.0,0.0,6.0,0.9,152975.75209065224,25495.958681775373,257.94662287589375,257.94662287589375,-15.203377124106225,239.57235011199296,276.3209289759723,149571.13561251794,149632.8506636953,-61.71505117734222,0.0,nan,276.3209289759723,3.1709289759723447,268.97119763656957,-4.178802363430407,261.62146781231536,-11.528532187684618,254.27174944875088,-18.878250551249096,246.92204326976116,-26.227956730238816,239.57235011199296,-33.577649888007016,1.0,1.0,25762.59804822658,25762.59804822658,275.7335511047957,2.583551104795731,275.7335511047957,275.7335511047957,74627.44965068105,74647.42883858974,-19.979187908684253,0.0,8575.796259387458,8575.796259387458,0.8783760704931873,4070.490118003941,275.7335511047957,2.583551104795731,1.0,0.002,1.2836648395882828,0.0002315687076594233,0.001984398637497413,8.367353961077629e-05,0.9921993187487065,0.9921993187487065,0.0,6.807217710818941e-05,0.9999705531584745,0.9999705531584745,0.0,0.08885539027448582,2.616587646341395e-06,0.0,0.0,0.0,1600580.9605493557,267.0291198682357,0.0,1.0,1283084.8215306925,2603.896239356245,,,,,,,,,,,,,,,,,9.0,15561.403508771931
3540.0,-35.62342623756691,3.9663426697912016,34.65481258407009,23.455903550516837,5.213041116794461,-31.5029932939619,-44.81365828597916,1.2139346244869307,-6.120880131764295,-6.1208801317646495,38.07176755923683,38362.828394892465,20779.67897120505,20779.67897120505,59142.50736609752,74252.29261943072,74647.42883858974,20779.67897120505,95427.10780979479,95427.10780979479,95427.10780979479,120413.8029711532,120413.7874440245,0.015527128695956119,0.0,90529.49839895991,55133.85838692209,39328.488902264246,24986.695161358417,64315.18406362266,18934.547947905878,1450.0,0.0,0.8882102140517784,2.767526134744748,0.0014957518423254837,1.0,1.0,-6.120880131764295,339424.9746904718,1473059.0764612553,4.3398664986410225,1473059.0764612553,4.3398664986410225,0.7577852063120335,0.08885800686213216,4.050238923387006,101325.0,128351.07116782667,1.2667265844345095,1.0,0.0,4.050238923387006,1.2862783109124125,1.286443250924842,3.1488044920185256,6671.938872405625,15561.403508771931,6446.3050239238555,0.00028199341260474076,22351.64396752544,2279.2333740395998,19268.437103240605,1964.8337712919913,0.8620590562034539,0.8620590562034539,35747.93130210987,32395.05729023726,1.1310067657934717,0.8,4731.693677755314,4287.898129693729,1.1310067657934717,0.8,17904.69678407069,17904.69678407069,1.0,0.8,3099.015535412006,3099.015535412006,6.705251630318932,3.9663426697912016,-1.9411708970048327,5.907513566796034,3.5,3.5,1.0,0.6,0.00012822374794852937,0.9999762106817436,0.00012822679837664496,203.66612077101155,0.0,0.0,0.0,0.021168097977116558,4.5215770833750894e-05,8.300797711477848e-05,0.0003362021398618936,0.08890338828705453,0.08890338828705453,0.08890338828705453,0.08885539301402945,0.0,0.0,0.0,0.0,0.0,0.0,1.0,1.0,0.0,1.0,1.0,526615.1077956093,582.7107118568412,0.0,0.08890338828705453,0.08885800686213216,0.08885800686213215,0.375,0.375,0.5,3.55837141863199e-05,3.410605131648481e-13,3.410605131648481e-13,3.410605131648481e-13,3.410605131648481e-13,3.410605131648481e-13,3.410605131648481e-13,24986.695161358417,18934.547947905878,0.7577852063120335,0.9195730095025746,0.5964816699730302,37569.03399132045,20600.0,0.0,0.0,0.0,0.0,0.0,0.0,0.0,0.0,0.0,0.0,0.0,0.0,0.0,0.0,0.0,0.0,0.0,0.0,0.0,0.0,37569.03399132045,20600.0,1.0,0.0,0.0,6.0,0.9,152975.75209065224,25495.958681775373,257.94662287589375,257.94662287589375,-15.203377124106225,239.57235011199296,276.3209289759723,149571.13561251794,149632.8506636953,-61.71505117734222,0.0,nan,276.3209289759723,3.1709289759723447,268.97119763656957,-4.178802363430407,261.62146781231536,-11.528532187684618,254.27174944875088,-18.878250551249096,246.92204326976116,-26.227956730238816,239.57235011199296,-33.577649888007016,1.0,1.0,25762.59804822658,25762.59804822658,275.7335511047957,2.583551104795731,275.7335511047957,275.7335511047957,74627.44965068105,74647.42883858974,-19.979187908684253,0.0,8575.796259387458,8575.796259387458,0.8783760704931873,4070.490118003941,275.7335511047957,2.583551104795731,1.0,0.002,1.2836648395882828,0.0002315687076594233,0.001984398637497413,8.367353961077629e-05,0.9921993187487065,0.9921993187487065,0.0,6.807217710818941e-05,0.9999705531584745,0.9999705531584745,0.0,0.08885539027448582,2.616587646341395e-06,0.0,0.0,0.0,1600580.9605493557,267.0291198682357,0.0,1.0,1283084.8215306925,2603.896239356245,,,,,,,,,,,,,,,,,9.0,15561.403508771931
3570.0,-35.62342623756691,3.9663426697912016,34.65481258407009,23.455903550516837,5.213041116794461,-31.5029932939619,-44.81365828597916,1.2139346244869307,-6.120880131764295,-6.1208801317646495,38.07176755923683,38362.828394892465,20779.67897120505,20779.67897120505,59142.50736609752,74252.29261943072,74647.42883858974,20779.67897120505,95427.10780979479,95427.10780979479,95427.10780979479,120413.8029711532,120413.7874440245,0.015527128695956119,0.0,90529.49839895991,55133.85838692209,39328.488902264246,24986.695161358417,64315.18406362266,18934.547947905878,1450.0,0.0,0.8882102140517784,2.767526134744748,0.0014957518423254837,1.0,1.0,-6.120880131764295,339424.9746904718,1473059.0764612553,4.3398664986410225,1473059.0764612553,4.3398664986410225,0.7577852063120335,0.08885800686213216,4.050238923387006,101325.0,128351.07116782667,1.2667265844345095,1.0,0.0,4.050238923387006,1.2862783109124125,1.286443250924842,3.1488044920185256,6671.938872405625,15561.403508771931,6446.3050239238555,0.00028199341260474076,22351.64396752544,2279.2333740395998,19268.437103240605,1964.8337712919913,0.8620590562034539,0.8620590562034539,35747.93130210987,32395.05729023726,1.1310067657934717,0.8,4731.693677755314,4287.898129693729,1.1310067657934717,0.8,17904.69678407069,17904.69678407069,1.0,0.8,3099.015535412006,3099.015535412006,6.705251630318932,3.9663426697912016,-1.9411708970048327,5.907513566796034,3.5,3.5,1.0,0.6,0.00012822374794852937,0.9999762106817436,0.00012822679837664496,203.66612077101155,0.0,0.0,0.0,0.021168097977116558,4.5215770833750894e-05,8.300797711477848e-05,0.0003362021398618936,0.08890338828705453,0.08890338828705453,0.08890338828705453,0.08885539301402945,0.0,0.0,0.0,0.0,0.0,0.0,1.0,1.0,0.0,1.0,1.0,526615.1077956093,582.7107118568412,0.0,0.08890338828705453,0.08885800686213216,0.08885800686213215,0.375,0.375,0.5,3.55837141863199e-05,3.410605131648481e-13,3.410605131648481e-13,3.410605131648481e-13,3.410605131648481e-13,3.410605131648481e-13,3.410605131648481e-13,24986.695161358417,18934.547947905878,0.7577852063120335,0.9195730095025746,0.5964816699730302,37569.03399132045,20600.0,0.0,0.0,0.0,0.0,0.0,0.0,0.0,0.0,0.0,0.0,0.0,0.0,0.0,0.0,0.0,0.0,0.0,0.0,0.0,0.0,37569.03399132045,20600.0,1.0,0.0,0.0,6.0,0.9,152975.75209065224,25495.958681775373,257.94662287589375,257.94662287589375,-15.203377124106225,239.57235011199296,276.3209289759723,149571.13561251794,149632.8506636953,-61.71505117734222,0.0,nan,276.3209289759723,3.1709289759723447,268.97119763656957,-4.178802363430407,261.62146781231536,-11.528532187684618,254.27174944875088,-18.878250551249096,246.92204326976116,-26.227956730238816,239.57235011199296,-33.577649888007016,1.0,1.0,25762.59804822658,25762.59804822658,275.7335511047957,2.583551104795731,275.7335511047957,275.7335511047957,74627.44965068105,74647.42883858974,-19.979187908684253,0.0,8575.796259387458,8575.796259387458,0.8783760704931873,4070.490118003941,275.7335511047957,2.583551104795731,1.0,0.002,1.2836648395882828,0.0002315687076594233,0.001984398637497413,8.367353961077629e-05,0.9921993187487065,0.9921993187487065,0.0,6.807217710818941e-05,0.9999705531584745,0.9999705531584745,0.0,0.08885539027448582,2.616587646341395e-06,0.0,0.0,0.0,1600580.9605493557,267.0291198682357,0.0,1.0,1283084.8215306925,2603.896239356245,,,,,,,,,,,,,,,,,9.0,15561.403508771931
3600.0,-35.62342623756691,3.9663426697912016,34.65481258407009,23.455903550516837,5.213041116794461,-31.5029932939619,-44.81365828597916,1.2139346244869307,-6.120880131764295,-6.1208801317646495,38.07176755923683,38362.828394892465,20779.67897120505,20779.67897120505,59142.50736609752,74252.29261943072,74647.42883858974,20779.67897120505,95427.10780979479,95427.10780979479,95427.10780979479,120413.8029711532,120413.7874440245,0.015527128695956119,0.0,90529.49839895991,55133.85838692209,39328.488902264246,24986.695161358417,64315.18406362266,18934.547947905878,1450.0,0.0,0.8882102140517784,2.767526134744748,0.0014957518423254837,1.0,1.0,-6.120880131764295,339424.9746904718,1473059.0764612553,4.3398664986410225,1473059.0764612553,4.3398664986410225,0.7577852063120335,0.08885800686213216,4.050238923387006,101325.0,128351.07116782667,1.2667265844345095,1.0,0.0,4.050238923387006,1.2862783109124125,1.286443250924842,3.1488044920185256,6671.938872405625,15561.403508771931,6446.3050239238555,0.00028199341260474076,22351.64396752544,2279.2333740395998,19268.437103240605,1964.8337712919913,0.8620590562034539,0.8620590562034539,35747.93130210987,32395.05729023726,1.1310067657934717,0.8,4731.693677755314,4287.898129693729,1.1310067657934717,0.8,17904.69678407069,17904.69678407069,1.0,0.8,3099.015535412006,3099.015535412006,6.705251630318932,3.9663426697912016,-1.9411708970048327,5.907513566796034,3.5,3.5,1.0,0.6,0.00012822374794852937,0.9999762106817436,0.00012822679837664496,203.66612077101155,0.0,0.0,0.0,0.021168097977116558,4.5215770833750894e-05,8.300797711477848e-05,0.0003362021398618936,0.08890338828705453,0.08890338828705453,0.08890338828705453,0.08885539301402945,0.0,0.0,0.0,0.0,0.0,0.0,1.0,1.0,0.0,1.0,1.0,526615.1077956093,582.7107118568412,0.0,0.08890338828705453,0.08885800686213216,0.08885800686213215,0.375,0.375,0.5,3.55837141863199e-05,3.410605131648481e-13,3.410605131648481e-13,3.410605131648481e-13,3.410605131648481e-13,3.410605131648481e-13,3.410605131648481e-13,24986.695161358417,18934.547947905878,0.7577852063120335,0.9195730095025746,0.5964816699730302,37569.03399132045,20600.0,0.0,0.0,0.0,0.0,0.0,0.0,0.0,0.0,0.0,0.0,0.0,0.0,0.0,0.0,0.0,0.0,0.0,0.0,0.0,0.0,37569.03399132045,20600.0,1.0,0.0,0.0,6.0,0.9,152975.75209065224,25495.958681775373,257.94662287589375,257.94662287589375,-15.203377124106225,239.57235011199296,276.3209289759723,149571.13561251794,149632.8506636953,-61.71505117734222,0.0,nan,276.3209289759723,3.1709289759723447,268.97119763656957,-4.178802363430407,261.62146781231536,-11.528532187684618,254.27174944875088,-18.878250551249096,246.92204326976116,-26.227956730238816,239.57235011199296,-33.577649888007016,1.0,1.0,25762.59804822658,25762.59804822658,275.7335511047957,2.583551104795731,275.7335511047957,275.7335511047957,74627.44965068105,74647.42883858974,-19.979187908684253,0.0,8575.796259387458,8575.796259387458,0.8783760704931873,4070.490118003941,275.7335511047957,2.583551104795731,1.0,0.002,1.2836648395882828,0.0002315687076594233,0.001984398637497413,8.367353961077629e-05,0.9921993187487065,0.9921993187487065,0.0,6.807217710818941e-05,0.9999705531584745,0.9999705531584745,0.0,0.08885539027448582,2.616587646341395e-06,0.0,0.0,0.0,1600580.9605493557,267.0291198682357,0.0,1.0,1283084.8215306925,2603.896239356245,,,,,,,,,,,,,,,,,9.0,15561.403508771931
