time_s,room_c,dock_c,sink_c,t2_c,t3_c,t4_c,t5_c,t6_c,t7_c,tevap_c,tcond_c,q_room_w,q_dock_w,q_dock_external_w,q_useful_w,q_cascade_w,q_cascade_refrigerant_w,q_dock_refrigerant_w,q_evap_total_w,q_evap_load_requested_w,q_map_capacity_balance_error_w,q_cond_w,refrigerant_q_condenser_stage_w,refrigerant_q_subcooler_w,refrigerant_q_oil_cooling_w,w_air_comp_w,w_air_turb_w,w_air_input_w,w_ref_comp_w,w_total_input_w,w_ref_isentropic_w,refrigerant_compressor_speed_rpm,refrigerant_compressor_map_capacity_w,refrigerant_compressor_volumetric_efficiency,refrigerant_compressor_suction_density_kg_m3,refrigerant_compressor_displacement_m3_per_rev,low_pressure_receiver_enabled,refrigerant_evaporators_series,refrigerant_evaporator_outlet_c,refrigerant_evaporating_pressure_pa,refrigerant_condensing_pressure_pa,refrigerant_pressure_ratio,refrigerant_condensing_pressure_from_tcond_pa,refrigerant_pressure_ratio_from_tcond,refrigerant_compressor_eta_is_effective,m_ref_kg_s,m_air_kg_s,air_low_pressure_pa,air_high_pressure_pa,air_pressure_ratio,air_damper_opening,air_damper_resistance_head_coefficient,air_compressor_map_mass_flow_kg_s,air_compressor_suction_density_kg_m3,air_compressor_suction_mixture_density_kg_m3,air_compressor_volumetric_flow_m3_s,air_compressor_map_volumetric_flow_cfm,air_compressor_map_speed_eval_rpm,air_compressor_map_head_eval_ft,air_compressor_map_d_q_d_speed_m3_s_per_rpm,air_compressor_actual_head_j_kg,air_compressor_actual_head_m,air_compressor_isentropic_head_j_kg,air_compressor_isentropic_head_m,air_compressor_eta_is_target,air_compressor_eta_is_effective,regenerator_ua_w_k,regenerator_ua_ref_w_k,regenerator_air_flow_ratio,regenerator_ua_flow_exponent,cascade_ua_w_k,cascade_ua_ref_w_k,cascade_air_flow_ratio,cascade_ua_flow_exponent,condenser_ua_w_k,condenser_ua_ref_w_k,condenser_sink_flow_ratio,condenser_ua_flow_exponent,dock_evaporator_ua_w_k,dock_evaporator_ua_ref_w_k,dock_evaporator_lmtd_k,dock_evaporator_air_inlet_c,dock_evaporator_air_outlet_c,dock_evaporator_air_delta_t_k,dock_air_m_dot_kg_s,dock_air_m_dot_nominal_kg_s,dock_air_flow_ratio,dock_evaporator_ua_flow_exponent,humidity_ratio_room_kg_kg_da,room_relative_humidity,room_saturation_humidity_ratio_kg_kg_da,room_dry_air_mass_kg,room_moisture_infiltration_dry_air_mass_flow_kg_s,room_moisture_deposition_rate_kg_s,room_moisture_deposition_load_w,room_moisture_cumulative_deposited_water_kg,humidity_ratio_supply_vapor_kg_kg_da,humidity_ratio_supply_ice_kg_kg_da,ice_mass_flow_kg_s,valve_flow_kg_s,cascade_valve_flow_kg_s,dock_valve_flow_kg_s,compressor_map_flow_kg_s,receiver_enabled,receiver_mass_kg,receiver_volume_m3,receiver_liquid_mass_kg,receiver_vapor_mass_kg,receiver_liquid_volume_m3,receiver_liquid_fill_fraction,receiver_liquid_fill_fraction_raw,receiver_overfill_mass_kg,receiver_liquid_feed_fraction,receiver_starvation_flow_multiplier,receiver_outlet_enthalpy_j_kg,receiver_outlet_density_kg_m3,receiver_inlet_m_dot_kg_s,receiver_outlet_m_dot_kg_s,m_ref_cascade_kg_s,m_ref_dock_kg_s,valve_opening,cascade_valve_opening,dock_valve_opening,refrigerant_subcooling_k,refrigerant_superheat_k,refrigerant_cascade_superheat_k,refrigerant_dock_superheat_k,refrigerant_raw_superheat_k,refrigerant_raw_cascade_superheat_k,refrigerant_raw_dock_superheat_k,refrigerant_compressor_work_w,refrigerant_compressor_isentropic_work_w,refrigerant_compressor_eta_is_target,cop_system,cop_room_only,base_room_load_w,base_dock_load_w,infiltration_magnitude_w,infiltration_room_w,infiltration_dock_w,infiltration_q_m3_s,infiltration_q_unprotected_m3_s,infiltration_sensible_w,infiltration_latent_w,infiltration_total_w,infiltration_cumulative_volume_m3,infiltration_velocity_m_s,infiltration_region_density_kg_m3,infiltration_indoor_density_kg_m3,infiltration_outdoor_density_kg_m3,infiltration_room_humidity_ratio_kg_kg_da,infiltration_outdoor_humidity_ratio_kg_kg_da,infiltration_stage,infiltration_door_open_fraction,infiltration_effective_length_m,infiltration_effective_volume_m3,infiltration_maximum_effective_length_m,load_w,dock_load_w,regenerator_model_transient,regenerator_model_lumped_matrix,regenerator_model_two_lump_matrix,regenerator_cell_count,regenerator_gas_effectiveness,regenerator_solid_capacitance_j_k,regenerator_solid_capacitance_per_cell_j_k,regenerator_solid_mean_k,regenerator_matrix_k,regenerator_matrix_c,regenerator_solid_min_k,regenerator_solid_max_k,regenerator_q_hot_to_solid_w,regenerator_q_solid_to_cold_w,regenerator_q_solid_net_total_w,regenerator_q_heat_leak_w,regenerator_q_hot_to_cold_w,regenerator_cell_1_k,regenerator_cell_1_c,regenerator_cell_2_k,regenerator_cell_2_c,regenerator_cell_3_k,regenerator_cell_3_c,regenerator_cell_4_k,regenerator_cell_4_c,regenerator_cell_5_k,regenerator_cell_5_c,regenerator_cell_6_k,regenerator_cell_6_c,cascade_exchanger_model_lumped,cascade_exchanger_cell_count,cascade_exchanger_solid_capacitance_j_k,cascade_exchanger_solid_capacitance_per_cell_j_k,cascade_exchanger_matrix_mean_k,cascade_exchanger_matrix_mean_c,cascade_exchanger_matrix_min_k,cascade_exchanger_matrix_max_k,cascade_exchanger_q_air_to_matrix_w,cascade_exchanger_q_matrix_to_refrigerant_w,cascade_exchanger_q_matrix_net_total_w,cascade_exchanger_q_heat_leak_w,cascade_exchanger_air_side_ua_w_k,cascade_exchanger_refrigerant_side_ua_w_k,cascade_exchanger_air_effectiveness,cascade_exchanger_air_capacity_rate_w_k,cascade_exchanger_cell_1_k,cascade_exchanger_cell_1_c,lpr_inventory_enabled,lpr_volume_m3,lpr_liquid_mass_kg,lpr_vapor_mass_kg,lpr_liquid_volume_m3,lpr_vapor_volume_m3,lpr_liquid_fill_fraction,lpr_liquid_fill_fraction_raw,lpr_overfill_mass_kg,lpr_volume_residual_m3,lpr_evaporator_outlet_quality,lpr_evaporator_outlet_quality_raw,lpr_return_superheat_k,lpr_vapor_return_m_dot_kg_s,lpr_liquid_return_m_dot_kg_s,lpr_boil_off_m_dot_kg_s,lpr_boil_off_heat_w,lpr_liquid_carryover_m_dot_kg_s,lpr_suction_enthalpy_j_kg,lpr_suction_temperature_k,lpr_suction_superheat_k,lpr_suction_vapor_quality,lpr_h_fg_j_kg,lpr_cp_vapor_j_kg_k,startup_initialization_enabled,startup_iterations,startup_newton_iterations,startup_cost,startup_solved_air_cycle_compressor_mass_flow_speed_rpm,startup_solved_air_cycle_pressure_ratio,startup_solved_air_cycle_regenerator_ua_w_k,startup_solved_boundary_conditions_load_after_w,startup_solved_boundary_conditions_load_before_w,startup_solved_boundary_conditions_sink_m_dot_kg_s,startup_solved_vcc_cycle_cascade_ua_w_k,startup_solved_vcc_cycle_compressor_displacement_m3_per_rev,startup_solved_vcc_cycle_condenser_ua_w_k,startup_solved_vcc_cycle_dock_evaporator_ua_w_k,startup_solved_vcc_cycle_expansion_valves_cascade_flow_coefficient_m2,startup_solved_vcc_cycle_expansion_valves_cascade_opening,newton_iterations,pid_open_loop_air_speed_step_output
0.0,-30.0,5.0,35.0,24.630070686712884,5.0,-26.5,-40.00001469450069,1.5,-4.999999999999602,-5.0,40.0,41059.97430708969,25750.0,25750.0,66809.9743070897,77223.01455923119,73357.26647469425,25750.0,99107.26647469425,99107.26647469425,99107.26647469425,125165.21045378313,120661.68631353561,4503.5241402475185,0.0,90991.71439716448,54828.674145023,40181.155835712765,26057.94397908888,66239.09981480165,19885.466508150133,1450.0,0.0,0.886918697191838,2.8846981178461464,0.001494314312251686,1.0,1.0,-4.999999999999602,354655.9902153604,1554533.227914083,4.383214356453171,1554533.227914083,4.383214356453171,0.7631249235975,0.09239381280812466,3.913849170705986,101325.0,128351.07116782667,1.2667265844345095,1.0,0.0,3.913849170705986,1.2847212910722052,1.2850212022149787,3.046457778744803,6455.078468247549,15243.107769423557,6454.11178072111,0.00033059665397512704,23248.651245482528,2370.7026604888038,19291.772021735764,1967.2132707637945,0.8298017729301338,0.8298017729301338,35405.22815468563,35405.22815468563,1.0,0.8,4273.035954225843,4273.035954225843,1.0,0.8,17887.489023156744,17887.489023156744,1.0,0.8,4632.441516551485,4632.441516551485,5.558623872097796,5.0,-2.320540156361051,7.3205401563610515,3.5,3.5,1.0,0.6,0.0002334323654385558,1.0,0.0002334323654385558,198.92221095423284,0.0,0.0,0.0,0.0,7.885554614010179e-05,0.00015457681929845402,0.0006049903560216233,0.09239381280812464,0.09239381280812464,0.09239381280812464,0.09239381280812466,0.0,0.0,0.0,0.0,0.0,0.0,1.0,1.0,0.0,1.0,1.0,487378.5533508723,595.762855415961,0.0,0.09239381280812464,0.09239381280812466,0.09239381280812466,0.375,0.375,0.5,10.0,3.979039320256561e-13,3.979039320256561e-13,3.979039320256561e-13,3.979039320256561e-13,3.979039320256561e-13,3.979039320256561e-13,26057.94397908888,19885.466508150133,0.7631249235975,1.0086183914619034,0.6198751858326811,41059.97430708969,25750.0,0.0,0.0,0.0,0.0,0.0,0.0,0.0,0.0,0.0,0.0,0.0,0.0,0.0,0.0,0.0,0.0,0.0,0.0,0.0,0.0,41059.97430708969,25750.0,1.0,0.0,0.0,6.0,0.9,167190.3635292044,27865.060588200733,260.65000000000003,260.65000000000003,-12.499999999999943,244.89999999999998,276.4,123902.68012162475,123902.68012162475,0.0,0.0,nan,276.4,3.25,270.09999999999997,-3.0500000000000114,263.79999999999995,-9.350000000000023,257.5,-15.649999999999977,251.2,-21.94999999999999,244.89999999999998,-28.25,1.0,1.0,26022.01252070864,26022.01252070864,276.7337408414674,3.5837408414674314,276.7337408414674,276.7337408414674,73357.26647469455,73357.26647469425,3.055902197957039e-10,0.0,8546.071908451686,8546.071908451686,0.8861283279244683,3933.418416559516,276.7337408414674,3.5837408414674314,1.0,0.002,0.12907645846231844,0.0051924566121229875,0.0002000000000000002,0.0017999999999999737,0.1000000000000001,0.1000000000000001,0.0,-2.6020852139652106e-17,0.9672931060718002,0.9672931060718002,0.0,0.08937189817298738,0.0030219146351372823,0.0,0.0,0.0,1601879.7459044957,268.1500000000004,0.0,1.0,1279238.016715626,2619.5792953536006,1.0,285.0,285.0,0.0,15243.107769423557,1.2667265844345095,35405.22815468563,41059.97430708969,41059.97430708969,6.17373007360383,4273.035954225843,0.001494314312251686,17887.489023156744,4632.441516551485,6.516156486755916e-06,0.375,0.0,
30.0,-30.18779878755512,4.880102350771391,34.95391764429355,25.218418961763405,5.776459021617988,-26.70632765848291,-40.19196404898537,2.038553048325607,-5.246527260067239,-5.246527260067646,39.58080624942499,40845.70997889167,26076.071247910517,26076.071247910517,66921.78122680218,76111.81064680763,75232.73877879308,26076.071247910517,101308.81002670359,101308.81002670359,101308.81002670359,127126.61337603269,122550.38070615633,4576.232669876367,0.0,90745.04682353907,54525.101718808866,40244.38344970023,25817.803349329097,66062.18679902932,19671.005212448505,1450.0,0.0,0.8871826129299933,2.8585973123419524,0.001494314312251686,1.0,1.0,-5.246527260067239,351260.93588329724,1536538.0688838311,4.3743494135491625,1536538.0688838311,4.3743494135491625,0.7619163004028255,0.09644170057838061,3.894854215734773,101325.0,128351.07116782667,1.2667265844345095,1.0,0.0,3.894854215734773,1.2822070492554891,1.282506373462293,3.037617222582197,6436.3463905766475,15243.107769423557,6466.768592029031,0.00033539641508498116,23298.701773467998,2375.806393974293,19329.604077728953,1971.071066850449,0.8296429674781727,0.8296429674781727,35267.69648950811,35405.22815468563,0.9951467330132738,0.8,4256.437339253485,4273.035954225843,0.9951467330132738,0.8,17887.489023156744,17887.489023156744,1.0,0.8,4632.441516551485,4632.441516551485,5.629012509870229,4.880102350771391,-2.533137520702814,7.413239871474206,3.5,3.5,1.0,0.6,0.0002334323654385558,1.0197538385879996,0.00022891050428579655,199.07741567463685,0.0,0.0,0.0,0.0,7.715974911086788e-05,0.0001562726163276879,0.000608659058507798,0.09184788518736998,0.09184788518736998,0.09184788518736998,0.09158507614939211,0.0,0.0,0.0,0.0,0.0,0.0,1.0,1.0,0.0,1.0,1.0,486600.3689305456,595.9953540339574,0.0,0.09184788518736998,0.09644170057838067,0.09644170057838056,0.375,0.375,0.5,9.741004566390298,3.979039320256561e-13,3.979039320256561e-13,3.979039320256561e-13,3.979039320256561e-13,3.979039320256561e-13,3.979039320256561e-13,25817.803349329097,19671.005212448505,0.7619163004028255,1.0130118978711358,0.6182918240831202,41059.97430708969,25750.0,0.0,0.0,0.0,0.0,0.0,0.0,0.0,0.0,0.0,0.0,0.0,0.0,0.0,0.0,0.0,0.0,0.0,0.0,0.0,0.0,41059.97430708969,25750.0,1.0,0.0,0.0,6.0,0.9,167190.3635292044,27865.060588200733,260.9053908683979,260.9053908683979,-12.24460913160209,244.7777934671562,277.03302027165853,127421.68997954941,125974.96394963932,1446.7260299101242,0.0,nan,277.03302027165853,3.883020271658552,270.58195448869833,-2.568045511301648,264.13090019755396,-9.019099802446021,257.6798560149189,-15.470143985081052,251.2288207704014,-21.92117922959858,244.7777934671562,-28.37220653284379,1.0,1.0,26022.01252070864,26022.01252070864,276.7066678902553,3.556667890255312,276.7066678902553,276.7066678902553,75237.66048498407,75232.73877879308,4.9217061909876065,0.0,8546.071908451686,8546.071908451686,0.8873285463423874,3914.328486813447,276.7066678902553,3.556667890255312,1.0,0.002,0.27496326841867036,0.005043959610994819,0.00042582967454886074,0.0017644876349731376,0.21291483727443036,0.21291483727443036,0.0,0.00019031730952199805,0.949590567804,0.949590567804,0.0,0.0915801292122078,0.004861571366172814,0.0,0.0,0.0,1601595.6431171761,267.90347273993274,0.0,1.0,1280086.186950694,2616.1098995218904,,,,,,,,,,,,,,,,,34.0,15243.107769423557
60.0,-30.038936563732666,4.867641872717258,34.956564003344596,25.828263640310638,6.22094786129889,-26.412948281637103,-39.92519852528346,2.5948924163051457,-5.151695537697492,-5.151695537697864,39.915593362805616,40151.919962792126,25799.793831818937,25799.793831818937,65951.71379461106,76367.45540503455,76180.3163935952,25799.793831818937,101980.11022541414,101980.11022541414,101980.11022541414,127954.13471710519,123747.08465962019,4207.050057485004,0.0,90490.37923156573,54274.58220024678,40239.77447924328,25974.024491691052,66213.79897093432,19814.656015085762,1450.0,0.0,0.8864516628689689,2.8686153477601,0.001494314312251686,1.0,1.0,-5.151695537697492,352563.87975343637,1550897.0763688742,4.398910851144155,1550897.0763688742,4.398910851144155,0.7628643001173869,0.09226536902730342,3.8750116049606667,101325.0,128351.07116782667,1.2667265844345095,1.0,0.0,3.8750116049606667,1.279629384788703,1.2799223206462216,3.028229619469486,6416.455186062307,15243.107769423557,6479.7939925331975,0.0003404187831446745,23352.285994633625,2381.270463882531,19368.537871495708,1975.0412089241188,0.829406503326767,0.829406503326767,35123.884088054714,35405.22815468563,0.9900768874702666,0.8,4239.080705950938,4273.035954225843,0.9900768874702666,0.8,17887.489023156744,17887.489023156744,1.0,0.8,4632.441516551485,4632.441516551485,5.569372811213601,4.867641872717258,-2.4670543125901867,7.334696185307445,3.5,3.5,1.0,0.6,0.00022891050428579655,0.984611556273808,0.00023248813486619228,198.95551621686937,0.0,3.000668107769481e-05,85.03893417418709,0.0009002004323308443,7.952579935651174e-05,0.00014938470492928483,0.0005788674652046036,0.09226519637160469,0.09226519637160469,0.09226519637160469,0.09183031723129842,0.0,0.0,0.0,0.0,0.0,0.0,1.0,1.0,0.0,1.0,1.0,490106.98539340636,594.870850466367,0.0,0.09226519637160469,0.09226536902730342,0.09226536902730342,0.375,0.375,0.5,9.349606716782576,3.979039320256561e-13,3.979039320256561e-13,3.979039320256561e-13,3.979039320256561e-13,3.979039320256561e-13,3.979039320256561e-13,25974.024491691052,19814.656015085762,0.7628643001173869,0.9960418344756459,0.6063980708978426,41059.97430708969,25750.0,0.0,0.0,0.0,0.0,0.0,0.0,0.0,0.0,0.0,0.0,0.0,0.0,0.0,0.0,0.0,0.0,0.0,0.0,0.0,0.0,41145.01324126388,25750.0,1.0,0.0,0.0,6.0,0.9,167190.3635292044,27865.060588200733,261.19722980131337,261.19722980131337,-11.952770198686608,244.90497972307247,277.48948405132404,127902.22037030943,126275.79818091822,1626.422189391178,0.0,nan,277.48948405132404,4.339484051324064,270.97258052594657,-2.1774194740534085,264.45567849250926,-8.694321507490713,257.9387777810259,-15.211222218974058,251.4218782340019,-21.728121765998083,244.90497972307247,-28.245020276927505,1.0,1.0,26022.01252070864,26022.01252070864,276.91237834439244,3.7623783443924594,276.91237834439244,276.91237834439244,76358.52585774596,76180.3163935952,178.2094641507574,0.0,8546.071908451686,8546.071908451686,0.8885811785411364,3894.38666298547,276.91237834439244,3.7623783443924594,1.0,0.002,0.28860397122656556,0.004454819323622135,0.00044704248173360915,0.0015529510873950353,0.22352124086680455,0.22352124086680455,0.0,-6.43087135539927e-09,0.9950719342385277,0.9950719342385277,0.0,0.09181067922123036,0.00045468980607306185,0.0,0.0,0.0,1601705.0330789802,267.9983044623025,0.0,1.0,1279760.061812057,2617.443130055589,,,,,,,,,,,,,,,,,11.0,15243.107769423557
90.0,-29.907895231538937,4.872368183594341,34.95985630726874,25.89002171242612,6.268746887669275,-26.290230746209023,-39.81107563069088,2.6511186977094985,-5.12030222169426,-5.120302221694653,39.92244636630206,40185.35105163318,25731.12629361916,25731.12629361916,65916.47734525234,76381.77951459208,76331.29495549166,25731.12629361916,102062.42124911082,102062.42124911082,102062.42124911082,128049.90446744778,123958.1670994338,4091.7373680139735,0.0,90464.49745693758,54268.21028474505,40218.096857991695,25987.48321833695,66205.58007632865,19825.553929114987,1450.0,0.0,0.8865870043820192,2.871937843411232,0.001494314312251686,1.0,1.0,-5.12030222169426,352996.04405124736,1551192.056735603,4.394361021537124,1551192.056735603,4.394361021537124,0.7628885707226137,0.09217542021384709,3.872981148559014,101325.0,128351.07116782667,1.2667265844345095,1.0,0.0,3.872981148559014,1.2793685127435779,1.279661388881636,3.0272600192836467,6414.400719617347,15243.107769423557,6481.115915894519,0.0003409332207814278,23357.84605886757,2381.8374326469866,19372.48918888581,1975.4441311646497,0.829378237191149,0.829378237191149,35109.15974442983,35405.22815468563,0.9895580998744518,0.8,4237.3036336655505,4273.035954225843,0.9895580998744518,0.8,17887.489023156744,17887.489023156744,1.0,0.8,4632.441516551485,4632.441516551485,5.554549626084455,4.872368183594341,-2.4428063135255336,7.315174497119875,3.5,3.5,1.0,0.6,0.00022891050428579655,0.9712766181053384,0.00023568003184543912,198.84833330987564,0.0,0.0,0.0,0.0009002004323308443,8.05583386851118e-05,0.00014835216560068475,0.0005745651407193571,0.09222858794960097,0.09222858794960097,0.09222858794960097,0.09195071388891218,0.0,0.0,0.0,0.0,0.0,0.0,1.0,1.0,0.0,1.0,1.0,491347.3554264124,594.4669396128177,0.0,0.09222858794960097,0.09217542021384709,0.09217542021384709,0.375,0.375,0.5,9.099515197571959,3.979039320256561e-13,3.979039320256561e-13,3.979039320256561e-13,3.979039320256561e-13,3.979039320256561e-13,3.979039320256561e-13,25987.48321833695,19825.553929114987,0.7628885707226137,0.9956332573365718,0.6069783091591878,41059.97430708969,25750.0,0.0,0.0,0.0,0.0,0.0,0.0,0.0,0.0,0.0,0.0,0.0,0.0,0.0,0.0,0.0,0.0,0.0,0.0,0.0,0.0,41059.97430708969,25750.0,1.0,0.0,0.0,6.0,0.9,167190.3635292044,27865.060588200733,261.3130524326172,261.3130524326172,-11.836947567382765,245.03189898581786,277.5942064236524,127053.54966738289,126408.068711677,645.480955705904,0.0,nan,277.5942064236524,4.4442064236524175,271.0817445890901,-2.0682554109098987,264.5692829492236,-8.5807170507764,258.0568214817082,-15.09317851829178,251.54436016621125,-21.60563983378873,245.03189898581786,-28.118101014182116,1.0,1.0,26022.01252070864,26022.01252070864,276.96143808814327,3.8114380881432908,276.96143808814327,276.96143808814327,76373.44372801551,76331.29495549166,42.14877252385486,0.0,8546.071908451686,8546.071908451686,0.8887092889808278,3892.346054301809,276.96143808814327,3.8114380881432908,1.0,0.002,0.2953697919927521,0.004430117894215879,0.000457552361716513,0.0015425535425076858,0.2287761808582565,0.2287761808582565,0.0,1.0590422419879883e-07,0.9975532554271109,0.9975532554271109,0.0,0.09194989050468509,0.00022552970916199985,0.0,0.0,0.0,1601741.21714125,268.0296977783057,0.0,1.0,1279652.061819704,2617.884855622081,,,,,,,,,,,,,,,,,14.0,15243.107769423557
120.0,-29.783593657323564,4.882867337079294,34.96190939240886,25.9280635038391,6.293325894653494,-26.175902383764566,-39.70477577587587,2.685745866078822,-5.1008544102085125,-5.100854410208921,39.92548991101004,40231.69427554571,25708.083499267155,25708.083499267155,65939.77777481287,76409.49308908719,76378.76460560143,25708.083499267155,102086.8481048686,102086.8481048686,102086.8481048686,128082.2251762264,124061.22846380035,4020.996712426061,0.0,90448.55827224393,54271.19237372419,40197.07322057749,25995.37707135782,66192.45029193531,19831.875260815046,1450.0,0.0,0.8866751278383269,2.8739976167278383,0.001494314312251686,1.0,1.0,-5.1008544102085125,353263.9735340389,1551323.0765314135,4.391399046475185,1551323.0765314135,4.391399046475185,0.7629000805172458,0.09218425940119603,3.871729858080514,101325.0,128351.07116782667,1.2667265844345095,1.0,0.0,3.871729858080514,1.279207906623591,1.2795007459953074,3.0266619194840363,6413.13341791198,15243.107769423557,6481.929209018925,0.0003412501551148891,23361.278185117382,2382.1874121251785,19374.920176460233,1975.6920229089683,0.829360449498148,0.829360449498148,35100.08494129486,35405.22815468563,0.9892383914687559,0.8,4236.208401065895,4273.035954225843,0.9892383914687559,0.8,17887.489023156744,17887.489023156744,1.0,0.8,4632.441516551485,4632.441516551485,5.549575403685818,4.882867337079294,-2.425756259016556,7.308623596095851,3.5,3.5,1.0,0.6,0.00022891050428579655,0.9588074289266342,0.00023874502572644572,198.74676974063874,0.0,0.0,0.0,0.0009002004323308443,8.153123234144323e-05,0.00014737927194435332,0.0005706127276491205,0.09220342549839998,0.09220342549839998,0.09220342549839998,0.09202580767959244,0.0,0.0,0.0,0.0,0.0,0.0,1.0,1.0,0.0,1.0,1.0,492134.02977407374,594.210506951686,0.0,0.09220342549839998,0.09218425940119603,0.09218425940119603,0.375,0.375,0.5,8.93966607861678,3.979039320256561e-13,3.979039320256561e-13,3.979039320256561e-13,3.979039320256561e-13,3.979039320256561e-13,3.979039320256561e-13,25995.37707135782,19831.875260815046,0.7629000805172458,0.9961827592722727,0.6077988365456751,41059.97430708969,25750.0,0.0,0.0,0.0,0.0,0.0,0.0,0.0,0.0,0.0,0.0,0.0,0.0,0.0,0.0,0.0,0.0,0.0,0.0,0.0,0.0,41059.97430708969,25750.0,1.0,0.0,0.0,6.0,0.9,167190.3635292044,27865.060588200733,261.3928904284202,261.3928904284202,-11.757109571579804,245.15220622378575,277.63357470578836,126563.10723454219,126118.16945553527,444.93777900691015,0.0,nan,277.63357470578836,4.483574705788385,271.1373009628932,-2.0126990371067564,264.6410272461298,-8.508972753870182,258.14475355254064,-15.005246447459342,251.64847987938333,-21.501520120616647,245.15220622378575,-27.997793776214223,1.0,1.0,26022.01252070864,26022.01252070864,276.9864404573976,3.8364404573976003,276.9864404573976,276.9864404573976,76400.64573889473,76378.76460560143,21.881133293296443,0.0,8546.071908451686,8546.071908451686,0.8887882318724931,3891.0885073709164,276.9864404573976,3.8364404573976003,1.0,0.002,0.30014163855054193,0.004411785555387966,0.00046496307507839466,0.001535069315892809,0.2324815375391973,0.2324815375391973,0.0,3.239097120383283e-08,0.9982745123538703,0.9982745123538703,0.0,0.09202519660043165,0.00015906280076437713,0.0,0.0,0.0,1601763.6256147537,268.04914558979146,0.0,1.0,1279585.1473433855,2618.158592040186,,,,,,,,,,,,,,,,,13.0,15243.107769423557
150.0,-29.66650649408235,4.8949236956274405,34.96351998983586,25.959051853884034,6.311773788716997,-26.068678470546043,-39.60509668160228,2.7139456359441794,-5.086347754692838,-5.086347754693227,39.928489520713974,40278.65358076221,25701.773984575717,25701.773984575717,65980.42756533793,76438.14748910003,76413.08442332545,25701.773984575717,102114.85840790116,102114.85840790116,102114.85840790116,128116.39064027194,124138.00862502602,3978.3820152459202,0.0,90435.57340677592,54276.07899564066,40177.21601237251,26001.532232370784,66178.7482447433,19836.84613312199,1450.0,0.0,0.8867381767897118,2.8755348176885307,0.001494314312251686,1.0,1.0,-5.086347754692838,353463.9333878502,1551452.213178422,4.389280112141,1551452.213178422,4.389280112141,0.7629106606427591,0.09218975387155527,3.8707096312331575,101325.0,128351.07116782667,1.2667265844345095,1.0,0.0,3.8707096312331575,1.2790771415520863,1.2793699509887457,3.0261737196994036,6412.0989811507125,15243.107769423557,6482.591856388161,0.0003415086287629001,23364.081014251726,2382.473221156228,19376.900873791245,1975.8939978271117,0.8293457321078298,0.8293457321078298,35092.68545960939,35405.22815468563,0.9889777205019255,0.8,4235.315362016789,4273.035954225843,0.9889777205019255,0.8,17887.489023156744,17887.489023156744,1.0,0.8,4632.441516551485,4632.441516551485,5.548213375764065,4.8949236956274405,-2.411906150733815,7.306829846361255,3.5,3.5,1.0,0.6,0.00022891050428579655,0.9472197763260273,0.0002416656725365993,198.65119572394786,0.0,0.0,0.0,0.0009002004323308443,8.245338689413506e-05,0.0001464571173916615,0.0005668929748505494,0.09218856726880562,0.09218856726880562,0.09218856726880562,0.0920815762643839,0.0,0.0,0.0,0.0,0.0,0.0,1.0,1.0,0.0,1.0,1.0,492613.6969985296,594.0541303598698,0.0,0.09218856726880562,0.09218975387155527,0.09218975387155527,0.375,0.375,0.5,8.843374233842885,3.979039320256561e-13,3.979039320256561e-13,3.979039320256561e-13,3.979039320256561e-13,3.979039320256561e-13,3.979039320256561e-13,26001.532232370784,19836.84613312199,0.7629106606427591,0.997003257319526,0.6086342617391773,41059.97430708969,25750.0,0.0,0.0,0.0,0.0,0.0,0.0,0.0,0.0,0.0,0.0,0.0,0.0,0.0,0.0,0.0,0.0,0.0,0.0,0.0,0.0,41059.97430708969,25750.0,1.0,0.0,0.0,6.0,0.9,167190.3635292044,27865.060588200733,261.46223235787824,261.46223235787824,-11.687767642121742,245.26542474224973,277.65903998297614,126155.22675422332,125768.7833403366,386.44341388675065,0.0,nan,277.65903998297614,4.509039982976162,271.18031692882295,-1.9696830711770303,264.7015938779919,-8.448406122008066,258.2228708301616,-14.927129169838395,251.744147785067,-21.405852214932963,245.26542474224973,-27.884575257750242,1.0,1.0,26022.01252070864,26022.01252070864,277.0049629716717,3.854962971671739,277.0049629716717,277.0049629716717,76429.14777739966,76413.08442332545,16.06335407421284,0.0,8546.071908451686,8546.071908451686,0.8888525934431116,3890.063179389323,277.0049629716717,3.854962971671739,1.0,0.002,0.30339925617829383,0.004399497713837876,0.000470023720749124,0.0015299754629207957,0.23501186037456198,0.23501186037456198,0.0,-8.163300803561147e-10,0.9988221337302076,0.9988221337302076,0.0,0.0920811666700495,0.00010858720150577178,0.0,0.0,0.0,1601780.337145247,268.06365224530714,0.0,1.0,1279535.2291794731,2618.362825539759,,,,,,,,,,,,,,,,,9.0,15243.107769423557
180.0,-29.55645487282309,4.906653218062367,34.965068188515474,25.98641705643388,6.326934298632326,-25.968127804605896,-39.51163737857712,2.738845859524011,-5.075191248852661,-5.075191248853047,39.931253910440034,40324.18951674736,25703.249502307186,25703.249502307186,66027.43901905455,76467.82504395717,76445.6561923383,25703.249502307186,102148.90569464548,102148.90569464548,102148.90569464548,128155.3394324728,124199.95767695562,3955.3817555171813,0.0,90424.10874974263,54281.40139796669,40158.56372419549,26006.433737827327,66164.99746202282,19840.829826933536,1450.0,0.0,0.886784985097509,2.8767174609685586,0.001494314312251686,1.0,1.0,-5.075191248852661,353617.775170956,1551571.2305288296,4.3877071218456845,1551571.2305288296,4.3877071218456845,0.7629200538201556,0.09217966218686639,3.869808565479873,101325.0,128351.07116782667,1.2667265844345095,1.0,0.0,3.869808565479873,1.278961699020507,1.2792544820297826,3.025742341184702,6411.1849418420625,15243.107769423557,6483.1764805778785,0.00034173685117401813,23366.558634543115,2382.7258681143016,19378.64835461736,1976.0721912801375,0.8293325798506601,0.8293325798506601,35086.14990282662,35405.22815468563,0.9887474955458825,0.8,4234.526589550992,4273.035954225843,0.9887474955458825,0.8,17887.489023156744,17887.489023156744,1.0,0.8,4632.441516551485,4632.441516551485,5.548531894136332,4.906653218062367,-2.4005961073980986,7.307249325460465,3.5,3.5,1.0,0.6,0.00022891050428579655,0.9364660447427045,0.0002444407948060627,198.56144832878147,0.0,0.0,0.0,0.0009002004323308443,8.332674891875046e-05,0.0001455837553670461,0.0005633812635141215,0.0921806920720089,0.0921806920720089,0.0921806920720089,0.09212431007663245,0.0,0.0,0.0,0.0,0.0,0.0,1.0,1.0,0.0,1.0,1.0,492872.1439466348,593.9699068622177,0.0,0.0921806920720089,0.09217966218686639,0.09217966218686639,0.375,0.375,0.5,8.792651869375776,3.979039320256561e-13,3.979039320256561e-13,3.979039320256561e-13,3.979039320256561e-13,3.979039320256561e-13,3.979039320256561e-13,26006.433737827327,19840.829826933536,0.7629200538201556,0.9979209786405989,0.609448969447819,41059.97430708969,25750.0,0.0,0.0,0.0,0.0,0.0,0.0,0.0,0.0,0.0,0.0,0.0,0.0,0.0,0.0,0.0,0.0,0.0,0.0,0.0,0.0,41059.97430708969,25750.0,1.0,0.0,0.0,6.0,0.9,167190.3635292044,27865.060588200733,261.5257169983522,261.5257169983522,-11.624283001647768,245.37176365759103,277.67967033646886,125777.44108586016,125423.63972856996,353.80135729020844,0.0,nan,277.67967033646886,4.529670336468882,271.21808900269497,-1.9319109973050104,264.75650766745844,-8.393492332541541,258.2949263317033,-14.855073668296654,251.83334499419655,-21.316655005803426,245.37176365759103,-27.778236342408945,1.0,1.0,26022.01252070864,26022.01252070864,277.01993079215583,3.8699307921558557,277.01993079215583,277.01993079215583,76459.10131986227,76445.6561923383,13.445127523969859,0.0,8546.071908451686,8546.071908451686,0.8889094348933241,3889.1576083072723,277.01993079215583,3.8699307921558557,1.0,0.002,0.30506538343374945,0.004393903186262979,0.00047261579318284407,0.001527401715976515,0.23630789659142204,0.23630789659142204,0.0,1.7509159358931187e-08,0.9993974961039914,0.9993974961039914,0.0,0.09212412358126605,5.553860560034152e-05,0.0,0.0,0.0,1601793.1872629027,268.0748087511473,0.0,1.0,1279496.8362530277,2618.519920344356,,,,,,,,,,,,,,,,,8.0,15243.107769423557
210.0,-29.461595312556657,4.915054186513732,34.96635256961058,25.998615903686755,6.3318762503055765,-25.88317958484103,-39.432689420040674,2.749943305861931,-5.071339884298993,-5.071339884299364,39.916914358364934,40373.68025762562,25714.96473234372,25714.96473234372,66088.64498996934,76488.10327697993,76468.69051654892,25714.96473234372,102183.65524889264,102183.65524889264,102183.65524889264,128186.14856943038,124236.40718334331,3949.7413860870774,0.0,90418.99684396895,54290.89462607837,40142.335797656204,26002.493320537746,66144.82911819394,19836.783555726346,1450.0,0.0,0.8868565411465807,2.8771258133193585,0.001494314312251686,1.0,1.0,-5.071339884298993,353670.89546754165,1550953.933941974,4.385302703214135,1550953.933941974,4.385302703214135,0.7628800558159747,0.0921470163629216,3.8694064750676107,101325.0,128351.07116782667,1.2667265844345095,1.0,0.0,3.8694064750676107,1.2789102557014072,1.2792030269341534,3.02554964886529,6410.776649939673,15243.107769423557,6483.437354513869,0.0003418387449928366,23367.665668257054,2382.8387541369434,19379.428124269718,1976.1517056558273,0.8293266601548048,0.8293266601548048,35083.233386242835,35405.22815468563,0.9886447602603043,0.8,4234.1745968969935,4273.035954225843,0.9886447602603043,0.8,17887.489023156744,17887.489023156744,1.0,0.8,4632.441516551485,4632.441516551485,5.551060847819755,4.915054186513732,-2.395525694749586,7.310579881263318,3.5,3.5,1.0,0.6,0.00022891050428579655,0.9273024730624151,0.00024685635047410145,198.4841551489993,0.0,0.0,0.0,0.0009002004323308443,8.407115872318634e-05,0.00014483934556261022,0.0005604423015645192,0.09215546846889908,0.09215546846889908,0.09215546846889908,0.09214482190430792,0.0,0.0,0.0,0.0,0.0,0.0,1.0,1.0,0.0,1.0,1.0,492847.3172889078,593.9773033705106,0.0,0.09215546846889908,0.0921470163629216,0.0921470163629216,0.375,0.375,0.5,8.783409500097676,3.979039320256561e-13,3.979039320256561e-13,3.979039320256561e-13,3.979039320256561e-13,3.979039320256561e-13,3.979039320256561e-13,26002.493320537746,19836.783555726346,0.7628800558159747,0.9991505892603607,0.6103830155110394,41059.97430708969,25750.0,0.0,0.0,0.0,0.0,0.0,0.0,0.0,0.0,0.0,0.0,0.0,0.0,0.0,0.0,0.0,0.0,0.0,0.0,0.0,0.0,41059.97430708969,25750.0,1.0,0.0,0.0,6.0,0.9,167190.3635292044,27865.060588200733,261.57738133813683,261.57738133813683,-11.572618661863146,245.46418969515668,277.690573997111,125416.92837401926,125128.65017653273,288.2781974865414,0.0,nan,277.690573997111,4.540573997111039,271.24529650129654,-1.9047034987034408,264.8000193501294,-8.349980649870588,258.35474251457947,-14.795257485420507,251.90946597054796,-21.24053402945202,245.46418969515668,-27.6858103048433,1.0,1.0,26022.01252070864,26022.01252070864,277.02647746801244,3.8764774680124674,277.02647746801244,277.02647746801244,76472.87702273132,76468.69051654892,4.186506182406447,0.0,8546.071908451686,8546.071908451686,0.8889347989056477,3888.753507442949,277.02647746801244,3.8764774680124674,1.0,0.002,0.30512690834111117,0.004393934855785086,0.0004727148804274191,0.0015271959381977028,0.23635744021370955,0.23635744021370955,0.0,-8.918137487821595e-08,0.9999761943126533,0.9999761943126533,0.0,0.09214482273986012,2.193623061469075e-06,0.0,0.0,0.0,1601797.6228649758,268.078660115701,0.0,1.0,1279483.5819713152,2618.5741568244125,,,,,,,,,,,,,,,,,9.0,15243.107769423557
240.0,-29.364714079382864,4.924510342560166,34.967843990039945,26.02832681676375,6.348144595459123,-25.793471846602674,-39.34933111360294,2.7769682199102887,-5.060827194450951,-5.060827194451318,39.937029601810345,40407.30549781531,25712.24415780457,25712.24415780457,66119.54965561988,76521.00427746768,76500.1845401196,25712.24415780457,102212.42869792417,102212.42869792417,102212.42869792417,128225.98895897287,124275.46643386397,3950.5225251089005,0.0,90406.54659088,54293.103879054186,40126.04745758423,26013.560261048693,66139.60771863292,19846.743357998483,1450.0,0.0,0.8868371956234663,2.8782406854786764,0.001494314312251686,1.0,1.0,-5.060827194450951,353815.9245784712,1551819.917984778,4.385952723393056,1551819.917984778,4.385952723393056,0.7629383736341515,0.09218050457952225,3.868426748008282,101325.0,128351.07116782667,1.2667265844345095,1.0,0.0,3.868426748008282,1.2787849963258595,1.2790777388839263,3.0250798680957707,6409.781240861209,15243.107769423557,6484.072659487865,0.0003420870292160476,23370.36539141582,2383.114049284498,19381.327093351603,1976.3453466119015,0.829312112529938,0.8293121125299379,35076.12679484597,35405.22815468563,0.9883944371086966,0.8,4233.316906602833,4273.035954225843,0.9883944371086966,0.8,17887.489023156744,17887.489023156744,1.0,0.8,4632.441516551485,4632.441516551485,5.550473560418624,4.924510342560166,-2.3852960988910263,7.309806441451192,3.5,3.5,1.0,0.6,0.00022891050428579655,0.9180433740630095,0.00024934606659454564,198.4052767636871,0.0,0.0,0.0,0.0009002004323308443,8.486382218991236e-05,0.0001440466820958842,0.0005572340379815641,0.09218059048786564,0.09218059048786564,0.09218059048786564,0.09217851678339188,0.0,0.0,0.0,0.0,0.0,0.0,1.0,1.0,0.0,1.0,1.0,492953.7820830496,593.9435410508805,0.0,0.09218059048786564,0.09218050457952225,0.09218050457952225,0.375,0.375,0.5,8.781547548512405,3.410605131648481e-13,3.410605131648481e-13,3.410605131648481e-13,3.410605131648481e-13,3.410605131648481e-13,3.410605131648481e-13,26013.560261048693,19846.743357998483,0.7629383736341515,0.9996967314487505,0.6109396002122298,41059.97430708969,25750.0,0.0,0.0,0.0,0.0,0.0,0.0,0.0,0.0,0.0,0.0,0.0,0.0,0.0,0.0,0.0,0.0,0.0,0.0,0.0,0.0,41059.97430708969,25750.0,1.0,0.0,0.0,6.0,0.9,167190.3635292044,27865.060588200733,261.6333239136182,261.6333239136182,-11.516676086381779,245.5570064028906,277.7096415506455,125114.89011801225,124803.12302377517,311.76709423705,0.0,nan,277.7096415506455,4.559641550645495,271.2791144450149,-1.8708855549850796,264.84858737636756,-8.301412623632416,258.4180603484834,-14.731939651516598,251.98753335830722,-21.16246664169276,245.5570064028906,-27.59299359710937,1.0,1.0,26022.01252070864,26022.01252070864,277.04067536246777,3.890675362467789,277.04067536246777,277.04067536246777,76512.44562470392,76500.1845401196,12.26108458431554,0.0,8546.071908451686,8546.071908451686,0.8889965982696673,3887.768881748323,277.04067536246777,3.890675362467789,1.0,0.002,0.30518483223588483,0.0043956059347472105,0.00047281491468239407,0.001527184976893683,0.23640745734119703,0.23640745734119703,0.0,-1.08423923051576e-10,0.9999790400981134,0.9999790400981134,0.0,0.0921785724851904,1.93209433183969e-06,0.0,0.0,0.0,1601809.7291973112,268.089172805549,0.0,1.0,1279447.40158718,2618.722214901829,,,,,,,,,,,,,,,,,10.0,15243.107769423557
270.0,-29.27273515147388,4.932600120635286,34.969313272170155,26.04762726640331,6.357548917835246,-25.709706744369413,-39.27150797154752,2.7945205360397667,-5.054739862936231,-5.054833237950171,39.93994210016597,40447.46508439098,25717.640898357546,25717.640898357546,66165.10598274853,76546.8779855083,76529.17887240255,25717.640898357546,102246.8197707601,102246.8197707601,102246.8197707601,128263.53898392554,124305.98117204619,3957.557811879345,0.0,90398.45817001938,54299.04536729306,40110.45866969591,26016.719213165426,66127.17788286133,19849.388992686774,1450.0,0.0,0.8868571558775341,2.8788751877740157,0.001494314312251686,1.0,1.0,-4.9634385458431325,353898.6358354746,1551945.3346234816,4.385282048233076,1551945.3346234816,4.385282048233076,0.7629474273851656,0.09218377620708543,3.867789854506382,101325.0,128351.07116782667,1.2667265844345095,1.0,0.0,3.867789854506382,1.2787036551980362,1.278996379135295,3.024774222536626,6409.133614597842,15243.107769423557,6484.48546409794,0.000342248466327486,23372.12247058761,2383.293221496394,19382.560993956,1976.4711694570524,0.829302559848716,0.829302559848716,35071.50680299787,35405.22815468563,0.988231708941585,0.8,4232.759322531099,4273.035954225843,0.988231708941585,0.8,17887.489023156744,17887.489023156744,1.0,0.8,4632.441516551485,4632.441516551485,5.551638548801898,4.932600120635286,-2.3787405754151902,7.311340696050475,3.5,3.5,1.0,0.6,0.00022891050428579655,0.9093450444499197,0.0002517311835402027,198.3304477112146,0.0,0.0,0.0,0.0009002004323308443,8.561008048767355e-05,0.00014330042379812302,0.000554255925312845,0.09218377499104934,0.09218377499104934,0.09218377499104934,0.09220091249061602,0.0,0.0,0.0,0.0,0.0,0.0,1.0,1.0,0.0,1.0,1.0,492893.3727924911,593.9634058460927,0.0,0.09218377499104934,0.09218377620708543,0.09218377620708543,0.375,0.375,0.5,8.796971292006438,0.09139469210703055,0.09139469210703055,3.979039320256561e-13,9.337501393247294e-05,0.09139469210703055,3.979039320256561e-13,26016.719213165426,19849.388992686774,0.7629474273851656,1.0005735629600643,0.6116617460379183,41059.97430708969,25750.0,0.0,0.0,0.0,0.0,0.0,0.0,0.0,0.0,0.0,0.0,0.0,0.0,0.0,0.0,0.0,0.0,0.0,0.0,0.0,0.0,41059.97430708969,25750.0,1.0,0.0,0.0,6.0,0.9,167190.3635292044,27865.060588200733,261.68470040886774,261.68470040886774,-11.465299591132236,245.64550435864172,277.7238964755975,124792.71405914031,124506.39222760535,286.321831534955,0.0,nan,277.7238964755975,4.573896475597508,271.30821804224234,-1.8417819577576324,264.89253961376704,-8.257460386232935,258.4768611905872,-14.673138809412762,252.06118277237044,-21.088817227629534,245.64550435864172,-27.50449564135826,1.0,1.0,26022.01252070864,26022.01252070864,277.0500620276418,3.900062027641809,277.0500620276418,277.0500620276418,76537.56567213415,76529.17887240255,8.38679973159742,0.0,8546.071908451686,8546.071908451686,0.8890367706662647,3887.1288037789136,277.0500620276418,3.900062027641809,1.0,0.002,0.30466748201130445,0.004398867845177683,0.00047201925839757765,0.0015279807411400625,0.23600962919878882,0.23600962919878882,0.0,-4.623597511799193e-13,1.0,1.000187263444317,0.09139469210663265,0.09218377620708543,0.0,1.724501070454139e-05,22.063728376544336,0.0,1601816.8759124074,268.09526013706375,9.337501353456901e-05,1.0,1279426.7718682226,2618.8066415212406,,,,,,,,,,,,,,,,,9.0,15243.107769423557
300.0,-29.186572998871803,4.939353716839353,34.97071624572367,26.06515207970517,6.3656803100134285,-25.63134766819586,-39.19871369199825,2.810454986937847,-5.050020664077692,-5.05015526301494,39.942688677211066,40485.62595440547,25722.9856231248,25722.9856231248,66208.61157753028,76571.9357341898,76556.29447326585,25722.9856231248,102279.28009639065,102279.28009639065,102279.28009639065,128298.63924659975,124329.03034572522,3969.6089008745375,0.0,90391.11263016854,54304.80287992677,40095.89972249086,26019.359150209097,66115.25887269995,19851.62174373773,1450.0,0.0,0.8868710165530226,2.8793709050597553,0.001494314312251686,1.0,1.0,-4.893163893269275,353963.19826205587,1552063.6134550588,4.384816334228034,1552063.6134550588,4.384816334228034,0.7629558295088985,0.09218876195227887,3.8672110746435595,101325.0,128351.07116782667,1.2667265844345095,1.0,0.0,3.8672110746435595,1.2786298205589104,1.2789225275937648,3.0244962321879347,6408.544586406893,15243.107769423557,6484.860553377573,0.00034239522809222366,23373.72098017688,2383.456224110872,19383.682160913795,1976.5854966694842,0.8292938115139213,0.8292938115139213,35067.30823245921,35405.22815468563,0.9880838289805598,0.8,4232.252599546865,4273.035954225843,0.9880838289805598,0.8,17887.489023156744,17887.489023156744,1.0,0.8,4632.441516551485,4632.441516551485,5.552792308595336,4.939353716839353,-2.373506446095914,7.312860162935267,3.5,3.5,1.0,0.6,0.00022891050428579655,0.9012774208687453,0.00025398451019126685,198.26040205514482,0.0,0.0,0.0,0.0009002004323308443,8.631360167017488e-05,0.00014259690261562166,0.0005514523210050012,0.0921887609714061,0.0921887609714061,0.0921887609714061,0.09221822994101801,0.0,0.0,0.0,0.0,0.0,0.0,1.0,1.0,0.0,1.0,1.0,492778.54092239117,594.0010264334225,0.0,0.0921887609714061,0.09218876195227887,0.09218876195227887,0.375,0.375,0.5,8.82349336393198,0.15699136974563999,0.15699136974563999,3.410605131648481e-13,0.0001345989372225631,0.15699136974563999,3.410605131648481e-13,26019.359150209097,19851.62174373773,0.7629558295088985,1.0014119691342367,0.6123492011482183,41059.97430708969,25750.0,0.0,0.0,0.0,0.0,0.0,0.0,0.0,0.0,0.0,0.0,0.0,0.0,0.0,0.0,0.0,0.0,0.0,0.0,0.0,0.0,41059.97430708969,25750.0,1.0,0.0,0.0,6.0,0.9,167190.3635292044,27865.060588200733,261.7323988843039,261.7323988843039,-11.417601115696073,245.72857853948958,277.7362192312183,124490.8693468462,124225.04516705307,265.82417979310964,0.0,nan,277.7362192312183,4.586219231218308,271.3346910917412,-1.8153089082587712,264.9331629524881,-8.216837047511888,258.53163481429,-14.61836518570999,252.13010667659657,-21.01989332340341,245.72857853948958,-27.421421460510402,1.0,1.0,26022.01252070864,26022.01252070864,277.05791287558276,3.907912875582781,277.05791287558276,277.05791287558276,76562.68250162953,76556.29447326585,6.388028363682679,0.0,8546.071908451686,8546.071908451686,0.8890732763750813,3886.5471300167774,277.05791287558276,3.907912875582781,1.0,0.002,0.3037787324566812,0.004403577748213279,0.00047064688576327075,0.001529353113672517,0.23532344288163537,0.23532344288163537,0.0,-5.642123053484216e-13,1.0,1.0003216272421598,0.15699136974529893,0.09218876195227887,0.0,2.962498602154257e-05,37.90252324252768,0.0,1601822.3702133512,268.0999793359223,0.0001345989368815026,1.0,1279410.6709439757,2618.8725368229866,,,,,,,,,,,,,,,,,7.0,15243.107769423557
330.0,-29.105943912007202,4.944873038119712,34.97202080040936,26.08082554014402,6.372558790959711,-25.55809364183198,-39.130673034209735,2.8247085194126367,-5.046404551600233,-5.0465532564744295,39.94520962576584,40521.844464342794,25727.922708579914,25727.922708579914,66249.7671729227,76595.88059421141,76581.20022589243,25727.922708579914,102309.12293447234,102309.12293447234,102309.12293447234,128330.66452538728,124346.08004203155,3984.584483355739,0.0,90384.5470005916,54310.510865391276,40082.262372444806,26021.541590914938,66103.80396335974,19853.485068404414,1450.0,0.0,0.8868802174312236,2.8797528972126525,0.001494314312251686,1.0,1.0,-4.851331469320428,354012.9171577227,1552172.1817982928,4.384507193297573,1552172.1817982928,4.384507193297573,0.7629634469979282,0.09219476175204079,3.8666940734500885,101325.0,128351.07116782667,1.2667265844345095,1.0,0.0,3.8666940734500885,1.2785637819288913,1.2788564738460226,3.0242480884423637,6408.018799586462,15243.107769423557,6485.195078362141,0.0003425261777679991,23375.14819731918,2383.601759756816,19384.682078479083,1976.6874598847808,0.8292859542470088,0.8292859542470088,35063.55770894324,35405.22815468563,0.9879517336516594,0.8,4231.799951091645,4273.035954225843,0.9879517336516594,0.8,17887.489023156744,17887.489023156744,1.0,0.8,4632.441516551485,4632.441516551485,5.553858071743662,4.944873038119712,-2.3693907027700996,7.314263740889812,3.5,3.5,1.0,0.6,0.00022891050428579655,0.8937977877719884,0.0002561099472582188,198.19489931176574,0.0,0.0,0.0,0.0009002004323308443,8.697600895661116e-05,0.0001419344953291854,0.0005488172719074905,0.09219476254832576,0.09219476254832576,0.09219476254832576,0.09223142093425406,0.0,0.0,0.0,0.0,0.0,0.0,1.0,1.0,0.0,1.0,1.0,492631.36260598194,594.0491899470306,0.0,0.09219476254832576,0.09219476175204079,0.09219476175204079,0.375,0.375,0.5,8.85648591016702,0.1952217871540256,0.1952217871540256,3.979039320256561e-13,0.00014870487422058432,0.1952217871540256,3.979039320256561e-13,26021.541590914938,19853.485068404414,0.7629634469979282,1.0022080909238427,0.6130032166802896,41059.97430708969,25750.0,0.0,0.0,0.0,0.0,0.0,0.0,0.0,0.0,0.0,0.0,0.0,0.0,0.0,0.0,0.0,0.0,0.0,0.0,0.0,0.0,41059.97430708969,25750.0,1.0,0.0,0.0,6.0,0.9,167190.3635292044,27865.060588200733,261.77666719315795,261.77666719315795,-11.37333280684203,245.80632000354913,277.74701438304027,124206.74875606775,123960.04093476149,246.7078213062556,0.0,nan,277.74701438304027,4.597014383040289,271.3588755070056,-1.7911244929943564,264.97073663095176,-8.179263369048215,258.58259775511726,-14.567402244882715,252.19445887928353,-20.955541120716447,245.80632000354913,-27.343679996450845,1.0,1.0,26022.01252070864,26022.01252070864,277.06442917454825,3.9144291745482747,277.06442917454825,277.06442917454825,76586.89346092576,76581.20022589243,5.693235033322708,0.0,8546.071908451686,8546.071908451686,0.8891058845642682,3886.027543817339,277.06442917454825,3.9144291745482747,1.0,0.002,0.3026734512098787,0.004409083530313919,0.0004689379637210459,0.0015310620361353962,0.23446898186052295,0.23446898186052295,0.0,-1.4355790861619866e-13,1.0,1.0003999230169822,0.1952217871536277,0.09219476175204079,0.0,3.6842708191551237e-05,47.13649723503921,0.0,1601826.5543270959,268.10359544839974,0.00014870487382268038,1.0,1279398.273057694,2618.9232785113213,,,,,,,,,,,,,,,,,7.0,15243.107769423557
360.0,-29.030420595059955,4.949349297705579,34.97322683943339,26.09500765046107,6.378493774648891,-25.489529158354788,-39.066992048732914,2.83760229137173,-5.043544003929469,-5.043697232129918,39.947533471996415,40556.08276039091,25732.094814326403,25732.094814326403,66288.17757471732,76618.64976763265,76604.6592027997,25732.094814326403,102336.7540171261,102336.7540171261,102336.7540171261,128360.14587616279,124359.0303252052,4001.1155509575906,0.0,90378.6037818703,54316.03659364907,40069.51909802359,26023.391859036677,66092.91095706027,19855.077866212956,1450.0,0.0,0.8868863354699661,2.8800559000396877,0.001494314312251686,1.0,1.0,-4.828195027416314,354052.3430739831,1552272.2667253562,4.3843016353121325,1552272.2667253562,4.3843016353121325,0.7629704065390015,0.09220128443138978,3.866225638522843,101325.0,128351.07116782667,1.2667265844345095,1.0,0.0,3.866225638522843,1.2785040491376263,1.2787967273805823,3.024022990878035,6407.541844858617,15243.107769423557,6485.49829617685,0.00034264492079970354,23376.443133929704,2383.733806542469,19385.588416818584,1976.779880674704,0.8292787874422778,0.8292787874422777,35060.159417010254,35405.22815468563,0.9878320471469388,0.8,4231.38981325694,4273.035954225843,0.9878320471469388,0.8,17887.489023156744,17887.489023156744,1.0,0.8,4632.441516551485,4632.441516551485,5.554758699572762,4.949349297705579,-2.366100542898942,7.315449840604521,3.5,3.5,1.0,0.6,0.00022891050428579655,0.8868525163083452,0.0002581156393835025,198.1335837211255,0.0,0.0,0.0,0.0009002004323308443,8.760022611098333e-05,0.00014131027817481322,0.0005463374204662579,0.0922012776595349,0.0922012776595349,0.0922012776595349,0.0922417616860446,0.0,0.0,0.0,0.0,0.0,0.0,1.0,1.0,0.0,1.0,1.0,492466.6068963505,594.1030744966067,0.0,0.0922012776595349,0.09220128443138978,0.09220128443138978,0.375,0.375,0.5,8.892921475870063,0.2155022047136299,0.2155022047136299,3.979039320256561e-13,0.00015322820047458663,0.2155022047136299,3.979039320256561e-13,26023.391859036677,19855.077866212956,0.7629704065390015,1.0029544260470524,0.61362228071237,41059.97430708969,25750.0,0.0,0.0,0.0,0.0,0.0,0.0,0.0,0.0,0.0,0.0,0.0,0.0,0.0,0.0,0.0,0.0,0.0,0.0,0.0,0.0,41059.97430708969,25750.0,1.0,0.0,0.0,6.0,0.9,167190.3635292044,27865.060588200733,261.81785797279355,261.81785797279355,-11.33214202720643,245.87910706425086,277.75660888139925,123939.7905061971,123710.23379008971,229.55671610737994,0.0,nan,277.75660888139925,4.606608881399268,271.3811085178636,-1.7688914821363824,265.0056081545431,-8.14439184545688,258.6301077910605,-14.519892208939496,252.25460742764432,-20.89539257235566,245.87910706425086,-27.270892935749117,1.0,1.0,26022.01252070864,26022.01252070864,277.07003020000656,3.920030200006579,277.07003020000656,277.07003020000656,76609.80568343624,76604.6592027997,5.146480636540218,0.0,8546.071908451686,8546.071908451686,0.8891354288424276,3885.5567667154573,277.07003020000656,3.920030200006579,1.0,0.002,0.3014532351705176,0.0044149834646368645,0.00046705022232870416,0.0015329494705267305,0.23352511116435207,0.23352511116435207,0.0,-3.07144565423606e-10,1.0,1.0004414563974964,0.215502204713232,0.09220128443138978,0.0,4.0673890352043206e-05,52.037705232627125,0.0,1601829.8543032466,268.1064559960705,0.0001532282000766827,1.0,1279388.4426158185,2618.9635132261797,,,,,,,,,,,,,,,,,10.0,15243.107769423557
390.0,-28.959810686714913,4.952974059562889,34.974341094682494,26.107885816041403,6.383655962967614,-25.42546402302104,-39.00749880177898,2.849309116646919,-5.041240143929713,-5.041394984986644,39.94967524056189,40588.35259415614,25735.500289715044,25735.500289715044,66323.85288387118,76640.19692564112,76626.88882495229,25735.500289715044,102362.38911466733,102362.38911466733,102362.38911466733,128387.3714702945,124369.12535123466,4018.2461190598433,0.0,90373.20653733714,54321.36149623977,40057.60560121931,26024.982355627173,66082.58795684649,19856.457161442697,1450.0,0.0,0.8868902947688446,2.8803001981219714,0.001494314312251686,1.0,1.0,-4.814759620368079,354084.12689515663,1552364.5141318918,4.384168609149607,1552364.5141318918,4.384168609149607,0.7629767770870091,0.09220742222690198,3.8658000569799498,101325.0,128351.07116782667,1.2667265844345095,1.0,0.0,3.8658000569799498,1.2784498199311665,1.2787424857598413,3.0238183749660896,6407.10828829444,15243.107769423557,6485.773727666782,0.0003427528224496075,23377.62046802253,2383.853861208724,19386.41169997387,1976.8638321928354,0.8292722403673161,0.8292722403673161,35057.071936374385,35405.22815468563,0.9877233098082394,0.8,4231.017187053052,4273.035954225843,0.9877233098082394,0.8,17887.489023156744,17887.489023156744,1.0,0.8,4632.441516551485,4632.441516551485,5.555493835758827,4.952974059562889,-2.3634439332487798,7.316417992811669,3.5,3.5,1.0,0.6,0.00022891050428579655,0.8804117416264959,0.0002600039202826864,198.07629151693843,0.0,0.0,0.0,0.0009002004323308443,8.81871322854599e-05,0.00014072337200033666,0.0005440084194973121,0.09220797534857612,0.09220797534857612,0.09220797534857612,0.09224999783524014,0.0,0.0,0.0,0.0,0.0,0.0,1.0,1.0,0.0,1.0,1.0,492294.2931678815,594.1594093700483,0.0,0.09220797534857612,0.09220742222690198,0.09220742222690198,0.375,0.375,0.5,8.930741635808518,0.22663536461857348,0.22663536461857348,3.979039320256561e-13,0.0001548410569398584,0.22663536461857348,3.979039320256561e-13,26024.982355627173,19856.457161442697,0.7629767770870091,1.0036509606309947,0.6142064626866809,41059.97430708969,25750.0,0.0,0.0,0.0,0.0,0.0,0.0,0.0,0.0,0.0,0.0,0.0,0.0,0.0,0.0,0.0,0.0,0.0,0.0,0.0,0.0,41059.97430708969,25750.0,1.0,0.0,0.0,6.0,0.9,167190.3635292044,27865.060588200733,261.8561750730942,261.8561750730942,-11.293824926905756,245.94715539601086,277.76519475017136,123689.30717054028,123475.76550673482,213.54166380545453,0.0,nan,277.76519475017136,4.6151947501713835,271.4015868793708,-1.7484131206291522,265.0379790084852,-8.112020991514783,258.6743711376778,-14.475628862322196,252.31076326684928,-20.8392367331507,245.94715539601086,-27.20284460398912,1.0,1.0,26022.01252070864,26022.01252070864,277.07493359799327,3.924933597993288,277.07493359799327,277.07493359799327,76631.23405460638,76626.88882495229,4.345229654092691,0.0,8546.071908451686,8546.071908451686,0.8891622697307273,3885.1290572648495,277.07493359799327,3.924933597993288,1.0,0.002,0.3001698712415884,0.004421079746665392,0.00046506408762985796,0.0015349359808521162,0.23253204381492898,0.23253204381492898,0.0,6.84819739978082e-11,1.0,1.0004642583884604,0.22663536461817557,0.09220742222690198,0.0,4.277880544455427e-05,54.730370275915284,0.0,1601832.5090029906,268.10875985607026,0.00015484105654195446,1.0,1279380.5181598975,2618.9959476231006,,,,,,,,,,,,,,,,,8.0,15243.107769423557
420.0,-28.893692926455252,4.955927830414767,34.97536526290724,26.11973042311149,6.388272517977737,-25.365496378342684,-38.951816701423354,2.8600766297911635,-5.039330666362275,-5.039484786876061,39.951636716675246,40618.70654053072,25738.18748952388,25738.18748952388,66356.8940300546,76660.52165235659,76647.7432752078,25738.18748952388,102385.93076473169,102385.93076473169,102385.93076473169,128412.3007702093,124376.80197841852,4035.4987917907783,0.0,90368.24351789973,54326.43097001363,40046.45838654011,26026.370005477613,66072.82839201772,19857.66707611985,1450.0,0.0,0.8868929119785114,2.880502936080033,0.001494314312251686,1.0,1.0,-4.818418734275156,354110.4999578526,1552448.999856549,4.384080675499107,1552448.999856549,4.384080675499107,0.7629825854293368,0.09221522721065863,3.8654087517996243,101325.0,128351.07116782667,1.2667265844345095,1.0,0.0,3.8654087517996243,1.2783999459359545,1.2786926003473535,3.0236302528702343,6406.709680147356,15243.107769423557,6486.026792077018,0.00034285199526887044,23378.70308691852,2383.9642576127953,19387.168126431134,1976.9409662250753,0.8292661938668088,0.8292661938668088,35054.23306162327,35405.22815468563,0.9876233301812128,0.8,4230.674564945717,4273.035954225843,0.9876233301812128,0.8,17887.489023156744,17887.489023156744,1.0,0.8,4632.441516551485,4632.441516551485,5.556073918594031,4.955927830414767,-2.361254114012775,7.317181944427542,3.5,3.5,1.0,0.6,0.00022891050428579655,0.8744264639182258,0.0002617835961414861,198.0226742289652,0.0,0.0,0.0,0.0009002004323308443,8.873973132098582e-05,0.00014017077296481074,0.0005418173325646976,0.0922146166886398,0.0922146166886398,0.0922146166886398,0.09225676335700908,0.0,0.0,0.0,0.0,0.0,0.0,1.0,1.0,0.0,1.0,1.0,492120.58021045726,594.216184364057,0.0,0.0922146166886398,0.09221522721065863,0.09221522721065863,0.375,0.375,0.5,8.96867339909037,0.22106605260091783,0.22106605260091783,3.979039320256561e-13,0.00015412051379826153,0.22106605260091783,3.979039320256561e-13,26026.370005477613,19857.66707611985,0.7629825854293368,1.0042992807323379,0.6147565879809964,41059.97430708969,25750.0,0.0,0.0,0.0,0.0,0.0,0.0,0.0,0.0,0.0,0.0,0.0,0.0,0.0,0.0,0.0,0.0,0.0,0.0,0.0,0.0,41059.97430708969,25750.0,1.0,0.0,0.0,6.0,0.9,167190.3635292044,27865.060588200733,261.8919270058223,261.8919270058223,-11.258072994177667,246.01085100446966,277.7730030071809,123454.62566739922,123255.37971197303,199.24595542618138,0.0,nan,277.7730030071809,4.623003007180898,271.4205726066237,-1.7294273933762838,265.0681422060559,-8.081857793944096,258.71571180558243,-14.434288194417547,252.3632814050212,-20.786718594978765,246.01085100446966,-27.13914899553032,1.0,1.0,26022.01252070864,26022.01252070864,277.0792840342014,3.92928403420143,277.0792840342014,277.0792840342014,76651.49072829315,76647.7432752078,3.747453085350571,0.0,8546.071908451686,8546.071908451686,0.8891869483316401,3884.7357955586226,277.0792840342014,3.92928403420143,1.0,0.002,0.298917930137606,0.004426963185478238,0.00046312624259104676,0.001536870455575248,0.23156312129552337,0.23156312129552337,0.0,-3.3018337053207503e-09,1.0,1.0004528630578526,0.22106605260051992,0.09221522721065863,0.0,4.1731739233975436e-05,53.390499775297215,0.0,1601834.7061778046,268.1106693336377,0.0001541205134003576,1.0,1279373.9430785556,2619.022859527545,,,,,,,,,,,,,,,,,9.0,15243.107769423557
450.0,-28.835747184967882,4.957659104414597,34.97596180204918,26.12282404387372,6.387152404464744,-25.314426375994092,-38.904399262368656,2.862888296043267,-5.037737498702768,-5.037776673220256,39.96191565419294,40653.32776327036,25738.24712740974,25738.24712740974,66391.5748906801,76674.86309101395,76650.75286678616,25738.24712740974,102388.99999419591,102388.99999419591,102388.99999419591,128419.75145938867,124372.02447604212,4047.7269833465602,0.0,90366.94680269907,54333.976491314424,40036.63367931627,26030.751465192763,66067.38514450903,19861.774458663473,1450.0,0.0,0.8868643873271784,2.88068584047462,0.001494314312251686,1.0,1.0,-5.0042131456653465,354134.08425634337,1552891.7964525102,4.385039072738433,1552891.7964525102,4.385039072738433,0.7630119508928435,0.09225336503606771,3.8653064367727,101325.0,128351.07116782667,1.2667265844345095,1.0,0.0,3.8653064367727,1.2783869232325331,1.2786795746627433,3.023581019585897,6406.605360725677,15243.107769423557,6486.092995301859,0.0003428779448039549,23378.986448005933,2383.993152402292,19387.366012300503,1976.961144968007,0.8292646071469926,0.8292646071469926,35053.4907682156,35405.22815468563,0.9875971883902389,0.8,4230.584977995289,4273.035954225843,0.9875971883902389,0.8,17887.489023156744,17887.489023156744,1.0,0.8,4632.441516551485,4632.441516551485,5.5560867925581485,4.957659104414597,-2.3595397946357917,7.317198899050388,3.5,3.5,1.0,0.6,0.00022891050428579655,0.8692170474306984,0.00026335252508269207,197.9757077889917,0.0,0.0,0.0,0.0009002004323308443,8.921283136682525e-05,0.0001396976729189713,0.000539974314335867,0.09223239651232044,0.09223239651232044,0.09223239651232044,0.09225965402773416,0.0,0.0,0.0,0.0,0.0,0.0,1.0,1.0,0.0,1.0,1.0,492056.90159196797,594.237466239597,0.0,0.09223239651232044,0.09225336503606771,0.09225336503606771,0.375,0.375,0.5,8.992166573919386,0.03356352755491798,0.03356352755491798,3.410605131648481e-13,3.91745174965763e-05,0.03356352755491798,3.410605131648481e-13,26030.751465192763,19861.774458663473,0.7630119508928435,1.004906955912694,0.6153312663177064,41059.97430708969,25750.0,0.0,0.0,0.0,0.0,0.0,0.0,0.0,0.0,0.0,0.0,0.0,0.0,0.0,0.0,0.0,0.0,0.0,0.0,0.0,0.0,41059.97430708969,25750.0,1.0,0.0,0.0,6.0,0.9,167190.3635292044,27865.060588200733,261.9212889600304,261.9212889600304,-11.228711039969596,246.06696702250926,277.77561126925195,123227.22438449305,123063.24222874882,163.982155744245,0.0,nan,277.77561126925195,4.625611269251976,271.43388218389845,-1.71611781610153,265.0921532300143,-8.057846769985701,258.75042439338125,-14.399575606618725,252.40869566112707,-20.741304338872908,246.06696702250926,-27.083032977490717,1.0,1.0,26022.01252070864,26022.01252070864,277.08134430866403,3.931344308664052,277.08134430866403,277.08134430866403,76653.58741481016,76650.75286678616,2.834548023995012,0.0,8546.071908451686,8546.071908451686,0.8891934009921807,3884.6329689565637,277.08134430866403,3.931344308664052,1.0,0.002,0.2987294174141459,0.004428450446223586,0.0004628358097162848,0.0015372900225198427,0.2314179048581424,0.2314179048581424,0.0,1.2583223612736005e-07,1.0,1.0000687895724398,0.03356352755457692,0.09225336503606771,0.0,6.338661938152583e-06,8.10948164918771,0.0,1601836.3711269763,268.1122625012972,3.917451715551579e-05,1.0,1279368.0635303352,2619.0469249345106,,,,,,,,,,,,,,,,,17.0,15243.107769423557
480.0,-28.777671349631305,4.959955407730261,34.976950038298675,26.140130159351997,6.395987244970648,-25.260305490248136,-38.85415600435806,2.878621380724681,-5.036323039052149,-5.036477518343174,39.954784856882554,40672.19927809099,25740.814784639093,25740.814784639093,66413.01406273009,76696.4346411805,76683.2057697657,25740.814784639093,102424.0205544048,102424.0205544048,102424.0205544048,128452.59741416475,124389.31328027241,4063.284133892327,0.0,90359.69784718979,54335.462465210716,40026.92820219897,26028.576859759956,66055.50506195893,19859.593323214605,1450.0,0.0,0.8868968143691702,2.880822112951266,0.001494314312251686,1.0,1.0,-4.812875051750268,354152.0227969338,1552584.6054622894,4.383949562678403,1552584.6054622894,4.383949562678403,0.7629919004107149,0.0922253590150867,3.864735009725905,101325.0,128351.07116782667,1.2667265844345095,1.0,0.0,3.864735009725905,1.2783140577100442,1.2786066924597026,3.0233063513743583,6406.023371744709,15243.107769423557,6486.462139131341,0.0003430226776809537,23380.567521393474,2384.15437701901,19388.469407909928,1977.0736600072328,0.8292557223073934,0.8292557223073934,35049.34500452508,35405.22815468563,0.9874511870953827,0.8,4230.084628238188,4273.035954225843,0.9874511870953827,0.8,17887.489023156744,17887.489023156744,1.0,0.8,4632.441516551485,4632.441516551485,5.556641069869622,4.959955407730261,-2.3579734578387774,7.317928865569039,3.5,3.5,1.0,0.6,0.00022891050428579655,0.864029520870382,0.0002649336611267669,197.92865825327013,0.0,0.0,0.0,0.0009002004323308443,8.97166681585406e-05,0.00013919383612725594,0.0005379472916190565,0.09222535927398444,0.09222535927398444,0.09222535927398444,0.0922673919367108,0.0,0.0,0.0,0.0,0.0,0.0,1.0,1.0,0.0,1.0,1.0,491839.6636288333,594.3079796985475,0.0,0.09222535927398444,0.0922253590150867,0.0922253590150867,0.375,0.375,0.5,9.02999597050667,0.22360246659292216,0.22360246659292216,3.979039320256561e-13,0.00015447929104084324,0.22360246659292216,3.979039320256561e-13,26028.576859759956,19859.593323214605,0.7629919004107149,1.0054122514154697,0.6157276254256351,41059.97430708969,25750.0,0.0,0.0,0.0,0.0,0.0,0.0,0.0,0.0,0.0,0.0,0.0,0.0,0.0,0.0,0.0,0.0,0.0,0.0,0.0,0.0,41059.97430708969,25750.0,1.0,0.0,0.0,6.0,0.9,167190.3635292044,27865.060588200733,261.9542185144993,261.9542185144993,-11.195781485500675,246.12265794213948,277.7857791352884,123046.65712873363,122863.14032265083,183.51680608280603,0.0,nan,277.7857791352884,4.6357791352884306,271.45315486599117,-1.6968451340088109,265.12053061364037,-8.029469386359608,258.787906376645,-14.362093623354951,252.45528215329142,-20.694717846708556,246.12265794213948,-27.027342057860494,1.0,1.0,26022.01252070864,26022.01252070864,277.0864408693349,3.9364408693349446,277.0864408693349,277.0864408693349,76687.53110454095,76683.2057697657,4.325334775247029,0.0,8546.071908451686,8546.071908451686,0.889229438322931,3884.0586847745344,277.0864408693349,3.9364408693349446,1.0,0.002,0.297462931024703,0.004433949186330875,0.00046087482210726443,0.0015391251780359002,0.23043741105363222,0.23043741105363222,0.0,1.4316456006802092e-13,1.0,1.0004580672354342,0.22360246659252425,0.0922253590150867,0.0,4.22162129679648e-05,54.00988584783329,0.0,1601838.169048701,268.1136769609478,0.0001544792906429393,1.0,1279363.5916328628,2619.065228935804,,,,,,,,,,,,,,,,,7.0,15243.107769423557
510.0,-28.723461705584597,4.961835726313237,34.97783130046671,26.14966967320072,6.399600933416043,-25.211155467594597,-38.808529638312734,2.8872902959798648,-5.035088577321517,-5.035242137198064,39.956438566894455,40697.15686878358,25742.475498541597,25742.475498541597,66439.63236732518,76713.18748515364,76701.46658129776,25742.475498541597,102443.94207983935,102443.94207983935,102443.94207983935,128473.55836029469,124393.99517215455,4079.5631881401405,0.0,90355.69919958306,54339.6514948909,40017.83078299129,26029.61628045533,66047.44706344663,19860.512602323957,1450.0,0.0,0.8868971124759993,2.880953253379114,0.001494314312251686,1.0,1.0,-4.817907214530635,354169.08142061543,1552655.842327146,4.383939546894534,1552655.842327146,4.383939546894534,0.7629967491006188,0.09223077721895943,3.864419346134908,101325.0,128351.07116782667,1.2667265844345095,1.0,0.0,3.864419346134908,1.2782739124230653,1.2785665379825675,3.023154355712077,6405.701311175314,15243.107769423557,6486.66627128732,0.000343102742643814,23381.44261956314,2384.2436121981655,19389.079572584676,1977.1358794883754,0.8292507818299427,0.8292507818299427,35047.054779203405,35405.22815468563,0.9873705341173988,0.8,4229.808222304578,4273.035954225843,0.9873705341173988,0.8,17887.489023156744,17887.489023156744,1.0,0.8,4632.441516551485,4632.441516551485,5.556999566333434,4.961835726313237,-2.3565652682970253,7.318400994610262,3.5,3.5,1.0,0.6,0.00022891050428579655,0.859217471235775,0.0002664174227702383,197.88476104724077,0.0,0.0,0.0,0.0009002004323308443,9.01764838705267e-05,0.00013873402041526985,0.0005361264324598441,0.09223164475718469,0.09223164475718469,0.09223164475718469,0.09227162313615958,0.0,0.0,0.0,0.0,0.0,0.0,1.0,1.0,0.0,1.0,1.0,491673.91805961146,594.3621211496131,0.0,0.09223164475718469,0.09223077721895943,0.09223077721895943,0.375,0.375,0.5,9.065976374064535,0.21733492266741905,0.21733492266741905,3.410605131648481e-13,0.0001535598765372015,0.21733492266741905,3.410605131648481e-13,26029.61628045533,19860.512602323957,0.7629967491006188,1.0059379328242892,0.6161806198154639,41059.97430708969,25750.0,0.0,0.0,0.0,0.0,0.0,0.0,0.0,0.0,0.0,0.0,0.0,0.0,0.0,0.0,0.0,0.0,0.0,0.0,0.0,0.0,41059.97430708969,25750.0,1.0,0.0,0.0,6.0,0.9,167190.3635292044,27865.060588200733,261.98365425312227,261.98365425312227,-11.16634574687771,246.17486097189447,277.79244754065707,122850.02743832346,122685.98171028758,164.04572803588746,0.0,nan,277.79244754065707,4.642447540657088,271.4689302229127,-1.6810697770872594,265.14541290736247,-8.004587092637507,258.82189559385216,-14.328104406147816,252.49837828205477,-20.651621717945204,246.17486097189447,-26.975139028105502,1.0,1.0,26022.01252070864,26022.01252070864,277.0898129995886,3.9398129995886393,277.0898129995886,277.0898129995886,76704.28384078245,76701.46658129776,2.8172594846837455,0.0,8546.071908451686,8546.071908451686,0.8892493453467145,3883.7414428655825,277.0898129995886,3.9398129995886393,1.0,0.002,0.29623185951367004,0.004439643351081881,0.00045896863356956186,0.0015410316091139552,0.22948431678478093,0.22948431678478093,0.0,2.4268351694542445e-10,1.0,1.0004452391085543,0.217334922667078,0.09223077721895943,0.0,4.103571856470729e-05,52.49942978752723,0.0,1601839.588755095,268.11491142267846,0.00015355987619614098,1.0,1279359.3392240312,2619.0826347114257,,,,,,,,,,,,,,,,,6.0,15243.107769423557
540.0,-28.673153536443028,4.96374284856631,34.97848660942776,26.156666816119127,6.402091276065012,-25.16575044144366,-38.76638162238521,2.8936499468451236,-5.032851309284354,-5.0328860688702965,39.96604117124234,40721.72038718878,25741.31946239926,25741.31946239926,66463.03984958804,76726.10072430111,76710.23891702738,25741.31946239926,102451.55837942664,102451.55837942664,102451.55837942664,128485.53281666824,124392.54122591965,4092.991590748594,0.0,90352.76774772067,54344.35494414039,40009.34755953365,26033.97443724161,66043.32199677525,19864.554867263203,1450.0,0.0,0.886874334963279,2.8812050159938316,0.001494314312251686,1.0,1.0,-5.00336473656688,354201.61671672296,1553069.542528216,4.3847048382342715,1553069.542528216,4.3847048382342715,0.7630242902461697,0.09227178231718317,3.8641880819041092,101325.0,128351.07116782667,1.2667265844345095,1.0,0.0,3.8641880819041092,1.278244462820458,1.2785370816382857,3.0230430831499504,6405.465537968509,15243.107769423557,6486.81564665558,0.00034316134410141444,23382.08333358314,2384.3089468455732,19389.526065556605,1977.181409100621,0.8292471542819232,0.8292471542819232,35045.37687047866,35405.22815468563,0.9873114454247303,0.8,4229.605716497316,4273.035954225843,0.9873114454247303,0.8,17887.489023156744,17887.489023156744,1.0,0.8,4632.441516551485,4632.441516551485,5.556750014096626,4.96374284856631,-2.3543294932671683,7.318072341833479,3.5,3.5,1.0,0.6,0.00022891050428579655,0.8547776102889582,0.0002678012403815926,197.84404054477477,0.0,0.0,0.0,0.0009002004323308443,9.060317938778859e-05,0.00013830732489800797,0.0005344455165109219,0.09224833194774777,0.09224833194774777,0.09224833194774777,0.09227731667879821,0.0,0.0,0.0,0.0,0.0,0.0,1.0,1.0,0.0,1.0,1.0,491595.48308914003,594.3881745521049,0.0,0.09224833194774777,0.09227178231718317,0.09227178231718317,0.375,0.375,0.5,9.09184985877107,0.02952133230343179,0.02952133230343179,3.410605131648481e-13,3.475958595799966e-05,0.02952133230343179,3.410605131648481e-13,26033.97443724161,19864.554867263203,0.7630242902461697,1.0063551898984318,0.6165910368527061,41059.97430708969,25750.0,0.0,0.0,0.0,0.0,0.0,0.0,0.0,0.0,0.0,0.0,0.0,0.0,0.0,0.0,0.0,0.0,0.0,0.0,0.0,0.0,41059.97430708969,25750.0,1.0,0.0,0.0,6.0,0.9,167190.3635292044,27865.060588200733,262.0104490199038,262.0104490199038,-11.139550980096203,246.22333628594828,277.7975618022923,122668.20229445693,122518.85114616468,149.35114829225773,0.0,nan,277.7975618022923,4.64756180229233,271.4827166676683,-1.6672833323316922,265.1678715513717,-7.982128448628259,258.8530264500842,-14.296973549915776,252.53818136205786,-20.61181863794212,246.22333628594828,-26.9266637140517,1.0,1.0,26022.01252070864,26022.01252070864,277.0931955436848,3.943195543684851,277.0931955436848,277.0931955436848,76713.43432369114,76710.23891702738,3.1954066637554206,0.0,8546.071908451686,8546.071908451686,0.8892639295983321,3883.50902231363,277.0931955436848,3.943195543684851,1.0,0.002,0.29606477810442616,0.004440910110690835,0.0004587120041064535,0.0015413375075967557,0.22935600205322676,0.22935600205322676,0.0,4.951170320911455e-08,1.0,1.0000605079672324,0.02952133230309073,0.09227178231718317,0.0,5.576603639110492e-06,7.134434720017419,0.0,1601841.9893564093,268.1171486907156,3.475958561693915e-05,1.0,1279351.2291211379,2619.115831084781,,,,,,,,,,,,,,,,,12.0,15243.107769423557
570.0,-28.625709837748634,4.96501319510153,34.97926326534998,26.166633248236053,6.405869113998208,-25.122551943395656,-38.72628643931819,2.902711214727494,-5.032863826743153,-5.0330134443258165,39.959221796346824,40742.30987672202,25744.918596525415,25744.918596525415,66487.22847324744,76743.60685936667,76732.43032332078,25744.918596525415,102477.34891984619,102477.34891984619,102477.34891984619,128508.76666682292,124402.19539420729,4106.571272615629,0.0,90348.59554103209,54347.29853928879,40001.44111304811,26031.41774697674,66032.85886002485,19862.100066056508,1450.0,0.0,0.8868983748424892,2.8811898816401458,0.001494314312251686,1.0,1.0,-4.834493461203692,354199.85771023895,1552775.7410775765,4.38389713399563,1552775.7410775765,4.38389713399563,0.7630049296244448,0.0922420067122812,3.863859297397977,101325.0,128351.07116782667,1.2667265844345095,1.0,0.0,3.863859297397977,1.2782025051977786,1.2784951144105656,3.022885091904991,6405.130773478871,15243.107769423557,6487.02764397016,0.0003432445320307539,23382.99316485856,2384.4017238158353,19390.159739716742,1977.246025882105,0.8292419880983202,0.8292419880983202,35042.99138100996,35405.22815468563,0.9872274400142528,0.8,4229.317813190391,4273.035954225843,0.9872274400142528,0.8,17887.489023156744,17887.489023156744,1.0,0.8,4632.441516551485,4632.441516551485,5.557526955179055,4.96501319510153,-2.354082354728012,7.319095549829543,3.5,3.5,1.0,0.6,0.00022891050428579655,0.8506132242946663,0.000269112327139765,197.80565395732427,0.0,0.0,0.0,0.0009002004323308443,9.101082348425237e-05,0.00013789968080154418,0.0005328249637732599,0.09224200886608779,0.09224200886608779,0.09224200886608779,0.0922793332490133,0.0,0.0,0.0,0.0,0.0,0.0,1.0,1.0,0.0,1.0,1.0,491400.25672535977,594.4515012058852,0.0,0.09224200886608779,0.0922420067122812,0.0922420067122812,0.375,0.375,0.5,9.125441802864138,0.19851998312213937,0.19851998312213937,3.410605131648481e-13,0.00014961758267872938,0.19851998312213937,3.410605131648481e-13,26031.41774697674,19862.100066056508,0.7630049296244448,1.0068809623128048,0.6170005445786736,41059.97430708969,25750.0,0.0,0.0,0.0,0.0,0.0,0.0,0.0,0.0,0.0,0.0,0.0,0.0,0.0,0.0,0.0,0.0,0.0,0.0,0.0,0.0,41059.97430708969,25750.0,1.0,0.0,0.0,6.0,0.9,167190.3635292044,27865.060588200733,262.0362147749236,262.0362147749236,-11.113785225076356,246.26901700238705,277.80341255371104,122502.28617738353,122358.69331436268,143.59286302087597,0.0,nan,277.80341255371104,4.653412553711064,271.49653343943584,-1.6534665605641408,265.1896543274013,-7.960345672598692,258.882775217449,-14.267224782550954,252.57589610915738,-20.574103890842594,246.26901700238705,-26.880982997612932,1.0,1.0,26022.01252070864,26022.01252070864,277.09566484732716,3.94566484732718,277.09566484732716,277.09566484732716,76734.58510927201,76732.43032332078,2.154785951235681,0.0,8546.071908451686,8546.071908451686,0.8892846634845685,3883.178593884967,277.09566484732716,3.94566484732718,1.0,0.002,0.2949401247021403,0.004445767436559234,0.0004569693864155405,0.0015430306147045287,0.22848469320777026,0.22848469320777026,0.0,1.1200693150748009e-12,1.0,1.0004067207195064,0.1985199831217983,0.0922420067122812,0.0,3.7488446208623094e-05,47.960906171914516,0.0,1601842.1439359155,268.1171361732568,0.00014961758233766886,1.0,1279351.6675781177,2619.114036372104,,,,,,,,,,,,,,,,,8.0,15243.107769423557
600.0,-28.63241153261306,4.964526940982084,34.97940960573615,26.161300332192354,6.399521345886022,-25.141083241966417,-38.743488654121734,2.8978635254779257,-5.033392433080337,-5.033408604310033,39.96751060886858,40786.87536589668,25744.6840291272,25744.6840291272,66531.55939502388,76751.04611571958,76723.74156137313,25744.6840291272,102468.42559050032,102468.42559050032,102468.42559050032,128502.7592661529,124388.70832724181,4114.050938911093,0.0,90350.82886847154,54346.54016084164,40004.76523069988,26034.333675652586,66039.09890635246,19864.935761854274,1450.0,0.0,0.8868663561295754,2.881149808972984,0.001494314312251686,1.0,1.0,-5.0201345228667265,354194.4007451197,1553132.8563115255,4.384972921774584,1553132.8563115255,4.384972921774584,0.7630283920203436,0.09227221781191577,3.864035406676158,101325.0,128351.07116782667,1.2667265844345095,1.0,0.0,3.864035406676158,1.2782249517708624,1.2785175661221735,3.0229697842487697,6405.310226392535,15243.107769423557,6486.914015070042,0.0003431999411429788,23382.50542745189,2384.3519884417096,19389.820095330244,1977.2113917933489,0.8292447597410116,0.8292447597410116,35044.269143436504,35405.22815468563,0.9872724364539468,0.8,4229.4720255786215,4273.035954225843,0.9872724364539468,0.8,17887.489023156744,17887.489023156744,1.0,0.8,4632.441516551485,4632.441516551485,5.557476319375584,4.964526940982084,-2.3545019230199626,7.319028864002046,3.5,3.5,1.0,0.6,0.00022891050428579655,0.8512001375137214,0.0002689267707996658,197.81107537974046,0.0,0.0,0.0,0.0009002004323308443,9.083572298427182e-05,0.00013807478130152475,0.0005335258437181588,0.09225663731884122,0.09225663731884122,0.09225663731884122,0.09227471838095175,0.0,0.0,0.0,0.0,0.0,0.0,1.0,1.0,0.0,1.0,1.0,491374.7213098934,594.4602359034731,0.0,0.09225663731884122,0.09227221781191577,0.09227221781191577,0.375,0.375,0.5,9.139043490998,0.013274081443285013,0.013274081443285013,3.979039320256561e-13,1.617122967445539e-05,0.013274081443285013,3.979039320256561e-13,26034.333675652586,19864.935761854274,0.7630283920203436,1.0074571049094683,0.6176170789933855,41059.97430708969,25750.0,0.0,0.0,0.0,0.0,0.0,0.0,0.0,0.0,0.0,0.0,0.0,0.0,0.0,0.0,0.0,0.0,0.0,0.0,0.0,0.0,41059.97430708969,25750.0,1.0,0.0,0.0,6.0,0.9,167190.3635292044,27865.060588200733,262.0337911210143,262.0337911210143,-11.116208878985674,246.26893626610996,277.79865478726197,122432.91885137103,122441.69502197164,-8.776170600609815,0.0,nan,277.79865478726197,4.648654787261989,271.49270812042533,-1.6572918795746432,265.18675922697116,-7.963240773028815,258.8808145888481,-14.269185411151852,252.5748737364693,-20.575126263530677,246.26893626610996,-26.881063733890016,1.0,1.0,26022.01252070864,26022.01252070864,277.09425299077867,3.9442529907786934,277.09425299077867,277.09425299077867,76723.58337161879,76723.74156137313,-0.1581897543364903,0.0,8546.071908451686,8546.071908451686,0.8892735576836774,3883.3555837095387,277.09425299077867,3.9442529907786934,1.0,0.002,0.2948684616170666,0.004446019388322509,0.00045685798023328497,0.0015431405281338265,0.22842899011664247,0.22842899011664247,0.0,-1.491632888386829e-09,1.0,1.0000272080228385,0.013274081442887109,0.09227221781191577,0.0,2.5074860216817393e-06,3.2079598340345106,0.0,1601841.3391116627,268.11660756691964,1.6171229276551458e-05,1.0,1279353.0278118849,2619.1084686104678,,,,,,,,,,,,,,,,,11.0,15243.107769423557
630.0,-28.58754743535365,4.965392264124505,34.97996598802082,26.17223906507718,6.407285488169167,-25.088064143102088,-38.69427839582784,2.9078021971037935,-5.033130074585642,-5.033263544995712,39.96043012784349,40760.65440638138,25746.538708484557,25746.538708484557,66507.19311486594,76756.180085692,76744.9154344626,25746.538708484557,102491.45414294716,102491.45414294716,102491.45414294716,128523.23002167372,124398.64110310002,4124.588918573709,0.0,90346.24335876343,54350.71768405936,39995.028527448965,26031.775878726563,66026.80440617554,19862.461689605185,1450.0,0.0,0.8868927281900043,2.8811635597887184,0.001494314312251686,1.0,1.0,-4.878762432359622,354196.40393527405,1552827.7969724298,4.384086850458804,1552827.7969724298,4.384086850458804,0.7630083242164433,0.09224885582117336,3.863673202439612,101325.0,128351.07116782667,1.2667265844345095,1.0,0.0,3.863673202439612,1.2781789329372755,1.2784715367538437,3.0227952463281724,6404.940401482765,15243.107769423557,6487.148151984611,0.0003432918295509616,23383.510619303084,2384.454489484491,19390.519946236334,1977.2827567249096,0.829239042072214,0.8292390420722141,35041.64115473528,35405.22815468563,0.987179892203837,0.8,4229.154855183375,4273.035954225843,0.987179892203837,0.8,17887.489023156744,17887.489023156744,1.0,0.8,4632.441516551485,4632.441516551485,5.557876686946494,4.965392264124505,-2.35416387190522,7.319556136029725,3.5,3.5,1.0,0.6,0.00022891050428579655,0.8472793948683126,0.0002701712158612977,197.7747876535104,0.0,0.0,0.0,0.0009002004323308443,9.133746217051862e-05,0.00013757304211527795,0.0005315372761988956,0.0922488556922115,0.0922488556922115,0.0922488556922115,0.09227790269415116,0.0,0.0,0.0,0.0,0.0,0.0,1.0,1.0,0.0,1.0,1.0,491214.21593246673,594.5122192507613,0.0,0.0922488556922115,0.09224885582117336,0.09224885582117336,0.375,0.375,0.5,9.165185792733723,0.15450111263606914,0.15450111263606914,3.410605131648481e-13,0.00013347041004863058,0.15450111263606914,3.410605131648481e-13,26031.775878726563,19862.461689605185,0.7630083242164433,1.0072756619529124,0.6173349562040746,41059.97430708969,25750.0,0.0,0.0,0.0,0.0,0.0,0.0,0.0,0.0,0.0,0.0,0.0,0.0,0.0,0.0,0.0,0.0,0.0,0.0,0.0,0.0,41059.97430708969,25750.0,1.0,0.0,0.0,6.0,0.9,167190.3635292044,27865.060588200733,262.0564675604456,262.0564675604456,-11.093532439554394,246.30655187018436,277.8063844000105,122359.36510002594,122232.9890265281,126.37607349785665,0.0,nan,277.8063844000105,4.656384400010495,271.50641750761713,-1.6435824923828477,265.2064503248138,-7.943549675186205,258.9064836970169,-14.243516302983096,252.60651756303113,-20.543482436968844,246.30655187018436,-26.843448129815613,1.0,1.0,26022.01252070864,26022.01252070864,277.0968756647581,3.9468756647581245,277.0968756647581,277.0968756647581,76747.07842544945,76744.9154344626,2.1629909868497634,0.0,8546.071908451686,8546.071908451686,0.8892963988918394,3882.99156845181,277.0968756647581,3.9468756647581245,1.0,0.002,0.29399312026628555,0.004449954548873561,0.0004555018965306493,0.0015444981033968777,0.22775094826532463,0.22775094826532463,0.0,-7.247327737935905e-14,1.0,1.000316570680084,0.15450111263572808,0.09224885582117336,0.0,2.9178045117153917e-05,37.32900579684829,0.0,1601841.8136964987,268.11686992541433,0.00013347040970757007,1.0,1279352.528483904,2619.1105124772002,,,,,,,,,,,,,,,,,7.0,15243.107769423557
660.0,-29.037680206898752,4.937661633367146,34.9515789176349,24.217689327802532,6.455529060237592,-25.48796318445099,-39.06553981415925,2.9354602082292476,-5.107508282257982,-5.107508282258338,40.02414980031463,44080.650226742306,25866.312532735617,25866.312532735617,69946.96275947793,75085.57433410187,75392.35973511974,25866.312532735617,101258.67226785535,101258.67226785535,101258.67226785535,127287.9141982306,123161.1854041192,4126.728794111409,0.0,89965.88097511262,59086.287901329735,34310.658970869874,26029.24193037526,60339.900901245135,19864.9654231189,1450.0,0.0,0.8862831343534461,2.8732927548549174,0.001494314312251686,1.0,1.0,-5.107508282257982,353172.2862147429,1555574.7610436422,4.404577657313094,1555574.7610436422,4.404577657313094,0.7631787923849271,0.09585410975054018,4.205750970783243,101325.0,128351.07116782667,1.2667265844345095,1.0,0.0,4.205750970783243,1.2780508860378814,1.2783434605416433,3.290753925942339,6972.7126894250305,16243.107769423557,6487.7975550408855,0.00019333977742759173,21391.157393790756,2181.291000881112,19392.46105542959,1977.480694776462,0.9065643666882032,0.9065643666882032,37502.392287038056,35405.22815468563,1.0745817703610185,0.8,4526.141447581314,4273.035954225843,1.0745817703610185,0.8,17887.489023156744,17887.489023156744,1.0,0.8,4632.441516551485,4632.441516551485,5.58373212922744,4.937661633367146,-2.415945341113485,7.3536069744806305,3.5,3.5,1.0,0.6,0.00022891050428579655,0.8875175878876608,0.0002579222174409138,198.1394759797025,0.0,0.0,0.0,0.0009002004323308443,8.76145094467365e-05,0.00014129599483906006,0.000594255767462161,0.09234403616472248,0.09234403616472248,0.09234403616472248,0.09196256385180376,0.0,0.0,0.0,0.0,0.0,0.0,1.0,1.0,0.0,1.0,1.0,493188.39224867336,593.8712512973608,0.0,0.09234403616472248,0.09585410975054044,0.09585410975053993,0.375,0.375,0.5,8.820364274869618,3.410605131648481e-13,3.410605131648481e-13,3.410605131648481e-13,3.410605131648481e-13,3.410605131648481e-13,3.410605131648481e-13,26029.24193037526,19864.9654231189,0.7631787923849271,1.1592157380893966,0.7305389894306685,41059.97430708969,25750.0,0.0,0.0,0.0,0.0,0.0,0.0,0.0,0.0,0.0,0.0,0.0,0.0,0.0,0.0,0.0,0.0,0.0,0.0,0.0,0.0,41059.97430708969,25750.0,1.0,0.0,0.0,6.0,0.9,167190.3635292044,27865.060588200733,261.8846914051533,261.8846914051533,-11.265308594846658,245.9417081497291,277.8276748689594,134541.1139842296,135498.44520640236,-957.331222172743,0.0,nan,277.8276748689594,4.6776748689594,271.4504814413715,-1.6995185586284833,265.0732879909151,-8.076712009084872,258.69609462944265,-14.453905370557322,252.31890135050241,-20.831098649497562,245.9417081497291,-27.208291850270882,1.0,1.0,26022.01252070864,26022.01252070864,276.8643645667824,3.7143645667824217,276.8643645667824,276.8643645667824,75188.38750956184,75392.35973511974,-203.9722255578963,0.0,8546.071908451686,8546.071908451686,0.8675946488645866,4226.77972563716,276.8643645667824,3.7143645667824217,1.0,0.002,0.4112689967003343,0.0039240562780180075,0.0006371067445761228,0.0013657001262358825,0.3185533722880614,0.3185533722880614,0.0,2.8068708120051328e-06,0.9592184839459287,0.9592184839459287,0.0,0.09194503383489981,0.003909075915640369,0.0,0.0,0.0,1601755.9593980315,268.042491717742,0.0,1.0,1279608.042288206,2618.064927942505,,,,,,,,,,,,,,,,,19.0,16243.107769423557
690.0,-29.421833649417287,4.9551856005699735,34.94860918395525,24.513373849354707,6.686927472007743,-25.809958502257988,-39.364650508481986,3.238949203481759,-5.05456363488139,-5.054563634881753,40.14205613357843,43666.236903185745,25775.104281288193,25775.104281288193,69441.34118447395,75203.0036952885,75754.8969169392,25775.104281288193,101530.00119822739,101530.00119822739,101530.00119822739,127620.92711564568,123688.86570840163,3932.061407244049,0.0,89748.71387498343,58903.365737608954,34272.60904152719,26090.925917418295,60363.534958945485,19921.042425259224,1450.0,0.0,0.8861254438322859,2.8789050989906886,0.001494314312251686,1.0,1.0,-5.05456363488139,353902.3564740926,1560667.4031463687,4.409881354549888,1560667.4031463687,4.409881354549888,0.7635237817282652,0.09446354326461613,4.197137928002761,101325.0,128351.07116782667,1.2667265844345095,1.0,0.0,4.197137928002761,1.27664752175576,1.276939774997972,3.2876247017896385,6966.082238942063,16243.107769423557,6494.929830100948,0.00019501474945736897,21383.312965769273,2180.4910918376077,19413.779902875962,1979.6546122147688,0.9078939233576121,0.9078939233576121,37440.93816567977,35405.22815468563,1.07238111254187,0.8,4518.7245861801675,4273.035954225843,1.07238111254187,0.8,17887.489023156744,17887.489023156744,1.0,0.8,4632.441516551485,4632.441516551485,5.564043105389462,4.9551856005699735,-2.372491522752896,7.32767712332287,3.5,3.5,1.0,0.6,0.00022891050428579655,0.9234902527752844,0.0002478753875288579,198.45177456601746,0.0,0.0,0.0,0.0009002004323308443,8.471763225140976e-05,0.00014419287203438678,0.0006051973721631735,0.09246070085118142,0.09246070085118142,0.09246070085118142,0.09212579819868405,0.0,0.0,0.0,0.0,0.0,0.0,1.0,1.0,0.0,1.0,1.0,495198.05549846287,593.2204275954621,0.0,0.09246070085118142,0.0944635432646165,0.09446354326461576,0.375,0.375,0.5,8.522893050989644,3.410605131648481e-13,3.410605131648481e-13,3.410605131648481e-13,3.410605131648481e-13,3.410605131648481e-13,3.410605131648481e-13,26090.925917418295,19921.042425259224,0.7635237817282652,1.150385596729921,0.7233876699382181,41059.97430708969,25750.0,0.0,0.0,0.0,0.0,0.0,0.0,0.0,0.0,0.0,0.0,0.0,0.0,0.0,0.0,0.0,0.0,0.0,0.0,0.0,0.0,41059.97430708969,25750.0,1.0,0.0,0.0,6.0,0.9,167190.3635292044,27865.060588200733,261.79587010814686,261.79587010814686,-11.35412989185312,245.58683532737575,278.0049049147531,136832.59515609354,137327.5974060942,-495.00225000068167,0.0,nan,278.0049049147531,4.854904914753149,271.52129099112886,-1.6287090088711125,265.0376770527363,-8.112322947263692,258.5540631348218,-14.595936865178203,252.07044922806537,-21.079550771934606,245.58683532737575,-27.563164672624225,1.0,1.0,26022.01252070864,26022.01252070864,276.95973071326443,3.8097307132644573,276.95973071326443,276.95973071326443,75815.37458746662,75754.8969169392,60.47767052742711,0.0,8546.071908451686,8546.071908451686,0.8681428818475055,4218.123617642776,276.95973071326443,3.8097307132644573,1.0,0.002,0.48173374984482686,0.0035917443200715426,0.0007463472400912856,0.001247607752451016,0.37317362004564275,0.37317362004564275,0.0,-6.045007457698617e-06,0.9751351792867444,0.9751351792867444,0.0,0.09211472419740259,0.0023488190672135414,0.0,0.0,0.0,1601816.941503413,268.0954363651186,0.0,1.0,1279425.8439444583,2618.810439116617,,,,,,,,,,,,,,,,,13.0,16243.107769423557
720.0,-29.75505012085472,4.988168322878102,34.952999645668584,24.686914414074295,6.846441222346386,-26.0936172655772,-39.628277777787275,3.417003147426888,-4.9870496757586125,-4.987049675758967,40.268473738741584,43349.72866459815,25686.186346490453,25686.186346490453,69035.9150110886,75171.00756109998,75991.34843075376,25686.186346490453,101677.5347772442,101677.5347772442,101677.5347772442,127838.37925446997,124011.74254722588,3826.636707244087,0.0,89620.97829666738,58777.21166711509,34270.85181061366,26160.844477225764,60431.696287839426,19984.221460108118,1450.0,0.0,0.8860114101142758,2.886074404117806,0.001494314312251686,1.0,1.0,-4.9870496757586125,354835.0450801744,1566141.652398355,4.413717512159736,1566141.652398355,4.413717512159736,0.7638981791090618,0.09435818725071904,4.192053663877536,101325.0,128351.07116782667,1.2667265844345095,1.0,0.0,4.192053663877536,1.2758256155858643,1.2761176806753256,3.2857575617436776,6962.125993235337,16243.107769423557,6499.113305235867,0.00019601074370404124,21378.77648583592,2180.0284996238183,19426.284590012394,1980.9297354358926,0.9086714856148522,0.9086714856148522,37404.650067901384,35405.22815468563,1.0710820680709487,0.8,4514.344997215509,4273.035954225843,1.0710820680709487,0.8,17887.489023156744,17887.489023156744,1.0,0.8,4632.441516551485,4632.441516551485,5.54484848966036,4.988168322878102,-2.314230069869716,7.302398392747818,3.5,3.5,1.0,0.6,0.00022891050428579655,0.9559685611098331,0.00023945400884318056,198.72346220828044,0.0,0.0,0.0,0.0009002004323308443,8.223807691803068e-05,0.00014667242736776589,0.0006148586865368547,0.0925916827882927,0.0925916827882927,0.0925916827882927,0.09234333303320216,0.0,0.0,0.0,0.0,0.0,0.0,1.0,1.0,0.0,1.0,1.0,496893.74934398045,592.6718855291921,0.0,0.0925916827882927,0.0943581872507193,0.09435818725071878,0.375,0.375,0.5,8.299180550226161,3.410605131648481e-13,3.410605131648481e-13,3.410605131648481e-13,3.410605131648481e-13,3.410605131648481e-13,3.410605131648481e-13,26160.844477225764,19984.221460108118,0.7638981791090618,1.1423792355962807,0.7173343018226902,41059.97430708969,25750.0,0.0,0.0,0.0,0.0,0.0,0.0,0.0,0.0,0.0,0.0,0.0,0.0,0.0,0.0,0.0,0.0,0.0,0.0,0.0,0.0,41059.97430708969,25750.0,1.0,0.0,0.0,6.0,0.9,167190.3635292044,27865.060588200733,261.70875226772677,261.70875226772677,-11.441247732273212,245.27219543064732,278.14530911879535,138539.78286477746,139024.88447778721,-485.10161300974244,0.0,nan,278.14530911879535,4.995309118795376,271.5706865607519,-1.5793134392480965,264.99606367464054,-8.153936325359439,258.4214408240432,-14.728559175956775,251.84681799748236,-21.303182002517616,245.27219543064732,-27.877804569352662,1.0,1.0,26022.01252070864,26022.01252070864,277.0549125315332,3.9049125315332276,277.0549125315332,277.0549125315332,76038.46490554241,75991.34843075376,47.11647478865052,0.0,8546.071908451686,8546.071908451686,0.8684664893746296,4213.013932196924,277.0549125315332,3.9049125315332276,1.0,0.002,0.542363565418705,0.003334826813198916,0.0008403982063606624,0.0011554888565730797,0.4201991031803312,0.4201991031803312,0.0,-4.112937066258048e-06,0.9785559582967412,0.9785559582967412,0.0,0.09233476634827072,0.0020234209024483176,0.0,0.0,0.0,1601894.645788185,268.16295032424136,0.0,1.0,1279193.4285736373,2619.761860128421,,,,,,,,,,,,,,,,,15.0,16243.107769423557
750.0,-30.04429532540498,5.025229291067172,34.95833597385369,24.770066106598847,6.9317160500667825,-26.344766203455624,-39.86178921824319,3.502301071748374,-4.947832682974536,-4.947832682974935,40.3615887919366,43115.28478140597,25680.634583158422,25680.634583158422,68795.9193645644,75118.22527204793,76095.76960079955,25680.634583158422,101776.40418395797,101776.40418395797,101776.40418395797,127985.02557593568,124269.5887685039,3715.4368074317777,0.0,89559.67114625324,58694.195444727186,34294.97300169562,26208.62139197771,60503.594393673324,20027.961071972422,1450.0,0.0,0.8858737310409104,2.8902453247937028,0.001494314312251686,1.0,1.0,-4.947832682974536,355377.70309531974,1570183.0749531428,4.418350001356125,1570183.0749531428,4.418350001356125,0.7641745352581899,0.09392074010402773,4.189608748684234,101325.0,128351.07116782667,1.2667265844345095,1.0,0.0,4.189608748684234,1.2754322507868583,1.2757242258262973,3.284854014079948,6960.211484158642,16243.107769423557,6501.1188689014525,0.00019649180052200234,21376.619278442136,2179.808525688399,19432.27935402115,1981.541031241163,0.9090436191478691,0.9090436191478691,37387.19675465655,35405.22815468563,1.0704573850321641,0.8,4512.238567207779,4273.035954225843,1.0704573850321641,0.8,17887.489023156744,17887.489023156744,1.0,0.8,4632.441516551485,4632.441516551485,5.543650036682122,5.025229291067172,-2.2755907752180944,7.300820066285266,3.5,3.5,1.0,0.6,0.00022891050428579655,0.985161057333635,0.0002323584581239427,198.95990177909312,0.0,0.0,0.0,0.0009002004323308443,8.009798153283701e-05,0.00014881252275295953,0.000623466247239571,0.09268836671848713,0.09268836671848713,0.09268836671848713,0.09246241637694451,0.0,0.0,0.0,0.0,0.0,0.0,1.0,1.0,0.0,1.0,1.0,498349.2276684041,592.1997411035654,0.0,0.09268836671848713,0.09392074010402778,0.09392074010402769,0.375,0.375,0.5,8.091925760994867,3.979039320256561e-13,3.979039320256561e-13,3.979039320256561e-13,3.979039320256561e-13,3.979039320256561e-13,3.979039320256561e-13,26208.62139197771,20027.961071972422,0.7641745352581899,1.1370550800161747,0.7126069982036374,41059.97430708969,25750.0,0.0,0.0,0.0,0.0,0.0,0.0,0.0,0.0,0.0,0.0,0.0,0.0,0.0,0.0,0.0,0.0,0.0,0.0,0.0,0.0,41059.97430708969,25750.0,1.0,0.0,0.0,6.0,0.9,167190.3635292044,27865.060588200733,261.6087173104196,261.6087173104196,-11.541282689580385,244.9959498822871,278.2214845623705,139841.85658999564,140399.41594697916,-557.5593569835146,0.0,nan,278.2214845623705,5.071484562370529,271.57637788010817,-1.5736221198918088,264.9312710070939,-8.218728992906051,258.28616377609126,-14.86383622390872,251.64105675456688,-21.5089432454331,244.9959498822871,-28.15405011771287,1.0,1.0,26022.01252070864,26022.01252070864,277.1063481402105,3.9563481402105367,277.1063481402105,277.1063481402105,76123.73179273258,76095.76960079955,27.96219193302386,0.0,8546.071908451686,8546.071908451686,0.8686221014753224,4210.556792427656,277.1063481402105,3.9563481402105367,1.0,0.002,0.586303178819598,0.0031389364833995436,0.000908556956888079,0.0010860449998733555,0.4542784784440395,0.4542784784440395,0.0,-5.398043238565714e-06,0.9844032890049518,0.9844032890049518,0.0,0.09245588546418418,0.001464854639843556,0.0,0.0,0.0,1601939.7517358637,268.20216731702544,0.0,1.0,1279058.383874706,2620.3149056993907,,,,,,,,,,,,,,,,,15.0,16243.107769423557
780.0,-30.283826626626027,5.053894949983527,34.965213757481564,24.836051801126473,6.999057102211736,-26.553746151690678,-40.05616024425251,3.569978549813947,-4.935330159632258,-4.935330159632628,40.33519836234411,42898.84583278228,25722.254657261597,25722.254657261597,68621.10049004387,75077.6963654,76267.13761884996,25722.254657261597,101989.39227611155,101989.39227611155,101989.39227611155,128192.8494283785,124558.66988592238,3634.1795424561087,0.0,89511.03129990057,58626.27305100012,34316.39805433383,26203.457152266947,60519.85520660078,20022.034749512713,1450.0,0.0,0.8860334895244951,2.891576030127804,0.001494314312251686,1.0,1.0,-4.935330159632258,355550.84132338176,1569036.8660650088,4.4129746964596075,1569036.8660650088,4.4129746964596075,0.7640989749240222,0.0929949174562198,4.1876664939318795,101325.0,128351.07116782667,1.2667265844345095,1.0,0.0,4.1876664939318795,1.2751203179852257,1.2754122216162525,3.2841343949006077,6958.686697469553,16243.107769423557,6502.707479744801,0.00019687449908353666,21374.91880731337,2179.6351258904288,19437.027818141756,1982.0252398262155,0.9093380888769239,0.9093380888769238,37373.33028990068,35405.22815468563,1.0699611332177377,0.8,4510.565031813487,4273.035954225843,1.0699611332177377,0.8,17887.489023156744,17887.489023156744,1.0,0.8,4632.441516551485,4632.441516551485,5.5526345158071075,5.053894949983527,-2.2587574046039918,7.312652354587518,3.5,3.5,1.0,0.6,0.00022891050428579655,1.0100642809585565,0.000226629639916144,199.15685980059183,0.0,0.0,0.0,0.0009002004323308443,7.835599115143263e-05,0.00015055451313436392,0.0006304720901630029,0.09262895586594422,0.09262895586594422,0.09262895586594422,0.09252166958845169,0.0,0.0,0.0,0.0,0.0,0.0,1.0,1.0,0.0,1.0,1.0,498698.67965208174,592.0838513264829,0.0,0.09262895586594422,0.09299491745621988,0.09299491745621971,0.375,0.375,0.5,7.993313033642869,3.979039320256561e-13,3.979039320256561e-13,3.979039320256561e-13,3.979039320256561e-13,3.979039320256561e-13,3.979039320256561e-13,26203.457152266947,20022.034749512713,0.7640989749240222,1.1338609495311467,0.7088392013882973,41059.97430708969,25750.0,0.0,0.0,0.0,0.0,0.0,0.0,0.0,0.0,0.0,0.0,0.0,0.0,0.0,0.0,0.0,0.0,0.0,0.0,0.0,0.0,41059.97430708969,25750.0,1.0,0.0,0.0,6.0,0.9,167190.3635292044,27865.060588200733,261.52080246525907,261.52080246525907,-11.62919753474091,244.76496526235047,278.27663964532,140973.05670146018,141463.00722457698,-489.950523116829,0.0,nan,278.27663964532,5.12663964532004,271.57430481358875,-1.5756951864112239,264.87196993292895,-8.278030067071029,258.16963501186945,-14.980364988130532,251.4673001254969,-21.682699874503072,244.76496526235047,-28.385034737649505,1.0,1.0,26022.01252070864,26022.01252070864,277.1389029191254,3.988902919125451,277.1389029191254,277.1389029191254,76221.50052588155,76267.13761884996,-45.63709296840534,0.0,8546.071908451686,8546.071908451686,0.8687457187114769,4208.604826401539,277.1389029191254,3.988902919125451,1.0,0.002,0.6005647602131658,0.003074804260526389,0.0009306813469190591,0.0010633662156863594,0.4653406734595295,0.4653406734595295,0.0,-5.952437394581532e-06,0.9948903047871281,0.9948903047871281,0.0,0.09251974177167234,0.0004751756845474597,0.0,0.0,0.0,1601954.1269931805,268.2146698403677,0.0,1.0,1279015.3247794525,2620.4912791804427,,,,,,,,,,,,,,,,,10.0,16243.107769423557
810.0,-30.501260539346006,5.090030858080312,34.967516784063434,24.857194593083136,7.034673374551239,-26.744979817696134,-40.237185708805896,3.5915459508769274,-4.891118056328082,-4.891118056328404,40.515806164925834,42697.79937789037,25701.458454602438,25701.458454602438,68399.2578324928,75005.86139198519,76166.2929092363,25701.458454602438,101867.75136383875,101867.75136383875,101867.75136383875,128152.5103526259,124594.57774587517,3557.932606750733,0.0,89496.22080704386,58566.59870512897,34366.246779905436,26284.758988787155,60651.00576869259,20098.253095920354,1450.0,0.0,0.8856035988196762,2.8962856242990243,0.001494314312251686,1.0,1.0,-4.891118056328082,356163.63311040186,1576893.8158990196,4.427441965727652,1576893.8158990196,4.427441965727652,0.7646352437355082,0.09345975745190391,4.187074869641175,101325.0,128351.07116782667,1.2667265844345095,1.0,0.0,4.187074869641175,1.275025617755059,1.2753145913951758,3.2839143083363056,6958.220360449461,16243.107769423557,6503.191808681462,0.0001969914658843587,21374.40184218954,2179.582410118597,19438.475509744727,1982.1728632861098,0.9094278124488323,0.9094278124488323,37369.10621284915,35405.22815468563,1.0698099714675269,0.8,4510.055230463365,4273.035954225843,1.0698099714675269,0.8,17887.489023156744,17887.489023156744,1.0,0.8,4632.441516551485,4632.441516551485,5.548145262659529,5.090030858080312,-2.2167092853745394,7.306740143454851,3.5,3.5,1.0,0.6,0.000226629639916144,1.0229632996890874,0.00022154229773934636,199.33695121778922,0.0,1.5141659516368622e-05,42.911463069388674,0.001354450217821903,7.676517194868987e-05,0.00014986446796745414,0.000627493747678672,0.09285673410310484,0.09285673410310484,0.09285673410310484,0.09262739903152012,0.0,0.0,0.0,0.0,0.0,0.0,1.0,1.0,0.0,1.0,1.0,500602.08307623485,591.4684520810855,0.0,0.09285673410310484,0.09345975745190394,0.0934597574519039,0.375,0.375,0.5,7.781617416584948,3.410605131648481e-13,3.410605131648481e-13,3.410605131648481e-13,3.410605131648481e-13,3.410605131648481e-13,3.410605131648481e-13,26284.758988787155,20098.253095920354,0.7646352437355082,1.1277514192155373,0.703991612945857,41059.97430708969,25750.0,0.0,0.0,0.0,0.0,0.0,0.0,0.0,0.0,0.0,0.0,0.0,0.0,0.0,0.0,0.0,0.0,0.0,0.0,0.0,0.0,41102.885770159075,25750.0,1.0,0.0,0.0,6.0,0.9,167190.3635292044,27865.060588200733,261.4302869376766,261.4302869376766,-11.719713062323365,244.55677500963048,278.303798776871,141904.15364152764,142408.7163277706,-504.56268624298053,0.0,nan,278.303798776871,5.153798776871042,271.5543943906787,-1.5956056093212965,264.80498940589456,-8.345010594105418,258.0555844240121,-15.094415575987853,251.30617961897292,-21.843820381027058,244.55677500963048,-28.593224990369492,1.0,1.0,26022.01252070864,26022.01252070864,277.17131489826807,4.021314898268088,277.17131489826807,277.17131489826807,76172.83689590878,76166.2929092363,6.543986672477331,0.0,8546.071908451686,8546.071908451686,0.8687833730341106,4208.010243989381,277.17131489826807,4.021314898268088,1.0,0.002,0.6256297165183519,0.00296646140433015,0.0009696128017186236,0.0010242295785479066,0.48480640085931176,0.48480640085931176,0.0,-6.1576197334699614e-06,0.9910552804483084,0.9910552804483084,0.0,0.0926237861321275,0.0008359713197764021,0.0,0.0,0.0,1602004.9433790063,268.2588819436719,0.0,1.0,1278863.032259803,2621.1152153478597,,,,,,,,,,,,,,,,,15.0,16243.107769423557
840.0,-30.6924454100971,5.125780712998103,34.96626764043567,24.837336223013722,7.043092583421869,-26.916777982323183,-40.403994417842455,3.570916008347004,-4.85438445334222,-4.854384453342563,40.57835528212206,42566.44092152983,25698.92530332721,25698.92530332721,68265.36622485705,74897.92051188077,76032.33900186521,25698.92530332721,101731.26430519242,101731.26430519242,101731.26430519242,128051.79671502567,124523.57821174759,3528.218503278077,0.0,89512.69203211016,58510.84035845939,34446.50185961197,26320.532409833253,60767.03426944523,20130.6044941292,1450.0,0.0,0.8855643723134243,2.900203194087574,0.001494314312251686,1.0,1.0,-4.85438445334222,356673.4008937324,1579621.797254204,4.428762541013923,1579621.797254204,4.428762541013923,0.7648251251410279,0.09453271142474048,4.1877329618814425,101325.0,128351.07116782667,1.2667265844345095,1.0,0.0,4.1877329618814425,1.2751310991786475,1.2754136093592827,3.28415875401274,6958.738311505149,16243.107769423557,6502.65383050518,0.00019686155102271565,21374.976114020024,2179.6409695482175,19436.86745697432,1982.0088875379788,0.9093281486394512,0.9093281486394512,37373.80485007751,35405.22815468563,1.069978115974779,0.8,4510.622306199325,4273.035954225843,1.069978115974779,0.8,17887.489023156744,17887.489023156744,1.0,0.8,4632.441516551485,4632.441516551485,5.54759843411001,5.125780712998103,-2.1802392737331586,7.306019986731261,3.5,3.5,1.0,0.6,0.00022154229773934636,1.0201975596874424,0.00021715627099443388,199.49554059626445,0.0,3.380317597748375e-05,95.79820072018896,0.0023685454971464157,7.532577519828401e-05,0.00014621652254106235,0.0006123157510168878,0.09291405851110518,0.09291405851110518,0.09291405851110518,0.09274858023010468,0.0,0.0,0.0,0.0,0.0,0.0,1.0,1.0,0.0,1.0,1.0,501657.9253393582,591.1248098375637,0.0,0.09291405851110518,0.09453271142474057,0.09453271142474041,0.375,0.375,0.5,7.626588649293658,3.410605131648481e-13,3.410605131648481e-13,3.410605131648481e-13,3.410605131648481e-13,3.410605131648481e-13,3.410605131648481e-13,26320.532409833253,20130.6044941292,0.7648251251410279,1.123394732778363,0.7004857392379442,41059.97430708969,25750.0,0.0,0.0,0.0,0.0,0.0,0.0,0.0,0.0,0.0,0.0,0.0,0.0,0.0,0.0,0.0,0.0,0.0,0.0,0.0,0.0,41155.772507809874,25750.0,1.0,0.0,0.0,6.0,0.9,167190.3635292044,27865.060588200733,261.3390163877758,261.3390163877758,-11.810983612224163,244.37204700706712,278.30598575729874,142680.4721090143,143189.2064192137,-508.73431019936584,0.0,nan,278.30598575729874,5.155985757298765,271.51919825309415,-1.6308017469058314,264.73241027945943,-8.417589720540548,257.94562239590346,-15.204377604096521,251.15883463383224,-21.991165366167735,244.37204700706712,-28.777952992932853,1.0,1.0,26022.01252070864,26022.01252070864,277.1923741763938,4.042374176393821,277.1923741763938,277.1923741763938,76031.53117209183,76032.33900186521,-0.8078297733882209,0.0,8546.071908451686,8546.071908451686,0.8687414883042821,4208.67162669085,277.1923741763938,4.042374176393821,1.0,0.002,0.6793786911447192,0.0027300570040944888,0.0010529941880908628,0.0009413330106180321,0.5264970940454314,0.5264970940454314,0.0,-5.672801291105051e-06,0.9810434642755242,0.9810434642755242,0.0,0.09274069870348584,0.0017920127212546501,0.0,0.0,0.0,1602047.1425788614,268.29561554665776,0.0,1.0,1278736.470911446,2621.633890761763,,,,,,,,,,,,,,,,,16.0,16243.107769423557
870.0,-30.85118982772981,5.149799167175755,34.97062271689311,24.904095916450046,7.0998977676517905,-27.054082640542706,-40.53778740400446,3.639154876525823,-4.85239664360347,-4.85239664360386,40.54228780681589,42412.66321796169,25755.654212757505,25755.654212757505,68168.3174307192,74905.09538100142,76199.81649988494,25755.654212757505,101955.47071264245,101955.47071264245,101955.47071264245,128263.66235864483,124812.6727896742,3450.989568970638,0.0,89464.99154846281,58430.29723761239,34482.9936787227,26308.191646002386,60791.185324725084,20118.351276440146,1450.0,0.0,0.8857055921795226,2.9004153095643996,0.001494314312251686,1.0,1.0,-4.85239664360347,356701.00289134285,1578048.3362051193,4.424008689108787,1578048.3362051193,4.424008689108787,0.7647181359763735,0.09337228063300859,4.185826472982226,101325.0,128351.07116782667,1.2667265844345095,1.0,0.0,4.185826472982226,1.274825718735203,1.2751025695468385,3.2834499739581062,6957.236491620655,16243.107769423557,6504.211302208031,0.00019723812207493566,21373.31590927675,2179.471675778859,19441.522844120147,1982.4836049130079,0.9096165951340224,0.9096165951340224,37360.19252300151,35405.22815468563,1.0694910024412567,0.8,4508.979442530652,4273.035954225843,1.0694910024412567,0.8,17887.489023156744,17887.489023156744,1.0,0.8,4632.441516551485,4632.441516551485,5.559844440719613,5.149799167175755,-2.17234844128409,7.322147608459845,3.5,3.5,1.0,0.6,0.00021715627099443388,1.0167661848825846,0.0002135754259171305,199.62739098880863,0.0,2.916642588486635e-05,82.65765095771123,0.003243538273692406,7.418935164302362e-05,0.00014296691935141025,0.000598434715781848,0.09284830293390564,0.09284830293390564,0.09284830293390564,0.09277015527332752,0.0,0.0,0.0,0.0,0.0,0.0,1.0,1.0,0.0,1.0,1.0,501842.75617447967,591.0622325796436,0.0,0.09284830293390564,0.09337228063300865,0.09337228063300852,0.375,0.375,0.5,7.552318659118266,3.979039320256561e-13,3.979039320256561e-13,3.979039320256561e-13,3.979039320256561e-13,3.979039320256561e-13,3.979039320256561e-13,26308.191646002386,20118.351276440146,0.7647181359763735,1.1213520030344544,0.697677845750304,41059.97430708969,25750.0,0.0,0.0,0.0,0.0,0.0,0.0,0.0,0.0,0.0,0.0,0.0,0.0,0.0,0.0,0.0,0.0,0.0,0.0,0.0,0.0,41142.6319580474,25750.0,1.0,0.0,0.0,6.0,0.9,167190.3635292044,27865.060588200733,261.2827881992099,261.2827881992099,-11.867211800790074,244.21927965911956,278.34629674081026,143529.175217779,143842.53562982602,-313.3604120470155,0.0,nan,278.34629674081026,5.196296740810283,271.52089335441167,-1.6291066455883083,264.695489906398,-8.454510093601982,257.8700864743696,-15.279913525630377,251.04468306015008,-22.1053169398499,244.21927965911956,-28.930720340880413,1.0,1.0,26022.01252070864,26022.01252070864,277.2139590009732,4.063959000973227,277.2139590009732,277.2139590009732,76172.65043753097,76199.81649988494,-27.166062353964662,0.0,8546.071908451686,8546.071908451686,0.8688628275307877,4206.755605347137,277.2139590009732,4.063959000973227,1.0,0.002,0.6975263519245929,0.0026457370185343056,0.0010811263763378597,0.0009121924745776,0.5405631881689299,0.5405631881689299,0.0,-6.681149084540421e-06,0.9935230420965291,0.9935230420965291,0.0,0.09276751230199752,0.0006047683310110692,0.0,0.0,0.0,1602049.4255965385,268.2976033563965,0.0,1.0,1278729.6213888128,2621.6619656780276,,,,,,,,,,,,,,,,,10.0,16243.107769423557
900.0,-31.004782119189937,5.171424236392344,34.97055879069459,24.866871220897906,7.086762846897204,-27.192065673819585,-40.67113831462336,3.6007944087495862,-4.83404250599483,-4.8340425059951535,40.63607547105172,42311.53306874326,25764.076861647805,25764.076861647805,68075.60993039106,74823.79362705244,76062.81030729724,25764.076861647805,101826.88716894505,101826.88716894505,101826.88716894505,128175.56953816657,124777.51123790604,3398.058300260523,0.0,89493.74824242882,58397.14870686296,34551.777261739844,26348.682369221522,60900.45963096137,20156.729949101613,1450.0,0.0,0.8854587645371753,2.902374424342155,0.001494314312251686,1.0,1.0,-4.83404250599483,356955.94091036153,1582142.3343668196,4.432318258471361,1582142.3343668196,4.432318258471361,0.7649995421648536,0.0937402178583667,4.186976037632443,101325.0,128351.07116782667,1.2667265844345095,1.0,0.0,4.186976037632443,1.2750097608128825,1.275282085742374,3.2838776347586833,6958.142653539188,16243.107769423557,6503.272444343886,0.00019701095285803825,21374.31583989521,2179.573640325209,19438.71653513585,1982.1974410360165,0.9094427480506038,0.9094427480506038,37368.400560781454,35405.22815468563,1.0697847195979682,0.8,4509.970065734494,4273.035954225843,1.0697847195979682,0.8,17887.489023156744,17887.489023156744,1.0,0.8,4632.441516551485,4632.441516551485,5.561662628571571,5.171424236392344,-2.153117870685923,7.324542107078267,3.5,3.5,1.0,0.6,0.0002135754259171305,1.0162386452305499,0.00021016266889621927,199.75511002298617,0.0,2.3827825343906365e-05,67.52805702463064,0.0039583730340095975,7.307247606881681e-05,0.0001405029498483137,0.0005882824842315624,0.09296412454060525,0.09296412454060525,0.09296412454060525,0.09280694724384532,0.0,0.0,0.0,0.0,0.0,0.0,1.0,1.0,0.0,1.0,1.0,503016.4935451824,590.6810805162661,0.0,0.09296412454060525,0.09374021785836735,0.09374021785836606,0.375,0.375,0.5,7.4044370028836175,3.410605131648481e-13,3.410605131648481e-13,3.410605131648481e-13,3.410605131648481e-13,3.410605131648481e-13,3.410605131648481e-13,26348.682369221522,20156.729949101613,0.7649995421648536,1.1178176707188905,0.6947654143357626,41059.97430708969,25750.0,0.0,0.0,0.0,0.0,0.0,0.0,0.0,0.0,0.0,0.0,0.0,0.0,0.0,0.0,0.0,0.0,0.0,0.0,0.0,0.0,41127.50236411432,25750.0,1.0,0.0,0.0,6.0,0.9,167190.3635292044,27865.060588200733,261.2029690580131,261.2029690580131,-11.947030941986895,244.07191439233216,278.33402396782503,144034.72045316026,144479.7698378547,-445.0493846944077,0.0,nan,278.33402396782503,5.1840239678250555,271.4816021812111,-1.6683978187888897,264.6291799292837,-8.520820070716297,257.77675786555324,-15.373242134446741,250.92433601187324,-22.22566398812674,244.07191439233216,-29.078085607667816,1.0,1.0,26022.01252070864,26022.01252070864,277.2162816572118,4.066281657211846,277.2162816572118,277.2162816572118,76042.57711350838,76062.81030729724,-20.23319378886663,0.0,8546.071908451686,8546.071908451686,0.8687896632472469,4207.910917820605,277.2162816572118,4.066281657211846,1.0,0.002,0.7256346954955741,0.0025206514171871373,0.0011247355317660322,0.0008684790618489762,0.5623677658830161,0.5623677658830161,0.0,-6.785406384991668e-06,0.9899995790957065,0.9899995790957065,0.0,0.09280277622412286,0.0009374416342438408,0.0,0.0,0.0,1602070.5027818824,268.31595749400515,0.0,1.0,1278666.3737006297,2621.921226102214,,,,,,,,,,,,,,,,,19.0,16243.107769423557
930.0,-31.15336094633791,5.197573269601547,34.96353514573329,24.790379858482652,7.053886213155758,-27.330637428618527,-40.804838052112586,3.5221660107819313,-4.7954094470220525,-4.79540944702246,40.631096717901755,42246.293685299395,25731.930495306817,25731.930495306817,67978.22418060621,74680.81458177707,75783.58154642154,25731.930495306817,101515.51204172836,101515.51204172836,101515.51204172836,127876.26257092548,124368.48556295337,3507.777007972112,0.0,89551.3829560333,58380.890954456394,34633.88000175211,26360.750529197114,60994.63053094923,20165.673789937373,1450.0,0.0,0.8856746296635105,2.906501519861048,0.001494314312251686,1.0,1.0,-4.7954094470220525,357493.0192491295,1581924.8014847354,4.4250508857693935,1581924.8014847354,4.4250508857693935,0.7649886056014192,0.09658133553817186,4.189277963036792,101325.0,128351.07116782667,1.2667265844345095,1.0,0.0,4.189277963036792,1.2753791060458552,1.2756471570769217,3.284731530552587,6959.951956261784,16243.107769423557,6501.389802208019,0.0001965569652668767,21376.328748335865,2179.778899862427,19433.08919180533,1981.6236117130043,0.9090938589404968,0.9090938589404968,37384.835246177296,35405.22815468563,1.0703728683241833,0.8,4511.953558152223,4273.035954225843,1.0703728683241833,0.8,17887.489023156744,17887.489023156744,1.0,0.8,4632.441516551485,4632.441516551485,5.554723228208688,5.197573269601547,-2.1178298562852524,7.3154031258867995,3.5,3.5,1.0,0.6,0.00021016266889621927,1.0157241376426647,0.0002069092001534724,199.87879902898095,0.0,2.2723855139794746e-05,64.39940546617831,0.00464008868820344,7.196830544518228e-05,0.000138194363451037,0.0005789346014213264,0.09293791144827782,0.09293791144827782,0.09293791144827782,0.09296157362303162,0.0,0.0,0.0,0.0,0.0,0.0,1.0,1.0,0.0,1.0,1.0,502922.18767982855,590.7118473642247,0.0,0.09293791144827782,0.09658133553817287,0.09658133553817086,0.375,0.375,0.5,7.41887770758238,3.979039320256561e-13,3.979039320256561e-13,3.979039320256561e-13,3.979039320256561e-13,3.979039320256561e-13,3.979039320256561e-13,26360.750529197114,20165.673789937373,0.7649886056014192,1.1144952201343927,0.6926231590805889,41059.97430708969,25750.0,0.0,0.0,0.0,0.0,0.0,0.0,0.0,0.0,0.0,0.0,0.0,0.0,0.0,0.0,0.0,0.0,0.0,0.0,0.0,0.0,41124.37371255587,25750.0,1.0,0.0,0.0,6.0,0.9,167190.3635292044,27865.060588200733,261.11366140340084,261.11366140340084,-12.036338596599137,243.92851769807865,278.29880508183084,144526.06917661382,145023.87922678865,-497.81005017482124,0.0,nan,278.29880508183084,5.148805081830858,271.42474781692107,-1.7252521830789078,264.5506903506928,-8.599309649307202,257.6766324648596,-15.473367535140369,250.8025750080218,-22.347424991978187,243.92851769807865,-29.221482301921327,1.0,1.0,26022.01252070864,26022.01252070864,277.2222413705976,4.072241370597624,277.2222413705976,277.2222413705976,75770.01484773653,75783.58154642154,-13.566698685011943,0.0,8546.071908451686,8546.071908451686,0.8686431548637931,4210.224352851977,277.2222413705976,4.072241370597624,1.0,0.002,0.8346411727929242,0.0020983884296831875,0.0012937995113107106,0.0007219636443828544,0.6468997556553553,0.6468997556553553,0.0,1.5763155693565047e-05,0.9623753530582042,0.9623753530582042,0.0,0.09294749688738103,0.003633838650790831,0.0,0.0,0.0,1602114.8515182491,268.3545905529779,0.0,1.0,1278533.2239602802,2622.4671416564897,,,,,,,,,,,,,,,,,16.0,16243.107769423557
960.0,-31.275179203644342,5.213103182718657,34.97517082356947,24.970255605317675,7.1732998280246845,-27.425123529493472,-40.89728939635677,3.706468771616513,-4.808512330807389,-4.808512330807712,40.6245189394968,42047.16546281286,25805.659947330398,25805.659947330398,67852.82541014325,74840.86315235513,76315.83747374229,25805.659947330398,102121.49742107268,102121.49742107268,102121.49742107268,128475.16866746108,125102.33057059249,3372.8380968686024,0.0,89419.7963154929,58268.96723451491,34612.03231219777,26353.671246388407,60965.703558586174,20159.705948513503,1450.0,0.0,0.8856314790694397,2.90510124486615,0.001494314312251686,1.0,1.0,-4.808512330807389,357310.7914287139,1581637.4382544423,4.426503414381176,1581637.4382544423,4.426503414381176,0.7649676494798141,0.09294403811031002,4.184018345145352,101325.0,128351.07116782667,1.2667265844345095,1.0,0.0,4.184018345145352,1.2745367538969854,1.2748004810064897,3.2827757476215758,6955.807886918489,16243.107769423557,6505.68602781734,0.0001975959881638018,21371.75053719475,2179.312052249724,19445.93089765501,1982.9331012787252,0.9098894760076811,0.9098894760076811,37347.28134800886,35405.22815468563,1.0690290204491024,0.8,4507.421200490413,4273.035954225843,1.0690290204491024,0.8,17887.489023156744,17887.489023156744,1.0,0.8,4632.441516551485,4632.441516551485,5.5706391230473296,5.213103182718657,-2.123260697119409,7.336363879838066,3.5,3.5,1.0,0.6,0.0002069092001534724,1.01288834267035,0.00020427641570835227,199.9803126009875,0.0,2.1676647499285733e-05,61.431619012975766,0.005290388113182012,7.121383369013444e-05,0.00013569536646333797,0.0005677519026338275,0.09293394794309559,0.09293394794309559,0.09293394794309559,0.09291226025254967,0.0,0.0,0.0,0.0,0.0,0.0,1.0,1.0,0.0,1.0,1.0,502920.1375108412,590.7121857869104,0.0,0.09293394794309559,0.09294403811031085,0.09294403811030917,0.375,0.375,0.5,7.4127051380171,3.410605131648481e-13,3.410605131648481e-13,3.410605131648481e-13,3.410605131648481e-13,3.410605131648481e-13,3.410605131648481e-13,26353.671246388407,20159.705948513503,0.7649676494798141,1.1129671511940933,0.6896855610369004,41059.97430708969,25750.0,0.0,0.0,0.0,0.0,0.0,0.0,0.0,0.0,0.0,0.0,0.0,0.0,0.0,0.0,0.0,0.0,0.0,0.0,0.0,0.0,41121.40592610266,25750.0,1.0,0.0,0.0,6.0,0.9,167190.3635292044,27865.060588200733,261.10090787418443,261.10090787418443,-12.049092125815548,243.8143676146398,278.3874407442605,145471.81696960653,145540.46020548788,-68.64323588132133,0.0,nan,278.3874407442605,5.237440744260539,271.4728309965723,-1.6771690034276503,264.5582183540105,-8.5917816459895,257.6436034388296,-15.50639656117039,250.72898609679385,-22.42101390320613,243.8143676146398,-29.335632385360185,1.0,1.0,26022.01252070864,26022.01252070864,277.27141925545345,4.121419255453475,277.27141925545345,277.27141925545345,76181.61869214175,76315.83747374229,-134.21878160053166,0.0,8546.071908451686,8546.071908451686,0.8689779049210665,4204.938436871079,277.27141925545345,4.121419255453475,1.0,0.002,0.8350616860899718,0.002097011655165889,0.0012944161759790222,0.0007218377186928324,0.6472080879895111,0.6472080879895111,0.0,1.6253894671854757e-05,0.9996575103382755,0.9996575103382755,0.0,0.09291220573813831,3.1832372171704875e-05,0.0,0.0,0.0,1602099.8125199738,268.3414876691926,0.0,1.0,1278578.3866424526,2622.2819562403697,,,,,,,,,,,,,,,,,11.0,16243.107769423557
990.0,-31.389477552057393,5.224755749459462,34.975035874455486,24.89778968682515,7.141775826908718,-27.53429973028455,-41.0025863913819,3.6320224837123454,-4.79942154869201,-4.7994215486923855,40.7112320447697,42012.04085173504,25812.256542741,25812.256542741,67824.29739447605,74707.19614059522,76079.98942692361,25812.256542741,101892.24596966461,101892.24596966461,101892.24596966461,128280.48892493363,124937.21049370283,3343.2784312307913,0.0,89474.23976159922,58261.491056293686,34680.83189478393,26388.242955269012,61069.074850052944,20193.038197993425,1450.0,0.0,0.885362942686328,2.906072699191693,0.001494314312251686,1.0,1.0,-4.79942154869201,357437.2133657289,1585428.839728431,4.4355449864875265,1585428.839728431,4.4355449864875265,0.7652285994267544,0.0936756143229765,4.186196313029355,101325.0,128351.07116782667,1.2667265844345095,1.0,0.0,4.186196313029355,1.2748849620747442,1.2751454045634347,3.283587490291478,6957.527872229562,16243.107769423557,6503.90970043207,0.0001971650895825426,21373.636846202007,2179.5044022374623,19440.62133622861,1982.391676691695,0.9095607582423726,0.9095607582423726,37362.83327715103,35405.22815468563,1.0695854976634787,0.8,4509.298153580271,4273.035954225843,1.0695854976634787,0.8,17887.489023156744,17887.489023156744,1.0,0.8,4632.441516551485,4632.441516551485,5.572063122764765,5.224755749459462,-2.1134834951008803,7.3382392445603415,3.5,3.5,1.0,0.6,0.00020427641570835227,1.0120997795271307,0.00020183426559364876,200.07564367346802,0.0,1.7550168544871385e-05,49.73717765616551,0.005816893169528154,7.036344478504723e-05,0.00013391297092330505,0.0005605859851459469,0.0930466367178072,0.0930466367178072,0.0930466367178072,0.09291514797025928,0.0,0.0,0.0,0.0,0.0,0.0,1.0,1.0,0.0,1.0,1.0,503948.18279002106,590.3783351040289,0.0,0.0930466367178072,0.09367561432297804,0.09367561432297497,0.375,0.375,0.5,7.287851303436017,3.979039320256561e-13,3.979039320256561e-13,3.979039320256561e-13,3.979039320256561e-13,3.979039320256561e-13,3.979039320256561e-13,26388.242955269012,20193.038197993425,0.7652285994267544,1.1106160943326824,0.6879429720343735,41059.97430708969,25750.0,0.0,0.0,0.0,0.0,0.0,0.0,0.0,0.0,0.0,0.0,0.0,0.0,0.0,0.0,0.0,0.0,0.0,0.0,0.0,0.0,41109.71148474585,25750.0,1.0,0.0,0.0,6.0,0.9,167190.3635292044,27865.060588200733,261.0359008845872,261.0359008845872,-12.114099115412785,243.70368675920878,278.36811405991125,145714.1436566945,146076.4543573584,-362.31070066389003,0.0,nan,278.36811405991125,5.218114059911272,271.43522923463195,-1.71477076536803,264.5023440178355,-8.647655982164451,257.5694585226817,-15.580541477318263,250.63657271325408,-22.513427286745895,243.70368675920878,-29.4463132407912,1.0,1.0,26022.01252070864,26022.01252070864,277.2529127917996,4.102912791799611,277.2529127917996,277.2529127917996,76011.87716658892,76079.98942692361,-68.11226033468847,0.0,8546.071908451686,8546.071908451686,0.8688392890518686,4207.127294594502,277.2529127917996,4.102912791799611,1.0,0.002,0.8579984822600435,0.001945389901376624,0.0013299952291119922,0.0006694223107074104,0.6649976145559962,0.6649976145559962,0.0,-5.824601805974605e-07,0.991827913595858,0.991827913595858,0.0,0.09291008910876805,0.0007655252142084477,0.0,0.0,0.0,1602110.2468433722,268.35057845130797,0.0,1.0,1278547.0531273717,2622.410434482793,,,,,,,,,,,,,,,,,15.0,16243.107769423557
1020.0,-31.439037150004765,5.235680978525256,34.978698075561134,24.982134368643187,7.194158098028381,-27.570343987001905,-41.03951003691179,3.7183873254655424,-4.798182076027899,-4.79818207602824,40.656973828202304,41925.08073981487,25837.19736547525,25837.19736547525,67762.27810529011,74797.41558577838,76238.24186568183,25837.19736547525,102075.43923115708,102075.43923115708,102075.43923115708,128444.55058822324,125135.4776115644,3309.0729766588306,0.0,89412.83146593258,58205.204655105255,34675.14090091925,26369.11135706615,61044.2522579854,20174.105435889735,1450.0,0.0,0.8855664675424956,2.9062051709332906,0.001494314312251686,1.0,1.0,-4.798182076027899,357454.4529436783,1583055.676951543,4.428692002337356,1583055.676951543,4.428692002337356,0.7650658060755492,0.09296643206288914,4.183739573075833,101325.0,128351.07116782667,1.2667265844345095,1.0,0.0,4.183739573075833,1.2744922841093564,1.2747495337155057,3.2826715588941546,6955.58712350739,16243.107769423557,6505.913328949625,0.00019765125930836102,21371.509842855106,2179.287508257673,19446.610315950402,1983.0023826638458,0.9099315143825352,0.9099315143825351,37345.29064004842,35405.22815468563,1.0689577933636016,0.8,4507.180943129208,4273.035954225843,1.0689577933636016,0.8,17887.489023156744,17887.489023156744,1.0,0.8,4632.441516551485,4632.441516551485,5.577447070440116,5.235680978525256,-2.1096487629033867,7.3453297414286425,3.5,3.5,1.0,0.6,0.00020183426559364876,1.0052321215407787,0.00020078374065910813,200.11700441366574,0.0,1.6287158538217922e-05,46.15780729730959,0.0063055079256746915,7.006747666726739e-05,0.00013176678892638137,0.0005512779292484322,0.0929602901411063,0.0929602901411063,0.0929602901411063,0.0929407435150772,0.0,0.0,0.0,0.0,0.0,0.0,1.0,1.0,0.0,1.0,1.0,503775.36102748266,590.4324430798157,0.0,0.0929602901411063,0.0929664320628904,0.09296643206288788,0.375,0.375,0.5,7.269049204082073,3.410605131648481e-13,3.410605131648481e-13,3.410605131648481e-13,3.410605131648481e-13,3.410605131648481e-13,3.410605131648481e-13,26369.11135706615,20174.105435889735,0.7650658060755492,1.110051734582856,0.6867981700001987,41059.97430708969,25750.0,0.0,0.0,0.0,0.0,0.0,0.0,0.0,0.0,0.0,0.0,0.0,0.0,0.0,0.0,0.0,0.0,0.0,0.0,0.0,0.0,41106.13211438699,25750.0,1.0,0.0,0.0,6.0,0.9,167190.3635292044,27865.060588200733,261.02871935297065,261.02871935297065,-12.121280647029323,243.65083204635084,278.40660338559604,146173.91738433976,146216.973694213,-43.056309873218176,0.0,nan,278.40660338559604,5.256603385596065,271.45545928432404,-1.6945407156759416,264.5042998649004,-8.64570013509956,257.5531388407609,-15.596861159239097,250.60198269589188,-22.5480173041081,243.65083204635084,-29.499167953649135,1.0,1.0,26022.01252070864,26022.01252070864,277.2726698290775,4.122669829077495,277.2726698290775,277.2726698290775,76216.93178956298,76238.24186568183,-21.31007611885434,0.0,8546.071908451686,8546.071908451686,0.8689956470875608,4204.658270941212,277.2726698290775,4.122669829077495,1.0,0.002,0.8586562830268725,0.0019425073474921997,0.0013310183174975415,0.0006683999350494543,0.6655091587487707,0.6655091587487707,0.0,-5.817474530043706e-07,0.9997226305642866,0.9997226305642866,0.0,0.09294064601608756,2.5786046801575145e-05,0.0,0.0,0.0,1602111.669406715,268.3518179239721,0.0,1.0,1278542.780867974,2622.4279529070927,,,,,,,,,,,,,,,,,12.0,16243.107769423557
1050.0,-31.445848962555903,5.238853802875458,34.98016584026698,24.988367256615334,7.2003655250473235,-27.552616456419006,-41.02443389184771,3.724725660760936,-4.795990655659864,-4.79599065566026,40.652705845315026,41828.102525972994,25839.72448072947,25839.72448072947,67667.82700670246,74794.33483296119,76253.45705556317,25839.72448072947,102093.18153629263,102093.18153629263,102093.18153629263,128461.53768438088,125153.38952820738,3308.1481561735013,0.0,89408.57736241042,58199.93544789237,34676.268793908945,26368.356148088253,61044.6249419972,20173.196142984583,1450.0,0.0,0.8855931859225211,2.9064393961373614,0.001494314312251686,1.0,1.0,-4.795990655659864,357484.9345686233,1582869.1165074222,4.427792512200462,1582869.1165074222,4.427792512200462,0.7650532338720392,0.09295166277103714,4.1835693945044055,101325.0,128351.07116782667,1.2667265844345095,1.0,0.0,4.1835693945044055,1.2744652598799235,1.2747211651041375,3.282607636475371,6955.451679572467,16243.107769423557,6506.052706118334,0.00019768516555201894,21371.362329942167,2179.272466126778,19447.026923634792,1983.0448648248682,0.9099572887961709,0.9099572887961709,37344.075383897536,35405.22815468563,1.068914312236965,0.8,4507.034274586255,4273.035954225843,1.068914312236965,0.8,17887.489023156744,17887.489023156744,1.0,0.8,4632.441516551485,4632.441516551485,5.5779925960004935,5.238853802875458,-2.107194379279331,7.346048182154789,3.5,3.5,1.0,0.6,0.00020078374065910813,1.000717688097753,0.00020063974390297274,200.1226905177391,0.0,7.007596765404446e-06,19.8595292331562,0.006515735828636825,7.018818286336684e-05,0.0001305955577957413,0.0005463555786524945,0.0929524773142503,0.0929524773142503,0.0929524773142503,0.09295103839781074,0.0,0.0,0.0,0.0,0.0,0.0,1.0,1.0,0.0,1.0,1.0,503758.53600338555,590.4377625154714,0.0,0.0929524773142503,0.0929516627710384,0.09295166277103588,0.375,0.375,0.5,7.268235809132087,3.979039320256561e-13,3.979039320256561e-13,3.979039320256561e-13,3.979039320256561e-13,3.979039320256561e-13,3.979039320256561e-13,26368.356148088253,20173.196142984583,0.7650532338720392,1.1084977108303709,0.6852053324222538,41059.97430708969,25750.0,0.0,0.0,0.0,0.0,0.0,0.0,0.0,0.0,0.0,0.0,0.0,0.0,0.0,0.0,0.0,0.0,0.0,0.0,0.0,0.0,41079.83383632285,25750.0,1.0,0.0,0.0,6.0,0.9,167190.3635292044,27865.060588200733,261.02755331433775,261.02755331433775,-12.122446685662226,243.63866976091725,278.4164312802742,146233.28342673412,146244.2449133816,-10.961486647464586,0.0,nan,278.4164312802742,5.266431280274219,271.46089382057266,-1.6891061794273128,264.5053337726831,-8.644666227316861,257.5497730918231,-15.600226908176865,250.5942181597561,-22.555781840243867,243.63866976091725,-29.511330239082724,1.0,1.0,26022.01252070864,26022.01252070864,277.2766416217667,4.126641621766737,277.2766416217667,277.2766416217667,76223.04289911165,76253.45705556317,-30.414156451515737,0.0,8546.071908451686,8546.071908451686,0.869006477911779,4204.487241476928,277.2766416217667,4.126641621766737,1.0,0.002,0.8586540127034613,0.0019424622310028278,0.001331020849156479,0.0006683305468486104,0.6655104245782395,0.6655104245782395,0.0,-6.486039949103045e-07,0.9999932489869894,0.9999932489869894,0.0,0.09295103525315242,6.275178847260014e-07,0.0,0.0,0.0,1602114.1844816348,268.3540093443401,0.0,1.0,1278535.2273267605,2622.4589266480652,,,,,,,,,,,,,,,,,10.0,16243.107769423557
1080.0,-31.449583472005752,5.239348637411383,34.98037748518357,24.98958099111917,7.201324582049604,-27.553805639090456,-41.025741783063836,3.7259613075655653,-4.795714238717721,-4.795714238718045,40.65247164808127,41816.7435062488,25840.286906033278,25840.286906033278,67657.03041228208,74794.79524140927,76254.26186337919,25840.286906033278,102094.54876941246,102094.54876941246,102094.54876941246,128462.91953582007,125154.74269658043,3308.1768392396357,0.0,89407.75552273083,58198.3712417116,34677.093645576926,26368.370766407603,61045.46441198453,20173.189540229276,1450.0,0.0,0.885595451136088,2.9064689414204308,0.001494314312251686,1.0,1.0,-4.795714238717721,357488.7795429091,1582858.8798477948,4.4277162541203765,1582858.8798477948,4.4277162541203765,0.7650525593310158,0.09295310808372009,4.183536368336854,101325.0,128351.07116782667,1.2667265844345095,1.0,0.0,4.183536368336854,1.2744598671504501,1.2747155877641945,3.2825956125952978,6955.426202413417,16243.107769423557,6506.078916514833,0.00019769154301519406,21371.334596112163,2179.269638063168,19447.105268263927,1983.0528537537211,0.9099621355327856,0.9099621355327857,37343.839540760164,35405.22815468563,1.0689058739538042,0.8,4507.005810818104,4273.035954225843,1.0689058739538042,0.8,17887.489023156744,17887.489023156744,1.0,0.8,4632.441516551485,4632.441516551485,5.5781140061255385,5.239348637411383,-2.1068594382199675,7.346208075631351,3.5,3.5,1.0,0.6,0.00020063974390297274,1.0003934188023762,0.000200560839497694,200.12580799158638,0.0,9.605672754547344e-07,2.722247658638717,0.006544552846900467,7.01777037025737e-05,0.00013046204020039903,0.000545792689865794,0.09295196596387319,0.09295196596387319,0.09295196596387319,0.09295222104467167,0.0,0.0,0.0,0.0,0.0,0.0,1.0,1.0,0.0,1.0,1.0,503757.6219609757,590.4380513805186,0.0,0.09295196596387319,0.09295310808372136,0.09295310808371883,0.375,0.375,0.5,7.268189281714543,3.410605131648481e-13,3.410605131648481e-13,3.410605131648481e-13,3.410605131648481e-13,3.410605131648481e-13,3.410605131648481e-13,26368.370766407603,20173.189540229276,0.7650525593310158,1.1083056057314482,0.6850098350310736,41059.97430708969,25750.0,0.0,0.0,0.0,0.0,0.0,0.0,0.0,0.0,0.0,0.0,0.0,0.0,0.0,0.0,0.0,0.0,0.0,0.0,0.0,0.0,41062.69655474833,25750.0,1.0,0.0,0.0,6.0,0.9,167190.3635292044,27865.060588200733,261.02620451472643,261.02620451472643,-12.123795485273547,243.6340823621345,278.41832033123876,146249.16634825573,146261.5740914565,-12.40774320079069,0.0,nan,278.41832033123876,5.268320331238783,271.461491888515,-1.688508111484964,264.5046354032913,-8.645364596708703,257.54777404767225,-15.602225952327728,250.5909230555068,-22.55907694449317,243.6340823621345,-29.51591763786547,1.0,1.0,26022.01252070864,26022.01252070864,277.2770122115435,4.1270122115435015,277.2770122115435,277.2770122115435,76225.7061416234,76254.26186337919,-28.555721755779814,0.0,8546.071908451686,8546.071908451686,0.8690085798234903,4204.454050178538,277.2770122115435,4.1270122115435015,1.0,0.002,0.8586544807664676,0.0019424616903443818,0.001331022337959657,0.0006683235670136129,0.6655111689798285,0.6655111689798285,0.0,-6.540950267300803e-07,0.9999904329062591,0.9999904329062591,0.0,0.09295221879262155,8.892910985442198e-07,0.0,0.0,0.0,1602114.5017181053,268.35428576128226,0.0,1.0,1278534.2745467792,2622.4628336149813,,,,,,,,,,,,,,,,,13.0,16243.107769423557
1110.0,-31.55168735073125,5.241986477762634,34.977382927007284,24.89229611763733,7.144765197639672,-27.679815766750878,-41.14324370222164,3.62619696790767,-4.797105667570804,-4.797105667571132,40.72585473833436,41895.88066547731,25850.662274234444,25850.662274234444,67746.54293971176,74674.82493185624,76047.22953970655,25850.662274234444,101897.891813941,101897.891813941,101897.891813941,128292.23707216661,125027.77706673021,3264.460005436395,0.0,89479.61484363342,58212.774049297856,34740.934215928406,26394.345258225607,61135.27947415401,20198.875956545104,1450.0,0.0,0.8853216464903307,2.906320218649193,0.001494314312251686,1.0,1.0,-4.797105667570804,357469.4250233887,1586068.8711690865,4.436935749303069,1586068.8711690865,4.436935749303069,0.7652728551866719,0.0932987144270376,4.186411238881956,101325.0,128351.07116782667,1.2667265844345095,1.0,0.0,4.186411238881956,1.2749194095580205,1.275175121777041,3.2836673498705844,6957.697085094803,16243.107769423557,6503.734424755896,0.0001971226711180891,21373.823482169493,2179.5234338096593,19440.097425503078,1982.338252665597,0.9095283041763879,0.909528304176388,37364.36788221386,35405.22815468563,1.0696404118523566,0.8,4509.4833641537025,4273.035954225843,1.0696404118523566,0.8,17887.489023156744,17887.489023156744,1.0,0.8,4632.441516551485,4632.441516551485,5.580353725324174,5.241986477762634,-2.107171240569831,7.349157718332465,3.5,3.5,1.0,0.6,0.000200560839497694,1.0108169843973975,0.00019841459195232966,200.21107550753194,0.0,5.263602620167183e-07,1.4917049825553796,0.006560343654760968,6.924213047607157e-05,0.00013131870902162245,0.0005497541193235895,0.09304965563123783,0.09304965563123783,0.09304965563123783,0.09291872761637102,0.0,0.0,0.0,0.0,0.0,0.0,1.0,1.0,0.0,1.0,1.0,504721.16895028815,590.1245512518069,0.0,0.09304965563123783,0.09329871442703838,0.09329871442703684,0.375,0.375,0.5,7.143329418404617,3.410605131648481e-13,3.410605131648481e-13,3.410605131648481e-13,3.410605131648481e-13,3.410605131648481e-13,3.410605131648481e-13,26394.345258225607,20198.875956545104,0.7652728551866719,1.1081415431878865,0.6852979331384182,41059.97430708969,25750.0,0.0,0.0,0.0,0.0,0.0,0.0,0.0,0.0,0.0,0.0,0.0,0.0,0.0,0.0,0.0,0.0,0.0,0.0,0.0,0.0,41061.46601207224,25750.0,1.0,0.0,0.0,6.0,0.9,167190.3635292044,27865.060588200733,260.9569301602635,260.9569301602635,-12.193069839736495,243.54630295905415,278.3675565912829,146335.29919318133,146721.36911755125,-386.06992436989856,0.0,nan,278.3675565912829,5.217556591282914,271.40330833145777,-1.746691668542212,264.4390564265139,-8.710943573486077,257.47480390362335,-15.675196096376624,250.51055274964892,-22.639447250351054,243.54630295905415,-29.603697040945832,1.0,1.0,26022.01252070864,26022.01252070864,277.25139534603477,4.101395346034792,277.25139534603477,277.25139534603477,76000.04843300232,76047.22953970655,-47.18110670422902,0.0,8546.071908451686,8546.071908451686,0.8688256100607212,4207.343295076365,277.25139534603477,4.101395346034792,1.0,0.002,0.8700724184102988,0.0019068861357379799,0.0013487176828992768,0.0006561170112990052,0.6743588414496384,0.6743588414496384,0.0,4.8346941982817596e-06,0.995914473175584,0.995914473175584,0.0,0.09291754002656241,0.0003811744004751889,0.0,0.0,0.0,1602112.904800459,268.3528943324292,0.0,1.0,1278539.0706397062,2622.443166852672,,,,,,,,,,,,,,,,,36.0,16243.107769423557
1140.0,-31.6472721196383,5.25750849172921,34.96565001604998,24.791499436274194,7.0927992678250655,-27.771127453724727,-41.23126723626626,3.522706305124876,-4.752832345468789,-4.752832345469185,40.67612601950081,41878.47061870053,25776.627655785865,25776.627655785865,67655.0982744864,74522.44793034536,75678.02091419841,25776.627655785865,101454.64856998427,101454.64856998427,101454.64856998427,127846.97235172329,124377.2691635078,3469.7031882154947,0.0,89554.74207097161,58223.12737889816,34812.90521341494,26392.32378173902,61205.22899515396,20193.491951593933,1450.0,0.0,0.8857289086734382,2.9110553173387217,0.001494314312251686,1.0,1.0,-4.752832345468789,358085.6620270258,1583893.0547868302,4.4232238895599485,1583893.0547868302,4.4232238895599485,0.7651274711007414,0.09748806538405724,4.189412082181447,101325.0,128351.07116782667,1.2667265844345095,1.0,0.0,4.189412082181447,1.2754006986786632,1.2756537699623323,3.284781078230355,6960.056941845415,16243.107769423557,6501.280229707444,0.0001965306058234495,21376.446220668753,2179.790878706669,19432.761672268523,1981.5902140148291,0.9090735415823752,0.9090735415823752,37385.792739304925,35405.22815468563,1.0704071361609866,0.8,4512.069117429018,4273.035954225843,1.0704071361609866,0.8,17887.489023156744,17887.489023156744,1.0,0.8,4632.441516551485,4632.441516551485,5.564371954548643,5.25750849172921,-2.0706017160279657,7.328110207757176,3.5,3.5,1.0,0.6,0.00019841459195232966,1.0101311557750348,0.00019642458389484459,200.2909580413698,0.0,1.4323417645426569e-05,40.592565607138894,0.0069900461841237655,6.854884216993199e-05,0.00012986574978239769,0.0005440611411999296,0.09296564637555955,0.09296564637555955,0.09296564637555955,0.09311292844941392,0.0,0.0,0.0,0.0,0.0,0.0,1.0,1.0,0.0,1.0,1.0,503873.35407394,590.4011683525027,0.0,0.09296564637555955,0.09748806538405765,0.09748806538405683,0.375,0.375,0.5,7.2680666824233615,3.979039320256561e-13,3.979039320256561e-13,3.979039320256561e-13,3.979039320256561e-13,3.979039320256561e-13,3.979039320256561e-13,26392.32378173902,20193.491951593933,0.7651274711007414,1.1053810170343963,0.6842302742142561,41059.97430708969,25750.0,0.0,0.0,0.0,0.0,0.0,0.0,0.0,0.0,0.0,0.0,0.0,0.0,0.0,0.0,0.0,0.0,0.0,0.0,0.0,0.0,41100.56687269683,25750.0,1.0,0.0,0.0,6.0,0.9,167190.3635292044,27865.060588200733,260.88374209647424,260.88374209647424,-12.26625790352574,243.4536370934991,278.31384681379626,146594.7075815907,147002.5971700055,-407.88958841482827,0.0,nan,278.31384681379626,5.163846813796283,271.3418053638416,-1.8081946361583618,264.36976332633634,-8.780236673663637,257.39772105234164,-15.75227894765834,250.42567892903034,-22.724321070969637,243.4536370934991,-29.696362906500866,1.0,1.0,26022.01252070864,26022.01252070864,277.25246652457145,4.102466524571469,277.25246652457145,277.25246652457145,75665.2492249192,75678.02091419841,-12.771689279208658,0.0,8546.071908451686,8546.071908451686,0.8686346186394949,4210.359142592354,277.25246652457145,4.102466524571469,1.0,0.002,1.0018576334148737,0.0013803720351742389,0.0015531433944591887,0.0004741826879594205,0.7765716972295943,0.7765716972295943,0.0,2.732608241860909e-05,0.9549412747330741,0.9549412747330741,0.0,0.0930953774291129,0.004392687954944343,0.0,0.0,0.0,1602163.7026995108,268.3971676545312,0.0,1.0,1278386.447000776,2623.0691137231615,,,,,,,,,,,,,,,,,24.0,16243.107769423557
1170.0,-31.72593254454132,5.273200314548539,34.9766914028543,24.99542914973574,7.218438464117718,-27.831091819610798,-41.28987490022553,3.731740722345656,-4.781199288703476,-4.781199288703823,40.6903556935026,41720.27523675198,25890.07897837483,25890.07897837483,67610.3542151268,74744.82467365453,76231.35528494012,25890.07897837483,102121.43426331495,102121.43426331495,102121.43426331495,128508.70712839536,125199.75244476025,3308.954683635105,0.0,89404.9331389455,58115.76296864644,34765.74463366562,26387.272865080402,61153.01749874602,20190.687004744515,1450.0,0.0,0.8855321426343538,2.9080207292137543,0.001494314312251686,1.0,1.0,-4.781199288703476,357690.72885648574,1584515.4254898126,4.429847624386035,1584515.4254898126,4.429847624386035,0.7651676286511541,0.0930129516031286,4.1834234181668934,101325.0,128351.07116782667,1.2667265844345095,1.0,0.0,4.1834234181668934,1.274441899659758,1.2746922444121231,3.2825532645181834,6955.336471919642,16243.107769423557,6506.17121281442,0.00019771400356794594,21371.236951702405,2179.259681104394,19447.38114807986,1983.0809856658352,0.9099792020475777,0.9099792020475777,37343.03294958181,35405.22815468563,1.0688770148524351,0.8,4506.908463807928,4273.035954225843,1.0688770148524351,0.8,17887.489023156744,17887.489023156744,1.0,0.8,4632.441516551485,4632.441516551485,5.588862565424918,5.273200314548539,-2.0871632898224144,7.360363604370954,3.5,3.5,1.0,0.6,0.00019642458389484459,1.0083358874286774,0.0001948007467985099,200.35673948525059,0.0,1.3286020678124345e-05,37.65258260180439,0.007388626804467496,6.809080473320974e-05,0.00012833377916163485,0.0005368745370866417,0.0930020353730408,0.0930020353730408,0.0930020353730408,0.0929952005870013,0.0,0.0,0.0,0.0,0.0,0.0,1.0,1.0,0.0,1.0,1.0,503959.6224688482,590.3734993297021,0.0,0.0930020353730408,0.09301295160312896,0.09301295160312824,0.375,0.375,0.5,7.2645645653958155,3.410605131648481e-13,3.410605131648481e-13,3.410605131648481e-13,3.410605131648481e-13,3.410605131648481e-13,3.410605131648481e-13,26387.272865080402,20190.687004744515,0.7651676286511541,1.105593100397919,0.6822275816170066,41059.97430708969,25750.0,0.0,0.0,0.0,0.0,0.0,0.0,0.0,0.0,0.0,0.0,0.0,0.0,0.0,0.0,0.0,0.0,0.0,0.0,0.0,0.0,41097.62688969149,25750.0,1.0,0.0,0.0,6.0,0.9,167190.3635292044,27865.060588200733,260.89455545267515,260.89455545267515,-12.255444547324828,243.3819933040421,278.4071135119655,147393.3919790078,147330.32379426993,63.06818473785029,0.0,nan,278.4071135119655,5.257113511965542,271.4020921364865,-1.7479078635134897,264.397069203467,-8.75293079653295,257.3920449556883,-15.7579550443117,250.3870196044014,-22.76298039559859,243.3819933040421,-29.768006695957865,1.0,1.0,26022.01252070864,26022.01252070864,277.28884679814814,4.138846798148165,277.28884679814814,277.28884679814814,76202.40643636828,76231.35528494012,-28.94884857183206,0.0,8546.071908451686,8546.071908451686,0.8690157684005322,4204.340535257728,277.28884679814814,4.138846798148165,1.0,0.002,1.002238322462748,0.0013793217209945312,0.0015536421178775426,0.00047431633039543715,0.7768210589387713,0.7768210589387713,0.0,2.7958448272979736e-05,0.9998087578176023,0.9998087578176023,0.0,0.09299516360327276,1.7787999855838048e-05,0.0,0.0,0.0,1602131.1585861119,268.3688007112965,0.0,1.0,1278484.2409381294,2622.6680127607015,,,,,,,,,,,,,,,,,11.0,16243.107769423557
1200.0,-31.801041409418318,5.275029633954263,34.97153427693416,24.844844836648576,7.135983836682434,-27.90507760275998,-41.361055069696135,3.5772340716798383,-4.7623769739576005,-4.7623769739579505,40.729093698135785,41736.443830847435,25846.322015373946,25846.322015373946,67582.76584622139,74537.68691744248,75848.69443525751,25846.322015373946,101695.01645063146,101695.01645063146,101695.01645063146,128103.04552229425,124702.80534671096,3400.2401755833,0.0,89516.68393423152,58153.11437640229,34848.41061981025,26408.029071662797,61256.439691473046,20209.694642345417,1450.0,0.0,0.885487787387152,2.9100339900921823,0.001494314312251686,1.0,1.0,-4.7623769739576005,357952.74064993986,1586210.6659876173,4.431341028727737,1586210.6659876173,4.431341028727737,0.765285988874932,0.09561982430017636,4.187892528141485,101325.0,128351.07116782667,1.2667265844345095,1.0,0.0,4.187892528141485,1.275156794128168,1.2754052085559864,3.2842177114421216,6958.863235223312,16243.107769423557,6502.523944662377,0.00019683021043788963,21375.114889578475,2179.655120716909,19436.479219498222,1981.9692983330926,0.9093040818683299,0.9093040818683298,37374.94409665219,35405.22815468563,1.0700188856245747,0.8,4510.759801191677,4273.035954225843,1.0700188856245747,0.8,17887.489023156744,17887.489023156744,1.0,0.8,4632.441516551485,4632.441516551485,5.579416798469299,5.275029633954263,-2.072894179940249,7.347923813894512,3.5,3.5,1.0,0.6,0.0001948007467985099,1.0079630948080358,0.0001932617848827186,200.419587159762,0.0,1.0844890202560446e-05,30.734418834056303,0.007713973510544309,6.75383163179704e-05,0.0001272624304805395,0.0005329613817225766,0.09305113161199345,0.09305113161199345,0.09305113161199345,0.09305492114032862,0.0,0.0,0.0,0.0,0.0,0.0,1.0,1.0,0.0,1.0,1.0,504166.54215050634,590.3073639663819,0.0,0.09305113161199345,0.0956198243001764,0.09561982430017632,0.375,0.375,0.5,7.260786404900446,3.410605131648481e-13,3.410605131648481e-13,3.410605131648481e-13,3.410605131648481e-13,3.410605131648481e-13,3.410605131648481e-13,26408.029071662797,20209.694642345417,0.765285988874932,1.1032760994045983,0.6813396932805611,41059.97430708969,25750.0,0.0,0.0,0.0,0.0,0.0,0.0,0.0,0.0,0.0,0.0,0.0,0.0,0.0,0.0,0.0,0.0,0.0,0.0,0.0,0.0,41090.708725923745,25750.0,1.0,0.0,0.0,6.0,0.9,167190.3635292044,27865.060588200733,260.8275263788655,260.8275263788655,-12.322473621134463,243.3070531216477,278.34799911037373,147304.66587454363,147678.24959248528,-373.5837179416737,0.0,nan,278.34799911037373,5.1979991103737575,271.3398103274214,-1.8101896725785878,264.3316212008101,-8.818378799189873,257.3234319404307,-15.826568059569297,250.3152425725096,-22.834757427490388,243.3070531216477,-29.84294687835228,1.0,1.0,26022.01252070864,26022.01252070864,277.2628928866018,4.112892886601799,277.2628928866018,277.2628928866018,75803.15276307591,75848.69443525751,-45.541672181600006,0.0,8546.071908451686,8546.071908451686,0.8687313325703395,4208.831990782192,277.2628928866018,4.112892886601799,1.0,0.002,1.0795293326232844,0.0010224343393885553,0.0016735218567477251,0.00035134790276321386,0.8367609283738625,0.8367609283738625,0.0,2.4869759510938796e-05,0.973051603423432,0.973051603423432,0.0,0.09304302335435345,0.0025768009458229063,0.0,0.0,0.0,1602152.7538832237,268.3876230260424,0.0,1.0,1278419.3535039276,2622.9341383944306,,,,,,,,,,,,,,,,,23.0,16243.107769423557
1230.0,-31.86436464681192,5.2771202382740015,34.97205840164373,24.892778845410817,7.170547780512659,-27.958682354038803,-41.41312897028399,3.626314727619433,-4.763902761991176,-4.763902761991497,40.741417830761016,41664.56794845053,25855.634225683658,25855.634225683658,67520.20217413419,74568.96722281101,75942.82945165913,25855.634225683658,101798.46367734278,101798.46367734278,101798.46367734278,128210.38742881417,124848.33661426805,3362.050814546125,0.0,89481.86375913251,58113.65242033279,34853.5681542219,26411.923751471393,61265.4919056933,20213.653137672474,1450.0,0.0,0.8854352028957592,2.909870748699977,0.001494314312251686,1.0,1.0,-4.763902761991176,357931.49565450597,1586750.2780258232,4.433111635298607,1586750.2780258232,4.433111635298607,0.7653230157665583,0.09490240237008951,4.186501156720281,101325.0,128351.07116782667,1.2667265844345095,1.0,0.0,4.186501156720281,1.2749338247310078,1.2751802335452107,3.2837007501966395,6957.767856377783,16243.107769423557,6503.661090049615,0.00019710492868984763,21373.90159692035,2179.5313992974516,19439.878223158445,1982.3159002471227,0.9095147245348707,0.9095147245348707,37365.00990532771,35405.22815468563,1.0696633861251004,0.8,4509.560849541931,4273.035954225843,1.0696633861251004,0.8,17887.489023156744,17887.489023156744,1.0,0.8,4632.441516551485,4632.441516551485,5.5814270149558824,5.2771202382740015,-2.073450970164849,7.350571208438851,3.5,3.5,1.0,0.6,0.0001932617848827186,1.0067132400455099,0.0001919730238910754,200.47260075112598,0.0,1.028127039391634e-05,29.13712029635891,0.0080224116223618,6.71367570324681e-05,0.0001261250278502505,0.0005280225749864513,0.09306737295813247,0.09306737295813247,0.09306737295813247,0.09304417539206492,0.0,0.0,0.0,0.0,0.0,0.0,1.0,1.0,0.0,1.0,1.0,504361.1241106569,590.2439270635523,0.0,0.09306737295813247,0.09490240237008957,0.09490240237008947,0.375,0.375,0.5,7.233070422824702,3.410605131648481e-13,3.410605131648481e-13,3.410605131648481e-13,3.410605131648481e-13,3.410605131648481e-13,3.410605131648481e-13,26411.923751471393,20213.653137672474,0.7653230157665583,1.1020918966596864,0.6800658356352594,41059.97430708969,25750.0,0.0,0.0,0.0,0.0,0.0,0.0,0.0,0.0,0.0,0.0,0.0,0.0,0.0,0.0,0.0,0.0,0.0,0.0,0.0,0.0,41089.111427386044,25750.0,1.0,0.0,0.0,6.0,0.9,167190.3635292044,27865.060588200733,260.80627885254665,260.80627885254665,-12.343721147453323,243.2464691240915,278.36608850113055,147753.9148309628,147872.33337634694,-118.4185453841232,0.0,nan,278.36608850113055,5.216088501130571,271.3421646992391,-1.8078353007608712,264.31824083875296,-8.831759161247021,257.2943169267989,-15.855683073201078,250.27039302526669,-22.879606974733292,243.2464691240915,-29.903530875908473,1.0,1.0,26022.01252070864,26022.01252070864,277.27238210258525,4.122382102585277,277.27238210258525,277.27238210258525,75926.2276678438,75942.82945165913,-16.601783815320232,0.0,8546.071908451686,8546.071908451686,0.868819887218639,4207.433662503882,277.27238210258525,4.122382102585277,1.0,0.002,1.1354675830410874,0.0008152753440909546,0.0017602335986987006,0.00028017579284412875,0.8801167993493503,0.8801167993493503,0.0,4.040939154282934e-05,0.9803468202820849,0.9803468202820849,0.0,0.09303726840064824,0.0018651339694412646,0.0,0.0,0.0,1602151.0035014076,268.3860972380088,0.0,1.0,1278424.6137153162,2622.912563052364,,,,,,,,,,,,,,,,,19.0,16243.107769423557
1260.0,-31.9264104292057,5.284189289669526,34.969724354099036,24.869269842188828,7.1624517664507685,-28.01548697231717,-41.46784743117166,3.60213904404225,-4.7475834122005836,-4.747583412200919,40.70665238103779,41630.76948468106,25831.814707316396,25831.814707316396,67462.58419199746,74516.59479105525,75866.4585540909,25831.814707316396,101698.2732614073,101698.2732614073,101698.2732614073,128103.52331237827,124650.57397733783,3452.9493350404364,0.0,89499.6583254721,58104.26516828156,34883.77017465616,26405.25005097096,61289.020225627115,20205.81783840391,1450.0,0.0,0.8856449670845213,2.9116171024352804,0.001494314312251686,1.0,1.0,-4.7475834122005836,358158.7767579727,1585228.4291837674,4.426049372664102,1585228.4291837674,4.426049372664102,0.7652197119663675,0.096273772368133,4.187212414269518,101325.0,128351.07116782667,1.2667265844345095,1.0,0.0,4.187212414269518,1.2750478378422758,1.275292625374539,3.2839649540956897,6958.327672736272,16243.107769423557,6503.080419306533,0.0001969645529702946,21374.520676445263,2179.594527840319,19438.142559448886,1982.1389118046313,0.9094071794026115,0.9094071794026115,37370.08826415728,35405.22815468563,1.06984511452551,0.8,4510.173753652377,4273.035954225843,1.06984511452551,0.8,17887.489023156744,17887.489023156744,1.0,0.8,4632.441516551485,4632.441516551485,5.576285122007605,5.284189289669526,-2.0596102006833936,7.34379949035292,3.5,3.5,1.0,0.6,0.0001919730238910754,1.0065807820950115,0.00019071795061646133,200.5245693896282,0.0,8.612042258043659e-06,24.40652775929573,0.00828077289010311,6.671718493963604e-05,0.00012525583895143936,0.0005244728038172103,0.09301683269040703,0.09301683269040703,0.09301683269040703,0.09312207156408182,0.0,0.0,0.0,0.0,0.0,0.0,1.0,1.0,0.0,1.0,1.0,503749.53360734496,590.4434881433843,0.0,0.09301683269040703,0.09627377236813127,0.09627377236813474,0.375,0.375,0.5,7.324176998601248,3.410605131648481e-13,3.410605131648481e-13,3.410605131648481e-13,3.410605131648481e-13,3.410605131648481e-13,3.410605131648481e-13,26405.25005097096,20205.81783840391,0.7652197119663675,1.1007287103569812,0.6792533039592263,41059.97430708969,25750.0,0.0,0.0,0.0,0.0,0.0,0.0,0.0,0.0,0.0,0.0,0.0,0.0,0.0,0.0,0.0,0.0,0.0,0.0,0.0,0.0,41084.380834848984,25750.0,1.0,0.0,0.0,6.0,0.9,167190.3635292044,27865.060588200733,260.7730012092822,260.7730012092822,-12.376998790717778,243.1869543895073,278.35904719578133,147950.04025666643,148135.08434632322,-185.0440896568054,0.0,nan,278.35904719578133,5.209047195781352,271.32462915829547,-1.8253708417045118,264.2902108158957,-8.859789184104272,257.2557923259878,-15.894207674012193,250.2213733702254,-22.928626629774584,243.1869543895073,-29.963045610492685,1.0,1.0,26022.01252070864,26022.01252070864,277.2797650780525,4.129765078052515,277.2797650780525,277.2797650780525,75822.2313454774,75866.4585540909,-44.227208613505354,0.0,8546.071908451686,8546.071908451686,0.8687746189291021,4208.148476340865,277.2797650780525,4.129765078052515,1.0,0.002,1.2304672066117048,0.0003050306863629495,0.0019075692647215624,0.00010476332417055163,0.9537846323607811,0.9537846323607811,0.0,1.2332588892114207e-05,0.9670864386357495,0.9670864386357495,0.0,0.09310505965352657,0.0031687127146064298,0.0,0.0,0.0,1602169.723281797,268.4024165877994,0.0,1.0,1278368.349771804,2623.1433487751137,,,,,,,,,,,,,,,,,15.0,16243.107769423557
1290.0,-31.9748327820276,5.277141839702638,34.9695512420604,24.858546384517126,7.147527718229083,-28.059174726053975,-41.510296566970624,3.5910754010771506,-4.762539864409007,-4.7625398644093675,40.760741803497645,41601.1170959033,25852.18038808841,25852.18038808841,67453.29748399172,74540.05326356193,75869.92784700768,25852.18038808841,101722.1082350961,101722.1082350961,101722.1082350961,128141.48708827762,124756.86653059849,3384.6205576791294,0.0,89508.0316694846,58092.47430080564,34906.17485408773,26419.378853181515,61325.553707269246,20220.903589935275,1450.0,0.0,0.8853719655899177,2.910016562382928,0.001494314312251686,1.0,1.0,-4.762539864409007,357950.47252435965,1587596.657182399,4.435241127037088,1587596.657182399,4.435241127037088,0.7653814914539598,0.09529287449981273,4.18754690228138,101325.0,128351.07116782667,1.2667265844345095,1.0,0.0,4.18754690228138,1.275101384447892,1.2753445818312084,3.284089369955905,6958.591295014574,16243.107769423557,6502.806621004334,0.00019689843088592867,21374.81292943144,2179.6243293511484,19437.324158001033,1982.0554580821213,0.9093564571616607,0.9093564571616608,37372.47643947591,35405.22815468563,1.0699305771985137,0.8,4510.461981112934,4273.035954225843,1.0699305771985137,0.8,17887.489023156744,17887.489023156744,1.0,0.8,4632.441516551485,4632.441516551485,5.580681438874047,5.277141839702638,-2.0724474675008904,7.349589307203528,3.5,3.5,1.0,0.6,0.00019071795061646133,1.005134482897376,0.000189743714758151,200.5651441255678,0.0,8.389100931480625e-06,23.77471203981609,0.008532445918047528,6.639336404628266e-05,0.00012432458657017867,0.0005206150373693649,0.09309867575212429,0.09309867575212429,0.09309867575212429,0.0930421923396642,0.0,0.0,0.0,0.0,0.0,0.0,1.0,1.0,0.0,1.0,1.0,504365.08167482715,590.2436160706334,0.0,0.09309867575212429,0.09529287449981262,0.09529287449981284,0.375,0.375,0.5,7.251629384893395,3.410605131648481e-13,3.410605131648481e-13,3.410605131648481e-13,3.410605131648481e-13,3.410605131648481e-13,3.410605131648481e-13,26419.378853181515,20220.903589935275,0.7653814914539598,1.0999215401457698,0.6783651280913277,41059.97430708969,25750.0,0.0,0.0,0.0,0.0,0.0,0.0,0.0,0.0,0.0,0.0,0.0,0.0,0.0,0.0,0.0,0.0,0.0,0.0,0.0,0.0,41083.7490191295,25750.0,1.0,0.0,0.0,6.0,0.9,167190.3635292044,27865.060588200733,260.7411169434841,260.7411169434841,-12.40888305651589,243.13858000813136,278.34365295506126,148092.6666613371,148269.86895538142,-177.20229404432163,0.0,nan,278.34365295506126,5.193652955061282,271.3026393023169,-1.8473606976830865,264.26162496352157,-8.888375036478408,257.2206099208847,-15.929390079115251,250.17959451098892,-22.970405489011057,243.13858000813136,-30.01141999186862,1.0,1.0,26022.01252070864,26022.01252070864,277.26521457760225,4.1152145776022735,277.26521457760225,277.26521457760225,75840.42233556554,75869.92784700768,-29.50551144214114,0.0,8546.071908451686,8546.071908451686,0.8687533302150333,4208.484636792787,277.26521457760225,4.1152145776022735,1.0,0.002,1.2982739938736216,2.5798155695350387e-05,0.0020126263407696577,8.865295142590195e-06,1.0,1.006313170384829,0.008144805385367215,2.149163591224799e-05,0.9762837411673886,0.9762837411673886,0.0,0.09303288402327162,0.0022599904765411146,0.0,0.0,0.0,1602152.567017147,268.38746013559097,0.0,1.0,1278419.915077042,2622.9318350279796,,,,,,,,,,,,,,,,,17.0,16243.107769423557
1320.0,-32.01851894910425,5.28049818762379,34.9780544409222,24.999251402355753,7.251585615686639,-28.089462812982113,-41.539869632665045,3.735315585270379,-4.769215646099042,-4.769215646099371,40.730924351595384,41492.82972147023,25878.01312183714,25878.01312183714,67370.84284330737,74620.28737046727,76215.63379094312,25878.01312183714,102093.64691278026,102093.64691278026,102093.64691278026,128499.87233603271,125201.83661628801,3298.035719744695,0.0,89404.4896065822,58023.00098366569,34868.32069212945,26406.22542325245,61274.5461153819,20208.443215867475,1450.0,0.0,0.8854461202547713,2.9093023889602123,0.001494314312251686,1.0,1.0,-4.769215646099042,357857.52704442845,1586290.8123650176,4.432744018174802,1586290.8123650176,4.432744018174802,0.7652908695565626,0.09319846452983041,4.183405714582084,101325.0,128351.07116782667,1.2667265844345095,1.0,0.0,4.183405714582084,1.2744391309276433,1.2746809603318103,3.2825465046236078,6955.322148514201,16243.107769423557,6506.185943391066,0.00019771758875395396,21371.22136993437,2179.258092206245,19447.42517875923,1983.085475545597,0.9099819257928987,0.9099819257928987,37342.90652569122,35405.22815468563,1.0688724915343313,0.8,4506.893205783672,4273.035954225843,1.0688724915343313,0.8,17887.489023156744,17887.489023156744,1.0,0.8,4632.441516551485,4632.441516551485,5.5862579223885005,5.28049818762379,-2.076435180346967,7.356933367970758,3.5,3.5,1.0,0.6,0.000189743714758151,1.0046328849086874,0.00018886870777218992,200.60176296416518,0.0,6.513258511143615e-06,18.458574620581004,0.008727843673381837,6.616862742817756e-05,0.00012357508732997345,0.000516964726516191,0.09305306237729162,0.09305306237729162,0.09305306237729162,0.093027148887307,0.0,0.0,0.0,0.0,0.0,0.0,1.0,1.0,0.0,1.0,1.0,504348.36170328833,590.2475909795927,0.0,0.09305306237729162,0.09319846452983029,0.09319846452983055,0.375,0.375,0.5,7.225177982343221,3.410605131648481e-13,3.410605131648481e-13,3.410605131648481e-13,3.410605131648481e-13,3.410605131648481e-13,3.410605131648481e-13,26406.22542325245,20208.443215867475,0.7652908695565626,1.0994915036407769,0.6771625797657959,41059.97430708969,25750.0,0.0,0.0,0.0,0.0,0.0,0.0,0.0,0.0,0.0,0.0,0.0,0.0,0.0,0.0,0.0,0.0,0.0,0.0,0.0,0.0,41078.432881710265,25750.0,1.0,0.0,0.0,6.0,0.9,167190.3635292044,27865.060588200733,260.7632074847843,260.7632074847843,-12.386792515215689,243.10064789724498,278.4257672791051,148655.55768647572,148531.9910596093,123.56662686642085,0.0,nan,278.4257672791051,5.275767279105139,271.3607433881951,-1.7892566118048876,264.2957193871817,-8.854280612818286,257.23069541978094,-15.919304580219034,250.16567153719814,-22.98432846280184,243.10064789724498,-30.049352102754995,1.0,1.0,26022.01252070864,26022.01252070864,277.2989908243574,4.1489908243574405,277.2989908243574,277.2989908243574,76179.08535388859,76215.63379094312,-36.54843705453095,0.0,8546.071908451686,8546.071908451686,0.869016895123214,4204.322743154994,277.2989908243574,4.1489908243574405,1.0,0.002,1.3033523562906406,1.921052176616909e-05,0.002020470996265163,6.603136834131203e-06,1.0,1.0102354981325816,0.013205297807856065,2.7074133099294368e-05,0.9981593991769766,0.9981593991769766,0.0,0.09302692335931229,0.00017154117051812275,0.0,0.0,0.0,1602144.9083045276,268.38078435390094,0.0,1.0,1278442.929725022,2622.8374398427513,,,,,,,,,,,,,,,,,11.0,16243.107769423557
1350.0,-32.05885490469782,5.2759285169889285,34.978524344928935,24.913763848040276,7.191766589121149,-28.131509287464315,-41.580269602686144,3.6476096201454205,-4.7785274067909995,-4.778527406791366,40.787813094898695,41512.274037004674,25890.224003734256,25890.224003734256,67402.49804073892,74557.45040238343,76058.33864193577,25890.224003734256,101948.56264567003,101948.56264567003,101948.56264567003,128371.90684221512,125145.69542613228,3226.2114160828296,0.0,89467.92035983084,58044.413642860854,34915.00746329998,26423.344196545095,61338.35165984508,20226.06098946604,1450.0,0.0,0.8851915803054605,2.908306450392447,0.001494314312251686,1.0,1.0,-4.7785274067909995,357727.913020202,1588782.938054156,4.4413166549976,1588782.938054156,4.4413166549976,0.7654618143342597,0.09306595218016109,4.185943833332565,101325.0,128351.07116782667,1.2667265844345095,1.0,0.0,4.185943833332565,1.2748447421498388,1.2750855329640631,3.2834930363940504,6957.32773575507,16243.107769423557,6504.116887132115,0.00019721525388931795,21373.41634816025,2179.481917694651,19441.24063113998,1982.4548271978688,0.9095991166996292,0.9095991166996292,37361.03051148829,35405.22815468563,1.0695209883567123,0.8,4509.080578863331,4273.035954225843,1.0695209883567123,0.8,17887.489023156744,17887.489023156744,1.0,0.8,4632.441516551485,4632.441516551485,5.588893871888024,5.2759285169889285,-2.084476317050661,7.360404834039589,3.5,3.5,1.0,0.6,0.00018886870777218992,1.004278326852544,0.00018806410804872532,200.63558428989364,0.0,5.850931466325102e-06,16.58153977556534,0.00890337161737159,6.586275030258004e-05,0.00012300595746960987,0.0005148960291330812,0.09312646379294887,0.09312646379294887,0.09312646379294887,0.09296856955791699,0.0,0.0,0.0,0.0,0.0,0.0,1.0,1.0,0.0,1.0,1.0,505351.29811574135,589.9201316638865,0.0,0.09312646379294887,0.09306595218016109,0.09306595218016109,0.375,0.375,0.5,7.075724382015011,3.410605131648481e-13,3.410605131648481e-13,3.410605131648481e-13,3.410605131648481e-13,3.410605131648481e-13,3.410605131648481e-13,26423.344196545095,20226.06098946604,0.7654618143342597,1.0988638627676672,0.6767751808397637,41059.97430708969,25750.0,0.0,0.0,0.0,0.0,0.0,0.0,0.0,0.0,0.0,0.0,0.0,0.0,0.0,0.0,0.0,0.0,0.0,0.0,0.0,0.0,41076.55584686525,25750.0,1.0,0.0,0.0,6.0,0.9,167190.3635292044,27865.060588200733,260.7225538720615,260.7225538720615,-12.427446127938481,243.0598029573394,278.3853048178022,148496.88001919692,148723.44264751158,-226.56262831463044,0.0,nan,278.3853048178022,5.235304817802216,271.32020444075863,-1.8297955592413473,264.2551040503314,-8.89489594966858,257.1900036701247,-15.959996329875253,250.12490329601272,-23.02509670398726,243.0598029573394,-30.090197042660577,1.0,1.0,26022.01252070864,26022.01252070864,277.27127351422797,4.121273514227994,277.27127351422797,277.27127351422797,75999.97517720696,76058.33864193577,-58.36346472881269,0.0,8546.071908451686,8546.071908451686,0.868855358135477,4206.873552499227,277.27127351422797,4.121273514227994,1.0,0.002,1.306256184885532,1.738888083316602e-05,0.002024933421570168,5.979040080463172e-06,1.0,1.012466710785084,0.01608420098628982,3.0912461650631044e-05,0.9989529155178744,0.9989529155178744,0.0,0.092968504265819,9.744791434209435e-05,0.0,0.0,0.0,1602134.224414327,268.371472593209,0.0,1.0,1278475.0304037658,2622.705786017121,,,,,,,,,,,,,,,,,23.0,16243.107769423557
1380.0,-32.096309901788665,5.2773205294627,34.97549911578042,24.89021475138145,7.179976873615853,-28.166452462151852,-41.613951966259606,3.623416505826648,-4.766157363764933,-4.766157363765254,40.77556900003936,41497.516522414706,25861.95557506198,25861.95557506198,67359.47209747668,74520.45277040951,75950.63309966188,25861.95557506198,101812.58867472385,101812.58867472385,101812.58867472385,128235.99982252053,125007.90797008155,3228.0918524389917,0.0,89485.60969619878,58042.27569970435,34937.0377738827,26423.411147796676,61360.44892167937,20225.16523602667,1450.0,0.0,0.8852995338096565,2.9096295460401835,0.001494314312251686,1.0,1.0,-4.766157363764933,357900.1045043652,1588246.3112712211,4.437680490400219,1588246.3112712211,4.437680490400219,0.7654259748258564,0.09405087802533851,4.186650910859122,101325.0,128351.07116782667,1.2667265844345095,1.0,0.0,4.186650910859122,1.2749578268314437,1.275197613120817,3.2837563900163573,6957.88575047917,16243.107769423557,6503.5388893448835,0.00019707537068446395,21374.031798088436,2179.544676121656,19439.51295707433,1982.2786534723205,0.9094920949267458,0.9094920949267458,37366.07915999287,35405.22815468563,1.0697016487490056,0.8,4509.689897252301,4273.035954225843,1.0697016487490056,0.8,17887.489023156744,17887.489023156744,1.0,0.8,4632.441516551485,4632.441516551485,5.582791597618338,5.2773205294627,-2.0750477932272724,7.352368322689973,3.5,3.5,1.0,0.6,0.00018806410804872532,1.0039734247098355,0.0001873198068993498,200.6669991810932,0.0,5.381044521226912e-06,15.24988017315707,0.009064802953008396,6.560873402472181e-05,0.0001224553740240035,0.0005126779031971886,0.09309225450191705,0.09309225450191705,0.09309225450191705,0.09302220751831065,0.0,0.0,0.0,0.0,0.0,0.0,1.0,1.0,0.0,1.0,1.0,505633.7302495751,589.8264169387112,0.0,0.09309225450191705,0.09405087802533947,0.09405087802533756,0.375,0.375,0.5,7.005317840093283,3.410605131648481e-13,3.410605131648481e-13,3.410605131648481e-13,3.410605131648481e-13,3.410605131648481e-13,3.410605131648481e-13,26423.411147796676,20225.16523602667,0.7654259748258564,1.0977669375179193,0.6762909537279012,41059.97430708969,25750.0,0.0,0.0,0.0,0.0,0.0,0.0,0.0,0.0,0.0,0.0,0.0,0.0,0.0,0.0,0.0,0.0,0.0,0.0,0.0,0.0,41075.224187262844,25750.0,1.0,0.0,0.0,6.0,0.9,167190.3635292044,27865.060588200733,260.69584048152,260.69584048152,-12.454159518479969,243.0230217160309,278.36865926119077,148658.0172976181,148806.890864753,-148.87356713491616,0.0,nan,278.36865926119077,5.218659261190794,271.2995317442982,-1.8504682557017986,264.2304042360614,-8.91959576393856,257.16127671841593,-15.988723281584043,250.09214921312295,-23.057850786877026,243.0230217160309,-30.126978283969066,1.0,1.0,26022.01252070864,26022.01252070864,277.2710406276944,4.121040627694413,277.2710406276944,277.2710406276944,75923.6412484012,75950.63309966188,-26.99185126068187,0.0,8546.071908451686,8546.071908451686,0.8688103560725566,4207.584165413417,277.2710406276944,4.121040627694413,1.0,0.002,1.3371102946510558,5.927129347842041e-06,0.0020728160722353704,2.0370735360137093e-06,1.0,1.036408036117685,0.046971422648691474,7.485314577138384e-05,0.9890585024092295,0.9890585024092295,0.0,0.09302182057001443,0.0010290574553240874,0.0,0.0,0.0,1602148.4169636073,268.38384263623504,0.0,1.0,1278432.3864555657,2622.8806827491426,,,,,,,,,,,,,,,,,14.0,16243.107769423557
1410.0,-32.1261844597368,5.286457298359022,34.97903137228332,25.001825380045943,7.259764573649735,-28.185519929345677,-41.63275257507337,3.7378305573488357,-4.744669642046176,-4.744669642046538,40.849024576061254,41412.96200812711,25830.151871544313,25830.151871544313,67243.11387967142,74595.63918957899,76145.45471844905,25830.151871544313,101975.60658999336,101975.60658999336,101975.60658999336,128433.19476347309,125284.07725480551,3149.117508667577,0.0,89403.440940147,57988.33200804151,34905.67659122833,26457.588173479726,61363.26476470806,20257.27481952178,1450.0,0.0,0.885142609522608,2.911928995642584,0.001494314312251686,1.0,1.0,-4.744669642046176,358199.36901630537,1591467.7320735385,4.442966319131328,1591467.7320735385,4.442966319131328,0.7656508479418789,0.09312669699007721,4.1833638012290475,101325.0,128351.07116782667,1.2667265844345095,1.0,0.0,4.1833638012290475,1.274432520531747,1.2746712594137435,3.2825306431160213,6955.288539882953,16243.107769423557,6506.22050482032,0.0001977260009490204,21371.184813972144,2179.2543645355086,19447.528485184117,1983.0960098692335,0.9099883162523412,0.9099883162523413,37342.60721587534,35405.22815468563,1.0688617825490823,0.8,4506.857082259792,4273.035954225843,1.0688617825490823,0.8,17887.489023156744,17887.489023156744,1.0,0.8,4632.441516551485,4632.441516551485,5.5759261674981655,5.286457298359022,-2.0568694597203847,7.343326758079407,3.5,3.5,1.0,0.6,0.0001873198068993498,1.0031688622134098,0.0001867280913066261,200.69206244925948,0.0,4.9785559377407775e-06,14.109227527557364,0.00921415963114062,6.54673432117097e-05,0.0001218524636876401,0.0005097531856814505,0.09318034456636078,0.09318034456636078,0.09318034456636078,0.09307922025303424,0.0,0.0,0.0,0.0,0.0,0.0,1.0,1.0,0.0,1.0,1.0,506504.7513188631,589.5430059060723,0.0,0.09318034456636078,0.09312669699007756,0.09312669699007686,0.375,0.375,0.5,6.899730134995325,3.410605131648481e-13,3.410605131648481e-13,3.410605131648481e-13,3.410605131648481e-13,3.410605131648481e-13,3.410605131648481e-13,26457.588173479726,20257.27481952178,0.7656508479418789,1.0958203436128948,0.6748819862652583,41059.97430708969,25750.0,0.0,0.0,0.0,0.0,0.0,0.0,0.0,0.0,0.0,0.0,0.0,0.0,0.0,0.0,0.0,0.0,0.0,0.0,0.0,0.0,41074.083534617246,25750.0,1.0,0.0,0.0,6.0,0.9,167190.3635292044,27865.060588200733,260.7140239755464,260.7140239755464,-12.435976024453566,242.99699767002753,278.43104772021115,149082.00869162934,148979.23932351952,102.76936810984581,0.0,nan,278.43104772021115,5.281047720211177,271.344239299686,-1.8057607003139537,264.25742998945867,-8.892570010541306,257.17061990504106,-15.979380094958913,250.0838092688541,-23.066190731145866,242.99699767002753,-30.153002329972452,1.0,1.0,26022.01252070864,26022.01252070864,277.3153249770187,4.165324977018713,277.3153249770187,277.3153249770187,76128.28175078478,76145.45471844905,-17.17296766427171,0.0,8546.071908451686,8546.071908451686,0.8690195626459245,4204.280620235193,277.3153249770187,4.165324977018713,1.0,0.002,1.3384765368468319,1.3730987577695197e-05,0.0020750265648227925,4.715426646131232e-06,1.0,1.0375132824113962,0.04839518604625748,7.974199146892381e-05,0.9994929454557726,0.9994929454557726,0.0,0.0930794766751795,4.7220314897706054e-05,0.0,0.0,0.0,1602173.0652343365,268.4053303579538,0.0,1.0,1278358.3034651189,2623.1845601175264,,,,,,,,,,,,,,,,,9.0,16243.107769423557
1440.0,-32.155534945426254,5.284426269975206,34.978030422175934,24.911831644736253,7.199702502302775,-28.217725432539744,-41.66359336869789,3.6455168133894222,-4.766134178126379,-4.766134178126754,40.785527890716104,41441.45567825208,25880.193153862543,25880.193153862543,67321.64883211462,74517.20576262976,76027.4656701593,25880.193153862543,101907.65882402184,101907.65882402184,101907.65882402184,128334.661390398,125219.33087708692,3115.3305133110825,0.0,89470.12216656696,58015.223876573706,34949.88698888139,26427.00256637616,61376.889555257556,20228.710642875707,1450.0,0.0,0.8852634449454535,2.9096320264145756,0.001494314312251686,1.0,1.0,-4.766134178126379,357900.42731040757,1588682.7731129858,4.438895994206564,1588682.7731129858,4.438895994206564,0.7654561122498729,0.0930469892749366,4.186031817262278,101325.0,128351.07116782667,1.2667265844345095,1.0,0.0,4.186031817262278,1.274858767537085,1.2750968318746614,3.2835259276204556,6957.397428316984,16243.107769423557,6504.0447543226555,0.00019719778616695887,21373.493100939122,2179.489744299952,19441.025021345376,1982.4328411175454,0.9095857625860494,0.9095857625860494,37361.6587403426,35405.22815468563,1.0695434685101048,0.8,4509.156399430572,4273.035954225843,1.0695434685101048,0.8,17887.489023156744,17887.489023156744,1.0,0.8,4632.441516551485,4632.441516551485,5.586728523478148,5.284426269975206,-2.073126865451246,7.357553135426452,3.5,3.5,1.0,0.6,0.0001867280913066261,1.0031139495701833,0.00018614843446912067,200.71669155696594,0.0,3.9584207562368656e-06,11.218164423175278,0.009332912253827727,6.523601393573231e-05,0.00012149207737089378,0.0005085697014198518,0.093085605527666,0.093085605527666,0.093085605527666,0.09301849480252286,0.0,0.0,0.0,0.0,0.0,0.0,1.0,1.0,0.0,1.0,1.0,506524.58778012963,589.5331844621518,0.0,0.093085605527666,0.09304698927493658,0.09304698927493661,0.375,0.375,0.5,6.831992384059907,3.979039320256561e-13,3.979039320256561e-13,3.979039320256561e-13,3.979039320256561e-13,3.979039320256561e-13,3.979039320256561e-13,26427.00256637616,20228.710642875707,0.7654561122498729,1.0968566396885426,0.6751964131538856,41059.97430708969,25750.0,0.0,0.0,0.0,0.0,0.0,0.0,0.0,0.0,0.0,0.0,0.0,0.0,0.0,0.0,0.0,0.0,0.0,0.0,0.0,0.0,41071.19247151286,25750.0,1.0,0.0,0.0,6.0,0.9,167190.3635292044,27865.060588200733,260.6775542306678,260.6775542306678,-12.472445769332182,242.9667622698153,278.3883458644621,148907.76577294225,149111.0117500371,-203.24597709484752,0.0,nan,278.3883458644621,5.238345864462133,271.30402933794767,-1.8459706620523093,264.21971272619885,-8.930287273801127,257.13539599420477,-16.014604005795206,250.051079191378,-23.098920808621983,242.9667622698153,-30.183237730184686,1.0,1.0,26022.01252070864,26022.01252070864,277.280054209309,4.130054209309037,277.280054209309,277.280054209309,75961.92480796236,76027.4656701593,-65.54086219694,0.0,8546.071908451686,8546.071908451686,0.8688497583970881,4206.96197634859,277.280054209309,4.130054209309037,1.0,0.002,1.3393212573406013,4.264756884958749e-06,0.0020762436522698898,1.4657375387134571e-06,1.0,1.038121826134945,0.04918244740240851,7.770938980860339e-05,0.9996902815495202,0.9996902815495202,0.0,0.09301817090559655,2.8818369340041977e-05,0.0,0.0,0.0,1602148.4435631512,268.3838658218736,0.0,1.0,1278432.3065235799,2622.8810105916273,,,,,,,,,,,,,,,,,16.0,16243.107769423557
1470.0,-32.18201972419143,5.286033488759803,34.97811951490603,24.937307950481795,7.220706085434076,-28.23938786151445,-41.684590944182105,3.6716125070661962,-4.760668281326389,-4.76066828132675,40.777255486704675,41406.62904008766,25870.257057972874,25870.257057972874,67276.88609806054,74522.69844895891,76060.01025415327,25870.257057972874,101930.26731212615,101930.26731212615,101930.26731212615,128356.26800919464,125253.3466670338,3102.92134216085,0.0,89451.522410248,57997.02878054559,34949.43736633601,26426.000697068488,61375.438063404494,20227.29594414636,1450.0,0.0,0.8853215354912018,2.9102168087123848,0.001494314312251686,1.0,1.0,-4.760668281326389,357976.53357406793,1588320.2174564973,4.4369394876210855,1588320.2174564973,4.4369394876210855,0.7654315980696327,0.0930538447012233,4.1852879770159905,101325.0,128351.07116782667,1.2667265844345095,1.0,0.0,4.1852879770159905,1.274739775598622,1.2749770787658086,3.283248908625735,6956.81045830854,16243.107769423557,6504.65178253662,0.00019734487899879876,21372.847675352747,2179.423929206482,19442.839469299244,1982.617863317162,0.9096981256138743,0.9096981256138743,37356.347438274446,35405.22815468563,1.0693534151345545,0.8,4508.515381539038,4273.035954225843,1.0693534151345545,0.8,17887.489023156744,17887.489023156744,1.0,0.8,4632.441516551485,4632.441516551485,5.584583629505029,5.286033488759803,-2.0686948859304235,7.354728374690227,3.5,3.5,1.0,0.6,0.00018614843446912067,1.002810134177248,0.0001856267982591196,200.73892063147073,0.0,3.878226755415453e-06,10.990894624847394,0.00944925905649019,6.507894913918912e-05,0.00012106948532993155,0.0005067106613348764,0.09306651171873175,0.09306651171873175,0.09306651171873175,0.09304329485596563,0.0,0.0,0.0,0.0,0.0,0.0,1.0,1.0,0.0,1.0,1.0,506619.4635278381,589.5014616725954,0.0,0.09306651171873175,0.09305384470122327,0.09305384470122334,0.375,0.375,0.5,6.8041812618832,3.410605131648481e-13,3.410605131648481e-13,3.410605131648481e-13,3.410605131648481e-13,3.410605131648481e-13,3.410605131648481e-13,26426.000697068488,20227.29594414636,0.7654315980696327,1.0961532531720506,0.6746449450562314,41059.97430708969,25750.0,0.0,0.0,0.0,0.0,0.0,0.0,0.0,0.0,0.0,0.0,0.0,0.0,0.0,0.0,0.0,0.0,0.0,0.0,0.0,0.0,41070.965201714534,25750.0,1.0,0.0,0.0,6.0,0.9,167190.3635292044,27865.060588200733,260.6704142129402,260.6704142129402,-12.479585787059762,242.94185315010265,278.39897522462167,149142.78577544325,149182.57828272082,-39.79250727759283,0.0,nan,278.39897522462167,5.248975224621688,271.3075508443532,-1.8424491556467615,264.2161264454802,-8.933873554519778,257.1247020219197,-16.02529797808029,250.0332775911638,-23.116722408836182,242.94185315010265,-30.208146849897332,1.0,1.0,26022.01252070864,26022.01252070864,277.2893282397572,4.139328239757219,277.2893282397572,277.2893282397572,76011.78049615068,76060.01025415327,-48.22975800259155,0.0,8546.071908451686,8546.071908451686,0.8688971000025554,4206.214416901071,277.2893282397572,4.139328239757219,1.0,0.002,1.3396176539707998,3.987453095782679e-06,0.0020767266846197707,1.3701567126701167e-06,1.0,1.0383633423098853,0.049493475481639404,7.809684133244094e-05,0.9998865197646659,0.9998865197646659,0.0,0.09304328492902786,1.055977219543619e-05,0.0,0.0,0.0,1602154.7140527777,268.3893317186736,0.0,1.0,1278413.4626677458,2622.9583006095363,,,,,,,,,,,,,,,,,6.0,16243.107769423557
1500.0,-32.209026670928274,5.286287675906535,34.977511450827244,24.912663758173608,7.207998499733519,-28.265047302025426,-41.70923052644355,3.6463123169774962,-4.760379830638669,-4.760379830639054,40.782764702627134,41399.78234511309,25870.168829354887,25870.168829354887,67269.95117446798,74485.50446916735,76029.83798461783,25870.168829354887,101900.00681397272,101900.00681397272,101900.00681397272,128328.09449411526,125237.90053138912,3090.1939627261263,0.0,89469.91610757666,57998.85665357866,34967.84383777556,26428.087680142533,61395.93151791809,20229.334703997458,1450.0,0.0,0.8853029875062881,2.9102476718909642,0.001494314312251686,1.0,1.0,-4.760379830638669,357980.550267509,1588561.6635797326,4.437564170435081,1588561.6635797326,4.437564170435081,0.7654482968586986,0.09311689773017867,4.186023501418344,101325.0,128351.07116782667,1.2667265844345095,1.0,0.0,4.186023501418344,1.2748573603777023,1.275094020387868,3.283523028943528,6957.391286368405,16243.107769423557,6504.05111196433,0.00019719932561539557,21373.486335483234,2179.4890544154464,19441.044024761795,1982.4347789267279,0.9095869396134363,0.9095869396134364,37361.59936309972,35405.22815468563,1.069541343787467,0.8,4509.1492332264,4273.035954225843,1.069541343787467,0.8,17887.489023156744,17887.489023156744,1.0,0.8,4632.441516551485,4632.441516551485,5.584564583691355,5.286287675906535,-2.0684156160209386,7.354703291927473,3.5,3.5,1.0,0.6,0.0001856267982591196,1.0028662521394593,0.00018509626569157518,200.7615925541982,0.0,3.4904229919301817e-06,9.891858759130136,0.009553971746248096,6.489508773325302e-05,0.00012073171052586658,0.000505385777627714,0.09307065559278377,0.09307065559278377,0.09307065559278377,0.09304233226052071,0.0,0.0,0.0,0.0,0.0,0.0,1.0,1.0,0.0,1.0,1.0,506805.9934167099,589.440209983909,0.0,0.09307065559278377,0.09311689773017869,0.09311689773017867,0.375,0.375,0.5,6.771333830733964,3.979039320256561e-13,3.979039320256561e-13,3.979039320256561e-13,3.979039320256561e-13,3.979039320256561e-13,3.979039320256561e-13,26428.087680142533,20229.334703997458,0.7654482968586986,1.095674412152792,0.6743082370699233,41059.97430708969,25750.0,0.0,0.0,0.0,0.0,0.0,0.0,0.0,0.0,0.0,0.0,0.0,0.0,0.0,0.0,0.0,0.0,0.0,0.0,0.0,0.0,41069.86616584882,25750.0,1.0,0.0,0.0,6.0,0.9,167190.3635292044,27865.060588200733,260.652215680518,260.652215680518,-12.49778431948198,242.91574137342386,278.3886899830227,149192.32695462654,149293.74708555633,-101.42013092977174,0.0,nan,278.3886899830227,5.238689983022709,271.2941002480927,-1.855899751907259,264.19951053886024,-8.950489461139739,257.1049208348768,-16.045079165123184,250.01033110483172,-23.139668895168256,242.91574137342386,-30.23425862657612,1.0,1.0,26022.01252070864,26022.01252070864,277.2860861480087,4.136086148008701,277.2860861480087,277.2860861480087,75942.81370844397,76029.83798461783,-87.02427617386275,0.0,8546.071908451686,8546.071908451686,0.8688502876592453,4206.953618925436,277.2860861480087,4.136086148008701,1.0,0.002,1.341838686581829,7.73705554419119e-07,0.0020801710595879305,2.6585557026367987e-07,1.0,1.0400855297939653,0.051715280242699224,8.043691515819415e-05,0.999197770915466,0.999197770915466,0.0,0.09304219664655794,7.470108362072534e-05,0.0,0.0,0.0,1602155.0449520247,268.3896201693613,0.0,1.0,1278412.4682083593,2622.9623795759526,,,,,,,,,,,,,,,,,12.0,16243.107769423557
1530.0,-32.22812427258128,5.274026364100806,34.975459274887406,24.89837781703102,7.187888748251441,-28.282927819829464,-41.72663471018893,3.6316346389817804,-4.765348294087801,-4.765348294088141,40.799892943848754,41393.9463781204,25851.38974483653,25851.38974483653,67245.33612295694,74517.56780154341,75970.4071880029,25851.38974483653,101821.79693283942,101821.79693283942,101821.79693283942,128254.24897866097,125201.06879072641,3053.180187934552,0.0,89480.64453261561,57997.96730554909,34980.752474518355,26432.45204582155,61413.2045203399,20234.03400331523,1450.0,0.0,0.8852152381789594,2.909716100421802,0.001494314312251686,1.0,1.0,-4.765348294087801,357911.3690512846,1589312.500579913,4.440519743177486,1589312.500579913,4.440519743177486,0.7654996959131468,0.093114156294578,4.186452446931498,101325.0,128351.07116782667,1.2667265844345095,1.0,0.0,4.186452446931498,1.2749260530386692,1.2751620493756917,3.283682561003027,6957.72931565916,16243.107769423557,6503.701028789188,0.00019711459098766982,21373.859052955766,2179.527061020406,19439.997602723728,1982.3280735749445,0.9095221202010965,0.9095221202010965,37364.6621124974,35405.22815468563,1.0696509406304842,0.8,4509.518874631841,4273.035954225843,1.0696509406304842,0.8,17887.489023156744,17887.489023156744,1.0,0.8,4632.441516551485,4632.441516551485,5.580510763594273,5.274026364100806,-2.0753381689017627,7.349364533002568,3.5,3.5,1.0,0.6,0.00018509626569157518,1.0020263689003681,0.00018472195087510654,200.77762749728328,0.0,3.55035210540287e-06,10.061697866711734,0.009660482309410181,6.476550682467115e-05,0.00012033075886690403,0.0005037589998994744,0.09308918581041667,0.09308918581041667,0.09308918581041667,0.0930161171362331,0.0,0.0,0.0,0.0,0.0,0.0,1.0,1.0,0.0,1.0,1.0,507287.306981748,589.2822684900846,0.0,0.09308918581041667,0.09311415629457799,0.09311415629457802,0.375,0.375,0.5,6.68951063865306,3.410605131648481e-13,3.410605131648481e-13,3.410605131648481e-13,3.410605131648481e-13,3.410605131648481e-13,3.410605131648481e-13,26432.45204582155,20234.03400331523,0.7654996959131468,1.094965433707102,0.6740235540780294,41059.97430708969,25750.0,0.0,0.0,0.0,0.0,0.0,0.0,0.0,0.0,0.0,0.0,0.0,0.0,0.0,0.0,0.0,0.0,0.0,0.0,0.0,0.0,41070.0360049564,25750.0,1.0,0.0,0.0,6.0,0.9,167190.3635292044,27865.060588200733,260.63278505667273,260.63278505667273,-12.517214943327247,242.89570961462053,278.3698602367636,149200.57261693882,149308.42224732364,-107.84963038479961,0.0,nan,278.3698602367636,5.219860236763623,271.27502852842764,-1.8749714715723371,264.18020128486785,-8.969798715132129,257.08537087884,-16.064629121159953,249.9905397965169,-23.159460203483064,242.89570961462053,-30.25429038537945,1.0,1.0,26022.01252070864,26022.01252070864,277.27416351927155,4.124163519271576,277.27416351927155,277.27416351927155,75939.57015507796,75970.4071880029,-30.8370329249301,0.0,8546.071908451686,8546.071908451686,0.8688229873651402,4207.3847091661555,277.27416351927155,4.124163519271576,1.0,0.002,1.3448191053545413,2.9641636548457225e-07,0.0020847699299424228,1.0187123253763581e-07,1.0,1.0423849649712114,0.054682399102564005,8.48718011749604e-05,0.9989469243680279,0.9989469243680279,0.0,0.09301610004559255,9.805624898546164e-05,0.0,0.0,0.0,1602149.345157882,268.3846517059122,0.0,1.0,1278429.597199126,2622.892122968744,,,,,,,,,,,,,,,,,12.0,16243.107769423557
1560.0,-32.24559630369451,5.279642476925622,34.97413464492996,24.910238244943343,7.198179856752221,-28.298883526445866,-41.74202737687153,3.6437787777016735,-4.7603721739668,-4.760372173967202,40.79302436615746,41379.05436783835,25853.037726049017,25853.037726049017,67232.09209388736,74517.98152396732,75941.76155132614,25853.037726049017,101794.79927737516,101794.79927737516,101794.79927737516,128226.58082942615,125182.62590460492,3043.9549248212306,0.0,89472.019504539,57987.6893990532,34982.58900609533,26431.78155205099,61414.37055814632,20232.98330449311,1450.0,0.0,0.8852657280085914,2.910248491130637,0.001494314312251686,1.0,1.0,-4.7603721739668,357980.65688761405,1589011.3760473796,4.438819096715163,1589011.3760473796,4.438819096715163,0.7654793629649652,0.09334555630811751,4.18610765683969,101325.0,128351.07116782667,1.2667265844345095,1.0,0.0,4.18610765683969,1.274870883572581,1.2751063924695052,3.2835542099047133,6957.457355083545,16243.107769423557,6503.982716592786,0.00019718276549722354,21373.559124393392,2179.4964768186273,19440.83958641923,1982.4139320174813,0.9095742769500484,0.9095742769500486,37362.200253145274,35405.22815468563,1.0695628457456865,0.8,4509.221754289051,4273.035954225843,1.0695628457456865,0.8,17887.489023156744,17887.489023156744,1.0,0.8,4632.441516551485,4632.441516551485,5.580866511466446,5.279642476925622,-2.070190565305798,7.3498330422314195,3.5,3.5,1.0,0.6,0.00018472195087510654,1.0018540070362423,0.00018438010885594452,200.7922995902647,0.0,2.505134692921796e-06,7.0995517197403695,0.009735636350197835,6.465110194040601e-05,0.00012007084893470053,0.0005026295000887917,0.09307134705705256,0.09307134705705256,0.09307134705705256,0.09303844260453904,0.0,0.0,0.0,0.0,0.0,0.0,1.0,1.0,0.0,1.0,1.0,507433.42206635873,589.2336856858499,0.0,0.09307134705705256,0.09334555630811767,0.09334555630811736,0.375,0.375,0.5,6.652577032332707,3.979039320256561e-13,3.979039320256561e-13,3.979039320256561e-13,3.979039320256561e-13,3.979039320256561e-13,3.979039320256561e-13,26431.78155205099,20232.98330449311,0.7654793629649652,1.0947289939287563,0.6737682726661051,41059.97430708969,25750.0,0.0,0.0,0.0,0.0,0.0,0.0,0.0,0.0,0.0,0.0,0.0,0.0,0.0,0.0,0.0,0.0,0.0,0.0,0.0,0.0,41067.073858809425,25750.0,1.0,0.0,0.0,6.0,0.9,167190.3635292044,27865.060588200733,260.62713872096265,260.62713872096265,-12.522861279037329,242.8790860329777,278.3751913825045,149331.592141583,149363.0590188669,-31.466877283866612,0.0,nan,278.3751913825045,5.2251913825045335,271.27597009377916,-1.8740299062208123,264.1767494168993,-8.97325058310065,257.0775282949048,-16.072471705095154,249.97830710471032,-23.171692895289652,242.8790860329777,-30.270913967022267,1.0,1.0,26022.01252070864,26022.01252070864,277.2757877325769,4.125787732576896,277.2757877325769,277.2757877325769,75972.64982699994,75941.76155132614,30.888275673802127,0.0,8546.071908451686,8546.071908451686,0.8688449315831976,4207.038195123889,277.2757877325769,4.125787732576896,1.0,0.002,1.3540140352585042,9.585512046920412e-07,0.002099045796885051,3.293709137255294e-07,1.0,1.0495228984425253,0.06389064941543343,9.937516779877625e-05,0.9967100739384244,0.9967100739384244,0.0,0.09303845632968716,0.00030709997843035146,0.0,0.0,0.0,1602155.0537354397,268.3896278260332,0.0,1.0,1278412.4418112787,2622.962487848771,,,,,,,,,,,,,,,,,4.0,16243.107769423557
1590.0,-32.26673896304269,5.293123444400976,34.97732190262583,24.968533228989713,7.252511212422366,-28.312511560576304,-41.7552077100612,3.7035417561775987,-4.740869819906436,-4.7408698199067825,40.81379963043145,41324.81895737526,25837.532655592473,25837.532655592473,67162.35161296773,74504.03028194928,76086.55499070801,25837.532655592473,101924.08764630048,101924.08764630048,101924.08764630048,128370.3933042331,125327.55139442417,3042.8419098089403,0.0,89429.08104259096,57959.07672206291,34966.671467253385,26446.305657932626,61412.97712518601,20245.81484754169,1450.0,0.0,0.8852901665521753,2.9123357724852412,0.001494314312251686,1.0,1.0,-4.740869819906436,358252.31044742663,1589922.3140372082,4.437995981244422,1589922.3140372082,4.437995981244422,0.7655441599068455,0.09311760884869241,4.184390195823601,101325.0,128351.07116782667,1.2667265844345095,1.0,0.0,4.184390195823601,1.2745963839747003,1.2748314064295982,3.2829139078325347,6956.100631826741,16243.107769423557,6505.384370727029,0.00019752268300026208,21372.07020794792,2179.3446495947055,19445.02922442518,1982.8411561975986,0.9098336770947858,0.9098336770947858,37349.936687892005,35405.22815468563,1.0691240293935023,0.8,4507.7416718835575,4273.035954225843,1.0691240293935023,0.8,17887.489023156744,17887.489023156744,1.0,0.8,4632.441516551485,4632.441516551485,5.577519449144958,5.293123444400976,-2.0523016176011493,7.345425062002125,3.5,3.5,1.0,0.6,0.00018438010885594452,1.0022443033191102,0.0001839672305897245,200.81005667835683,0.0,2.2879748374707475e-06,6.484120689392099,0.009804275595321958,6.455328866835395e-05,0.00011982682018759056,0.0005014021715896716,0.09309468347412889,0.09309468347412889,0.09309468347412889,0.09310774166100223,0.0,0.0,0.0,0.0,0.0,0.0,1.0,1.0,0.0,1.0,1.0,507468.38410778856,589.2232194463616,0.0,0.09309468347412889,0.09311760884869255,0.09311760884869226,0.375,0.375,0.5,6.666214582978616,3.410605131648481e-13,3.410605131648481e-13,3.410605131648481e-13,3.410605131648481e-13,3.410605131648481e-13,3.410605131648481e-13,26446.305657932626,20245.81484754169,0.7655441599068455,1.0936182344012086,0.6729004339447271,41059.97430708969,25750.0,0.0,0.0,0.0,0.0,0.0,0.0,0.0,0.0,0.0,0.0,0.0,0.0,0.0,0.0,0.0,0.0,0.0,0.0,0.0,0.0,41066.45842777908,25750.0,1.0,0.0,0.0,6.0,0.9,167190.3635292044,27865.060588200733,260.6408181385621,260.6408181385621,-12.509181861437867,242.8617791581137,278.4198572815898,149610.12088837186,149533.28814338162,76.83274499026633,0.0,nan,278.4198572815898,5.26985728158985,271.3082421069463,-1.841757893053682,264.19662624816783,-8.953373751832146,257.08500977114954,-16.064990228850434,249.97339426540574,-23.176605734594233,242.8617791581137,-30.28822084188627,1.0,1.0,26022.01252070864,26022.01252070864,277.31223277573855,4.162232775738573,277.31223277573855,277.31223277573855,76030.87862759137,76086.55499070801,-55.67636311663955,0.0,8546.071908451686,8546.071908451686,0.8689542388010625,4205.312146802719,277.31223277573855,4.162232775738573,1.0,0.002,1.3540186259392621,1.4517932548519306e-06,0.002099137859225676,4.984978959390534e-07,1.0,1.0495689296128379,0.06394744744245884,9.9636357121615e-05,0.9998941461647779,0.9998941461647779,0.0,0.09310775199266906,9.856856023345707e-06,0.0,0.0,0.0,1602177.4232600038,268.40913018009354,0.0,1.0,1278345.2019136648,2623.238305860675,,,,,,,,,,,,,,,,,11.0,16243.107769423557
1620.0,-32.282415187066846,5.291578774519997,34.976252920274845,24.904434580262773,7.2017162540987325,-28.331678947733373,-41.77364908447487,3.63778793876888,-4.758223411923723,-4.758223411924079,40.79287144695166,41353.17134319038,25878.240630093493,25878.240630093493,67231.41197328387,74481.82151500175,75976.17309170778,25878.240630093493,101854.41372180128,101854.41372180128,101854.41372180128,128286.91696707546,125258.77953048743,3028.137436588034,0.0,89476.57359025447,57979.00223066379,34997.30151065631,26432.50324527419,61429.8047559305,20233.528877665856,1450.0,0.0,0.8852772989203899,2.910478409071241,0.001494314312251686,1.0,1.0,-4.758223411923723,358010.579650099,1589004.6724243856,4.4384293726107105,1589004.6724243856,4.4384293726107105,0.7654791031297183,0.09304870486918311,4.186289726929717,101325.0,128351.07116782667,1.2667265844345095,1.0,0.0,4.186289726929717,1.2749000236922632,1.2751345757292847,3.283621969670783,6957.6009298968975,16243.107769423557,6503.834036609168,0.0001971467759890214,21373.71740294665,2179.51261673932,19440.39517199853,1982.3686143584744,0.9095467487241322,0.9095467487241322,37363.500269319724,35405.22815468563,1.069609365190378,0.8,4509.378652468897,4273.035954225843,1.069609365190378,0.8,17887.489023156744,17887.489023156744,1.0,0.8,4632.441516551485,4632.441516551485,5.586307034342866,5.291578774519997,-2.065419272414898,7.356998046934895,3.5,3.5,1.0,0.6,0.0001839672305897245,1.0016638098104949,0.00018366165253043268,200.82322450564678,0.0,2.763670268030084e-06,7.832241539597258,0.00988718570336286,6.44166621568715e-05,0.000119550568432853,0.0005004733164790606,0.0930682620991983,0.0930682620991983,0.0930682620991983,0.09304700906704455,0.0,0.0,0.0,0.0,0.0,0.0,1.0,1.0,0.0,1.0,1.0,507498.62309587706,589.2121552675708,0.0,0.0930682620991983,0.09304870486918311,0.09304870486918311,0.375,0.375,0.5,6.639016109031967,3.410605131648481e-13,3.410605131648481e-13,3.410605131648481e-13,3.410605131648481e-13,3.410605131648481e-13,3.410605131648481e-13,26432.50324527419,20233.528877665856,0.7654791031297183,1.0944428724851722,0.6731776457290156,41059.97430708969,25750.0,0.0,0.0,0.0,0.0,0.0,0.0,0.0,0.0,0.0,0.0,0.0,0.0,0.0,0.0,0.0,0.0,0.0,0.0,0.0,0.0,41067.80654862928,25750.0,1.0,0.0,0.0,6.0,0.9,167190.3635292044,27865.060588200733,260.6137173174901,260.6137173174901,-12.536282682509864,242.84440514097332,278.38302944159307,149431.07905367503,149582.17396279462,-151.09490911958744,0.0,nan,278.38302944159307,5.233029441593089,271.2753047480269,-1.874695251973094,264.16757989065894,-8.982420109341035,257.05985478251205,-16.09014521748793,249.9521299011764,-23.197870098823586,242.84440514097332,-30.305594859026655,1.0,1.0,26022.01252070864,26022.01252070864,277.2819630861056,4.1319630861056,277.2819630861056,277.2819630861056,75931.15308168791,75976.17309170778,-45.020010019870824,0.0,8546.071908451686,8546.071908451686,0.8688333437115545,4207.221175564366,277.2819630861056,4.1319630861056,1.0,0.002,1.3540640233822812,1.2202725504572129e-06,0.002099132649427504,4.192687176973811e-07,1.0,1.049566324713752,0.06394638955711551,9.955191814520117e-05,0.9999816837909022,0.9999816837909022,0.0,0.09304700056964844,1.7042995346594684e-06,0.0,0.0,0.0,1602157.5186721801,268.39177658807625,0.0,1.0,1278405.0337113081,2622.9928738770227,,,,,,,,,,,,,,,,,13.0,16243.107769423557
1650.0,-32.28761859071346,5.292901713013073,34.97613078220485,24.910253786388807,7.207145645804081,-28.33327068415922,-41.775553033780284,3.643740088375632,-4.756722617922833,-4.756722617923125,40.787391886699275,41336.5719076244,25877.78265216071,25877.78265216071,67214.3545597851,74480.43901167042,75987.97630212354,25877.78265216071,101865.75895428425,101865.75895428425,101865.75895428425,128296.83309219894,125268.792497773,3028.040594425944,0.0,89472.38327896084,57974.49278809566,34997.656100961314,26431.07413791469,61428.730238876,20232.000024365312,1450.0,0.0,0.8853049109212716,2.9106390028190208,0.001494314312251686,1.0,1.0,-4.756722617922833,358031.4802442435,1588764.475321433,4.437499390382104,1588764.475321433,4.437499390382104,0.7654626489561782,0.09305574985224283,4.18612222131521,101325.0,128351.07116782667,1.2667265844345095,1.0,0.0,4.18612222131521,1.274873234541778,1.2751073920566467,3.283559579019485,6957.468731593471,16243.107769423557,6503.970938014708,0.00019717991390295146,21373.571660994196,2179.497755196137,19440.804379461133,1982.410341906883,0.9095720962229127,0.9095720962229127,37362.30424677491,35405.22815468563,1.0695665670121137,0.8,4509.234305218437,4273.035954225843,1.0695665670121137,0.8,17887.489023156744,17887.489023156744,1.0,0.8,4632.441516551485,4632.441516551485,5.586208171155677,5.292901713013073,-2.0639661340830773,7.356867847096151,3.5,3.5,1.0,0.6,0.00018366165253043268,1.0005520088458113,0.00018356032560695764,200.82759564353114,0.0,2.04557237350535e-06,5.797152106514162,0.009948552874568022,6.440257162302417e-05,0.00011925908090740852,0.0004992330886801312,0.09305898483081626,0.09305898483081626,0.09305898483081626,0.09305504551234502,0.0,0.0,0.0,0.0,0.0,0.0,1.0,1.0,0.0,1.0,1.0,507475.00503834797,589.2196682850443,0.0,0.09305898483081626,0.09305574985224283,0.09305574985224281,0.375,0.375,0.5,6.638379557370074,2.8421709430404007e-13,2.8421709430404007e-13,2.8421709430404007e-13,2.8421709430404007e-13,2.8421709430404007e-13,2.8421709430404007e-13,26431.07413791469,20232.000024365312,0.7654626489561782,1.0941843384750218,0.6729191983438393,41059.97430708969,25750.0,0.0,0.0,0.0,0.0,0.0,0.0,0.0,0.0,0.0,0.0,0.0,0.0,0.0,0.0,0.0,0.0,0.0,0.0,0.0,0.0,41065.7714591962,25750.0,1.0,0.0,0.0,6.0,0.9,167190.3635292044,27865.060588200733,260.6103217898049,260.6103217898049,-12.539678210195063,242.8381529641153,278.3824944475304,149530.53309790534,149551.2744468238,-20.741348918464453,0.0,nan,278.3824944475304,5.232494447530428,271.2736239970097,-1.8763760029902983,264.16475449065973,-8.985245509340245,257.05588603070765,-16.094113969292323,249.94701880880672,-23.20298119119326,242.8381529641153,-30.311847035884682,1.0,1.0,26022.01252070864,26022.01252070864,277.28484500707833,4.134845007078354,277.28484500707833,277.28484500707833,75939.78310043266,75987.97630212354,-48.19320169088314,0.0,8546.071908451686,8546.071908451686,0.8688440046260735,4207.052832421786,277.28484500707833,4.134845007078354,1.0,0.002,1.3540640326545652,1.220227907015876e-06,0.0020991392006377463,4.1923024663452156e-07,1.0,1.049569600318873,0.06395041632727949,9.955843088438072e-05,0.9999924059618198,0.9999924059618198,0.0,0.09305504318332557,7.066689172632947e-07,0.0,0.0,0.0,1602159.2402573028,268.39327738207714,0.0,1.0,1278399.8595005318,2623.014097386917,,,,,,,,,,,,,,,,,9.0,16243.107769423557
1680.0,-32.28761859071346,5.292901713013073,34.97613078220485,24.91025902507829,7.207145645804081,-28.33327068415922,-41.77569343065841,3.643740088375632,-4.756722617922833,-4.756722617923125,40.787391886699275,41337.180366070745,25877.78265216071,25877.78265216071,67214.96301823146,74480.47199859272,75987.97630212354,25877.78265216071,101865.75895428425,101865.75895428425,101865.75895428425,128296.83309219894,125268.792497773,3028.040594425944,0.0,89472.41843463124,57973.89798047118,34998.356060177844,26431.07413791469,61429.43019809254,20232.000024365312,1450.0,0.0,0.8853049109212716,2.9106390028190208,0.001494314312251686,1.0,1.0,-4.756722617922833,358031.4802442435,1588764.475321433,4.437499390382104,1588764.475321433,4.437499390382104,0.7654626489561782,0.09305574985224283,4.186123611882295,101325.0,128351.07116782667,1.2667265844345095,1.0,0.0,4.186123611882295,1.274873442182113,1.2751074705493906,3.2835601349708847,6957.469909587773,16243.107769423557,6503.969718363666,0.0001971796186299936,21373.572959160625,2179.4978875722727,19440.800733842552,1982.4099701572457,0.9095718704116013,0.9095718704116013,37362.314175732754,35405.22815468563,1.069566922306103,0.8,4509.235503538461,4273.035954225843,1.069566922306103,0.8,17887.489023156744,17887.489023156744,1.0,0.8,4632.441516551485,4632.441516551485,5.586208171155677,5.292901713013073,-2.0639661340830773,7.356867847096151,3.5,3.5,1.0,0.6,0.00018356032560695764,1.0,0.00018356032560695764,200.82759564353114,0.0,6.783080805149759e-07,1.9223251001794417,0.009968902116983471,6.440153270248589e-05,0.00011915879290447175,0.0004988134365408017,0.09305898483081626,0.09305898483081626,0.09305898483081626,0.09305504551234502,0.0,0.0,0.0,0.0,0.0,0.0,1.0,1.0,0.0,1.0,1.0,507475.00503834797,589.2196682850443,0.0,0.09305898483081626,0.09305574985224283,0.09305574985224281,0.375,0.375,0.5,6.638379557370074,2.8421709430404007e-13,2.8421709430404007e-13,2.8421709430404007e-13,2.8421709430404007e-13,2.8421709430404007e-13,2.8421709430404007e-13,26431.07413791469,20232.000024365312,0.7654626489561782,1.0941817757625656,0.6729214357478172,41059.97430708969,25750.0,0.0,0.0,0.0,0.0,0.0,0.0,0.0,0.0,0.0,0.0,0.0,0.0,0.0,0.0,0.0,0.0,0.0,0.0,0.0,0.0,41061.89663218987,25750.0,1.0,0.0,0.0,6.0,0.9,167190.3635292044,27865.060588200733,260.6103217898049,260.6103217898049,-12.539678210195063,242.8381529641153,278.3824944475304,149530.58277315315,149551.32412207162,-20.741348918464453,0.0,nan,278.3824944475304,5.232494447530428,271.2736239970097,-1.8763760029902983,264.16475449065973,-8.985245509340245,257.05588603070765,-16.094113969292323,249.94701880880672,-23.20298119119326,242.8381529641153,-30.311847035884682,1.0,1.0,26022.01252070864,26022.01252070864,277.28484500707833,4.134845007078354,277.28484500707833,277.28484500707833,75939.81973990359,75987.97630212354,-48.15656221995596,0.0,8546.071908451686,8546.071908451686,0.868843916123323,4207.054229941707,277.28484500707833,4.134845007078354,1.0,0.002,1.3540640326545652,1.220227907015876e-06,0.0020991392006377463,4.1923024663452156e-07,1.0,1.049569600318873,0.06395041632727949,9.955843088438072e-05,0.9999924059618198,0.9999924059618198,0.0,0.09305504318332557,7.066689172632947e-07,0.0,0.0,0.0,1602159.2402573028,268.39327738207714,0.0,1.0,1278399.8595005318,2623.014097386917,,,,,,,,,,,,,,,,,8.0,16243.107769423557
1710.0,-32.28761859071346,5.292901713013073,34.97613078220485,24.91025902507829,7.207145645804081,-28.33327068415922,-41.77569343065841,3.643740088375632,-4.756722617922833,-4.756722617923125,40.787391886699275,41337.180366070745,25877.78265216071,25877.78265216071,67214.96301823146,74480.47199859272,75987.97630212354,25877.78265216071,101865.75895428425,101865.75895428425,101865.75895428425,128296.83309219894,125268.792497773,3028.040594425944,0.0,89472.41843463124,57973.89798047118,34998.356060177844,26431.07413791469,61429.43019809254,20232.000024365312,1450.0,0.0,0.8853049109212716,2.9106390028190208,0.001494314312251686,1.0,1.0,-4.756722617922833,358031.4802442435,1588764.475321433,4.437499390382104,1588764.475321433,4.437499390382104,0.7654626489561782,0.09305574985224283,4.186123611882295,101325.0,128351.07116782667,1.2667265844345095,1.0,0.0,4.186123611882295,1.274873442182113,1.2751074705493906,3.2835601349708847,6957.469909587773,16243.107769423557,6503.969718363666,0.0001971796186299936,21373.572959160625,2179.4978875722727,19440.800733842552,1982.4099701572457,0.9095718704116013,0.9095718704116013,37362.314175732754,35405.22815468563,1.069566922306103,0.8,4509.235503538461,4273.035954225843,1.069566922306103,0.8,17887.489023156744,17887.489023156744,1.0,0.8,4632.441516551485,4632.441516551485,5.586208171155677,5.292901713013073,-2.0639661340830773,7.356867847096151,3.5,3.5,1.0,0.6,0.00018356032560695764,1.0,0.00018356032560695764,200.82759564353114,0.0,0.0,0.0,0.009968902116983471,6.440153270248589e-05,0.00011915879290447175,0.0004988134365408017,0.09305898483081626,0.09305898483081626,0.09305898483081626,0.09305504551234502,0.0,0.0,0.0,0.0,0.0,0.0,1.0,1.0,0.0,1.0,1.0,507475.00503834797,589.2196682850443,0.0,0.09305898483081626,0.09305574985224283,0.09305574985224281,0.375,0.375,0.5,6.638379557370074,2.8421709430404007e-13,2.8421709430404007e-13,2.8421709430404007e-13,2.8421709430404007e-13,2.8421709430404007e-13,2.8421709430404007e-13,26431.07413791469,20232.000024365312,0.7654626489561782,1.0941817757625656,0.6729214357478172,41059.97430708969,25750.0,0.0,0.0,0.0,0.0,0.0,0.0,0.0,0.0,0.0,0.0,0.0,0.0,0.0,0.0,0.0,0.0,0.0,0.0,0.0,0.0,41059.97430708969,25750.0,1.0,0.0,0.0,6.0,0.9,167190.3635292044,27865.060588200733,260.6103217898049,260.6103217898049,-12.539678210195063,242.8381529641153,278.3824944475304,149530.58277315315,149551.32412207162,-20.741348918464453,0.0,nan,278.3824944475304,5.232494447530428,271.2736239970097,-1.8763760029902983,264.16475449065973,-8.985245509340245,257.05588603070765,-16.094113969292323,249.94701880880672,-23.20298119119326,242.8381529641153,-30.311847035884682,1.0,1.0,26022.01252070864,26022.01252070864,277.28484500707833,4.134845007078354,277.28484500707833,277.28484500707833,75939.81973990359,75987.97630212354,-48.15656221995596,0.0,8546.071908451686,8546.071908451686,0.868843916123323,4207.054229941707,277.28484500707833,4.134845007078354,1.0,0.002,1.3540640326545652,1.220227907015876e-06,0.0020991392006377463,4.1923024663452156e-07,1.0,1.049569600318873,0.06395041632727949,9.955843088438072e-05,0.9999924059618198,0.9999924059618198,0.0,0.09305504318332557,7.066689172632947e-07,0.0,0.0,0.0,1602159.2402573028,268.39327738207714,0.0,1.0,1278399.8595005318,2623.014097386917,,,,,,,,,,,,,,,,,8.0,16243.107769423557
1740.0,-32.28761859071346,5.292901713013073,34.97613078220485,24.91025902507829,7.207145645804081,-28.33327068415922,-41.77569343065841,3.643740088375632,-4.756722617922833,-4.756722617923125,40.787391886699275,41337.180366070745,25877.78265216071,25877.78265216071,67214.96301823146,74480.47199859272,75987.97630212354,25877.78265216071,101865.75895428425,101865.75895428425,101865.75895428425,128296.83309219894,125268.792497773,3028.040594425944,0.0,89472.41843463124,57973.89798047118,34998.356060177844,26431.07413791469,61429.43019809254,20232.000024365312,1450.0,0.0,0.8853049109212716,2.9106390028190208,0.001494314312251686,1.0,1.0,-4.756722617922833,358031.4802442435,1588764.475321433,4.437499390382104,1588764.475321433,4.437499390382104,0.7654626489561782,0.09305574985224283,4.186123611882295,101325.0,128351.07116782667,1.2667265844345095,1.0,0.0,4.186123611882295,1.274873442182113,1.2751074705493906,3.2835601349708847,6957.469909587773,16243.107769423557,6503.969718363666,0.0001971796186299936,21373.572959160625,2179.4978875722727,19440.800733842552,1982.4099701572457,0.9095718704116013,0.9095718704116013,37362.314175732754,35405.22815468563,1.069566922306103,0.8,4509.235503538461,4273.035954225843,1.069566922306103,0.8,17887.489023156744,17887.489023156744,1.0,0.8,4632.441516551485,4632.441516551485,5.586208171155677,5.292901713013073,-2.0639661340830773,7.356867847096151,3.5,3.5,1.0,0.6,0.00018356032560695764,1.0,0.00018356032560695764,200.82759564353114,0.0,0.0,0.0,0.009968902116983471,6.440153270248589e-05,0.00011915879290447175,0.0004988134365408017,0.09305898483081626,0.09305898483081626,0.09305898483081626,0.09305504551234502,0.0,0.0,0.0,0.0,0.0,0.0,1.0,1.0,0.0,1.0,1.0,507475.00503834797,589.2196682850443,0.0,0.09305898483081626,0.09305574985224283,0.09305574985224281,0.375,0.375,0.5,6.638379557370074,2.8421709430404007e-13,2.8421709430404007e-13,2.8421709430404007e-13,2.8421709430404007e-13,2.8421709430404007e-13,2.8421709430404007e-13,26431.07413791469,20232.000024365312,0.7654626489561782,1.0941817757625656,0.6729214357478172,41059.97430708969,25750.0,0.0,0.0,0.0,0.0,0.0,0.0,0.0,0.0,0.0,0.0,0.0,0.0,0.0,0.0,0.0,0.0,0.0,0.0,0.0,0.0,41059.97430708969,25750.0,1.0,0.0,0.0,6.0,0.9,167190.3635292044,27865.060588200733,260.6103217898049,260.6103217898049,-12.539678210195063,242.8381529641153,278.3824944475304,149530.58277315315,149551.32412207162,-20.741348918464453,0.0,nan,278.3824944475304,5.232494447530428,271.2736239970097,-1.8763760029902983,264.16475449065973,-8.985245509340245,257.05588603070765,-16.094113969292323,249.94701880880672,-23.20298119119326,242.8381529641153,-30.311847035884682,1.0,1.0,26022.01252070864,26022.01252070864,277.28484500707833,4.134845007078354,277.28484500707833,277.28484500707833,75939.81973990359,75987.97630212354,-48.15656221995596,0.0,8546.071908451686,8546.071908451686,0.868843916123323,4207.054229941707,277.28484500707833,4.134845007078354,1.0,0.002,1.3540640326545652,1.220227907015876e-06,0.0020991392006377463,4.1923024663452156e-07,1.0,1.049569600318873,0.06395041632727949,9.955843088438072e-05,0.9999924059618198,0.9999924059618198,0.0,0.09305504318332557,7.066689172632947e-07,0.0,0.0,0.0,1602159.2402573028,268.39327738207714,0.0,1.0,1278399.8595005318,2623.014097386917,,,,,,,,,,,,,,,,,8.0,16243.107769423557
1770.0,-32.28761859071346,5.292901713013073,34.97613078220485,24.91025902507829,7.207145645804081,-28.33327068415922,-41.77569343065841,3.643740088375632,-4.756722617922833,-4.756722617923125,40.787391886699275,41337.180366070745,25877.78265216071,25877.78265216071,67214.96301823146,74480.47199859272,75987.97630212354,25877.78265216071,101865.75895428425,101865.75895428425,101865.75895428425,128296.83309219894,125268.792497773,3028.040594425944,0.0,89472.41843463124,57973.89798047118,34998.356060177844,26431.07413791469,61429.43019809254,20232.000024365312,1450.0,0.0,0.8853049109212716,2.9106390028190208,0.001494314312251686,1.0,1.0,-4.756722617922833,358031.4802442435,1588764.475321433,4.437499390382104,1588764.475321433,4.437499390382104,0.7654626489561782,0.09305574985224283,4.186123611882295,101325.0,128351.07116782667,1.2667265844345095,1.0,0.0,4.186123611882295,1.274873442182113,1.2751074705493906,3.2835601349708847,6957.469909587773,16243.107769423557,6503.969718363666,0.0001971796186299936,21373.572959160625,2179.4978875722727,19440.800733842552,1982.4099701572457,0.9095718704116013,0.9095718704116013,37362.314175732754,35405.22815468563,1.069566922306103,0.8,4509.235503538461,4273.035954225843,1.069566922306103,0.8,17887.489023156744,17887.489023156744,1.0,0.8,4632.441516551485,4632.441516551485,5.586208171155677,5.292901713013073,-2.0639661340830773,7.356867847096151,3.5,3.5,1.0,0.6,0.00018356032560695764,1.0,0.00018356032560695764,200.82759564353114,0.0,0.0,0.0,0.009968902116983471,6.440153270248589e-05,0.00011915879290447175,0.0004988134365408017,0.09305898483081626,0.09305898483081626,0.09305898483081626,0.09305504551234502,0.0,0.0,0.0,0.0,0.0,0.0,1.0,1.0,0.0,1.0,1.0,507475.00503834797,589.2196682850443,0.0,0.09305898483081626,0.09305574985224283,0.09305574985224281,0.375,0.375,0.5,6.638379557370074,2.8421709430404007e-13,2.8421709430404007e-13,2.8421709430404007e-13,2.8421709430404007e-13,2.8421709430404007e-13,2.8421709430404007e-13,26431.07413791469,20232.000024365312,0.7654626489561782,1.0941817757625656,0.6729214357478172,41059.97430708969,25750.0,0.0,0.0,0.0,0.0,0.0,0.0,0.0,0.0,0.0,0.0,0.0,0.0,0.0,0.0,0.0,0.0,0.0,0.0,0.0,0.0,41059.97430708969,25750.0,1.0,0.0,0.0,6.0,0.9,167190.3635292044,27865.060588200733,260.6103217898049,260.6103217898049,-12.539678210195063,242.8381529641153,278.3824944475304,149530.58277315315,149551.32412207162,-20.741348918464453,0.0,nan,278.3824944475304,5.232494447530428,271.2736239970097,-1.8763760029902983,264.16475449065973,-8.985245509340245,257.05588603070765,-16.094113969292323,249.94701880880672,-23.20298119119326,242.8381529641153,-30.311847035884682,1.0,1.0,26022.01252070864,26022.01252070864,277.28484500707833,4.134845007078354,277.28484500707833,277.28484500707833,75939.81973990359,75987.97630212354,-48.15656221995596,0.0,8546.071908451686,8546.071908451686,0.868843916123323,4207.054229941707,277.28484500707833,4.134845007078354,1.0,0.002,1.3540640326545652,1.220227907015876e-06,0.0020991392006377463,4.1923024663452156e-07,1.0,1.049569600318873,0.06395041632727949,9.955843088438072e-05,0.9999924059618198,0.9999924059618198,0.0,0.09305504318332557,7.066689172632947e-07,0.0,0.0,0.0,1602159.2402573028,268.39327738207714,0.0,1.0,1278399.8595005318,2623.014097386917,,,,,,,,,,,,,,,,,8.0,16243.107769423557
1800.0,-32.28761859071346,5.292901713013073,34.97613078220485,24.91025902507829,7.207145645804081,-28.33327068415922,-41.77569343065841,3.643740088375632,-4.756722617922833,-4.756722617923125,40.787391886699275,41337.180366070745,25877.78265216071,25877.78265216071,67214.96301823146,74480.47199859272,75987.97630212354,25877.78265216071,101865.75895428425,101865.75895428425,101865.75895428425,128296.83309219894,125268.792497773,3028.040594425944,0.0,89472.41843463124,57973.89798047118,34998.356060177844,26431.07413791469,61429.43019809254,20232.000024365312,1450.0,0.0,0.8853049109212716,2.9106390028190208,0.001494314312251686,1.0,1.0,-4.756722617922833,358031.4802442435,1588764.475321433,4.437499390382104,1588764.475321433,4.437499390382104,0.7654626489561782,0.09305574985224283,4.186123611882295,101325.0,128351.07116782667,1.2667265844345095,1.0,0.0,4.186123611882295,1.274873442182113,1.2751074705493906,3.2835601349708847,6957.469909587773,16243.107769423557,6503.969718363666,0.0001971796186299936,21373.572959160625,2179.4978875722727,19440.800733842552,1982.4099701572457,0.9095718704116013,0.9095718704116013,37362.314175732754,35405.22815468563,1.069566922306103,0.8,4509.235503538461,4273.035954225843,1.069566922306103,0.8,17887.489023156744,17887.489023156744,1.0,0.8,4632.441516551485,4632.441516551485,5.586208171155677,5.292901713013073,-2.0639661340830773,7.356867847096151,3.5,3.5,1.0,0.6,0.00018356032560695764,1.0,0.00018356032560695764,200.82759564353114,0.0,0.0,0.0,0.009968902116983471,6.440153270248589e-05,0.00011915879290447175,0.0004988134365408017,0.09305898483081626,0.09305898483081626,0.09305898483081626,0.09305504551234502,0.0,0.0,0.0,0.0,0.0,0.0,1.0,1.0,0.0,1.0,1.0,507475.00503834797,589.2196682850443,0.0,0.09305898483081626,0.09305574985224283,0.09305574985224281,0.375,0.375,0.5,6.638379557370074,2.8421709430404007e-13,2.8421709430404007e-13,2.8421709430404007e-13,2.8421709430404007e-13,2.8421709430404007e-13,2.8421709430404007e-13,26431.07413791469,20232.000024365312,0.7654626489561782,1.0941817757625656,0.6729214357478172,41059.97430708969,25750.0,0.0,0.0,0.0,0.0,0.0,0.0,0.0,0.0,0.0,0.0,0.0,0.0,0.0,0.0,0.0,0.0,0.0,0.0,0.0,0.0,41059.97430708969,25750.0,1.0,0.0,0.0,6.0,0.9,167190.3635292044,27865.060588200733,260.6103217898049,260.6103217898049,-12.539678210195063,242.8381529641153,278.3824944475304,149530.58277315315,149551.32412207162,-20.741348918464453,0.0,nan,278.3824944475304,5.232494447530428,271.2736239970097,-1.8763760029902983,264.16475449065973,-8.985245509340245,257.05588603070765,-16.094113969292323,249.94701880880672,-23.20298119119326,242.8381529641153,-30.311847035884682,1.0,1.0,26022.01252070864,26022.01252070864,277.28484500707833,4.134845007078354,277.28484500707833,277.28484500707833,75939.81973990359,75987.97630212354,-48.15656221995596,0.0,8546.071908451686,8546.071908451686,0.868843916123323,4207.054229941707,277.28484500707833,4.134845007078354,1.0,0.002,1.3540640326545652,1.220227907015876e-06,0.0020991392006377463,4.1923024663452156e-07,1.0,1.049569600318873,0.06395041632727949,9.955843088438072e-05,0.9999924059618198,0.9999924059618198,0.0,0.09305504318332557,7.066689172632947e-07,0.0,0.0,0.0,1602159.2402573028,268.39327738207714,0.0,1.0,1278399.8595005318,2623.014097386917,,,,,,,,,,,,,,,,,8.0,16243.107769423557
1830.0,-32.28761859071346,5.292901713013073,34.97613078220485,24.91025902507829,7.207145645804081,-28.33327068415922,-41.77569343065841,3.643740088375632,-4.756722617922833,-4.756722617923125,40.787391886699275,41337.180366070745,25877.78265216071,25877.78265216071,67214.96301823146,74480.47199859272,75987.97630212354,25877.78265216071,101865.75895428425,101865.75895428425,101865.75895428425,128296.83309219894,125268.792497773,3028.040594425944,0.0,89472.41843463124,57973.89798047118,34998.356060177844,26431.07413791469,61429.43019809254,20232.000024365312,1450.0,0.0,0.8853049109212716,2.9106390028190208,0.001494314312251686,1.0,1.0,-4.756722617922833,358031.4802442435,1588764.475321433,4.437499390382104,1588764.475321433,4.437499390382104,0.7654626489561782,0.09305574985224283,4.186123611882295,101325.0,128351.07116782667,1.2667265844345095,1.0,0.0,4.186123611882295,1.274873442182113,1.2751074705493906,3.2835601349708847,6957.469909587773,16243.107769423557,6503.969718363666,0.0001971796186299936,21373.572959160625,2179.4978875722727,19440.800733842552,1982.4099701572457,0.9095718704116013,0.9095718704116013,37362.314175732754,35405.22815468563,1.069566922306103,0.8,4509.235503538461,4273.035954225843,1.069566922306103,0.8,17887.489023156744,17887.489023156744,1.0,0.8,4632.441516551485,4632.441516551485,5.586208171155677,5.292901713013073,-2.0639661340830773,7.356867847096151,3.5,3.5,1.0,0.6,0.00018356032560695764,1.0,0.00018356032560695764,200.82759564353114,0.0,0.0,0.0,0.009968902116983471,6.440153270248589e-05,0.00011915879290447175,0.0004988134365408017,0.09305898483081626,0.09305898483081626,0.09305898483081626,0.09305504551234502,0.0,0.0,0.0,0.0,0.0,0.0,1.0,1.0,0.0,1.0,1.0,507475.00503834797,589.2196682850443,0.0,0.09305898483081626,0.09305574985224283,0.09305574985224281,0.375,0.375,0.5,6.638379557370074,2.8421709430404007e-13,2.8421709430404007e-13,2.8421709430404007e-13,2.8421709430404007e-13,2.8421709430404007e-13,2.8421709430404007e-13,26431.07413791469,20232.000024365312,0.7654626489561782,1.0941817757625656,0.6729214357478172,41059.97430708969,25750.0,0.0,0.0,0.0,0.0,0.0,0.0,0.0,0.0,0.0,0.0,0.0,0.0,0.0,0.0,0.0,0.0,0.0,0.0,0.0,0.0,41059.97430708969,25750.0,1.0,0.0,0.0,6.0,0.9,167190.3635292044,27865.060588200733,260.6103217898049,260.6103217898049,-12.539678210195063,242.8381529641153,278.3824944475304,149530.58277315315,149551.32412207162,-20.741348918464453,0.0,nan,278.3824944475304,5.232494447530428,271.2736239970097,-1.8763760029902983,264.16475449065973,-8.985245509340245,257.05588603070765,-16.094113969292323,249.94701880880672,-23.20298119119326,242.8381529641153,-30.311847035884682,1.0,1.0,26022.01252070864,26022.01252070864,277.28484500707833,4.134845007078354,277.28484500707833,277.28484500707833,75939.81973990359,75987.97630212354,-48.15656221995596,0.0,8546.071908451686,8546.071908451686,0.868843916123323,4207.054229941707,277.28484500707833,4.134845007078354,1.0,0.002,1.3540640326545652,1.220227907015876e-06,0.0020991392006377463,4.1923024663452156e-07,1.0,1.049569600318873,0.06395041632727949,9.955843088438072e-05,0.9999924059618198,0.9999924059618198,0.0,0.09305504318332557,7.066689172632947e-07,0.0,0.0,0.0,1602159.2402573028,268.39327738207714,0.0,1.0,1278399.8595005318,2623.014097386917,,,,,,,,,,,,,,,,,8.0,16243.107769423557
1860.0,-32.28761859071346,5.292901713013073,34.97613078220485,24.91025902507829,7.207145645804081,-28.33327068415922,-41.77569343065841,3.643740088375632,-4.756722617922833,-4.756722617923125,40.787391886699275,41337.180366070745,25877.78265216071,25877.78265216071,67214.96301823146,74480.47199859272,75987.97630212354,25877.78265216071,101865.75895428425,101865.75895428425,101865.75895428425,128296.83309219894,125268.792497773,3028.040594425944,0.0,89472.41843463124,57973.89798047118,34998.356060177844,26431.07413791469,61429.43019809254,20232.000024365312,1450.0,0.0,0.8853049109212716,2.9106390028190208,0.001494314312251686,1.0,1.0,-4.756722617922833,358031.4802442435,1588764.475321433,4.437499390382104,1588764.475321433,4.437499390382104,0.7654626489561782,0.09305574985224283,4.186123611882295,101325.0,128351.07116782667,1.2667265844345095,1.0,0.0,4.186123611882295,1.274873442182113,1.2751074705493906,3.2835601349708847,6957.469909587773,16243.107769423557,6503.969718363666,0.0001971796186299936,21373.572959160625,2179.4978875722727,19440.800733842552,1982.4099701572457,0.9095718704116013,0.9095718704116013,37362.314175732754,35405.22815468563,1.069566922306103,0.8,4509.235503538461,4273.035954225843,1.069566922306103,0.8,17887.489023156744,17887.489023156744,1.0,0.8,4632.441516551485,4632.441516551485,5.586208171155677,5.292901713013073,-2.0639661340830773,7.356867847096151,3.5,3.5,1.0,0.6,0.00018356032560695764,1.0,0.00018356032560695764,200.82759564353114,0.0,0.0,0.0,0.009968902116983471,6.440153270248589e-05,0.00011915879290447175,0.0004988134365408017,0.09305898483081626,0.09305898483081626,0.09305898483081626,0.09305504551234502,0.0,0.0,0.0,0.0,0.0,0.0,1.0,1.0,0.0,1.0,1.0,507475.00503834797,589.2196682850443,0.0,0.09305898483081626,0.09305574985224283,0.09305574985224281,0.375,0.375,0.5,6.638379557370074,2.8421709430404007e-13,2.8421709430404007e-13,2.8421709430404007e-13,2.8421709430404007e-13,2.8421709430404007e-13,2.8421709430404007e-13,26431.07413791469,20232.000024365312,0.7654626489561782,1.0941817757625656,0.6729214357478172,41059.97430708969,25750.0,0.0,0.0,0.0,0.0,0.0,0.0,0.0,0.0,0.0,0.0,0.0,0.0,0.0,0.0,0.0,0.0,0.0,0.0,0.0,0.0,41059.97430708969,25750.0,1.0,0.0,0.0,6.0,0.9,167190.3635292044,27865.060588200733,260.6103217898049,260.6103217898049,-12.539678210195063,242.8381529641153,278.3824944475304,149530.58277315315,149551.32412207162,-20.741348918464453,0.0,nan,278.3824944475304,5.232494447530428,271.2736239970097,-1.8763760029902983,264.16475449065973,-8.985245509340245,257.05588603070765,-16.094113969292323,249.94701880880672,-23.20298119119326,242.8381529641153,-30.311847035884682,1.0,1.0,26022.01252070864,26022.01252070864,277.28484500707833,4.134845007078354,277.28484500707833,277.28484500707833,75939.81973990359,75987.97630212354,-48.15656221995596,0.0,8546.071908451686,8546.071908451686,0.868843916123323,4207.054229941707,277.28484500707833,4.134845007078354,1.0,0.002,1.3540640326545652,1.220227907015876e-06,0.0020991392006377463,4.1923024663452156e-07,1.0,1.049569600318873,0.06395041632727949,9.955843088438072e-05,0.9999924059618198,0.9999924059618198,0.0,0.09305504318332557,7.066689172632947e-07,0.0,0.0,0.0,1602159.2402573028,268.39327738207714,0.0,1.0,1278399.8595005318,2623.014097386917,,,,,,,,,,,,,,,,,8.0,16243.107769423557
1890.0,-32.28761859071346,5.292901713013073,34.97613078220485,24.91025902507829,7.207145645804081,-28.33327068415922,-41.77569343065841,3.643740088375632,-4.756722617922833,-4.756722617923125,40.787391886699275,41337.180366070745,25877.78265216071,25877.78265216071,67214.96301823146,74480.47199859272,75987.97630212354,25877.78265216071,101865.75895428425,101865.75895428425,101865.75895428425,128296.83309219894,125268.792497773,3028.040594425944,0.0,89472.41843463124,57973.89798047118,34998.356060177844,26431.07413791469,61429.43019809254,20232.000024365312,1450.0,0.0,0.8853049109212716,2.9106390028190208,0.001494314312251686,1.0,1.0,-4.756722617922833,358031.4802442435,1588764.475321433,4.437499390382104,1588764.475321433,4.437499390382104,0.7654626489561782,0.09305574985224283,4.186123611882295,101325.0,128351.07116782667,1.2667265844345095,1.0,0.0,4.186123611882295,1.274873442182113,1.2751074705493906,3.2835601349708847,6957.469909587773,16243.107769423557,6503.969718363666,0.0001971796186299936,21373.572959160625,2179.4978875722727,19440.800733842552,1982.4099701572457,0.9095718704116013,0.9095718704116013,37362.314175732754,35405.22815468563,1.069566922306103,0.8,4509.235503538461,4273.035954225843,1.069566922306103,0.8,17887.489023156744,17887.489023156744,1.0,0.8,4632.441516551485,4632.441516551485,5.586208171155677,5.292901713013073,-2.0639661340830773,7.356867847096151,3.5,3.5,1.0,0.6,0.00018356032560695764,1.0,0.00018356032560695764,200.82759564353114,0.0,0.0,0.0,0.009968902116983471,6.440153270248589e-05,0.00011915879290447175,0.0004988134365408017,0.09305898483081626,0.09305898483081626,0.09305898483081626,0.09305504551234502,0.0,0.0,0.0,0.0,0.0,0.0,1.0,1.0,0.0,1.0,1.0,507475.00503834797,589.2196682850443,0.0,0.09305898483081626,0.09305574985224283,0.09305574985224281,0.375,0.375,0.5,6.638379557370074,2.8421709430404007e-13,2.8421709430404007e-13,2.8421709430404007e-13,2.8421709430404007e-13,2.8421709430404007e-13,2.8421709430404007e-13,26431.07413791469,20232.000024365312,0.7654626489561782,1.0941817757625656,0.6729214357478172,41059.97430708969,25750.0,0.0,0.0,0.0,0.0,0.0,0.0,0.0,0.0,0.0,0.0,0.0,0.0,0.0,0.0,0.0,0.0,0.0,0.0,0.0,0.0,41059.97430708969,25750.0,1.0,0.0,0.0,6.0,0.9,167190.3635292044,27865.060588200733,260.6103217898049,260.6103217898049,-12.539678210195063,242.8381529641153,278.3824944475304,149530.58277315315,149551.32412207162,-20.741348918464453,0.0,nan,278.3824944475304,5.232494447530428,271.2736239970097,-1.8763760029902983,264.16475449065973,-8.985245509340245,257.05588603070765,-16.094113969292323,249.94701880880672,-23.20298119119326,242.8381529641153,-30.311847035884682,1.0,1.0,26022.01252070864,26022.01252070864,277.28484500707833,4.134845007078354,277.28484500707833,277.28484500707833,75939.81973990359,75987.97630212354,-48.15656221995596,0.0,8546.071908451686,8546.071908451686,0.868843916123323,4207.054229941707,277.28484500707833,4.134845007078354,1.0,0.002,1.3540640326545652,1.220227907015876e-06,0.0020991392006377463,4.1923024663452156e-07,1.0,1.049569600318873,0.06395041632727949,9.955843088438072e-05,0.9999924059618198,0.9999924059618198,0.0,0.09305504318332557,7.066689172632947e-07,0.0,0.0,0.0,1602159.2402573028,268.39327738207714,0.0,1.0,1278399.8595005318,2623.014097386917,,,,,,,,,,,,,,,,,8.0,16243.107769423557
1920.0,-32.28761859071346,5.292901713013073,34.97613078220485,24.91025902507829,7.207145645804081,-28.33327068415922,-41.77569343065841,3.643740088375632,-4.756722617922833,-4.756722617923125,40.787391886699275,41337.180366070745,25877.78265216071,25877.78265216071,67214.96301823146,74480.47199859272,75987.97630212354,25877.78265216071,101865.75895428425,101865.75895428425,101865.75895428425,128296.83309219894,125268.792497773,3028.040594425944,0.0,89472.41843463124,57973.89798047118,34998.356060177844,26431.07413791469,61429.43019809254,20232.000024365312,1450.0,0.0,0.8853049109212716,2.9106390028190208,0.001494314312251686,1.0,1.0,-4.756722617922833,358031.4802442435,1588764.475321433,4.437499390382104,1588764.475321433,4.437499390382104,0.7654626489561782,0.09305574985224283,4.186123611882295,101325.0,128351.07116782667,1.2667265844345095,1.0,0.0,4.186123611882295,1.274873442182113,1.2751074705493906,3.2835601349708847,6957.469909587773,16243.107769423557,6503.969718363666,0.0001971796186299936,21373.572959160625,2179.4978875722727,19440.800733842552,1982.4099701572457,0.9095718704116013,0.9095718704116013,37362.314175732754,35405.22815468563,1.069566922306103,0.8,4509.235503538461,4273.035954225843,1.069566922306103,0.8,17887.489023156744,17887.489023156744,1.0,0.8,4632.441516551485,4632.441516551485,5.586208171155677,5.292901713013073,-2.0639661340830773,7.356867847096151,3.5,3.5,1.0,0.6,0.00018356032560695764,1.0,0.00018356032560695764,200.82759564353114,0.0,0.0,0.0,0.009968902116983471,6.440153270248589e-05,0.00011915879290447175,0.0004988134365408017,0.09305898483081626,0.09305898483081626,0.09305898483081626,0.09305504551234502,0.0,0.0,0.0,0.0,0.0,0.0,1.0,1.0,0.0,1.0,1.0,507475.00503834797,589.2196682850443,0.0,0.09305898483081626,0.09305574985224283,0.09305574985224281,0.375,0.375,0.5,6.638379557370074,2.8421709430404007e-13,2.8421709430404007e-13,2.8421709430404007e-13,2.8421709430404007e-13,2.8421709430404007e-13,2.8421709430404007e-13,26431.07413791469,20232.000024365312,0.7654626489561782,1.0941817757625656,0.6729214357478172,41059.97430708969,25750.0,0.0,0.0,0.0,0.0,0.0,0.0,0.0,0.0,0.0,0.0,0.0,0.0,0.0,0.0,0.0,0.0,0.0,0.0,0.0,0.0,41059.97430708969,25750.0,1.0,0.0,0.0,6.0,0.9,167190.3635292044,27865.060588200733,260.6103217898049,260.6103217898049,-12.539678210195063,242.8381529641153,278.3824944475304,149530.58277315315,149551.32412207162,-20.741348918464453,0.0,nan,278.3824944475304,5.232494447530428,271.2736239970097,-1.8763760029902983,264.16475449065973,-8.985245509340245,257.05588603070765,-16.094113969292323,249.94701880880672,-23.20298119119326,242.8381529641153,-30.311847035884682,1.0,1.0,26022.01252070864,26022.01252070864,277.28484500707833,4.134845007078354,277.28484500707833,277.28484500707833,75939.81973990359,75987.97630212354,-48.15656221995596,0.0,8546.071908451686,8546.071908451686,0.868843916123323,4207.054229941707,277.28484500707833,4.134845007078354,1.0,0.002,1.3540640326545652,1.220227907015876e-06,0.0020991392006377463,4.1923024663452156e-07,1.0,1.049569600318873,0.06395041632727949,9.955843088438072e-05,0.9999924059618198,0.9999924059618198,0.0,0.09305504318332557,7.066689172632947e-07,0.0,0.0,0.0,1602159.2402573028,268.39327738207714,0.0,1.0,1278399.8595005318,2623.014097386917,,,,,,,,,,,,,,,,,8.0,16243.107769423557
1950.0,-32.28761859071346,5.292901713013073,34.97613078220485,24.91025902507829,7.207145645804081,-28.33327068415922,-41.77569343065841,3.643740088375632,-4.756722617922833,-4.756722617923125,40.787391886699275,41337.180366070745,25877.78265216071,25877.78265216071,67214.96301823146,74480.47199859272,75987.97630212354,25877.78265216071,101865.75895428425,101865.75895428425,101865.75895428425,128296.83309219894,125268.792497773,3028.040594425944,0.0,89472.41843463124,57973.89798047118,34998.356060177844,26431.07413791469,61429.43019809254,20232.000024365312,1450.0,0.0,0.8853049109212716,2.9106390028190208,0.001494314312251686,1.0,1.0,-4.756722617922833,358031.4802442435,1588764.475321433,4.437499390382104,1588764.475321433,4.437499390382104,0.7654626489561782,0.09305574985224283,4.186123611882295,101325.0,128351.07116782667,1.2667265844345095,1.0,0.0,4.186123611882295,1.274873442182113,1.2751074705493906,3.2835601349708847,6957.469909587773,16243.107769423557,6503.969718363666,0.0001971796186299936,21373.572959160625,2179.4978875722727,19440.800733842552,1982.4099701572457,0.9095718704116013,0.9095718704116013,37362.314175732754,35405.22815468563,1.069566922306103,0.8,4509.235503538461,4273.035954225843,1.069566922306103,0.8,17887.489023156744,17887.489023156744,1.0,0.8,4632.441516551485,4632.441516551485,5.586208171155677,5.292901713013073,-2.0639661340830773,7.356867847096151,3.5,3.5,1.0,0.6,0.00018356032560695764,1.0,0.00018356032560695764,200.82759564353114,0.0,0.0,0.0,0.009968902116983471,6.440153270248589e-05,0.00011915879290447175,0.0004988134365408017,0.09305898483081626,0.09305898483081626,0.09305898483081626,0.09305504551234502,0.0,0.0,0.0,0.0,0.0,0.0,1.0,1.0,0.0,1.0,1.0,507475.00503834797,589.2196682850443,0.0,0.09305898483081626,0.09305574985224283,0.09305574985224281,0.375,0.375,0.5,6.638379557370074,2.8421709430404007e-13,2.8421709430404007e-13,2.8421709430404007e-13,2.8421709430404007e-13,2.8421709430404007e-13,2.8421709430404007e-13,26431.07413791469,20232.000024365312,0.7654626489561782,1.0941817757625656,0.6729214357478172,41059.97430708969,25750.0,0.0,0.0,0.0,0.0,0.0,0.0,0.0,0.0,0.0,0.0,0.0,0.0,0.0,0.0,0.0,0.0,0.0,0.0,0.0,0.0,41059.97430708969,25750.0,1.0,0.0,0.0,6.0,0.9,167190.3635292044,27865.060588200733,260.6103217898049,260.6103217898049,-12.539678210195063,242.8381529641153,278.3824944475304,149530.58277315315,149551.32412207162,-20.741348918464453,0.0,nan,278.3824944475304,5.232494447530428,271.2736239970097,-1.8763760029902983,264.16475449065973,-8.985245509340245,257.05588603070765,-16.094113969292323,249.94701880880672,-23.20298119119326,242.8381529641153,-30.311847035884682,1.0,1.0,26022.01252070864,26022.01252070864,277.28484500707833,4.134845007078354,277.28484500707833,277.28484500707833,75939.81973990359,75987.97630212354,-48.15656221995596,0.0,8546.071908451686,8546.071908451686,0.868843916123323,4207.054229941707,277.28484500707833,4.134845007078354,1.0,0.002,1.3540640326545652,1.220227907015876e-06,0.0020991392006377463,4.1923024663452156e-07,1.0,1.049569600318873,0.06395041632727949,9.955843088438072e-05,0.9999924059618198,0.9999924059618198,0.0,0.09305504318332557,7.066689172632947e-07,0.0,0.0,0.0,1602159.2402573028,268.39327738207714,0.0,1.0,1278399.8595005318,2623.014097386917,,,,,,,,,,,,,,,,,8.0,16243.107769423557
1980.0,-32.28761859071346,5.292901713013073,34.97613078220485,24.91025902507829,7.207145645804081,-28.33327068415922,-41.77569343065841,3.643740088375632,-4.756722617922833,-4.756722617923125,40.787391886699275,41337.180366070745,25877.78265216071,25877.78265216071,67214.96301823146,74480.47199859272,75987.97630212354,25877.78265216071,101865.75895428425,101865.75895428425,101865.75895428425,128296.83309219894,125268.792497773,3028.040594425944,0.0,89472.41843463124,57973.89798047118,34998.356060177844,26431.07413791469,61429.43019809254,20232.000024365312,1450.0,0.0,0.8853049109212716,2.9106390028190208,0.001494314312251686,1.0,1.0,-4.756722617922833,358031.4802442435,1588764.475321433,4.437499390382104,1588764.475321433,4.437499390382104,0.7654626489561782,0.09305574985224283,4.186123611882295,101325.0,128351.07116782667,1.2667265844345095,1.0,0.0,4.186123611882295,1.274873442182113,1.2751074705493906,3.2835601349708847,6957.469909587773,16243.107769423557,6503.969718363666,0.0001971796186299936,21373.572959160625,2179.4978875722727,19440.800733842552,1982.4099701572457,0.9095718704116013,0.9095718704116013,37362.314175732754,35405.22815468563,1.069566922306103,0.8,4509.235503538461,4273.035954225843,1.069566922306103,0.8,17887.489023156744,17887.489023156744,1.0,0.8,4632.441516551485,4632.441516551485,5.586208171155677,5.292901713013073,-2.0639661340830773,7.356867847096151,3.5,3.5,1.0,0.6,0.00018356032560695764,1.0,0.00018356032560695764,200.82759564353114,0.0,0.0,0.0,0.009968902116983471,6.440153270248589e-05,0.00011915879290447175,0.0004988134365408017,0.09305898483081626,0.09305898483081626,0.09305898483081626,0.09305504551234502,0.0,0.0,0.0,0.0,0.0,0.0,1.0,1.0,0.0,1.0,1.0,507475.00503834797,589.2196682850443,0.0,0.09305898483081626,0.09305574985224283,0.09305574985224281,0.375,0.375,0.5,6.638379557370074,2.8421709430404007e-13,2.8421709430404007e-13,2.8421709430404007e-13,2.8421709430404007e-13,2.8421709430404007e-13,2.8421709430404007e-13,26431.07413791469,20232.000024365312,0.7654626489561782,1.0941817757625656,0.6729214357478172,41059.97430708969,25750.0,0.0,0.0,0.0,0.0,0.0,0.0,0.0,0.0,0.0,0.0,0.0,0.0,0.0,0.0,0.0,0.0,0.0,0.0,0.0,0.0,41059.97430708969,25750.0,1.0,0.0,0.0,6.0,0.9,167190.3635292044,27865.060588200733,260.6103217898049,260.6103217898049,-12.539678210195063,242.8381529641153,278.3824944475304,149530.58277315315,149551.32412207162,-20.741348918464453,0.0,nan,278.3824944475304,5.232494447530428,271.2736239970097,-1.8763760029902983,264.16475449065973,-8.985245509340245,257.05588603070765,-16.094113969292323,249.94701880880672,-23.20298119119326,242.8381529641153,-30.311847035884682,1.0,1.0,26022.01252070864,26022.01252070864,277.28484500707833,4.134845007078354,277.28484500707833,277.28484500707833,75939.81973990359,75987.97630212354,-48.15656221995596,0.0,8546.071908451686,8546.071908451686,0.868843916123323,4207.054229941707,277.28484500707833,4.134845007078354,1.0,0.002,1.3540640326545652,1.220227907015876e-06,0.0020991392006377463,4.1923024663452156e-07,1.0,1.049569600318873,0.06395041632727949,9.955843088438072e-05,0.9999924059618198,0.9999924059618198,0.0,0.09305504318332557,7.066689172632947e-07,0.0,0.0,0.0,1602159.2402573028,268.39327738207714,0.0,1.0,1278399.8595005318,2623.014097386917,,,,,,,,,,,,,,,,,8.0,16243.107769423557
2010.0,-32.28761859071346,5.292901713013073,34.97613078220485,24.91025902507829,7.207145645804081,-28.33327068415922,-41.77569343065841,3.643740088375632,-4.756722617922833,-4.756722617923125,40.787391886699275,41337.180366070745,25877.78265216071,25877.78265216071,67214.96301823146,74480.47199859272,75987.97630212354,25877.78265216071,101865.75895428425,101865.75895428425,101865.75895428425,128296.83309219894,125268.792497773,3028.040594425944,0.0,89472.41843463124,57973.89798047118,34998.356060177844,26431.07413791469,61429.43019809254,20232.000024365312,1450.0,0.0,0.8853049109212716,2.9106390028190208,0.001494314312251686,1.0,1.0,-4.756722617922833,358031.4802442435,1588764.475321433,4.437499390382104,1588764.475321433,4.437499390382104,0.7654626489561782,0.09305574985224283,4.186123611882295,101325.0,128351.07116782667,1.2667265844345095,1.0,0.0,4.186123611882295,1.274873442182113,1.2751074705493906,3.2835601349708847,6957.469909587773,16243.107769423557,6503.969718363666,0.0001971796186299936,21373.572959160625,2179.4978875722727,19440.800733842552,1982.4099701572457,0.9095718704116013,0.9095718704116013,37362.314175732754,35405.22815468563,1.069566922306103,0.8,4509.235503538461,4273.035954225843,1.069566922306103,0.8,17887.489023156744,17887.489023156744,1.0,0.8,4632.441516551485,4632.441516551485,5.586208171155677,5.292901713013073,-2.0639661340830773,7.356867847096151,3.5,3.5,1.0,0.6,0.00018356032560695764,1.0,0.00018356032560695764,200.82759564353114,0.0,0.0,0.0,0.009968902116983471,6.440153270248589e-05,0.00011915879290447175,0.0004988134365408017,0.09305898483081626,0.09305898483081626,0.09305898483081626,0.09305504551234502,0.0,0.0,0.0,0.0,0.0,0.0,1.0,1.0,0.0,1.0,1.0,507475.00503834797,589.2196682850443,0.0,0.09305898483081626,0.09305574985224283,0.09305574985224281,0.375,0.375,0.5,6.638379557370074,2.8421709430404007e-13,2.8421709430404007e-13,2.8421709430404007e-13,2.8421709430404007e-13,2.8421709430404007e-13,2.8421709430404007e-13,26431.07413791469,20232.000024365312,0.7654626489561782,1.0941817757625656,0.6729214357478172,41059.97430708969,25750.0,0.0,0.0,0.0,0.0,0.0,0.0,0.0,0.0,0.0,0.0,0.0,0.0,0.0,0.0,0.0,0.0,0.0,0.0,0.0,0.0,41059.97430708969,25750.0,1.0,0.0,0.0,6.0,0.9,167190.3635292044,27865.060588200733,260.6103217898049,260.6103217898049,-12.539678210195063,242.8381529641153,278.3824944475304,149530.58277315315,149551.32412207162,-20.741348918464453,0.0,nan,278.3824944475304,5.232494447530428,271.2736239970097,-1.8763760029902983,264.16475449065973,-8.985245509340245,257.05588603070765,-16.094113969292323,249.94701880880672,-23.20298119119326,242.8381529641153,-30.311847035884682,1.0,1.0,26022.01252070864,26022.01252070864,277.28484500707833,4.134845007078354,277.28484500707833,277.28484500707833,75939.81973990359,75987.97630212354,-48.15656221995596,0.0,8546.071908451686,8546.071908451686,0.868843916123323,4207.054229941707,277.28484500707833,4.134845007078354,1.0,0.002,1.3540640326545652,1.220227907015876e-06,0.0020991392006377463,4.1923024663452156e-07,1.0,1.049569600318873,0.06395041632727949,9.955843088438072e-05,0.9999924059618198,0.9999924059618198,0.0,0.09305504318332557,7.066689172632947e-07,0.0,0.0,0.0,1602159.2402573028,268.39327738207714,0.0,1.0,1278399.8595005318,2623.014097386917,,,,,,,,,,,,,,,,,8.0,16243.107769423557
2040.0,-32.28761859071346,5.292901713013073,34.97613078220485,24.91025902507829,7.207145645804081,-28.33327068415922,-41.77569343065841,3.643740088375632,-4.756722617922833,-4.756722617923125,40.787391886699275,41337.180366070745,25877.78265216071,25877.78265216071,67214.96301823146,74480.47199859272,75987.97630212354,25877.78265216071,101865.75895428425,101865.75895428425,101865.75895428425,128296.83309219894,125268.792497773,3028.040594425944,0.0,89472.41843463124,57973.89798047118,34998.356060177844,26431.07413791469,61429.43019809254,20232.000024365312,1450.0,0.0,0.8853049109212716,2.9106390028190208,0.001494314312251686,1.0,1.0,-4.756722617922833,358031.4802442435,1588764.475321433,4.437499390382104,1588764.475321433,4.437499390382104,0.7654626489561782,0.09305574985224283,4.186123611882295,101325.0,128351.07116782667,1.2667265844345095,1.0,0.0,4.186123611882295,1.274873442182113,1.2751074705493906,3.2835601349708847,6957.469909587773,16243.107769423557,6503.969718363666,0.0001971796186299936,21373.572959160625,2179.4978875722727,19440.800733842552,1982.4099701572457,0.9095718704116013,0.9095718704116013,37362.314175732754,35405.22815468563,1.069566922306103,0.8,4509.235503538461,4273.035954225843,1.069566922306103,0.8,17887.489023156744,17887.489023156744,1.0,0.8,4632.441516551485,4632.441516551485,5.586208171155677,5.292901713013073,-2.0639661340830773,7.356867847096151,3.5,3.5,1.0,0.6,0.00018356032560695764,1.0,0.00018356032560695764,200.82759564353114,0.0,0.0,0.0,0.009968902116983471,6.440153270248589e-05,0.00011915879290447175,0.0004988134365408017,0.09305898483081626,0.09305898483081626,0.09305898483081626,0.09305504551234502,0.0,0.0,0.0,0.0,0.0,0.0,1.0,1.0,0.0,1.0,1.0,507475.00503834797,589.2196682850443,0.0,0.09305898483081626,0.09305574985224283,0.09305574985224281,0.375,0.375,0.5,6.638379557370074,2.8421709430404007e-13,2.8421709430404007e-13,2.8421709430404007e-13,2.8421709430404007e-13,2.8421709430404007e-13,2.8421709430404007e-13,26431.07413791469,20232.000024365312,0.7654626489561782,1.0941817757625656,0.6729214357478172,41059.97430708969,25750.0,0.0,0.0,0.0,0.0,0.0,0.0,0.0,0.0,0.0,0.0,0.0,0.0,0.0,0.0,0.0,0.0,0.0,0.0,0.0,0.0,41059.97430708969,25750.0,1.0,0.0,0.0,6.0,0.9,167190.3635292044,27865.060588200733,260.6103217898049,260.6103217898049,-12.539678210195063,242.8381529641153,278.3824944475304,149530.58277315315,149551.32412207162,-20.741348918464453,0.0,nan,278.3824944475304,5.232494447530428,271.2736239970097,-1.8763760029902983,264.16475449065973,-8.985245509340245,257.05588603070765,-16.094113969292323,249.94701880880672,-23.20298119119326,242.8381529641153,-30.311847035884682,1.0,1.0,26022.01252070864,26022.01252070864,277.28484500707833,4.134845007078354,277.28484500707833,277.28484500707833,75939.81973990359,75987.97630212354,-48.15656221995596,0.0,8546.071908451686,8546.071908451686,0.868843916123323,4207.054229941707,277.28484500707833,4.134845007078354,1.0,0.002,1.3540640326545652,1.220227907015876e-06,0.0020991392006377463,4.1923024663452156e-07,1.0,1.049569600318873,0.06395041632727949,9.955843088438072e-05,0.9999924059618198,0.9999924059618198,0.0,0.09305504318332557,7.066689172632947e-07,0.0,0.0,0.0,1602159.2402573028,268.39327738207714,0.0,1.0,1278399.8595005318,2623.014097386917,,,,,,,,,,,,,,,,,8.0,16243.107769423557
2070.0,-32.28761859071346,5.292901713013073,34.97613078220485,24.91025902507829,7.207145645804081,-28.33327068415922,-41.77569343065841,3.643740088375632,-4.756722617922833,-4.756722617923125,40.787391886699275,41337.180366070745,25877.78265216071,25877.78265216071,67214.96301823146,74480.47199859272,75987.97630212354,25877.78265216071,101865.75895428425,101865.75895428425,101865.75895428425,128296.83309219894,125268.792497773,3028.040594425944,0.0,89472.41843463124,57973.89798047118,34998.356060177844,26431.07413791469,61429.43019809254,20232.000024365312,1450.0,0.0,0.8853049109212716,2.9106390028190208,0.001494314312251686,1.0,1.0,-4.756722617922833,358031.4802442435,1588764.475321433,4.437499390382104,1588764.475321433,4.437499390382104,0.7654626489561782,0.09305574985224283,4.186123611882295,101325.0,128351.07116782667,1.2667265844345095,1.0,0.0,4.186123611882295,1.274873442182113,1.2751074705493906,3.2835601349708847,6957.469909587773,16243.107769423557,6503.969718363666,0.0001971796186299936,21373.572959160625,2179.4978875722727,19440.800733842552,1982.4099701572457,0.9095718704116013,0.9095718704116013,37362.314175732754,35405.22815468563,1.069566922306103,0.8,4509.235503538461,4273.035954225843,1.069566922306103,0.8,17887.489023156744,17887.489023156744,1.0,0.8,4632.441516551485,4632.441516551485,5.586208171155677,5.292901713013073,-2.0639661340830773,7.356867847096151,3.5,3.5,1.0,0.6,0.00018356032560695764,1.0,0.00018356032560695764,200.82759564353114,0.0,0.0,0.0,0.009968902116983471,6.440153270248589e-05,0.00011915879290447175,0.0004988134365408017,0.09305898483081626,0.09305898483081626,0.09305898483081626,0.09305504551234502,0.0,0.0,0.0,0.0,0.0,0.0,1.0,1.0,0.0,1.0,1.0,507475.00503834797,589.2196682850443,0.0,0.09305898483081626,0.09305574985224283,0.09305574985224281,0.375,0.375,0.5,6.638379557370074,2.8421709430404007e-13,2.8421709430404007e-13,2.8421709430404007e-13,2.8421709430404007e-13,2.8421709430404007e-13,2.8421709430404007e-13,26431.07413791469,20232.000024365312,0.7654626489561782,1.0941817757625656,0.6729214357478172,41059.97430708969,25750.0,0.0,0.0,0.0,0.0,0.0,0.0,0.0,0.0,0.0,0.0,0.0,0.0,0.0,0.0,0.0,0.0,0.0,0.0,0.0,0.0,41059.97430708969,25750.0,1.0,0.0,0.0,6.0,0.9,167190.3635292044,27865.060588200733,260.6103217898049,260.6103217898049,-12.539678210195063,242.8381529641153,278.3824944475304,149530.58277315315,149551.32412207162,-20.741348918464453,0.0,nan,278.3824944475304,5.232494447530428,271.2736239970097,-1.8763760029902983,264.16475449065973,-8.985245509340245,257.05588603070765,-16.094113969292323,249.94701880880672,-23.20298119119326,242.8381529641153,-30.311847035884682,1.0,1.0,26022.01252070864,26022.01252070864,277.28484500707833,4.134845007078354,277.28484500707833,277.28484500707833,75939.81973990359,75987.97630212354,-48.15656221995596,0.0,8546.071908451686,8546.071908451686,0.868843916123323,4207.054229941707,277.28484500707833,4.134845007078354,1.0,0.002,1.3540640326545652,1.220227907015876e-06,0.0020991392006377463,4.1923024663452156e-07,1.0,1.049569600318873,0.06395041632727949,9.955843088438072e-05,0.9999924059618198,0.9999924059618198,0.0,0.09305504318332557,7.066689172632947e-07,0.0,0.0,0.0,1602159.2402573028,268.39327738207714,0.0,1.0,1278399.8595005318,2623.014097386917,,,,,,,,,,,,,,,,,8.0,16243.107769423557
2100.0,-32.28761859071346,5.292901713013073,34.97613078220485,24.91025902507829,7.207145645804081,-28.33327068415922,-41.77569343065841,3.643740088375632,-4.756722617922833,-4.756722617923125,40.787391886699275,41337.180366070745,25877.78265216071,25877.78265216071,67214.96301823146,74480.47199859272,75987.97630212354,25877.78265216071,101865.75895428425,101865.75895428425,101865.75895428425,128296.83309219894,125268.792497773,3028.040594425944,0.0,89472.41843463124,57973.89798047118,34998.356060177844,26431.07413791469,61429.43019809254,20232.000024365312,1450.0,0.0,0.8853049109212716,2.9106390028190208,0.001494314312251686,1.0,1.0,-4.756722617922833,358031.4802442435,1588764.475321433,4.437499390382104,1588764.475321433,4.437499390382104,0.7654626489561782,0.09305574985224283,4.186123611882295,101325.0,128351.07116782667,1.2667265844345095,1.0,0.0,4.186123611882295,1.274873442182113,1.2751074705493906,3.2835601349708847,6957.469909587773,16243.107769423557,6503.969718363666,0.0001971796186299936,21373.572959160625,2179.4978875722727,19440.800733842552,1982.4099701572457,0.9095718704116013,0.9095718704116013,37362.314175732754,35405.22815468563,1.069566922306103,0.8,4509.235503538461,4273.035954225843,1.069566922306103,0.8,17887.489023156744,17887.489023156744,1.0,0.8,4632.441516551485,4632.441516551485,5.586208171155677,5.292901713013073,-2.0639661340830773,7.356867847096151,3.5,3.5,1.0,0.6,0.00018356032560695764,1.0,0.00018356032560695764,200.82759564353114,0.0,0.0,0.0,0.009968902116983471,6.440153270248589e-05,0.00011915879290447175,0.0004988134365408017,0.09305898483081626,0.09305898483081626,0.09305898483081626,0.09305504551234502,0.0,0.0,0.0,0.0,0.0,0.0,1.0,1.0,0.0,1.0,1.0,507475.00503834797,589.2196682850443,0.0,0.09305898483081626,0.09305574985224283,0.09305574985224281,0.375,0.375,0.5,6.638379557370074,2.8421709430404007e-13,2.8421709430404007e-13,2.8421709430404007e-13,2.8421709430404007e-13,2.8421709430404007e-13,2.8421709430404007e-13,26431.07413791469,20232.000024365312,0.7654626489561782,1.0941817757625656,0.6729214357478172,41059.97430708969,25750.0,0.0,0.0,0.0,0.0,0.0,0.0,0.0,0.0,0.0,0.0,0.0,0.0,0.0,0.0,0.0,0.0,0.0,0.0,0.0,0.0,41059.97430708969,25750.0,1.0,0.0,0.0,6.0,0.9,167190.3635292044,27865.060588200733,260.6103217898049,260.6103217898049,-12.539678210195063,242.8381529641153,278.3824944475304,149530.58277315315,149551.32412207162,-20.741348918464453,0.0,nan,278.3824944475304,5.232494447530428,271.2736239970097,-1.8763760029902983,264.16475449065973,-8.985245509340245,257.05588603070765,-16.094113969292323,249.94701880880672,-23.20298119119326,242.8381529641153,-30.311847035884682,1.0,1.0,26022.01252070864,26022.01252070864,277.28484500707833,4.134845007078354,277.28484500707833,277.28484500707833,75939.81973990359,75987.97630212354,-48.15656221995596,0.0,8546.071908451686,8546.071908451686,0.868843916123323,4207.054229941707,277.28484500707833,4.134845007078354,1.0,0.002,1.3540640326545652,1.220227907015876e-06,0.0020991392006377463,4.1923024663452156e-07,1.0,1.049569600318873,0.06395041632727949,9.955843088438072e-05,0.9999924059618198,0.9999924059618198,0.0,0.09305504318332557,7.066689172632947e-07,0.0,0.0,0.0,1602159.2402573028,268.39327738207714,0.0,1.0,1278399.8595005318,2623.014097386917,,,,,,,,,,,,,,,,,8.0,16243.107769423557
2130.0,-32.28761859071346,5.292901713013073,34.97613078220485,24.91025902507829,7.207145645804081,-28.33327068415922,-41.77569343065841,3.643740088375632,-4.756722617922833,-4.756722617923125,40.787391886699275,41337.180366070745,25877.78265216071,25877.78265216071,67214.96301823146,74480.47199859272,75987.97630212354,25877.78265216071,101865.75895428425,101865.75895428425,101865.75895428425,128296.83309219894,125268.792497773,3028.040594425944,0.0,89472.41843463124,57973.89798047118,34998.356060177844,26431.07413791469,61429.43019809254,20232.000024365312,1450.0,0.0,0.8853049109212716,2.9106390028190208,0.001494314312251686,1.0,1.0,-4.756722617922833,358031.4802442435,1588764.475321433,4.437499390382104,1588764.475321433,4.437499390382104,0.7654626489561782,0.09305574985224283,4.186123611882295,101325.0,128351.07116782667,1.2667265844345095,1.0,0.0,4.186123611882295,1.274873442182113,1.2751074705493906,3.2835601349708847,6957.469909587773,16243.107769423557,6503.969718363666,0.0001971796186299936,21373.572959160625,2179.4978875722727,19440.800733842552,1982.4099701572457,0.9095718704116013,0.9095718704116013,37362.314175732754,35405.22815468563,1.069566922306103,0.8,4509.235503538461,4273.035954225843,1.069566922306103,0.8,17887.489023156744,17887.489023156744,1.0,0.8,4632.441516551485,4632.441516551485,5.586208171155677,5.292901713013073,-2.0639661340830773,7.356867847096151,3.5,3.5,1.0,0.6,0.00018356032560695764,1.0,0.00018356032560695764,200.82759564353114,0.0,0.0,0.0,0.009968902116983471,6.440153270248589e-05,0.00011915879290447175,0.0004988134365408017,0.09305898483081626,0.09305898483081626,0.09305898483081626,0.09305504551234502,0.0,0.0,0.0,0.0,0.0,0.0,1.0,1.0,0.0,1.0,1.0,507475.00503834797,589.2196682850443,0.0,0.09305898483081626,0.09305574985224283,0.09305574985224281,0.375,0.375,0.5,6.638379557370074,2.8421709430404007e-13,2.8421709430404007e-13,2.8421709430404007e-13,2.8421709430404007e-13,2.8421709430404007e-13,2.8421709430404007e-13,26431.07413791469,20232.000024365312,0.7654626489561782,1.0941817757625656,0.6729214357478172,41059.97430708969,25750.0,0.0,0.0,0.0,0.0,0.0,0.0,0.0,0.0,0.0,0.0,0.0,0.0,0.0,0.0,0.0,0.0,0.0,0.0,0.0,0.0,41059.97430708969,25750.0,1.0,0.0,0.0,6.0,0.9,167190.3635292044,27865.060588200733,260.6103217898049,260.6103217898049,-12.539678210195063,242.8381529641153,278.3824944475304,149530.58277315315,149551.32412207162,-20.741348918464453,0.0,nan,278.3824944475304,5.232494447530428,271.2736239970097,-1.8763760029902983,264.16475449065973,-8.985245509340245,257.05588603070765,-16.094113969292323,249.94701880880672,-23.20298119119326,242.8381529641153,-30.311847035884682,1.0,1.0,26022.01252070864,26022.01252070864,277.28484500707833,4.134845007078354,277.28484500707833,277.28484500707833,75939.81973990359,75987.97630212354,-48.15656221995596,0.0,8546.071908451686,8546.071908451686,0.868843916123323,4207.054229941707,277.28484500707833,4.134845007078354,1.0,0.002,1.3540640326545652,1.220227907015876e-06,0.0020991392006377463,4.1923024663452156e-07,1.0,1.049569600318873,0.06395041632727949,9.955843088438072e-05,0.9999924059618198,0.9999924059618198,0.0,0.09305504318332557,7.066689172632947e-07,0.0,0.0,0.0,1602159.2402573028,268.39327738207714,0.0,1.0,1278399.8595005318,2623.014097386917,,,,,,,,,,,,,,,,,8.0,16243.107769423557
2160.0,-32.28761859071346,5.292901713013073,34.97613078220485,24.91025902507829,7.207145645804081,-28.33327068415922,-41.77569343065841,3.643740088375632,-4.756722617922833,-4.756722617923125,40.787391886699275,41337.180366070745,25877.78265216071,25877.78265216071,67214.96301823146,74480.47199859272,75987.97630212354,25877.78265216071,101865.75895428425,101865.75895428425,101865.75895428425,128296.83309219894,125268.792497773,3028.040594425944,0.0,89472.41843463124,57973.89798047118,34998.356060177844,26431.07413791469,61429.43019809254,20232.000024365312,1450.0,0.0,0.8853049109212716,2.9106390028190208,0.001494314312251686,1.0,1.0,-4.756722617922833,358031.4802442435,1588764.475321433,4.437499390382104,1588764.475321433,4.437499390382104,0.7654626489561782,0.09305574985224283,4.186123611882295,101325.0,128351.07116782667,1.2667265844345095,1.0,0.0,4.186123611882295,1.274873442182113,1.2751074705493906,3.2835601349708847,6957.469909587773,16243.107769423557,6503.969718363666,0.0001971796186299936,21373.572959160625,2179.4978875722727,19440.800733842552,1982.4099701572457,0.9095718704116013,0.9095718704116013,37362.314175732754,35405.22815468563,1.069566922306103,0.8,4509.235503538461,4273.035954225843,1.069566922306103,0.8,17887.489023156744,17887.489023156744,1.0,0.8,4632.441516551485,4632.441516551485,5.586208171155677,5.292901713013073,-2.0639661340830773,7.356867847096151,3.5,3.5,1.0,0.6,0.00018356032560695764,1.0,0.00018356032560695764,200.82759564353114,0.0,0.0,0.0,0.009968902116983471,6.440153270248589e-05,0.00011915879290447175,0.0004988134365408017,0.09305898483081626,0.09305898483081626,0.09305898483081626,0.09305504551234502,0.0,0.0,0.0,0.0,0.0,0.0,1.0,1.0,0.0,1.0,1.0,507475.00503834797,589.2196682850443,0.0,0.09305898483081626,0.09305574985224283,0.09305574985224281,0.375,0.375,0.5,6.638379557370074,2.8421709430404007e-13,2.8421709430404007e-13,2.8421709430404007e-13,2.8421709430404007e-13,2.8421709430404007e-13,2.8421709430404007e-13,26431.07413791469,20232.000024365312,0.7654626489561782,1.0941817757625656,0.6729214357478172,41059.97430708969,25750.0,0.0,0.0,0.0,0.0,0.0,0.0,0.0,0.0,0.0,0.0,0.0,0.0,0.0,0.0,0.0,0.0,0.0,0.0,0.0,0.0,41059.97430708969,25750.0,1.0,0.0,0.0,6.0,0.9,167190.3635292044,27865.060588200733,260.6103217898049,260.6103217898049,-12.539678210195063,242.8381529641153,278.3824944475304,149530.58277315315,149551.32412207162,-20.741348918464453,0.0,nan,278.3824944475304,5.232494447530428,271.2736239970097,-1.8763760029902983,264.16475449065973,-8.985245509340245,257.05588603070765,-16.094113969292323,249.94701880880672,-23.20298119119326,242.8381529641153,-30.311847035884682,1.0,1.0,26022.01252070864,26022.01252070864,277.28484500707833,4.134845007078354,277.28484500707833,277.28484500707833,75939.81973990359,75987.97630212354,-48.15656221995596,0.0,8546.071908451686,8546.071908451686,0.868843916123323,4207.054229941707,277.28484500707833,4.134845007078354,1.0,0.002,1.3540640326545652,1.220227907015876e-06,0.0020991392006377463,4.1923024663452156e-07,1.0,1.049569600318873,0.06395041632727949,9.955843088438072e-05,0.9999924059618198,0.9999924059618198,0.0,0.09305504318332557,7.066689172632947e-07,0.0,0.0,0.0,1602159.2402573028,268.39327738207714,0.0,1.0,1278399.8595005318,2623.014097386917,,,,,,,,,,,,,,,,,8.0,16243.107769423557
2190.0,-32.28761859071346,5.292901713013073,34.97613078220485,24.91025902507829,7.207145645804081,-28.33327068415922,-41.77569343065841,3.643740088375632,-4.756722617922833,-4.756722617923125,40.787391886699275,41337.180366070745,25877.78265216071,25877.78265216071,67214.96301823146,74480.47199859272,75987.97630212354,25877.78265216071,101865.75895428425,101865.75895428425,101865.75895428425,128296.83309219894,125268.792497773,3028.040594425944,0.0,89472.41843463124,57973.89798047118,34998.356060177844,26431.07413791469,61429.43019809254,20232.000024365312,1450.0,0.0,0.8853049109212716,2.9106390028190208,0.001494314312251686,1.0,1.0,-4.756722617922833,358031.4802442435,1588764.475321433,4.437499390382104,1588764.475321433,4.437499390382104,0.7654626489561782,0.09305574985224283,4.186123611882295,101325.0,128351.07116782667,1.2667265844345095,1.0,0.0,4.186123611882295,1.274873442182113,1.2751074705493906,3.2835601349708847,6957.469909587773,16243.107769423557,6503.969718363666,0.0001971796186299936,21373.572959160625,2179.4978875722727,19440.800733842552,1982.4099701572457,0.9095718704116013,0.9095718704116013,37362.314175732754,35405.22815468563,1.069566922306103,0.8,4509.235503538461,4273.035954225843,1.069566922306103,0.8,17887.489023156744,17887.489023156744,1.0,0.8,4632.441516551485,4632.441516551485,5.586208171155677,5.292901713013073,-2.0639661340830773,7.356867847096151,3.5,3.5,1.0,0.6,0.00018356032560695764,1.0,0.00018356032560695764,200.82759564353114,0.0,0.0,0.0,0.009968902116983471,6.440153270248589e-05,0.00011915879290447175,0.0004988134365408017,0.09305898483081626,0.09305898483081626,0.09305898483081626,0.09305504551234502,0.0,0.0,0.0,0.0,0.0,0.0,1.0,1.0,0.0,1.0,1.0,507475.00503834797,589.2196682850443,0.0,0.09305898483081626,0.09305574985224283,0.09305574985224281,0.375,0.375,0.5,6.638379557370074,2.8421709430404007e-13,2.8421709430404007e-13,2.8421709430404007e-13,2.8421709430404007e-13,2.8421709430404007e-13,2.8421709430404007e-13,26431.07413791469,20232.000024365312,0.7654626489561782,1.0941817757625656,0.6729214357478172,41059.97430708969,25750.0,0.0,0.0,0.0,0.0,0.0,0.0,0.0,0.0,0.0,0.0,0.0,0.0,0.0,0.0,0.0,0.0,0.0,0.0,0.0,0.0,41059.97430708969,25750.0,1.0,0.0,0.0,6.0,0.9,167190.3635292044,27865.060588200733,260.6103217898049,260.6103217898049,-12.539678210195063,242.8381529641153,278.3824944475304,149530.58277315315,149551.32412207162,-20.741348918464453,0.0,nan,278.3824944475304,5.232494447530428,271.2736239970097,-1.8763760029902983,264.16475449065973,-8.985245509340245,257.05588603070765,-16.094113969292323,249.94701880880672,-23.20298119119326,242.8381529641153,-30.311847035884682,1.0,1.0,26022.01252070864,26022.01252070864,277.28484500707833,4.134845007078354,277.28484500707833,277.28484500707833,75939.81973990359,75987.97630212354,-48.15656221995596,0.0,8546.071908451686,8546.071908451686,0.868843916123323,4207.054229941707,277.28484500707833,4.134845007078354,1.0,0.002,1.3540640326545652,1.220227907015876e-06,0.0020991392006377463,4.1923024663452156e-07,1.0,1.049569600318873,0.06395041632727949,9.955843088438072e-05,0.9999924059618198,0.9999924059618198,0.0,0.09305504318332557,7.066689172632947e-07,0.0,0.0,0.0,1602159.2402573028,268.39327738207714,0.0,1.0,1278399.8595005318,2623.014097386917,,,,,,,,,,,,,,,,,8.0,16243.107769423557
2220.0,-32.28761859071346,5.292901713013073,34.97613078220485,24.91025902507829,7.207145645804081,-28.33327068415922,-41.77569343065841,3.643740088375632,-4.756722617922833,-4.756722617923125,40.787391886699275,41337.180366070745,25877.78265216071,25877.78265216071,67214.96301823146,74480.47199859272,75987.97630212354,25877.78265216071,101865.75895428425,101865.75895428425,101865.75895428425,128296.83309219894,125268.792497773,3028.040594425944,0.0,89472.41843463124,57973.89798047118,34998.356060177844,26431.07413791469,61429.43019809254,20232.000024365312,1450.0,0.0,0.8853049109212716,2.9106390028190208,0.001494314312251686,1.0,1.0,-4.756722617922833,358031.4802442435,1588764.475321433,4.437499390382104,1588764.475321433,4.437499390382104,0.7654626489561782,0.09305574985224283,4.186123611882295,101325.0,128351.07116782667,1.2667265844345095,1.0,0.0,4.186123611882295,1.274873442182113,1.2751074705493906,3.2835601349708847,6957.469909587773,16243.107769423557,6503.969718363666,0.0001971796186299936,21373.572959160625,2179.4978875722727,19440.800733842552,1982.4099701572457,0.9095718704116013,0.9095718704116013,37362.314175732754,35405.22815468563,1.069566922306103,0.8,4509.235503538461,4273.035954225843,1.069566922306103,0.8,17887.489023156744,17887.489023156744,1.0,0.8,4632.441516551485,4632.441516551485,5.586208171155677,5.292901713013073,-2.0639661340830773,7.356867847096151,3.5,3.5,1.0,0.6,0.00018356032560695764,1.0,0.00018356032560695764,200.82759564353114,0.0,0.0,0.0,0.009968902116983471,6.440153270248589e-05,0.00011915879290447175,0.0004988134365408017,0.09305898483081626,0.09305898483081626,0.09305898483081626,0.09305504551234502,0.0,0.0,0.0,0.0,0.0,0.0,1.0,1.0,0.0,1.0,1.0,507475.00503834797,589.2196682850443,0.0,0.09305898483081626,0.09305574985224283,0.09305574985224281,0.375,0.375,0.5,6.638379557370074,2.8421709430404007e-13,2.8421709430404007e-13,2.8421709430404007e-13,2.8421709430404007e-13,2.8421709430404007e-13,2.8421709430404007e-13,26431.07413791469,20232.000024365312,0.7654626489561782,1.0941817757625656,0.6729214357478172,41059.97430708969,25750.0,0.0,0.0,0.0,0.0,0.0,0.0,0.0,0.0,0.0,0.0,0.0,0.0,0.0,0.0,0.0,0.0,0.0,0.0,0.0,0.0,41059.97430708969,25750.0,1.0,0.0,0.0,6.0,0.9,167190.3635292044,27865.060588200733,260.6103217898049,260.6103217898049,-12.539678210195063,242.8381529641153,278.3824944475304,149530.58277315315,149551.32412207162,-20.741348918464453,0.0,nan,278.3824944475304,5.232494447530428,271.2736239970097,-1.8763760029902983,264.16475449065973,-8.985245509340245,257.05588603070765,-16.094113969292323,249.94701880880672,-23.20298119119326,242.8381529641153,-30.311847035884682,1.0,1.0,26022.01252070864,26022.01252070864,277.28484500707833,4.134845007078354,277.28484500707833,277.28484500707833,75939.81973990359,75987.97630212354,-48.15656221995596,0.0,8546.071908451686,8546.071908451686,0.868843916123323,4207.054229941707,277.28484500707833,4.134845007078354,1.0,0.002,1.3540640326545652,1.220227907015876e-06,0.0020991392006377463,4.1923024663452156e-07,1.0,1.049569600318873,0.06395041632727949,9.955843088438072e-05,0.9999924059618198,0.9999924059618198,0.0,0.09305504318332557,7.066689172632947e-07,0.0,0.0,0.0,1602159.2402573028,268.39327738207714,0.0,1.0,1278399.8595005318,2623.014097386917,,,,,,,,,,,,,,,,,8.0,16243.107769423557
2250.0,-32.28761859071346,5.292901713013073,34.97613078220485,24.91025902507829,7.207145645804081,-28.33327068415922,-41.77569343065841,3.643740088375632,-4.756722617922833,-4.756722617923125,40.787391886699275,41337.180366070745,25877.78265216071,25877.78265216071,67214.96301823146,74480.47199859272,75987.97630212354,25877.78265216071,101865.75895428425,101865.75895428425,101865.75895428425,128296.83309219894,125268.792497773,3028.040594425944,0.0,89472.41843463124,57973.89798047118,34998.356060177844,26431.07413791469,61429.43019809254,20232.000024365312,1450.0,0.0,0.8853049109212716,2.9106390028190208,0.001494314312251686,1.0,1.0,-4.756722617922833,358031.4802442435,1588764.475321433,4.437499390382104,1588764.475321433,4.437499390382104,0.7654626489561782,0.09305574985224283,4.186123611882295,101325.0,128351.07116782667,1.2667265844345095,1.0,0.0,4.186123611882295,1.274873442182113,1.2751074705493906,3.2835601349708847,6957.469909587773,16243.107769423557,6503.969718363666,0.0001971796186299936,21373.572959160625,2179.4978875722727,19440.800733842552,1982.4099701572457,0.9095718704116013,0.9095718704116013,37362.314175732754,35405.22815468563,1.069566922306103,0.8,4509.235503538461,4273.035954225843,1.069566922306103,0.8,17887.489023156744,17887.489023156744,1.0,0.8,4632.441516551485,4632.441516551485,5.586208171155677,5.292901713013073,-2.0639661340830773,7.356867847096151,3.5,3.5,1.0,0.6,0.00018356032560695764,1.0,0.00018356032560695764,200.82759564353114,0.0,0.0,0.0,0.009968902116983471,6.440153270248589e-05,0.00011915879290447175,0.0004988134365408017,0.09305898483081626,0.09305898483081626,0.09305898483081626,0.09305504551234502,0.0,0.0,0.0,0.0,0.0,0.0,1.0,1.0,0.0,1.0,1.0,507475.00503834797,589.2196682850443,0.0,0.09305898483081626,0.09305574985224283,0.09305574985224281,0.375,0.375,0.5,6.638379557370074,2.8421709430404007e-13,2.8421709430404007e-13,2.8421709430404007e-13,2.8421709430404007e-13,2.8421709430404007e-13,2.8421709430404007e-13,26431.07413791469,20232.000024365312,0.7654626489561782,1.0941817757625656,0.6729214357478172,41059.97430708969,25750.0,0.0,0.0,0.0,0.0,0.0,0.0,0.0,0.0,0.0,0.0,0.0,0.0,0.0,0.0,0.0,0.0,0.0,0.0,0.0,0.0,41059.97430708969,25750.0,1.0,0.0,0.0,6.0,0.9,167190.3635292044,27865.060588200733,260.6103217898049,260.6103217898049,-12.539678210195063,242.8381529641153,278.3824944475304,149530.58277315315,149551.32412207162,-20.741348918464453,0.0,nan,278.3824944475304,5.232494447530428,271.2736239970097,-1.8763760029902983,264.16475449065973,-8.985245509340245,257.05588603070765,-16.094113969292323,249.94701880880672,-23.20298119119326,242.8381529641153,-30.311847035884682,1.0,1.0,26022.01252070864,26022.01252070864,277.28484500707833,4.134845007078354,277.28484500707833,277.28484500707833,75939.81973990359,75987.97630212354,-48.15656221995596,0.0,8546.071908451686,8546.071908451686,0.868843916123323,4207.054229941707,277.28484500707833,4.134845007078354,1.0,0.002,1.3540640326545652,1.220227907015876e-06,0.0020991392006377463,4.1923024663452156e-07,1.0,1.049569600318873,0.06395041632727949,9.955843088438072e-05,0.9999924059618198,0.9999924059618198,0.0,0.09305504318332557,7.066689172632947e-07,0.0,0.0,0.0,1602159.2402573028,268.39327738207714,0.0,1.0,1278399.8595005318,2623.014097386917,,,,,,,,,,,,,,,,,8.0,16243.107769423557
2280.0,-32.28761859071346,5.292901713013073,34.97613078220485,24.91025902507829,7.207145645804081,-28.33327068415922,-41.77569343065841,3.643740088375632,-4.756722617922833,-4.756722617923125,40.787391886699275,41337.180366070745,25877.78265216071,25877.78265216071,67214.96301823146,74480.47199859272,75987.97630212354,25877.78265216071,101865.75895428425,101865.75895428425,101865.75895428425,128296.83309219894,125268.792497773,3028.040594425944,0.0,89472.41843463124,57973.89798047118,34998.356060177844,26431.07413791469,61429.43019809254,20232.000024365312,1450.0,0.0,0.8853049109212716,2.9106390028190208,0.001494314312251686,1.0,1.0,-4.756722617922833,358031.4802442435,1588764.475321433,4.437499390382104,1588764.475321433,4.437499390382104,0.7654626489561782,0.09305574985224283,4.186123611882295,101325.0,128351.07116782667,1.2667265844345095,1.0,0.0,4.186123611882295,1.274873442182113,1.2751074705493906,3.2835601349708847,6957.469909587773,16243.107769423557,6503.969718363666,0.0001971796186299936,21373.572959160625,2179.4978875722727,19440.800733842552,1982.4099701572457,0.9095718704116013,0.9095718704116013,37362.314175732754,35405.22815468563,1.069566922306103,0.8,4509.235503538461,4273.035954225843,1.069566922306103,0.8,17887.489023156744,17887.489023156744,1.0,0.8,4632.441516551485,4632.441516551485,5.586208171155677,5.292901713013073,-2.0639661340830773,7.356867847096151,3.5,3.5,1.0,0.6,0.00018356032560695764,1.0,0.00018356032560695764,200.82759564353114,0.0,0.0,0.0,0.009968902116983471,6.440153270248589e-05,0.00011915879290447175,0.0004988134365408017,0.09305898483081626,0.09305898483081626,0.09305898483081626,0.09305504551234502,0.0,0.0,0.0,0.0,0.0,0.0,1.0,1.0,0.0,1.0,1.0,507475.00503834797,589.2196682850443,0.0,0.09305898483081626,0.09305574985224283,0.09305574985224281,0.375,0.375,0.5,6.638379557370074,2.8421709430404007e-13,2.8421709430404007e-13,2.8421709430404007e-13,2.8421709430404007e-13,2.8421709430404007e-13,2.8421709430404007e-13,26431.07413791469,20232.000024365312,0.7654626489561782,1.0941817757625656,0.6729214357478172,41059.97430708969,25750.0,0.0,0.0,0.0,0.0,0.0,0.0,0.0,0.0,0.0,0.0,0.0,0.0,0.0,0.0,0.0,0.0,0.0,0.0,0.0,0.0,41059.97430708969,25750.0,1.0,0.0,0.0,6.0,0.9,167190.3635292044,27865.060588200733,260.6103217898049,260.6103217898049,-12.539678210195063,242.8381529641153,278.3824944475304,149530.58277315315,149551.32412207162,-20.741348918464453,0.0,nan,278.3824944475304,5.232494447530428,271.2736239970097,-1.8763760029902983,264.16475449065973,-8.985245509340245,257.05588603070765,-16.094113969292323,249.94701880880672,-23.20298119119326,242.8381529641153,-30.311847035884682,1.0,1.0,26022.01252070864,26022.01252070864,277.28484500707833,4.134845007078354,277.28484500707833,277.28484500707833,75939.81973990359,75987.97630212354,-48.15656221995596,0.0,8546.071908451686,8546.071908451686,0.868843916123323,4207.054229941707,277.28484500707833,4.134845007078354,1.0,0.002,1.3540640326545652,1.220227907015876e-06,0.0020991392006377463,4.1923024663452156e-07,1.0,1.049569600318873,0.06395041632727949,9.955843088438072e-05,0.9999924059618198,0.9999924059618198,0.0,0.09305504318332557,7.066689172632947e-07,0.0,0.0,0.0,1602159.2402573028,268.39327738207714,0.0,1.0,1278399.8595005318,2623.014097386917,,,,,,,,,,,,,,,,,8.0,16243.107769423557
2310.0,-32.28761859071346,5.292901713013073,34.97613078220485,24.91025902507829,7.207145645804081,-28.33327068415922,-41.77569343065841,3.643740088375632,-4.756722617922833,-4.756722617923125,40.787391886699275,41337.180366070745,25877.78265216071,25877.78265216071,67214.96301823146,74480.47199859272,75987.97630212354,25877.78265216071,101865.75895428425,101865.75895428425,101865.75895428425,128296.83309219894,125268.792497773,3028.040594425944,0.0,89472.41843463124,57973.89798047118,34998.356060177844,26431.07413791469,61429.43019809254,20232.000024365312,1450.0,0.0,0.8853049109212716,2.9106390028190208,0.001494314312251686,1.0,1.0,-4.756722617922833,358031.4802442435,1588764.475321433,4.437499390382104,1588764.475321433,4.437499390382104,0.7654626489561782,0.09305574985224283,4.186123611882295,101325.0,128351.07116782667,1.2667265844345095,1.0,0.0,4.186123611882295,1.274873442182113,1.2751074705493906,3.2835601349708847,6957.469909587773,16243.107769423557,6503.969718363666,0.0001971796186299936,21373.572959160625,2179.4978875722727,19440.800733842552,1982.4099701572457,0.9095718704116013,0.9095718704116013,37362.314175732754,35405.22815468563,1.069566922306103,0.8,4509.235503538461,4273.035954225843,1.069566922306103,0.8,17887.489023156744,17887.489023156744,1.0,0.8,4632.441516551485,4632.441516551485,5.586208171155677,5.292901713013073,-2.0639661340830773,7.356867847096151,3.5,3.5,1.0,0.6,0.00018356032560695764,1.0,0.00018356032560695764,200.82759564353114,0.0,0.0,0.0,0.009968902116983471,6.440153270248589e-05,0.00011915879290447175,0.0004988134365408017,0.09305898483081626,0.09305898483081626,0.09305898483081626,0.09305504551234502,0.0,0.0,0.0,0.0,0.0,0.0,1.0,1.0,0.0,1.0,1.0,507475.00503834797,589.2196682850443,0.0,0.09305898483081626,0.09305574985224283,0.09305574985224281,0.375,0.375,0.5,6.638379557370074,2.8421709430404007e-13,2.8421709430404007e-13,2.8421709430404007e-13,2.8421709430404007e-13,2.8421709430404007e-13,2.8421709430404007e-13,26431.07413791469,20232.000024365312,0.7654626489561782,1.0941817757625656,0.6729214357478172,41059.97430708969,25750.0,0.0,0.0,0.0,0.0,0.0,0.0,0.0,0.0,0.0,0.0,0.0,0.0,0.0,0.0,0.0,0.0,0.0,0.0,0.0,0.0,41059.97430708969,25750.0,1.0,0.0,0.0,6.0,0.9,167190.3635292044,27865.060588200733,260.6103217898049,260.6103217898049,-12.539678210195063,242.8381529641153,278.3824944475304,149530.58277315315,149551.32412207162,-20.741348918464453,0.0,nan,278.3824944475304,5.232494447530428,271.2736239970097,-1.8763760029902983,264.16475449065973,-8.985245509340245,257.05588603070765,-16.094113969292323,249.94701880880672,-23.20298119119326,242.8381529641153,-30.311847035884682,1.0,1.0,26022.01252070864,26022.01252070864,277.28484500707833,4.134845007078354,277.28484500707833,277.28484500707833,75939.81973990359,75987.97630212354,-48.15656221995596,0.0,8546.071908451686,8546.071908451686,0.868843916123323,4207.054229941707,277.28484500707833,4.134845007078354,1.0,0.002,1.3540640326545652,1.220227907015876e-06,0.0020991392006377463,4.1923024663452156e-07,1.0,1.049569600318873,0.06395041632727949,9.955843088438072e-05,0.9999924059618198,0.9999924059618198,0.0,0.09305504318332557,7.066689172632947e-07,0.0,0.0,0.0,1602159.2402573028,268.39327738207714,0.0,1.0,1278399.8595005318,2623.014097386917,,,,,,,,,,,,,,,,,8.0,16243.107769423557
2340.0,-32.28761859071346,5.292901713013073,34.97613078220485,24.91025902507829,7.207145645804081,-28.33327068415922,-41.77569343065841,3.643740088375632,-4.756722617922833,-4.756722617923125,40.787391886699275,41337.180366070745,25877.78265216071,25877.78265216071,67214.96301823146,74480.47199859272,75987.97630212354,25877.78265216071,101865.75895428425,101865.75895428425,101865.75895428425,128296.83309219894,125268.792497773,3028.040594425944,0.0,89472.41843463124,57973.89798047118,34998.356060177844,26431.07413791469,61429.43019809254,20232.000024365312,1450.0,0.0,0.8853049109212716,2.9106390028190208,0.001494314312251686,1.0,1.0,-4.756722617922833,358031.4802442435,1588764.475321433,4.437499390382104,1588764.475321433,4.437499390382104,0.7654626489561782,0.09305574985224283,4.186123611882295,101325.0,128351.07116782667,1.2667265844345095,1.0,0.0,4.186123611882295,1.274873442182113,1.2751074705493906,3.2835601349708847,6957.469909587773,16243.107769423557,6503.969718363666,0.0001971796186299936,21373.572959160625,2179.4978875722727,19440.800733842552,1982.4099701572457,0.9095718704116013,0.9095718704116013,37362.314175732754,35405.22815468563,1.069566922306103,0.8,4509.235503538461,4273.035954225843,1.069566922306103,0.8,17887.489023156744,17887.489023156744,1.0,0.8,4632.441516551485,4632.441516551485,5.586208171155677,5.292901713013073,-2.0639661340830773,7.356867847096151,3.5,3.5,1.0,0.6,0.00018356032560695764,1.0,0.00018356032560695764,200.82759564353114,0.0,0.0,0.0,0.009968902116983471,6.440153270248589e-05,0.00011915879290447175,0.0004988134365408017,0.09305898483081626,0.09305898483081626,0.09305898483081626,0.09305504551234502,0.0,0.0,0.0,0.0,0.0,0.0,1.0,1.0,0.0,1.0,1.0,507475.00503834797,589.2196682850443,0.0,0.09305898483081626,0.09305574985224283,0.09305574985224281,0.375,0.375,0.5,6.638379557370074,2.8421709430404007e-13,2.8421709430404007e-13,2.8421709430404007e-13,2.8421709430404007e-13,2.8421709430404007e-13,2.8421709430404007e-13,26431.07413791469,20232.000024365312,0.7654626489561782,1.0941817757625656,0.6729214357478172,41059.97430708969,25750.0,0.0,0.0,0.0,0.0,0.0,0.0,0.0,0.0,0.0,0.0,0.0,0.0,0.0,0.0,0.0,0.0,0.0,0.0,0.0,0.0,41059.97430708969,25750.0,1.0,0.0,0.0,6.0,0.9,167190.3635292044,27865.060588200733,260.6103217898049,260.6103217898049,-12.539678210195063,242.8381529641153,278.3824944475304,149530.58277315315,149551.32412207162,-20.741348918464453,0.0,nan,278.3824944475304,5.232494447530428,271.2736239970097,-1.8763760029902983,264.16475449065973,-8.985245509340245,257.05588603070765,-16.094113969292323,249.94701880880672,-23.20298119119326,242.8381529641153,-30.311847035884682,1.0,1.0,26022.01252070864,26022.01252070864,277.28484500707833,4.134845007078354,277.28484500707833,277.28484500707833,75939.81973990359,75987.97630212354,-48.15656221995596,0.0,8546.071908451686,8546.071908451686,0.868843916123323,4207.054229941707,277.28484500707833,4.134845007078354,1.0,0.002,1.3540640326545652,1.220227907015876e-06,0.0020991392006377463,4.1923024663452156e-07,1.0,1.049569600318873,0.06395041632727949,9.955843088438072e-05,0.9999924059618198,0.9999924059618198,0.0,0.09305504318332557,7.066689172632947e-07,0.0,0.0,0.0,1602159.2402573028,268.39327738207714,0.0,1.0,1278399.8595005318,2623.014097386917,,,,,,,,,,,,,,,,,8.0,16243.107769423557
2370.0,-32.28761859071346,5.292901713013073,34.97613078220485,24.91025902507829,7.207145645804081,-28.33327068415922,-41.77569343065841,3.643740088375632,-4.756722617922833,-4.756722617923125,40.787391886699275,41337.180366070745,25877.78265216071,25877.78265216071,67214.96301823146,74480.47199859272,75987.97630212354,25877.78265216071,101865.75895428425,101865.75895428425,101865.75895428425,128296.83309219894,125268.792497773,3028.040594425944,0.0,89472.41843463124,57973.89798047118,34998.356060177844,26431.07413791469,61429.43019809254,20232.000024365312,1450.0,0.0,0.8853049109212716,2.9106390028190208,0.001494314312251686,1.0,1.0,-4.756722617922833,358031.4802442435,1588764.475321433,4.437499390382104,1588764.475321433,4.437499390382104,0.7654626489561782,0.09305574985224283,4.186123611882295,101325.0,128351.07116782667,1.2667265844345095,1.0,0.0,4.186123611882295,1.274873442182113,1.2751074705493906,3.2835601349708847,6957.469909587773,16243.107769423557,6503.969718363666,0.0001971796186299936,21373.572959160625,2179.4978875722727,19440.800733842552,1982.4099701572457,0.9095718704116013,0.9095718704116013,37362.314175732754,35405.22815468563,1.069566922306103,0.8,4509.235503538461,4273.035954225843,1.069566922306103,0.8,17887.489023156744,17887.489023156744,1.0,0.8,4632.441516551485,4632.441516551485,5.586208171155677,5.292901713013073,-2.0639661340830773,7.356867847096151,3.5,3.5,1.0,0.6,0.00018356032560695764,1.0,0.00018356032560695764,200.82759564353114,0.0,0.0,0.0,0.009968902116983471,6.440153270248589e-05,0.00011915879290447175,0.0004988134365408017,0.09305898483081626,0.09305898483081626,0.09305898483081626,0.09305504551234502,0.0,0.0,0.0,0.0,0.0,0.0,1.0,1.0,0.0,1.0,1.0,507475.00503834797,589.2196682850443,0.0,0.09305898483081626,0.09305574985224283,0.09305574985224281,0.375,0.375,0.5,6.638379557370074,2.8421709430404007e-13,2.8421709430404007e-13,2.8421709430404007e-13,2.8421709430404007e-13,2.8421709430404007e-13,2.8421709430404007e-13,26431.07413791469,20232.000024365312,0.7654626489561782,1.0941817757625656,0.6729214357478172,41059.97430708969,25750.0,0.0,0.0,0.0,0.0,0.0,0.0,0.0,0.0,0.0,0.0,0.0,0.0,0.0,0.0,0.0,0.0,0.0,0.0,0.0,0.0,41059.97430708969,25750.0,1.0,0.0,0.0,6.0,0.9,167190.3635292044,27865.060588200733,260.6103217898049,260.6103217898049,-12.539678210195063,242.8381529641153,278.3824944475304,149530.58277315315,149551.32412207162,-20.741348918464453,0.0,nan,278.3824944475304,5.232494447530428,271.2736239970097,-1.8763760029902983,264.16475449065973,-8.985245509340245,257.05588603070765,-16.094113969292323,249.94701880880672,-23.20298119119326,242.8381529641153,-30.311847035884682,1.0,1.0,26022.01252070864,26022.01252070864,277.28484500707833,4.134845007078354,277.28484500707833,277.28484500707833,75939.81973990359,75987.97630212354,-48.15656221995596,0.0,8546.071908451686,8546.071908451686,0.868843916123323,4207.054229941707,277.28484500707833,4.134845007078354,1.0,0.002,1.3540640326545652,1.220227907015876e-06,0.0020991392006377463,4.1923024663452156e-07,1.0,1.049569600318873,0.06395041632727949,9.955843088438072e-05,0.9999924059618198,0.9999924059618198,0.0,0.09305504318332557,7.066689172632947e-07,0.0,0.0,0.0,1602159.2402573028,268.39327738207714,0.0,1.0,1278399.8595005318,2623.014097386917,,,,,,,,,,,,,,,,,8.0,16243.107769423557
2400.0,-32.28761859071346,5.292901713013073,34.97613078220485,24.91025902507829,7.207145645804081,-28.33327068415922,-41.77569343065841,3.643740088375632,-4.756722617922833,-4.756722617923125,40.787391886699275,41337.180366070745,25877.78265216071,25877.78265216071,67214.96301823146,74480.47199859272,75987.97630212354,25877.78265216071,101865.75895428425,101865.75895428425,101865.75895428425,128296.83309219894,125268.792497773,3028.040594425944,0.0,89472.41843463124,57973.89798047118,34998.356060177844,26431.07413791469,61429.43019809254,20232.000024365312,1450.0,0.0,0.8853049109212716,2.9106390028190208,0.001494314312251686,1.0,1.0,-4.756722617922833,358031.4802442435,1588764.475321433,4.437499390382104,1588764.475321433,4.437499390382104,0.7654626489561782,0.09305574985224283,4.186123611882295,101325.0,128351.07116782667,1.2667265844345095,1.0,0.0,4.186123611882295,1.274873442182113,1.2751074705493906,3.2835601349708847,6957.469909587773,16243.107769423557,6503.969718363666,0.0001971796186299936,21373.572959160625,2179.4978875722727,19440.800733842552,1982.4099701572457,0.9095718704116013,0.9095718704116013,37362.314175732754,35405.22815468563,1.069566922306103,0.8,4509.235503538461,4273.035954225843,1.069566922306103,0.8,17887.489023156744,17887.489023156744,1.0,0.8,4632.441516551485,4632.441516551485,5.586208171155677,5.292901713013073,-2.0639661340830773,7.356867847096151,3.5,3.5,1.0,0.6,0.00018356032560695764,1.0,0.00018356032560695764,200.82759564353114,0.0,0.0,0.0,0.009968902116983471,6.440153270248589e-05,0.00011915879290447175,0.0004988134365408017,0.09305898483081626,0.09305898483081626,0.09305898483081626,0.09305504551234502,0.0,0.0,0.0,0.0,0.0,0.0,1.0,1.0,0.0,1.0,1.0,507475.00503834797,589.2196682850443,0.0,0.09305898483081626,0.09305574985224283,0.09305574985224281,0.375,0.375,0.5,6.638379557370074,2.8421709430404007e-13,2.8421709430404007e-13,2.8421709430404007e-13,2.8421709430404007e-13,2.8421709430404007e-13,2.8421709430404007e-13,26431.07413791469,20232.000024365312,0.7654626489561782,1.0941817757625656,0.6729214357478172,41059.97430708969,25750.0,0.0,0.0,0.0,0.0,0.0,0.0,0.0,0.0,0.0,0.0,0.0,0.0,0.0,0.0,0.0,0.0,0.0,0.0,0.0,0.0,41059.97430708969,25750.0,1.0,0.0,0.0,6.0,0.9,167190.3635292044,27865.060588200733,260.6103217898049,260.6103217898049,-12.539678210195063,242.8381529641153,278.3824944475304,149530.58277315315,149551.32412207162,-20.741348918464453,0.0,nan,278.3824944475304,5.232494447530428,271.2736239970097,-1.8763760029902983,264.16475449065973,-8.985245509340245,257.05588603070765,-16.094113969292323,249.94701880880672,-23.20298119119326,242.8381529641153,-30.311847035884682,1.0,1.0,26022.01252070864,26022.01252070864,277.28484500707833,4.134845007078354,277.28484500707833,277.28484500707833,75939.81973990359,75987.97630212354,-48.15656221995596,0.0,8546.071908451686,8546.071908451686,0.868843916123323,4207.054229941707,277.28484500707833,4.134845007078354,1.0,0.002,1.3540640326545652,1.220227907015876e-06,0.0020991392006377463,4.1923024663452156e-07,1.0,1.049569600318873,0.06395041632727949,9.955843088438072e-05,0.9999924059618198,0.9999924059618198,0.0,0.09305504318332557,7.066689172632947e-07,0.0,0.0,0.0,1602159.2402573028,268.39327738207714,0.0,1.0,1278399.8595005318,2623.014097386917,,,,,,,,,,,,,,,,,8.0,16243.107769423557
2430.0,-32.28761859071346,5.292901713013073,34.97613078220485,24.91025902507829,7.207145645804081,-28.33327068415922,-41.77569343065841,3.643740088375632,-4.756722617922833,-4.756722617923125,40.787391886699275,41337.180366070745,25877.78265216071,25877.78265216071,67214.96301823146,74480.47199859272,75987.97630212354,25877.78265216071,101865.75895428425,101865.75895428425,101865.75895428425,128296.83309219894,125268.792497773,3028.040594425944,0.0,89472.41843463124,57973.89798047118,34998.356060177844,26431.07413791469,61429.43019809254,20232.000024365312,1450.0,0.0,0.8853049109212716,2.9106390028190208,0.001494314312251686,1.0,1.0,-4.756722617922833,358031.4802442435,1588764.475321433,4.437499390382104,1588764.475321433,4.437499390382104,0.7654626489561782,0.09305574985224283,4.186123611882295,101325.0,128351.07116782667,1.2667265844345095,1.0,0.0,4.186123611882295,1.274873442182113,1.2751074705493906,3.2835601349708847,6957.469909587773,16243.107769423557,6503.969718363666,0.0001971796186299936,21373.572959160625,2179.4978875722727,19440.800733842552,1982.4099701572457,0.9095718704116013,0.9095718704116013,37362.314175732754,35405.22815468563,1.069566922306103,0.8,4509.235503538461,4273.035954225843,1.069566922306103,0.8,17887.489023156744,17887.489023156744,1.0,0.8,4632.441516551485,4632.441516551485,5.586208171155677,5.292901713013073,-2.0639661340830773,7.356867847096151,3.5,3.5,1.0,0.6,0.00018356032560695764,1.0,0.00018356032560695764,200.82759564353114,0.0,0.0,0.0,0.009968902116983471,6.440153270248589e-05,0.00011915879290447175,0.0004988134365408017,0.09305898483081626,0.09305898483081626,0.09305898483081626,0.09305504551234502,0.0,0.0,0.0,0.0,0.0,0.0,1.0,1.0,0.0,1.0,1.0,507475.00503834797,589.2196682850443,0.0,0.09305898483081626,0.09305574985224283,0.09305574985224281,0.375,0.375,0.5,6.638379557370074,2.8421709430404007e-13,2.8421709430404007e-13,2.8421709430404007e-13,2.8421709430404007e-13,2.8421709430404007e-13,2.8421709430404007e-13,26431.07413791469,20232.000024365312,0.7654626489561782,1.0941817757625656,0.6729214357478172,41059.97430708969,25750.0,0.0,0.0,0.0,0.0,0.0,0.0,0.0,0.0,0.0,0.0,0.0,0.0,0.0,0.0,0.0,0.0,0.0,0.0,0.0,0.0,41059.97430708969,25750.0,1.0,0.0,0.0,6.0,0.9,167190.3635292044,27865.060588200733,260.6103217898049,260.6103217898049,-12.539678210195063,242.8381529641153,278.3824944475304,149530.58277315315,149551.32412207162,-20.741348918464453,0.0,nan,278.3824944475304,5.232494447530428,271.2736239970097,-1.8763760029902983,264.16475449065973,-8.985245509340245,257.05588603070765,-16.094113969292323,249.94701880880672,-23.20298119119326,242.8381529641153,-30.311847035884682,1.0,1.0,26022.01252070864,26022.01252070864,277.28484500707833,4.134845007078354,277.28484500707833,277.28484500707833,75939.81973990359,75987.97630212354,-48.15656221995596,0.0,8546.071908451686,8546.071908451686,0.868843916123323,4207.054229941707,277.28484500707833,4.134845007078354,1.0,0.002,1.3540640326545652,1.220227907015876e-06,0.0020991392006377463,4.1923024663452156e-07,1.0,1.049569600318873,0.06395041632727949,9.955843088438072e-05,0.9999924059618198,0.9999924059618198,0.0,0.09305504318332557,7.066689172632947e-07,0.0,0.0,0.0,1602159.2402573028,268.39327738207714,0.0,1.0,1278399.8595005318,2623.014097386917,,,,,,,,,,,,,,,,,8.0,16243.107769423557
2460.0,-32.28761859071346,5.292901713013073,34.97613078220485,24.91025902507829,7.207145645804081,-28.33327068415922,-41.77569343065841,3.643740088375632,-4.756722617922833,-4.756722617923125,40.787391886699275,41337.180366070745,25877.78265216071,25877.78265216071,67214.96301823146,74480.47199859272,75987.97630212354,25877.78265216071,101865.75895428425,101865.75895428425,101865.75895428425,128296.83309219894,125268.792497773,3028.040594425944,0.0,89472.41843463124,57973.89798047118,34998.356060177844,26431.07413791469,61429.43019809254,20232.000024365312,1450.0,0.0,0.8853049109212716,2.9106390028190208,0.001494314312251686,1.0,1.0,-4.756722617922833,358031.4802442435,1588764.475321433,4.437499390382104,1588764.475321433,4.437499390382104,0.7654626489561782,0.09305574985224283,4.186123611882295,101325.0,128351.07116782667,1.2667265844345095,1.0,0.0,4.186123611882295,1.274873442182113,1.2751074705493906,3.2835601349708847,6957.469909587773,16243.107769423557,6503.969718363666,0.0001971796186299936,21373.572959160625,2179.4978875722727,19440.800733842552,1982.4099701572457,0.9095718704116013,0.9095718704116013,37362.314175732754,35405.22815468563,1.069566922306103,0.8,4509.235503538461,4273.035954225843,1.069566922306103,0.8,17887.489023156744,17887.489023156744,1.0,0.8,4632.441516551485,4632.441516551485,5.586208171155677,5.292901713013073,-2.0639661340830773,7.356867847096151,3.5,3.5,1.0,0.6,0.00018356032560695764,1.0,0.00018356032560695764,200.82759564353114,0.0,0.0,0.0,0.009968902116983471,6.440153270248589e-05,0.00011915879290447175,0.0004988134365408017,0.09305898483081626,0.09305898483081626,0.09305898483081626,0.09305504551234502,0.0,0.0,0.0,0.0,0.0,0.0,1.0,1.0,0.0,1.0,1.0,507475.00503834797,589.2196682850443,0.0,0.09305898483081626,0.09305574985224283,0.09305574985224281,0.375,0.375,0.5,6.638379557370074,2.8421709430404007e-13,2.8421709430404007e-13,2.8421709430404007e-13,2.8421709430404007e-13,2.8421709430404007e-13,2.8421709430404007e-13,26431.07413791469,20232.000024365312,0.7654626489561782,1.0941817757625656,0.6729214357478172,41059.97430708969,25750.0,0.0,0.0,0.0,0.0,0.0,0.0,0.0,0.0,0.0,0.0,0.0,0.0,0.0,0.0,0.0,0.0,0.0,0.0,0.0,0.0,41059.97430708969,25750.0,1.0,0.0,0.0,6.0,0.9,167190.3635292044,27865.060588200733,260.6103217898049,260.6103217898049,-12.539678210195063,242.8381529641153,278.3824944475304,149530.58277315315,149551.32412207162,-20.741348918464453,0.0,nan,278.3824944475304,5.232494447530428,271.2736239970097,-1.8763760029902983,264.16475449065973,-8.985245509340245,257.05588603070765,-16.094113969292323,249.94701880880672,-23.20298119119326,242.8381529641153,-30.311847035884682,1.0,1.0,26022.01252070864,26022.01252070864,277.28484500707833,4.134845007078354,277.28484500707833,277.28484500707833,75939.81973990359,75987.97630212354,-48.15656221995596,0.0,8546.071908451686,8546.071908451686,0.868843916123323,4207.054229941707,277.28484500707833,4.134845007078354,1.0,0.002,1.3540640326545652,1.220227907015876e-06,0.0020991392006377463,4.1923024663452156e-07,1.0,1.049569600318873,0.06395041632727949,9.955843088438072e-05,0.9999924059618198,0.9999924059618198,0.0,0.09305504318332557,7.066689172632947e-07,0.0,0.0,0.0,1602159.2402573028,268.39327738207714,0.0,1.0,1278399.8595005318,2623.014097386917,,,,,,,,,,,,,,,,,8.0,16243.107769423557
2490.0,-32.28761859071346,5.292901713013073,34.97613078220485,24.91025902507829,7.207145645804081,-28.33327068415922,-41.77569343065841,3.643740088375632,-4.756722617922833,-4.756722617923125,40.787391886699275,41337.180366070745,25877.78265216071,25877.78265216071,67214.96301823146,74480.47199859272,75987.97630212354,25877.78265216071,101865.75895428425,101865.75895428425,101865.75895428425,128296.83309219894,125268.792497773,3028.040594425944,0.0,89472.41843463124,57973.89798047118,34998.356060177844,26431.07413791469,61429.43019809254,20232.000024365312,1450.0,0.0,0.8853049109212716,2.9106390028190208,0.001494314312251686,1.0,1.0,-4.756722617922833,358031.4802442435,1588764.475321433,4.437499390382104,1588764.475321433,4.437499390382104,0.7654626489561782,0.09305574985224283,4.186123611882295,101325.0,128351.07116782667,1.2667265844345095,1.0,0.0,4.186123611882295,1.274873442182113,1.2751074705493906,3.2835601349708847,6957.469909587773,16243.107769423557,6503.969718363666,0.0001971796186299936,21373.572959160625,2179.4978875722727,19440.800733842552,1982.4099701572457,0.9095718704116013,0.9095718704116013,37362.314175732754,35405.22815468563,1.069566922306103,0.8,4509.235503538461,4273.035954225843,1.069566922306103,0.8,17887.489023156744,17887.489023156744,1.0,0.8,4632.441516551485,4632.441516551485,5.586208171155677,5.292901713013073,-2.0639661340830773,7.356867847096151,3.5,3.5,1.0,0.6,0.00018356032560695764,1.0,0.00018356032560695764,200.82759564353114,0.0,0.0,0.0,0.009968902116983471,6.440153270248589e-05,0.00011915879290447175,0.0004988134365408017,0.09305898483081626,0.09305898483081626,0.09305898483081626,0.09305504551234502,0.0,0.0,0.0,0.0,0.0,0.0,1.0,1.0,0.0,1.0,1.0,507475.00503834797,589.2196682850443,0.0,0.09305898483081626,0.09305574985224283,0.09305574985224281,0.375,0.375,0.5,6.638379557370074,2.8421709430404007e-13,2.8421709430404007e-13,2.8421709430404007e-13,2.8421709430404007e-13,2.8421709430404007e-13,2.8421709430404007e-13,26431.07413791469,20232.000024365312,0.7654626489561782,1.0941817757625656,0.6729214357478172,41059.97430708969,25750.0,0.0,0.0,0.0,0.0,0.0,0.0,0.0,0.0,0.0,0.0,0.0,0.0,0.0,0.0,0.0,0.0,0.0,0.0,0.0,0.0,41059.97430708969,25750.0,1.0,0.0,0.0,6.0,0.9,167190.3635292044,27865.060588200733,260.6103217898049,260.6103217898049,-12.539678210195063,242.8381529641153,278.3824944475304,149530.58277315315,149551.32412207162,-20.741348918464453,0.0,nan,278.3824944475304,5.232494447530428,271.2736239970097,-1.8763760029902983,264.16475449065973,-8.985245509340245,257.05588603070765,-16.094113969292323,249.94701880880672,-23.20298119119326,242.8381529641153,-30.311847035884682,1.0,1.0,26022.01252070864,26022.01252070864,277.28484500707833,4.134845007078354,277.28484500707833,277.28484500707833,75939.81973990359,75987.97630212354,-48.15656221995596,0.0,8546.071908451686,8546.071908451686,0.868843916123323,4207.054229941707,277.28484500707833,4.134845007078354,1.0,0.002,1.3540640326545652,1.220227907015876e-06,0.0020991392006377463,4.1923024663452156e-07,1.0,1.049569600318873,0.06395041632727949,9.955843088438072e-05,0.9999924059618198,0.9999924059618198,0.0,0.09305504318332557,7.066689172632947e-07,0.0,0.0,0.0,1602159.2402573028,268.39327738207714,0.0,1.0,1278399.8595005318,2623.014097386917,,,,,,,,,,,,,,,,,8.0,16243.107769423557
2520.0,-32.28761859071346,5.292901713013073,34.97613078220485,24.91025902507829,7.207145645804081,-28.33327068415922,-41.77569343065841,3.643740088375632,-4.756722617922833,-4.756722617923125,40.787391886699275,41337.180366070745,25877.78265216071,25877.78265216071,67214.96301823146,74480.47199859272,75987.97630212354,25877.78265216071,101865.75895428425,101865.75895428425,101865.75895428425,128296.83309219894,125268.792497773,3028.040594425944,0.0,89472.41843463124,57973.89798047118,34998.356060177844,26431.07413791469,61429.43019809254,20232.000024365312,1450.0,0.0,0.8853049109212716,2.9106390028190208,0.001494314312251686,1.0,1.0,-4.756722617922833,358031.4802442435,1588764.475321433,4.437499390382104,1588764.475321433,4.437499390382104,0.7654626489561782,0.09305574985224283,4.186123611882295,101325.0,128351.07116782667,1.2667265844345095,1.0,0.0,4.186123611882295,1.274873442182113,1.2751074705493906,3.2835601349708847,6957.469909587773,16243.107769423557,6503.969718363666,0.0001971796186299936,21373.572959160625,2179.4978875722727,19440.800733842552,1982.4099701572457,0.9095718704116013,0.9095718704116013,37362.314175732754,35405.22815468563,1.069566922306103,0.8,4509.235503538461,4273.035954225843,1.069566922306103,0.8,17887.489023156744,17887.489023156744,1.0,0.8,4632.441516551485,4632.441516551485,5.586208171155677,5.292901713013073,-2.0639661340830773,7.356867847096151,3.5,3.5,1.0,0.6,0.00018356032560695764,1.0,0.00018356032560695764,200.82759564353114,0.0,0.0,0.0,0.009968902116983471,6.440153270248589e-05,0.00011915879290447175,0.0004988134365408017,0.09305898483081626,0.09305898483081626,0.09305898483081626,0.09305504551234502,0.0,0.0,0.0,0.0,0.0,0.0,1.0,1.0,0.0,1.0,1.0,507475.00503834797,589.2196682850443,0.0,0.09305898483081626,0.09305574985224283,0.09305574985224281,0.375,0.375,0.5,6.638379557370074,2.8421709430404007e-13,2.8421709430404007e-13,2.8421709430404007e-13,2.8421709430404007e-13,2.8421709430404007e-13,2.8421709430404007e-13,26431.07413791469,20232.000024365312,0.7654626489561782,1.0941817757625656,0.6729214357478172,41059.97430708969,25750.0,0.0,0.0,0.0,0.0,0.0,0.0,0.0,0.0,0.0,0.0,0.0,0.0,0.0,0.0,0.0,0.0,0.0,0.0,0.0,0.0,41059.97430708969,25750.0,1.0,0.0,0.0,6.0,0.9,167190.3635292044,27865.060588200733,260.6103217898049,260.6103217898049,-12.539678210195063,242.8381529641153,278.3824944475304,149530.58277315315,149551.32412207162,-20.741348918464453,0.0,nan,278.3824944475304,5.232494447530428,271.2736239970097,-1.8763760029902983,264.16475449065973,-8.985245509340245,257.05588603070765,-16.094113969292323,249.94701880880672,-23.20298119119326,242.8381529641153,-30.311847035884682,1.0,1.0,26022.01252070864,26022.01252070864,277.28484500707833,4.134845007078354,277.28484500707833,277.28484500707833,75939.81973990359,75987.97630212354,-48.15656221995596,0.0,8546.071908451686,8546.071908451686,0.868843916123323,4207.054229941707,277.28484500707833,4.134845007078354,1.0,0.002,1.3540640326545652,1.220227907015876e-06,0.0020991392006377463,4.1923024663452156e-07,1.0,1.049569600318873,0.06395041632727949,9.955843088438072e-05,0.9999924059618198,0.9999924059618198,0.0,0.09305504318332557,7.066689172632947e-07,0.0,0.0,0.0,1602159.2402573028,268.39327738207714,0.0,1.0,1278399.8595005318,2623.014097386917,,,,,,,,,,,,,,,,,8.0,16243.107769423557
2550.0,-32.28761859071346,5.292901713013073,34.97613078220485,24.91025902507829,7.207145645804081,-28.33327068415922,-41.77569343065841,3.643740088375632,-4.756722617922833,-4.756722617923125,40.787391886699275,41337.180366070745,25877.78265216071,25877.78265216071,67214.96301823146,74480.47199859272,75987.97630212354,25877.78265216071,101865.75895428425,101865.75895428425,101865.75895428425,128296.83309219894,125268.792497773,3028.040594425944,0.0,89472.41843463124,57973.89798047118,34998.356060177844,26431.07413791469,61429.43019809254,20232.000024365312,1450.0,0.0,0.8853049109212716,2.9106390028190208,0.001494314312251686,1.0,1.0,-4.756722617922833,358031.4802442435,1588764.475321433,4.437499390382104,1588764.475321433,4.437499390382104,0.7654626489561782,0.09305574985224283,4.186123611882295,101325.0,128351.07116782667,1.2667265844345095,1.0,0.0,4.186123611882295,1.274873442182113,1.2751074705493906,3.2835601349708847,6957.469909587773,16243.107769423557,6503.969718363666,0.0001971796186299936,21373.572959160625,2179.4978875722727,19440.800733842552,1982.4099701572457,0.9095718704116013,0.9095718704116013,37362.314175732754,35405.22815468563,1.069566922306103,0.8,4509.235503538461,4273.035954225843,1.069566922306103,0.8,17887.489023156744,17887.489023156744,1.0,0.8,4632.441516551485,4632.441516551485,5.586208171155677,5.292901713013073,-2.0639661340830773,7.356867847096151,3.5,3.5,1.0,0.6,0.00018356032560695764,1.0,0.00018356032560695764,200.82759564353114,0.0,0.0,0.0,0.009968902116983471,6.440153270248589e-05,0.00011915879290447175,0.0004988134365408017,0.09305898483081626,0.09305898483081626,0.09305898483081626,0.09305504551234502,0.0,0.0,0.0,0.0,0.0,0.0,1.0,1.0,0.0,1.0,1.0,507475.00503834797,589.2196682850443,0.0,0.09305898483081626,0.09305574985224283,0.09305574985224281,0.375,0.375,0.5,6.638379557370074,2.8421709430404007e-13,2.8421709430404007e-13,2.8421709430404007e-13,2.8421709430404007e-13,2.8421709430404007e-13,2.8421709430404007e-13,26431.07413791469,20232.000024365312,0.7654626489561782,1.0941817757625656,0.6729214357478172,41059.97430708969,25750.0,0.0,0.0,0.0,0.0,0.0,0.0,0.0,0.0,0.0,0.0,0.0,0.0,0.0,0.0,0.0,0.0,0.0,0.0,0.0,0.0,41059.97430708969,25750.0,1.0,0.0,0.0,6.0,0.9,167190.3635292044,27865.060588200733,260.6103217898049,260.6103217898049,-12.539678210195063,242.8381529641153,278.3824944475304,149530.58277315315,149551.32412207162,-20.741348918464453,0.0,nan,278.3824944475304,5.232494447530428,271.2736239970097,-1.8763760029902983,264.16475449065973,-8.985245509340245,257.05588603070765,-16.094113969292323,249.94701880880672,-23.20298119119326,242.8381529641153,-30.311847035884682,1.0,1.0,26022.01252070864,26022.01252070864,277.28484500707833,4.134845007078354,277.28484500707833,277.28484500707833,75939.81973990359,75987.97630212354,-48.15656221995596,0.0,8546.071908451686,8546.071908451686,0.868843916123323,4207.054229941707,277.28484500707833,4.134845007078354,1.0,0.002,1.3540640326545652,1.220227907015876e-06,0.0020991392006377463,4.1923024663452156e-07,1.0,1.049569600318873,0.06395041632727949,9.955843088438072e-05,0.9999924059618198,0.9999924059618198,0.0,0.09305504318332557,7.066689172632947e-07,0.0,0.0,0.0,1602159.2402573028,268.39327738207714,0.0,1.0,1278399.8595005318,2623.014097386917,,,,,,,,,,,,,,,,,8.0,16243.107769423557
2580.0,-32.28761859071346,5.292901713013073,34.97613078220485,24.91025902507829,7.207145645804081,-28.33327068415922,-41.77569343065841,3.643740088375632,-4.756722617922833,-4.756722617923125,40.787391886699275,41337.180366070745,25877.78265216071,25877.78265216071,67214.96301823146,74480.47199859272,75987.97630212354,25877.78265216071,101865.75895428425,101865.75895428425,101865.75895428425,128296.83309219894,125268.792497773,3028.040594425944,0.0,89472.41843463124,57973.89798047118,34998.356060177844,26431.07413791469,61429.43019809254,20232.000024365312,1450.0,0.0,0.8853049109212716,2.9106390028190208,0.001494314312251686,1.0,1.0,-4.756722617922833,358031.4802442435,1588764.475321433,4.437499390382104,1588764.475321433,4.437499390382104,0.7654626489561782,0.09305574985224283,4.186123611882295,101325.0,128351.07116782667,1.2667265844345095,1.0,0.0,4.186123611882295,1.274873442182113,1.2751074705493906,3.2835601349708847,6957.469909587773,16243.107769423557,6503.969718363666,0.0001971796186299936,21373.572959160625,2179.4978875722727,19440.800733842552,1982.4099701572457,0.9095718704116013,0.9095718704116013,37362.314175732754,35405.22815468563,1.069566922306103,0.8,4509.235503538461,4273.035954225843,1.069566922306103,0.8,17887.489023156744,17887.489023156744,1.0,0.8,4632.441516551485,4632.441516551485,5.586208171155677,5.292901713013073,-2.0639661340830773,7.356867847096151,3.5,3.5,1.0,0.6,0.00018356032560695764,1.0,0.00018356032560695764,200.82759564353114,0.0,0.0,0.0,0.009968902116983471,6.440153270248589e-05,0.00011915879290447175,0.0004988134365408017,0.09305898483081626,0.09305898483081626,0.09305898483081626,0.09305504551234502,0.0,0.0,0.0,0.0,0.0,0.0,1.0,1.0,0.0,1.0,1.0,507475.00503834797,589.2196682850443,0.0,0.09305898483081626,0.09305574985224283,0.09305574985224281,0.375,0.375,0.5,6.638379557370074,2.8421709430404007e-13,2.8421709430404007e-13,2.8421709430404007e-13,2.8421709430404007e-13,2.8421709430404007e-13,2.8421709430404007e-13,26431.07413791469,20232.000024365312,0.7654626489561782,1.0941817757625656,0.6729214357478172,41059.97430708969,25750.0,0.0,0.0,0.0,0.0,0.0,0.0,0.0,0.0,0.0,0.0,0.0,0.0,0.0,0.0,0.0,0.0,0.0,0.0,0.0,0.0,41059.97430708969,25750.0,1.0,0.0,0.0,6.0,0.9,167190.3635292044,27865.060588200733,260.6103217898049,260.6103217898049,-12.539678210195063,242.8381529641153,278.3824944475304,149530.58277315315,149551.32412207162,-20.741348918464453,0.0,nan,278.3824944475304,5.232494447530428,271.2736239970097,-1.8763760029902983,264.16475449065973,-8.985245509340245,257.05588603070765,-16.094113969292323,249.94701880880672,-23.20298119119326,242.8381529641153,-30.311847035884682,1.0,1.0,26022.01252070864,26022.01252070864,277.28484500707833,4.134845007078354,277.28484500707833,277.28484500707833,75939.81973990359,75987.97630212354,-48.15656221995596,0.0,8546.071908451686,8546.071908451686,0.868843916123323,4207.054229941707,277.28484500707833,4.134845007078354,1.0,0.002,1.3540640326545652,1.220227907015876e-06,0.0020991392006377463,4.1923024663452156e-07,1.0,1.049569600318873,0.06395041632727949,9.955843088438072e-05,0.9999924059618198,0.9999924059618198,0.0,0.09305504318332557,7.066689172632947e-07,0.0,0.0,0.0,1602159.2402573028,268.39327738207714,0.0,1.0,1278399.8595005318,2623.014097386917,,,,,,,,,,,,,,,,,8.0,16243.107769423557
2610.0,-32.28761859071346,5.292901713013073,34.97613078220485,24.91025902507829,7.207145645804081,-28.33327068415922,-41.77569343065841,3.643740088375632,-4.756722617922833,-4.756722617923125,40.787391886699275,41337.180366070745,25877.78265216071,25877.78265216071,67214.96301823146,74480.47199859272,75987.97630212354,25877.78265216071,101865.75895428425,101865.75895428425,101865.75895428425,128296.83309219894,125268.792497773,3028.040594425944,0.0,89472.41843463124,57973.89798047118,34998.356060177844,26431.07413791469,61429.43019809254,20232.000024365312,1450.0,0.0,0.8853049109212716,2.9106390028190208,0.001494314312251686,1.0,1.0,-4.756722617922833,358031.4802442435,1588764.475321433,4.437499390382104,1588764.475321433,4.437499390382104,0.7654626489561782,0.09305574985224283,4.186123611882295,101325.0,128351.07116782667,1.2667265844345095,1.0,0.0,4.186123611882295,1.274873442182113,1.2751074705493906,3.2835601349708847,6957.469909587773,16243.107769423557,6503.969718363666,0.0001971796186299936,21373.572959160625,2179.4978875722727,19440.800733842552,1982.4099701572457,0.9095718704116013,0.9095718704116013,37362.314175732754,35405.22815468563,1.069566922306103,0.8,4509.235503538461,4273.035954225843,1.069566922306103,0.8,17887.489023156744,17887.489023156744,1.0,0.8,4632.441516551485,4632.441516551485,5.586208171155677,5.292901713013073,-2.0639661340830773,7.356867847096151,3.5,3.5,1.0,0.6,0.00018356032560695764,1.0,0.00018356032560695764,200.82759564353114,0.0,0.0,0.0,0.009968902116983471,6.440153270248589e-05,0.00011915879290447175,0.0004988134365408017,0.09305898483081626,0.09305898483081626,0.09305898483081626,0.09305504551234502,0.0,0.0,0.0,0.0,0.0,0.0,1.0,1.0,0.0,1.0,1.0,507475.00503834797,589.2196682850443,0.0,0.09305898483081626,0.09305574985224283,0.09305574985224281,0.375,0.375,0.5,6.638379557370074,2.8421709430404007e-13,2.8421709430404007e-13,2.8421709430404007e-13,2.8421709430404007e-13,2.8421709430404007e-13,2.8421709430404007e-13,26431.07413791469,20232.000024365312,0.7654626489561782,1.0941817757625656,0.6729214357478172,41059.97430708969,25750.0,0.0,0.0,0.0,0.0,0.0,0.0,0.0,0.0,0.0,0.0,0.0,0.0,0.0,0.0,0.0,0.0,0.0,0.0,0.0,0.0,41059.97430708969,25750.0,1.0,0.0,0.0,6.0,0.9,167190.3635292044,27865.060588200733,260.6103217898049,260.6103217898049,-12.539678210195063,242.8381529641153,278.3824944475304,149530.58277315315,149551.32412207162,-20.741348918464453,0.0,nan,278.3824944475304,5.232494447530428,271.2736239970097,-1.8763760029902983,264.16475449065973,-8.985245509340245,257.05588603070765,-16.094113969292323,249.94701880880672,-23.20298119119326,242.8381529641153,-30.311847035884682,1.0,1.0,26022.01252070864,26022.01252070864,277.28484500707833,4.134845007078354,277.28484500707833,277.28484500707833,75939.81973990359,75987.97630212354,-48.15656221995596,0.0,8546.071908451686,8546.071908451686,0.868843916123323,4207.054229941707,277.28484500707833,4.134845007078354,1.0,0.002,1.3540640326545652,1.220227907015876e-06,0.0020991392006377463,4.1923024663452156e-07,1.0,1.049569600318873,0.06395041632727949,9.955843088438072e-05,0.9999924059618198,0.9999924059618198,0.0,0.09305504318332557,7.066689172632947e-07,0.0,0.0,0.0,1602159.2402573028,268.39327738207714,0.0,1.0,1278399.8595005318,2623.014097386917,,,,,,,,,,,,,,,,,8.0,16243.107769423557
2640.0,-32.28761859071346,5.292901713013073,34.97613078220485,24.91025902507829,7.207145645804081,-28.33327068415922,-41.77569343065841,3.643740088375632,-4.756722617922833,-4.756722617923125,40.787391886699275,41337.180366070745,25877.78265216071,25877.78265216071,67214.96301823146,74480.47199859272,75987.97630212354,25877.78265216071,101865.75895428425,101865.75895428425,101865.75895428425,128296.83309219894,125268.792497773,3028.040594425944,0.0,89472.41843463124,57973.89798047118,34998.356060177844,26431.07413791469,61429.43019809254,20232.000024365312,1450.0,0.0,0.8853049109212716,2.9106390028190208,0.001494314312251686,1.0,1.0,-4.756722617922833,358031.4802442435,1588764.475321433,4.437499390382104,1588764.475321433,4.437499390382104,0.7654626489561782,0.09305574985224283,4.186123611882295,101325.0,128351.07116782667,1.2667265844345095,1.0,0.0,4.186123611882295,1.274873442182113,1.2751074705493906,3.2835601349708847,6957.469909587773,16243.107769423557,6503.969718363666,0.0001971796186299936,21373.572959160625,2179.4978875722727,19440.800733842552,1982.4099701572457,0.9095718704116013,0.9095718704116013,37362.314175732754,35405.22815468563,1.069566922306103,0.8,4509.235503538461,4273.035954225843,1.069566922306103,0.8,17887.489023156744,17887.489023156744,1.0,0.8,4632.441516551485,4632.441516551485,5.586208171155677,5.292901713013073,-2.0639661340830773,7.356867847096151,3.5,3.5,1.0,0.6,0.00018356032560695764,1.0,0.00018356032560695764,200.82759564353114,0.0,0.0,0.0,0.009968902116983471,6.440153270248589e-05,0.00011915879290447175,0.0004988134365408017,0.09305898483081626,0.09305898483081626,0.09305898483081626,0.09305504551234502,0.0,0.0,0.0,0.0,0.0,0.0,1.0,1.0,0.0,1.0,1.0,507475.00503834797,589.2196682850443,0.0,0.09305898483081626,0.09305574985224283,0.09305574985224281,0.375,0.375,0.5,6.638379557370074,2.8421709430404007e-13,2.8421709430404007e-13,2.8421709430404007e-13,2.8421709430404007e-13,2.8421709430404007e-13,2.8421709430404007e-13,26431.07413791469,20232.000024365312,0.7654626489561782,1.0941817757625656,0.6729214357478172,41059.97430708969,25750.0,0.0,0.0,0.0,0.0,0.0,0.0,0.0,0.0,0.0,0.0,0.0,0.0,0.0,0.0,0.0,0.0,0.0,0.0,0.0,0.0,41059.97430708969,25750.0,1.0,0.0,0.0,6.0,0.9,167190.3635292044,27865.060588200733,260.6103217898049,260.6103217898049,-12.539678210195063,242.8381529641153,278.3824944475304,149530.58277315315,149551.32412207162,-20.741348918464453,0.0,nan,278.3824944475304,5.232494447530428,271.2736239970097,-1.8763760029902983,264.16475449065973,-8.985245509340245,257.05588603070765,-16.094113969292323,249.94701880880672,-23.20298119119326,242.8381529641153,-30.311847035884682,1.0,1.0,26022.01252070864,26022.01252070864,277.28484500707833,4.134845007078354,277.28484500707833,277.28484500707833,75939.81973990359,75987.97630212354,-48.15656221995596,0.0,8546.071908451686,8546.071908451686,0.868843916123323,4207.054229941707,277.28484500707833,4.134845007078354,1.0,0.002,1.3540640326545652,1.220227907015876e-06,0.0020991392006377463,4.1923024663452156e-07,1.0,1.049569600318873,0.06395041632727949,9.955843088438072e-05,0.9999924059618198,0.9999924059618198,0.0,0.09305504318332557,7.066689172632947e-07,0.0,0.0,0.0,1602159.2402573028,268.39327738207714,0.0,1.0,1278399.8595005318,2623.014097386917,,,,,,,,,,,,,,,,,8.0,16243.107769423557
2670.0,-32.28761859071346,5.292901713013073,34.97613078220485,24.91025902507829,7.207145645804081,-28.33327068415922,-41.77569343065841,3.643740088375632,-4.756722617922833,-4.756722617923125,40.787391886699275,41337.180366070745,25877.78265216071,25877.78265216071,67214.96301823146,74480.47199859272,75987.97630212354,25877.78265216071,101865.75895428425,101865.75895428425,101865.75895428425,128296.83309219894,125268.792497773,3028.040594425944,0.0,89472.41843463124,57973.89798047118,34998.356060177844,26431.07413791469,61429.43019809254,20232.000024365312,1450.0,0.0,0.8853049109212716,2.9106390028190208,0.001494314312251686,1.0,1.0,-4.756722617922833,358031.4802442435,1588764.475321433,4.437499390382104,1588764.475321433,4.437499390382104,0.7654626489561782,0.09305574985224283,4.186123611882295,101325.0,128351.07116782667,1.2667265844345095,1.0,0.0,4.186123611882295,1.274873442182113,1.2751074705493906,3.2835601349708847,6957.469909587773,16243.107769423557,6503.969718363666,0.0001971796186299936,21373.572959160625,2179.4978875722727,19440.800733842552,1982.4099701572457,0.9095718704116013,0.9095718704116013,37362.314175732754,35405.22815468563,1.069566922306103,0.8,4509.235503538461,4273.035954225843,1.069566922306103,0.8,17887.489023156744,17887.489023156744,1.0,0.8,4632.441516551485,4632.441516551485,5.586208171155677,5.292901713013073,-2.0639661340830773,7.356867847096151,3.5,3.5,1.0,0.6,0.00018356032560695764,1.0,0.00018356032560695764,200.82759564353114,0.0,0.0,0.0,0.009968902116983471,6.440153270248589e-05,0.00011915879290447175,0.0004988134365408017,0.09305898483081626,0.09305898483081626,0.09305898483081626,0.09305504551234502,0.0,0.0,0.0,0.0,0.0,0.0,1.0,1.0,0.0,1.0,1.0,507475.00503834797,589.2196682850443,0.0,0.09305898483081626,0.09305574985224283,0.09305574985224281,0.375,0.375,0.5,6.638379557370074,2.8421709430404007e-13,2.8421709430404007e-13,2.8421709430404007e-13,2.8421709430404007e-13,2.8421709430404007e-13,2.8421709430404007e-13,26431.07413791469,20232.000024365312,0.7654626489561782,1.0941817757625656,0.6729214357478172,41059.97430708969,25750.0,0.0,0.0,0.0,0.0,0.0,0.0,0.0,0.0,0.0,0.0,0.0,0.0,0.0,0.0,0.0,0.0,0.0,0.0,0.0,0.0,41059.97430708969,25750.0,1.0,0.0,0.0,6.0,0.9,167190.3635292044,27865.060588200733,260.6103217898049,260.6103217898049,-12.539678210195063,242.8381529641153,278.3824944475304,149530.58277315315,149551.32412207162,-20.741348918464453,0.0,nan,278.3824944475304,5.232494447530428,271.2736239970097,-1.8763760029902983,264.16475449065973,-8.985245509340245,257.05588603070765,-16.094113969292323,249.94701880880672,-23.20298119119326,242.8381529641153,-30.311847035884682,1.0,1.0,26022.01252070864,26022.01252070864,277.28484500707833,4.134845007078354,277.28484500707833,277.28484500707833,75939.81973990359,75987.97630212354,-48.15656221995596,0.0,8546.071908451686,8546.071908451686,0.868843916123323,4207.054229941707,277.28484500707833,4.134845007078354,1.0,0.002,1.3540640326545652,1.220227907015876e-06,0.0020991392006377463,4.1923024663452156e-07,1.0,1.049569600318873,0.06395041632727949,9.955843088438072e-05,0.9999924059618198,0.9999924059618198,0.0,0.09305504318332557,7.066689172632947e-07,0.0,0.0,0.0,1602159.2402573028,268.39327738207714,0.0,1.0,1278399.8595005318,2623.014097386917,,,,,,,,,,,,,,,,,8.0,16243.107769423557
2700.0,-32.28761859071346,5.292901713013073,34.97613078220485,24.91025902507829,7.207145645804081,-28.33327068415922,-41.77569343065841,3.643740088375632,-4.756722617922833,-4.756722617923125,40.787391886699275,41337.180366070745,25877.78265216071,25877.78265216071,67214.96301823146,74480.47199859272,75987.97630212354,25877.78265216071,101865.75895428425,101865.75895428425,101865.75895428425,128296.83309219894,125268.792497773,3028.040594425944,0.0,89472.41843463124,57973.89798047118,34998.356060177844,26431.07413791469,61429.43019809254,20232.000024365312,1450.0,0.0,0.8853049109212716,2.9106390028190208,0.001494314312251686,1.0,1.0,-4.756722617922833,358031.4802442435,1588764.475321433,4.437499390382104,1588764.475321433,4.437499390382104,0.7654626489561782,0.09305574985224283,4.186123611882295,101325.0,128351.07116782667,1.2667265844345095,1.0,0.0,4.186123611882295,1.274873442182113,1.2751074705493906,3.2835601349708847,6957.469909587773,16243.107769423557,6503.969718363666,0.0001971796186299936,21373.572959160625,2179.4978875722727,19440.800733842552,1982.4099701572457,0.9095718704116013,0.9095718704116013,37362.314175732754,35405.22815468563,1.069566922306103,0.8,4509.235503538461,4273.035954225843,1.069566922306103,0.8,17887.489023156744,17887.489023156744,1.0,0.8,4632.441516551485,4632.441516551485,5.586208171155677,5.292901713013073,-2.0639661340830773,7.356867847096151,3.5,3.5,1.0,0.6,0.00018356032560695764,1.0,0.00018356032560695764,200.82759564353114,0.0,0.0,0.0,0.009968902116983471,6.440153270248589e-05,0.00011915879290447175,0.0004988134365408017,0.09305898483081626,0.09305898483081626,0.09305898483081626,0.09305504551234502,0.0,0.0,0.0,0.0,0.0,0.0,1.0,1.0,0.0,1.0,1.0,507475.00503834797,589.2196682850443,0.0,0.09305898483081626,0.09305574985224283,0.09305574985224281,0.375,0.375,0.5,6.638379557370074,2.8421709430404007e-13,2.8421709430404007e-13,2.8421709430404007e-13,2.8421709430404007e-13,2.8421709430404007e-13,2.8421709430404007e-13,26431.07413791469,20232.000024365312,0.7654626489561782,1.0941817757625656,0.6729214357478172,41059.97430708969,25750.0,0.0,0.0,0.0,0.0,0.0,0.0,0.0,0.0,0.0,0.0,0.0,0.0,0.0,0.0,0.0,0.0,0.0,0.0,0.0,0.0,41059.97430708969,25750.0,1.0,0.0,0.0,6.0,0.9,167190.3635292044,27865.060588200733,260.6103217898049,260.6103217898049,-12.539678210195063,242.8381529641153,278.3824944475304,149530.58277315315,149551.32412207162,-20.741348918464453,0.0,nan,278.3824944475304,5.232494447530428,271.2736239970097,-1.8763760029902983,264.16475449065973,-8.985245509340245,257.05588603070765,-16.094113969292323,249.94701880880672,-23.20298119119326,242.8381529641153,-30.311847035884682,1.0,1.0,26022.01252070864,26022.01252070864,277.28484500707833,4.134845007078354,277.28484500707833,277.28484500707833,75939.81973990359,75987.97630212354,-48.15656221995596,0.0,8546.071908451686,8546.071908451686,0.868843916123323,4207.054229941707,277.28484500707833,4.134845007078354,1.0,0.002,1.3540640326545652,1.220227907015876e-06,0.0020991392006377463,4.1923024663452156e-07,1.0,1.049569600318873,0.06395041632727949,9.955843088438072e-05,0.9999924059618198,0.9999924059618198,0.0,0.09305504318332557,7.066689172632947e-07,0.0,0.0,0.0,1602159.2402573028,268.39327738207714,0.0,1.0,1278399.8595005318,2623.014097386917,,,,,,,,,,,,,,,,,8.0,16243.107769423557
2730.0,-32.28761859071346,5.292901713013073,34.97613078220485,24.91025902507829,7.207145645804081,-28.33327068415922,-41.77569343065841,3.643740088375632,-4.756722617922833,-4.756722617923125,40.787391886699275,41337.180366070745,25877.78265216071,25877.78265216071,67214.96301823146,74480.47199859272,75987.97630212354,25877.78265216071,101865.75895428425,101865.75895428425,101865.75895428425,128296.83309219894,125268.792497773,3028.040594425944,0.0,89472.41843463124,57973.89798047118,34998.356060177844,26431.07413791469,61429.43019809254,20232.000024365312,1450.0,0.0,0.8853049109212716,2.9106390028190208,0.001494314312251686,1.0,1.0,-4.756722617922833,358031.4802442435,1588764.475321433,4.437499390382104,1588764.475321433,4.437499390382104,0.7654626489561782,0.09305574985224283,4.186123611882295,101325.0,128351.07116782667,1.2667265844345095,1.0,0.0,4.186123611882295,1.274873442182113,1.2751074705493906,3.2835601349708847,6957.469909587773,16243.107769423557,6503.969718363666,0.0001971796186299936,21373.572959160625,2179.4978875722727,19440.800733842552,1982.4099701572457,0.9095718704116013,0.9095718704116013,37362.314175732754,35405.22815468563,1.069566922306103,0.8,4509.235503538461,4273.035954225843,1.069566922306103,0.8,17887.489023156744,17887.489023156744,1.0,0.8,4632.441516551485,4632.441516551485,5.586208171155677,5.292901713013073,-2.0639661340830773,7.356867847096151,3.5,3.5,1.0,0.6,0.00018356032560695764,1.0,0.00018356032560695764,200.82759564353114,0.0,0.0,0.0,0.009968902116983471,6.440153270248589e-05,0.00011915879290447175,0.0004988134365408017,0.09305898483081626,0.09305898483081626,0.09305898483081626,0.09305504551234502,0.0,0.0,0.0,0.0,0.0,0.0,1.0,1.0,0.0,1.0,1.0,507475.00503834797,589.2196682850443,0.0,0.09305898483081626,0.09305574985224283,0.09305574985224281,0.375,0.375,0.5,6.638379557370074,2.8421709430404007e-13,2.8421709430404007e-13,2.8421709430404007e-13,2.8421709430404007e-13,2.8421709430404007e-13,2.8421709430404007e-13,26431.07413791469,20232.000024365312,0.7654626489561782,1.0941817757625656,0.6729214357478172,41059.97430708969,25750.0,0.0,0.0,0.0,0.0,0.0,0.0,0.0,0.0,0.0,0.0,0.0,0.0,0.0,0.0,0.0,0.0,0.0,0.0,0.0,0.0,41059.97430708969,25750.0,1.0,0.0,0.0,6.0,0.9,167190.3635292044,27865.060588200733,260.6103217898049,260.6103217898049,-12.539678210195063,242.8381529641153,278.3824944475304,149530.58277315315,149551.32412207162,-20.741348918464453,0.0,nan,278.3824944475304,5.232494447530428,271.2736239970097,-1.8763760029902983,264.16475449065973,-8.985245509340245,257.05588603070765,-16.094113969292323,249.94701880880672,-23.20298119119326,242.8381529641153,-30.311847035884682,1.0,1.0,26022.01252070864,26022.01252070864,277.28484500707833,4.134845007078354,277.28484500707833,277.28484500707833,75939.81973990359,75987.97630212354,-48.15656221995596,0.0,8546.071908451686,8546.071908451686,0.868843916123323,4207.054229941707,277.28484500707833,4.134845007078354,1.0,0.002,1.3540640326545652,1.220227907015876e-06,0.0020991392006377463,4.1923024663452156e-07,1.0,1.049569600318873,0.06395041632727949,9.955843088438072e-05,0.9999924059618198,0.9999924059618198,0.0,0.09305504318332557,7.066689172632947e-07,0.0,0.0,0.0,1602159.2402573028,268.39327738207714,0.0,1.0,1278399.8595005318,2623.014097386917,,,,,,,,,,,,,,,,,8.0,16243.107769423557
2760.0,-32.28761859071346,5.292901713013073,34.97613078220485,24.91025902507829,7.207145645804081,-28.33327068415922,-41.77569343065841,3.643740088375632,-4.756722617922833,-4.756722617923125,40.787391886699275,41337.180366070745,25877.78265216071,25877.78265216071,67214.96301823146,74480.47199859272,75987.97630212354,25877.78265216071,101865.75895428425,101865.75895428425,101865.75895428425,128296.83309219894,125268.792497773,3028.040594425944,0.0,89472.41843463124,57973.89798047118,34998.356060177844,26431.07413791469,61429.43019809254,20232.000024365312,1450.0,0.0,0.8853049109212716,2.9106390028190208,0.001494314312251686,1.0,1.0,-4.756722617922833,358031.4802442435,1588764.475321433,4.437499390382104,1588764.475321433,4.437499390382104,0.7654626489561782,0.09305574985224283,4.186123611882295,101325.0,128351.07116782667,1.2667265844345095,1.0,0.0,4.186123611882295,1.274873442182113,1.2751074705493906,3.2835601349708847,6957.469909587773,16243.107769423557,6503.969718363666,0.0001971796186299936,21373.572959160625,2179.4978875722727,19440.800733842552,1982.4099701572457,0.9095718704116013,0.9095718704116013,37362.314175732754,35405.22815468563,1.069566922306103,0.8,4509.235503538461,4273.035954225843,1.069566922306103,0.8,17887.489023156744,17887.489023156744,1.0,0.8,4632.441516551485,4632.441516551485,5.586208171155677,5.292901713013073,-2.0639661340830773,7.356867847096151,3.5,3.5,1.0,0.6,0.00018356032560695764,1.0,0.00018356032560695764,200.82759564353114,0.0,0.0,0.0,0.009968902116983471,6.440153270248589e-05,0.00011915879290447175,0.0004988134365408017,0.09305898483081626,0.09305898483081626,0.09305898483081626,0.09305504551234502,0.0,0.0,0.0,0.0,0.0,0.0,1.0,1.0,0.0,1.0,1.0,507475.00503834797,589.2196682850443,0.0,0.09305898483081626,0.09305574985224283,0.09305574985224281,0.375,0.375,0.5,6.638379557370074,2.8421709430404007e-13,2.8421709430404007e-13,2.8421709430404007e-13,2.8421709430404007e-13,2.8421709430404007e-13,2.8421709430404007e-13,26431.07413791469,20232.000024365312,0.7654626489561782,1.0941817757625656,0.6729214357478172,41059.97430708969,25750.0,0.0,0.0,0.0,0.0,0.0,0.0,0.0,0.0,0.0,0.0,0.0,0.0,0.0,0.0,0.0,0.0,0.0,0.0,0.0,0.0,41059.97430708969,25750.0,1.0,0.0,0.0,6.0,0.9,167190.3635292044,27865.060588200733,260.6103217898049,260.6103217898049,-12.539678210195063,242.8381529641153,278.3824944475304,149530.58277315315,149551.32412207162,-20.741348918464453,0.0,nan,278.3824944475304,5.232494447530428,271.2736239970097,-1.8763760029902983,264.16475449065973,-8.985245509340245,257.05588603070765,-16.094113969292323,249.94701880880672,-23.20298119119326,242.8381529641153,-30.311847035884682,1.0,1.0,26022.01252070864,26022.01252070864,277.28484500707833,4.134845007078354,277.28484500707833,277.28484500707833,75939.81973990359,75987.97630212354,-48.15656221995596,0.0,8546.071908451686,8546.071908451686,0.868843916123323,4207.054229941707,277.28484500707833,4.134845007078354,1.0,0.002,1.3540640326545652,1.220227907015876e-06,0.0020991392006377463,4.1923024663452156e-07,1.0,1.049569600318873,0.06395041632727949,9.955843088438072e-05,0.9999924059618198,0.9999924059618198,0.0,0.09305504318332557,7.066689172632947e-07,0.0,0.0,0.0,1602159.2402573028,268.39327738207714,0.0,1.0,1278399.8595005318,2623.014097386917,,,,,,,,,,,,,,,,,8.0,16243.107769423557
2790.0,-32.28761859071346,5.292901713013073,34.97613078220485,24.91025902507829,7.207145645804081,-28.33327068415922,-41.77569343065841,3.643740088375632,-4.756722617922833,-4.756722617923125,40.787391886699275,41337.180366070745,25877.78265216071,25877.78265216071,67214.96301823146,74480.47199859272,75987.97630212354,25877.78265216071,101865.75895428425,101865.75895428425,101865.75895428425,128296.83309219894,125268.792497773,3028.040594425944,0.0,89472.41843463124,57973.89798047118,34998.356060177844,26431.07413791469,61429.43019809254,20232.000024365312,1450.0,0.0,0.8853049109212716,2.9106390028190208,0.001494314312251686,1.0,1.0,-4.756722617922833,358031.4802442435,1588764.475321433,4.437499390382104,1588764.475321433,4.437499390382104,0.7654626489561782,0.09305574985224283,4.186123611882295,101325.0,128351.07116782667,1.2667265844345095,1.0,0.0,4.186123611882295,1.274873442182113,1.2751074705493906,3.2835601349708847,6957.469909587773,16243.107769423557,6503.969718363666,0.0001971796186299936,21373.572959160625,2179.4978875722727,19440.800733842552,1982.4099701572457,0.9095718704116013,0.9095718704116013,37362.314175732754,35405.22815468563,1.069566922306103,0.8,4509.235503538461,4273.035954225843,1.069566922306103,0.8,17887.489023156744,17887.489023156744,1.0,0.8,4632.441516551485,4632.441516551485,5.586208171155677,5.292901713013073,-2.0639661340830773,7.356867847096151,3.5,3.5,1.0,0.6,0.00018356032560695764,1.0,0.00018356032560695764,200.82759564353114,0.0,0.0,0.0,0.009968902116983471,6.440153270248589e-05,0.00011915879290447175,0.0004988134365408017,0.09305898483081626,0.09305898483081626,0.09305898483081626,0.09305504551234502,0.0,0.0,0.0,0.0,0.0,0.0,1.0,1.0,0.0,1.0,1.0,507475.00503834797,589.2196682850443,0.0,0.09305898483081626,0.09305574985224283,0.09305574985224281,0.375,0.375,0.5,6.638379557370074,2.8421709430404007e-13,2.8421709430404007e-13,2.8421709430404007e-13,2.8421709430404007e-13,2.8421709430404007e-13,2.8421709430404007e-13,26431.07413791469,20232.000024365312,0.7654626489561782,1.0941817757625656,0.6729214357478172,41059.97430708969,25750.0,0.0,0.0,0.0,0.0,0.0,0.0,0.0,0.0,0.0,0.0,0.0,0.0,0.0,0.0,0.0,0.0,0.0,0.0,0.0,0.0,41059.97430708969,25750.0,1.0,0.0,0.0,6.0,0.9,167190.3635292044,27865.060588200733,260.6103217898049,260.6103217898049,-12.539678210195063,242.8381529641153,278.3824944475304,149530.58277315315,149551.32412207162,-20.741348918464453,0.0,nan,278.3824944475304,5.232494447530428,271.2736239970097,-1.8763760029902983,264.16475449065973,-8.985245509340245,257.05588603070765,-16.094113969292323,249.94701880880672,-23.20298119119326,242.8381529641153,-30.311847035884682,1.0,1.0,26022.01252070864,26022.01252070864,277.28484500707833,4.134845007078354,277.28484500707833,277.28484500707833,75939.81973990359,75987.97630212354,-48.15656221995596,0.0,8546.071908451686,8546.071908451686,0.868843916123323,4207.054229941707,277.28484500707833,4.134845007078354,1.0,0.002,1.3540640326545652,1.220227907015876e-06,0.0020991392006377463,4.1923024663452156e-07,1.0,1.049569600318873,0.06395041632727949,9.955843088438072e-05,0.9999924059618198,0.9999924059618198,0.0,0.09305504318332557,7.066689172632947e-07,0.0,0.0,0.0,1602159.2402573028,268.39327738207714,0.0,1.0,1278399.8595005318,2623.014097386917,,,,,,,,,,,,,,,,,8.0,16243.107769423557
2820.0,-32.28761859071346,5.292901713013073,34.97613078220485,24.91025902507829,7.207145645804081,-28.33327068415922,-41.77569343065841,3.643740088375632,-4.756722617922833,-4.756722617923125,40.787391886699275,41337.180366070745,25877.78265216071,25877.78265216071,67214.96301823146,74480.47199859272,75987.97630212354,25877.78265216071,101865.75895428425,101865.75895428425,101865.75895428425,128296.83309219894,125268.792497773,3028.040594425944,0.0,89472.41843463124,57973.89798047118,34998.356060177844,26431.07413791469,61429.43019809254,20232.000024365312,1450.0,0.0,0.8853049109212716,2.9106390028190208,0.001494314312251686,1.0,1.0,-4.756722617922833,358031.4802442435,1588764.475321433,4.437499390382104,1588764.475321433,4.437499390382104,0.7654626489561782,0.09305574985224283,4.186123611882295,101325.0,128351.07116782667,1.2667265844345095,1.0,0.0,4.186123611882295,1.274873442182113,1.2751074705493906,3.2835601349708847,6957.469909587773,16243.107769423557,6503.969718363666,0.0001971796186299936,21373.572959160625,2179.4978875722727,19440.800733842552,1982.4099701572457,0.9095718704116013,0.9095718704116013,37362.314175732754,35405.22815468563,1.069566922306103,0.8,4509.235503538461,4273.035954225843,1.069566922306103,0.8,17887.489023156744,17887.489023156744,1.0,0.8,4632.441516551485,4632.441516551485,5.586208171155677,5.292901713013073,-2.0639661340830773,7.356867847096151,3.5,3.5,1.0,0.6,0.00018356032560695764,1.0,0.00018356032560695764,200.82759564353114,0.0,0.0,0.0,0.009968902116983471,6.440153270248589e-05,0.00011915879290447175,0.0004988134365408017,0.09305898483081626,0.09305898483081626,0.09305898483081626,0.09305504551234502,0.0,0.0,0.0,0.0,0.0,0.0,1.0,1.0,0.0,1.0,1.0,507475.00503834797,589.2196682850443,0.0,0.09305898483081626,0.09305574985224283,0.09305574985224281,0.375,0.375,0.5,6.638379557370074,2.8421709430404007e-13,2.8421709430404007e-13,2.8421709430404007e-13,2.8421709430404007e-13,2.8421709430404007e-13,2.8421709430404007e-13,26431.07413791469,20232.000024365312,0.7654626489561782,1.0941817757625656,0.6729214357478172,41059.97430708969,25750.0,0.0,0.0,0.0,0.0,0.0,0.0,0.0,0.0,0.0,0.0,0.0,0.0,0.0,0.0,0.0,0.0,0.0,0.0,0.0,0.0,41059.97430708969,25750.0,1.0,0.0,0.0,6.0,0.9,167190.3635292044,27865.060588200733,260.6103217898049,260.6103217898049,-12.539678210195063,242.8381529641153,278.3824944475304,149530.58277315315,149551.32412207162,-20.741348918464453,0.0,nan,278.3824944475304,5.232494447530428,271.2736239970097,-1.8763760029902983,264.16475449065973,-8.985245509340245,257.05588603070765,-16.094113969292323,249.94701880880672,-23.20298119119326,242.8381529641153,-30.311847035884682,1.0,1.0,26022.01252070864,26022.01252070864,277.28484500707833,4.134845007078354,277.28484500707833,277.28484500707833,75939.81973990359,75987.97630212354,-48.15656221995596,0.0,8546.071908451686,8546.071908451686,0.868843916123323,4207.054229941707,277.28484500707833,4.134845007078354,1.0,0.002,1.3540640326545652,1.220227907015876e-06,0.0020991392006377463,4.1923024663452156e-07,1.0,1.049569600318873,0.06395041632727949,9.955843088438072e-05,0.9999924059618198,0.9999924059618198,0.0,0.09305504318332557,7.066689172632947e-07,0.0,0.0,0.0,1602159.2402573028,268.39327738207714,0.0,1.0,1278399.8595005318,2623.014097386917,,,,,,,,,,,,,,,,,8.0,16243.107769423557
2850.0,-32.28761859071346,5.292901713013073,34.97613078220485,24.91025902507829,7.207145645804081,-28.33327068415922,-41.77569343065841,3.643740088375632,-4.756722617922833,-4.756722617923125,40.787391886699275,41337.180366070745,25877.78265216071,25877.78265216071,67214.96301823146,74480.47199859272,75987.97630212354,25877.78265216071,101865.75895428425,101865.75895428425,101865.75895428425,128296.83309219894,125268.792497773,3028.040594425944,0.0,89472.41843463124,57973.89798047118,34998.356060177844,26431.07413791469,61429.43019809254,20232.000024365312,1450.0,0.0,0.8853049109212716,2.9106390028190208,0.001494314312251686,1.0,1.0,-4.756722617922833,358031.4802442435,1588764.475321433,4.437499390382104,1588764.475321433,4.437499390382104,0.7654626489561782,0.09305574985224283,4.186123611882295,101325.0,128351.07116782667,1.2667265844345095,1.0,0.0,4.186123611882295,1.274873442182113,1.2751074705493906,3.2835601349708847,6957.469909587773,16243.107769423557,6503.969718363666,0.0001971796186299936,21373.572959160625,2179.4978875722727,19440.800733842552,1982.4099701572457,0.9095718704116013,0.9095718704116013,37362.314175732754,35405.22815468563,1.069566922306103,0.8,4509.235503538461,4273.035954225843,1.069566922306103,0.8,17887.489023156744,17887.489023156744,1.0,0.8,4632.441516551485,4632.441516551485,5.586208171155677,5.292901713013073,-2.0639661340830773,7.356867847096151,3.5,3.5,1.0,0.6,0.00018356032560695764,1.0,0.00018356032560695764,200.82759564353114,0.0,0.0,0.0,0.009968902116983471,6.440153270248589e-05,0.00011915879290447175,0.0004988134365408017,0.09305898483081626,0.09305898483081626,0.09305898483081626,0.09305504551234502,0.0,0.0,0.0,0.0,0.0,0.0,1.0,1.0,0.0,1.0,1.0,507475.00503834797,589.2196682850443,0.0,0.09305898483081626,0.09305574985224283,0.09305574985224281,0.375,0.375,0.5,6.638379557370074,2.8421709430404007e-13,2.8421709430404007e-13,2.8421709430404007e-13,2.8421709430404007e-13,2.8421709430404007e-13,2.8421709430404007e-13,26431.07413791469,20232.000024365312,0.7654626489561782,1.0941817757625656,0.6729214357478172,41059.97430708969,25750.0,0.0,0.0,0.0,0.0,0.0,0.0,0.0,0.0,0.0,0.0,0.0,0.0,0.0,0.0,0.0,0.0,0.0,0.0,0.0,0.0,41059.97430708969,25750.0,1.0,0.0,0.0,6.0,0.9,167190.3635292044,27865.060588200733,260.6103217898049,260.6103217898049,-12.539678210195063,242.8381529641153,278.3824944475304,149530.58277315315,149551.32412207162,-20.741348918464453,0.0,nan,278.3824944475304,5.232494447530428,271.2736239970097,-1.8763760029902983,264.16475449065973,-8.985245509340245,257.05588603070765,-16.094113969292323,249.94701880880672,-23.20298119119326,242.8381529641153,-30.311847035884682,1.0,1.0,26022.01252070864,26022.01252070864,277.28484500707833,4.134845007078354,277.28484500707833,277.28484500707833,75939.81973990359,75987.97630212354,-48.15656221995596,0.0,8546.071908451686,8546.071908451686,0.868843916123323,4207.054229941707,277.28484500707833,4.134845007078354,1.0,0.002,1.3540640326545652,1.220227907015876e-06,0.0020991392006377463,4.1923024663452156e-07,1.0,1.049569600318873,0.06395041632727949,9.955843088438072e-05,0.9999924059618198,0.9999924059618198,0.0,0.09305504318332557,7.066689172632947e-07,0.0,0.0,0.0,1602159.2402573028,268.39327738207714,0.0,1.0,1278399.8595005318,2623.014097386917,,,,,,,,,,,,,,,,,8.0,16243.107769423557
2880.0,-32.28761859071346,5.292901713013073,34.97613078220485,24.91025902507829,7.207145645804081,-28.33327068415922,-41.77569343065841,3.643740088375632,-4.756722617922833,-4.756722617923125,40.787391886699275,41337.180366070745,25877.78265216071,25877.78265216071,67214.96301823146,74480.47199859272,75987.97630212354,25877.78265216071,101865.75895428425,101865.75895428425,101865.75895428425,128296.83309219894,125268.792497773,3028.040594425944,0.0,89472.41843463124,57973.89798047118,34998.356060177844,26431.07413791469,61429.43019809254,20232.000024365312,1450.0,0.0,0.8853049109212716,2.9106390028190208,0.001494314312251686,1.0,1.0,-4.756722617922833,358031.4802442435,1588764.475321433,4.437499390382104,1588764.475321433,4.437499390382104,0.7654626489561782,0.09305574985224283,4.186123611882295,101325.0,128351.07116782667,1.2667265844345095,1.0,0.0,4.186123611882295,1.274873442182113,1.2751074705493906,3.2835601349708847,6957.469909587773,16243.107769423557,6503.969718363666,0.0001971796186299936,21373.572959160625,2179.4978875722727,19440.800733842552,1982.4099701572457,0.9095718704116013,0.9095718704116013,37362.314175732754,35405.22815468563,1.069566922306103,0.8,4509.235503538461,4273.035954225843,1.069566922306103,0.8,17887.489023156744,17887.489023156744,1.0,0.8,4632.441516551485,4632.441516551485,5.586208171155677,5.292901713013073,-2.0639661340830773,7.356867847096151,3.5,3.5,1.0,0.6,0.00018356032560695764,1.0,0.00018356032560695764,200.82759564353114,0.0,0.0,0.0,0.009968902116983471,6.440153270248589e-05,0.00011915879290447175,0.0004988134365408017,0.09305898483081626,0.09305898483081626,0.09305898483081626,0.09305504551234502,0.0,0.0,0.0,0.0,0.0,0.0,1.0,1.0,0.0,1.0,1.0,507475.00503834797,589.2196682850443,0.0,0.09305898483081626,0.09305574985224283,0.09305574985224281,0.375,0.375,0.5,6.638379557370074,2.8421709430404007e-13,2.8421709430404007e-13,2.8421709430404007e-13,2.8421709430404007e-13,2.8421709430404007e-13,2.8421709430404007e-13,26431.07413791469,20232.000024365312,0.7654626489561782,1.0941817757625656,0.6729214357478172,41059.97430708969,25750.0,0.0,0.0,0.0,0.0,0.0,0.0,0.0,0.0,0.0,0.0,0.0,0.0,0.0,0.0,0.0,0.0,0.0,0.0,0.0,0.0,41059.97430708969,25750.0,1.0,0.0,0.0,6.0,0.9,167190.3635292044,27865.060588200733,260.6103217898049,260.6103217898049,-12.539678210195063,242.8381529641153,278.3824944475304,149530.58277315315,149551.32412207162,-20.741348918464453,0.0,nan,278.3824944475304,5.232494447530428,271.2736239970097,-1.8763760029902983,264.16475449065973,-8.985245509340245,257.05588603070765,-16.094113969292323,249.94701880880672,-23.20298119119326,242.8381529641153,-30.311847035884682,1.0,1.0,26022.01252070864,26022.01252070864,277.28484500707833,4.134845007078354,277.28484500707833,277.28484500707833,75939.81973990359,75987.97630212354,-48.15656221995596,0.0,8546.071908451686,8546.071908451686,0.868843916123323,4207.054229941707,277.28484500707833,4.134845007078354,1.0,0.002,1.3540640326545652,1.220227907015876e-06,0.0020991392006377463,4.1923024663452156e-07,1.0,1.049569600318873,0.06395041632727949,9.955843088438072e-05,0.9999924059618198,0.9999924059618198,0.0,0.09305504318332557,7.066689172632947e-07,0.0,0.0,0.0,1602159.2402573028,268.39327738207714,0.0,1.0,1278399.8595005318,2623.014097386917,,,,,,,,,,,,,,,,,8.0,16243.107769423557
2910.0,-32.28761859071346,5.292901713013073,34.97613078220485,24.91025902507829,7.207145645804081,-28.33327068415922,-41.77569343065841,3.643740088375632,-4.756722617922833,-4.756722617923125,40.787391886699275,41337.180366070745,25877.78265216071,25877.78265216071,67214.96301823146,74480.47199859272,75987.97630212354,25877.78265216071,101865.75895428425,101865.75895428425,101865.75895428425,128296.83309219894,125268.792497773,3028.040594425944,0.0,89472.41843463124,57973.89798047118,34998.356060177844,26431.07413791469,61429.43019809254,20232.000024365312,1450.0,0.0,0.8853049109212716,2.9106390028190208,0.001494314312251686,1.0,1.0,-4.756722617922833,358031.4802442435,1588764.475321433,4.437499390382104,1588764.475321433,4.437499390382104,0.7654626489561782,0.09305574985224283,4.186123611882295,101325.0,128351.07116782667,1.2667265844345095,1.0,0.0,4.186123611882295,1.274873442182113,1.2751074705493906,3.2835601349708847,6957.469909587773,16243.107769423557,6503.969718363666,0.0001971796186299936,21373.572959160625,2179.4978875722727,19440.800733842552,1982.4099701572457,0.9095718704116013,0.9095718704116013,37362.314175732754,35405.22815468563,1.069566922306103,0.8,4509.235503538461,4273.035954225843,1.069566922306103,0.8,17887.489023156744,17887.489023156744,1.0,0.8,4632.441516551485,4632.441516551485,5.586208171155677,5.292901713013073,-2.0639661340830773,7.356867847096151,3.5,3.5,1.0,0.6,0.00018356032560695764,1.0,0.00018356032560695764,200.82759564353114,0.0,0.0,0.0,0.009968902116983471,6.440153270248589e-05,0.00011915879290447175,0.0004988134365408017,0.09305898483081626,0.09305898483081626,0.09305898483081626,0.09305504551234502,0.0,0.0,0.0,0.0,0.0,0.0,1.0,1.0,0.0,1.0,1.0,507475.00503834797,589.2196682850443,0.0,0.09305898483081626,0.09305574985224283,0.09305574985224281,0.375,0.375,0.5,6.638379557370074,2.8421709430404007e-13,2.8421709430404007e-13,2.8421709430404007e-13,2.8421709430404007e-13,2.8421709430404007e-13,2.8421709430404007e-13,26431.07413791469,20232.000024365312,0.7654626489561782,1.0941817757625656,0.6729214357478172,41059.97430708969,25750.0,0.0,0.0,0.0,0.0,0.0,0.0,0.0,0.0,0.0,0.0,0.0,0.0,0.0,0.0,0.0,0.0,0.0,0.0,0.0,0.0,41059.97430708969,25750.0,1.0,0.0,0.0,6.0,0.9,167190.3635292044,27865.060588200733,260.6103217898049,260.6103217898049,-12.539678210195063,242.8381529641153,278.3824944475304,149530.58277315315,149551.32412207162,-20.741348918464453,0.0,nan,278.3824944475304,5.232494447530428,271.2736239970097,-1.8763760029902983,264.16475449065973,-8.985245509340245,257.05588603070765,-16.094113969292323,249.94701880880672,-23.20298119119326,242.8381529641153,-30.311847035884682,1.0,1.0,26022.01252070864,26022.01252070864,277.28484500707833,4.134845007078354,277.28484500707833,277.28484500707833,75939.81973990359,75987.97630212354,-48.15656221995596,0.0,8546.071908451686,8546.071908451686,0.868843916123323,4207.054229941707,277.28484500707833,4.134845007078354,1.0,0.002,1.3540640326545652,1.220227907015876e-06,0.0020991392006377463,4.1923024663452156e-07,1.0,1.049569600318873,0.06395041632727949,9.955843088438072e-05,0.9999924059618198,0.9999924059618198,0.0,0.09305504318332557,7.066689172632947e-07,0.0,0.0,0.0,1602159.2402573028,268.39327738207714,0.0,1.0,1278399.8595005318,2623.014097386917,,,,,,,,,,,,,,,,,8.0,16243.107769423557
2940.0,-32.28761859071346,5.292901713013073,34.97613078220485,24.91025902507829,7.207145645804081,-28.33327068415922,-41.77569343065841,3.643740088375632,-4.756722617922833,-4.756722617923125,40.787391886699275,41337.180366070745,25877.78265216071,25877.78265216071,67214.96301823146,74480.47199859272,75987.97630212354,25877.78265216071,101865.75895428425,101865.75895428425,101865.75895428425,128296.83309219894,125268.792497773,3028.040594425944,0.0,89472.41843463124,57973.89798047118,34998.356060177844,26431.07413791469,61429.43019809254,20232.000024365312,1450.0,0.0,0.8853049109212716,2.9106390028190208,0.001494314312251686,1.0,1.0,-4.756722617922833,358031.4802442435,1588764.475321433,4.437499390382104,1588764.475321433,4.437499390382104,0.7654626489561782,0.09305574985224283,4.186123611882295,101325.0,128351.07116782667,1.2667265844345095,1.0,0.0,4.186123611882295,1.274873442182113,1.2751074705493906,3.2835601349708847,6957.469909587773,16243.107769423557,6503.969718363666,0.0001971796186299936,21373.572959160625,2179.4978875722727,19440.800733842552,1982.4099701572457,0.9095718704116013,0.9095718704116013,37362.314175732754,35405.22815468563,1.069566922306103,0.8,4509.235503538461,4273.035954225843,1.069566922306103,0.8,17887.489023156744,17887.489023156744,1.0,0.8,4632.441516551485,4632.441516551485,5.586208171155677,5.292901713013073,-2.0639661340830773,7.356867847096151,3.5,3.5,1.0,0.6,0.00018356032560695764,1.0,0.00018356032560695764,200.82759564353114,0.0,0.0,0.0,0.009968902116983471,6.440153270248589e-05,0.00011915879290447175,0.0004988134365408017,0.09305898483081626,0.09305898483081626,0.09305898483081626,0.09305504551234502,0.0,0.0,0.0,0.0,0.0,0.0,1.0,1.0,0.0,1.0,1.0,507475.00503834797,589.2196682850443,0.0,0.09305898483081626,0.09305574985224283,0.09305574985224281,0.375,0.375,0.5,6.638379557370074,2.8421709430404007e-13,2.8421709430404007e-13,2.8421709430404007e-13,2.8421709430404007e-13,2.8421709430404007e-13,2.8421709430404007e-13,26431.07413791469,20232.000024365312,0.7654626489561782,1.0941817757625656,0.6729214357478172,41059.97430708969,25750.0,0.0,0.0,0.0,0.0,0.0,0.0,0.0,0.0,0.0,0.0,0.0,0.0,0.0,0.0,0.0,0.0,0.0,0.0,0.0,0.0,41059.97430708969,25750.0,1.0,0.0,0.0,6.0,0.9,167190.3635292044,27865.060588200733,260.6103217898049,260.6103217898049,-12.539678210195063,242.8381529641153,278.3824944475304,149530.58277315315,149551.32412207162,-20.741348918464453,0.0,nan,278.3824944475304,5.232494447530428,271.2736239970097,-1.8763760029902983,264.16475449065973,-8.985245509340245,257.05588603070765,-16.094113969292323,249.94701880880672,-23.20298119119326,242.8381529641153,-30.311847035884682,1.0,1.0,26022.01252070864,26022.01252070864,277.28484500707833,4.134845007078354,277.28484500707833,277.28484500707833,75939.81973990359,75987.97630212354,-48.15656221995596,0.0,8546.071908451686,8546.071908451686,0.868843916123323,4207.054229941707,277.28484500707833,4.134845007078354,1.0,0.002,1.3540640326545652,1.220227907015876e-06,0.0020991392006377463,4.1923024663452156e-07,1.0,1.049569600318873,0.06395041632727949,9.955843088438072e-05,0.9999924059618198,0.9999924059618198,0.0,0.09305504318332557,7.066689172632947e-07,0.0,0.0,0.0,1602159.2402573028,268.39327738207714,0.0,1.0,1278399.8595005318,2623.014097386917,,,,,,,,,,,,,,,,,8.0,16243.107769423557
2970.0,-32.28761859071346,5.292901713013073,34.97613078220485,24.91025902507829,7.207145645804081,-28.33327068415922,-41.77569343065841,3.643740088375632,-4.756722617922833,-4.756722617923125,40.787391886699275,41337.180366070745,25877.78265216071,25877.78265216071,67214.96301823146,74480.47199859272,75987.97630212354,25877.78265216071,101865.75895428425,101865.75895428425,101865.75895428425,128296.83309219894,125268.792497773,3028.040594425944,0.0,89472.41843463124,57973.89798047118,34998.356060177844,26431.07413791469,61429.43019809254,20232.000024365312,1450.0,0.0,0.8853049109212716,2.9106390028190208,0.001494314312251686,1.0,1.0,-4.756722617922833,358031.4802442435,1588764.475321433,4.437499390382104,1588764.475321433,4.437499390382104,0.7654626489561782,0.09305574985224283,4.186123611882295,101325.0,128351.07116782667,1.2667265844345095,1.0,0.0,4.186123611882295,1.274873442182113,1.2751074705493906,3.2835601349708847,6957.469909587773,16243.107769423557,6503.969718363666,0.0001971796186299936,21373.572959160625,2179.4978875722727,19440.800733842552,1982.4099701572457,0.9095718704116013,0.9095718704116013,37362.314175732754,35405.22815468563,1.069566922306103,0.8,4509.235503538461,4273.035954225843,1.069566922306103,0.8,17887.489023156744,17887.489023156744,1.0,0.8,4632.441516551485,4632.441516551485,5.586208171155677,5.292901713013073,-2.0639661340830773,7.356867847096151,3.5,3.5,1.0,0.6,0.00018356032560695764,1.0,0.00018356032560695764,200.82759564353114,0.0,0.0,0.0,0.009968902116983471,6.440153270248589e-05,0.00011915879290447175,0.0004988134365408017,0.09305898483081626,0.09305898483081626,0.09305898483081626,0.09305504551234502,0.0,0.0,0.0,0.0,0.0,0.0,1.0,1.0,0.0,1.0,1.0,507475.00503834797,589.2196682850443,0.0,0.09305898483081626,0.09305574985224283,0.09305574985224281,0.375,0.375,0.5,6.638379557370074,2.8421709430404007e-13,2.8421709430404007e-13,2.8421709430404007e-13,2.8421709430404007e-13,2.8421709430404007e-13,2.8421709430404007e-13,26431.07413791469,20232.000024365312,0.7654626489561782,1.0941817757625656,0.6729214357478172,41059.97430708969,25750.0,0.0,0.0,0.0,0.0,0.0,0.0,0.0,0.0,0.0,0.0,0.0,0.0,0.0,0.0,0.0,0.0,0.0,0.0,0.0,0.0,41059.97430708969,25750.0,1.0,0.0,0.0,6.0,0.9,167190.3635292044,27865.060588200733,260.6103217898049,260.6103217898049,-12.539678210195063,242.8381529641153,278.3824944475304,149530.58277315315,149551.32412207162,-20.741348918464453,0.0,nan,278.3824944475304,5.232494447530428,271.2736239970097,-1.8763760029902983,264.16475449065973,-8.985245509340245,257.05588603070765,-16.094113969292323,249.94701880880672,-23.20298119119326,242.8381529641153,-30.311847035884682,1.0,1.0,26022.01252070864,26022.01252070864,277.28484500707833,4.134845007078354,277.28484500707833,277.28484500707833,75939.81973990359,75987.97630212354,-48.15656221995596,0.0,8546.071908451686,8546.071908451686,0.868843916123323,4207.054229941707,277.28484500707833,4.134845007078354,1.0,0.002,1.3540640326545652,1.220227907015876e-06,0.0020991392006377463,4.1923024663452156e-07,1.0,1.049569600318873,0.06395041632727949,9.955843088438072e-05,0.9999924059618198,0.9999924059618198,0.0,0.09305504318332557,7.066689172632947e-07,0.0,0.0,0.0,1602159.2402573028,268.39327738207714,0.0,1.0,1278399.8595005318,2623.014097386917,,,,,,,,,,,,,,,,,8.0,16243.107769423557
3000.0,-32.28761859071346,5.292901713013073,34.97613078220485,24.91025902507829,7.207145645804081,-28.33327068415922,-41.77569343065841,3.643740088375632,-4.756722617922833,-4.756722617923125,40.787391886699275,41337.180366070745,25877.78265216071,25877.78265216071,67214.96301823146,74480.47199859272,75987.97630212354,25877.78265216071,101865.75895428425,101865.75895428425,101865.75895428425,128296.83309219894,125268.792497773,3028.040594425944,0.0,89472.41843463124,57973.89798047118,34998.356060177844,26431.07413791469,61429.43019809254,20232.000024365312,1450.0,0.0,0.8853049109212716,2.9106390028190208,0.001494314312251686,1.0,1.0,-4.756722617922833,358031.4802442435,1588764.475321433,4.437499390382104,1588764.475321433,4.437499390382104,0.7654626489561782,0.09305574985224283,4.186123611882295,101325.0,128351.07116782667,1.2667265844345095,1.0,0.0,4.186123611882295,1.274873442182113,1.2751074705493906,3.2835601349708847,6957.469909587773,16243.107769423557,6503.969718363666,0.0001971796186299936,21373.572959160625,2179.4978875722727,19440.800733842552,1982.4099701572457,0.9095718704116013,0.9095718704116013,37362.314175732754,35405.22815468563,1.069566922306103,0.8,4509.235503538461,4273.035954225843,1.069566922306103,0.8,17887.489023156744,17887.489023156744,1.0,0.8,4632.441516551485,4632.441516551485,5.586208171155677,5.292901713013073,-2.0639661340830773,7.356867847096151,3.5,3.5,1.0,0.6,0.00018356032560695764,1.0,0.00018356032560695764,200.82759564353114,0.0,0.0,0.0,0.009968902116983471,6.440153270248589e-05,0.00011915879290447175,0.0004988134365408017,0.09305898483081626,0.09305898483081626,0.09305898483081626,0.09305504551234502,0.0,0.0,0.0,0.0,0.0,0.0,1.0,1.0,0.0,1.0,1.0,507475.00503834797,589.2196682850443,0.0,0.09305898483081626,0.09305574985224283,0.09305574985224281,0.375,0.375,0.5,6.638379557370074,2.8421709430404007e-13,2.8421709430404007e-13,2.8421709430404007e-13,2.8421709430404007e-13,2.8421709430404007e-13,2.8421709430404007e-13,26431.07413791469,20232.000024365312,0.7654626489561782,1.0941817757625656,0.6729214357478172,41059.97430708969,25750.0,0.0,0.0,0.0,0.0,0.0,0.0,0.0,0.0,0.0,0.0,0.0,0.0,0.0,0.0,0.0,0.0,0.0,0.0,0.0,0.0,41059.97430708969,25750.0,1.0,0.0,0.0,6.0,0.9,167190.3635292044,27865.060588200733,260.6103217898049,260.6103217898049,-12.539678210195063,242.8381529641153,278.3824944475304,149530.58277315315,149551.32412207162,-20.741348918464453,0.0,nan,278.3824944475304,5.232494447530428,271.2736239970097,-1.8763760029902983,264.16475449065973,-8.985245509340245,257.05588603070765,-16.094113969292323,249.94701880880672,-23.20298119119326,242.8381529641153,-30.311847035884682,1.0,1.0,26022.01252070864,26022.01252070864,277.28484500707833,4.134845007078354,277.28484500707833,277.28484500707833,75939.81973990359,75987.97630212354,-48.15656221995596,0.0,8546.071908451686,8546.071908451686,0.868843916123323,4207.054229941707,277.28484500707833,4.134845007078354,1.0,0.002,1.3540640326545652,1.220227907015876e-06,0.0020991392006377463,4.1923024663452156e-07,1.0,1.049569600318873,0.06395041632727949,9.955843088438072e-05,0.9999924059618198,0.9999924059618198,0.0,0.09305504318332557,7.066689172632947e-07,0.0,0.0,0.0,1602159.2402573028,268.39327738207714,0.0,1.0,1278399.8595005318,2623.014097386917,,,,,,,,,,,,,,,,,8.0,16243.107769423557
3030.0,-32.28761859071346,5.292901713013073,34.97613078220485,24.91025902507829,7.207145645804081,-28.33327068415922,-41.77569343065841,3.643740088375632,-4.756722617922833,-4.756722617923125,40.787391886699275,41337.180366070745,25877.78265216071,25877.78265216071,67214.96301823146,74480.47199859272,75987.97630212354,25877.78265216071,101865.75895428425,101865.75895428425,101865.75895428425,128296.83309219894,125268.792497773,3028.040594425944,0.0,89472.41843463124,57973.89798047118,34998.356060177844,26431.07413791469,61429.43019809254,20232.000024365312,1450.0,0.0,0.8853049109212716,2.9106390028190208,0.001494314312251686,1.0,1.0,-4.756722617922833,358031.4802442435,1588764.475321433,4.437499390382104,1588764.475321433,4.437499390382104,0.7654626489561782,0.09305574985224283,4.186123611882295,101325.0,128351.07116782667,1.2667265844345095,1.0,0.0,4.186123611882295,1.274873442182113,1.2751074705493906,3.2835601349708847,6957.469909587773,16243.107769423557,6503.969718363666,0.0001971796186299936,21373.572959160625,2179.4978875722727,19440.800733842552,1982.4099701572457,0.9095718704116013,0.9095718704116013,37362.314175732754,35405.22815468563,1.069566922306103,0.8,4509.235503538461,4273.035954225843,1.069566922306103,0.8,17887.489023156744,17887.489023156744,1.0,0.8,4632.441516551485,4632.441516551485,5.586208171155677,5.292901713013073,-2.0639661340830773,7.356867847096151,3.5,3.5,1.0,0.6,0.00018356032560695764,1.0,0.00018356032560695764,200.82759564353114,0.0,0.0,0.0,0.009968902116983471,6.440153270248589e-05,0.00011915879290447175,0.0004988134365408017,0.09305898483081626,0.09305898483081626,0.09305898483081626,0.09305504551234502,0.0,0.0,0.0,0.0,0.0,0.0,1.0,1.0,0.0,1.0,1.0,507475.00503834797,589.2196682850443,0.0,0.09305898483081626,0.09305574985224283,0.09305574985224281,0.375,0.375,0.5,6.638379557370074,2.8421709430404007e-13,2.8421709430404007e-13,2.8421709430404007e-13,2.8421709430404007e-13,2.8421709430404007e-13,2.8421709430404007e-13,26431.07413791469,20232.000024365312,0.7654626489561782,1.0941817757625656,0.6729214357478172,41059.97430708969,25750.0,0.0,0.0,0.0,0.0,0.0,0.0,0.0,0.0,0.0,0.0,0.0,0.0,0.0,0.0,0.0,0.0,0.0,0.0,0.0,0.0,41059.97430708969,25750.0,1.0,0.0,0.0,6.0,0.9,167190.3635292044,27865.060588200733,260.6103217898049,260.6103217898049,-12.539678210195063,242.8381529641153,278.3824944475304,149530.58277315315,149551.32412207162,-20.741348918464453,0.0,nan,278.3824944475304,5.232494447530428,271.2736239970097,-1.8763760029902983,264.16475449065973,-8.985245509340245,257.05588603070765,-16.094113969292323,249.94701880880672,-23.20298119119326,242.8381529641153,-30.311847035884682,1.0,1.0,26022.01252070864,26022.01252070864,277.28484500707833,4.134845007078354,277.28484500707833,277.28484500707833,75939.81973990359,75987.97630212354,-48.15656221995596,0.0,8546.071908451686,8546.071908451686,0.868843916123323,4207.054229941707,277.28484500707833,4.134845007078354,1.0,0.002,1.3540640326545652,1.220227907015876e-06,0.0020991392006377463,4.1923024663452156e-07,1.0,1.049569600318873,0.06395041632727949,9.955843088438072e-05,0.9999924059618198,0.9999924059618198,0.0,0.09305504318332557,7.066689172632947e-07,0.0,0.0,0.0,1602159.2402573028,268.39327738207714,0.0,1.0,1278399.8595005318,2623.014097386917,,,,,,,,,,,,,,,,,8.0,16243.107769423557
3060.0,-32.28761859071346,5.292901713013073,34.97613078220485,24.91025902507829,7.207145645804081,-28.33327068415922,-41.77569343065841,3.643740088375632,-4.756722617922833,-4.756722617923125,40.787391886699275,41337.180366070745,25877.78265216071,25877.78265216071,67214.96301823146,74480.47199859272,75987.97630212354,25877.78265216071,101865.75895428425,101865.75895428425,101865.75895428425,128296.83309219894,125268.792497773,3028.040594425944,0.0,89472.41843463124,57973.89798047118,34998.356060177844,26431.07413791469,61429.43019809254,20232.000024365312,1450.0,0.0,0.8853049109212716,2.9106390028190208,0.001494314312251686,1.0,1.0,-4.756722617922833,358031.4802442435,1588764.475321433,4.437499390382104,1588764.475321433,4.437499390382104,0.7654626489561782,0.09305574985224283,4.186123611882295,101325.0,128351.07116782667,1.2667265844345095,1.0,0.0,4.186123611882295,1.274873442182113,1.2751074705493906,3.2835601349708847,6957.469909587773,16243.107769423557,6503.969718363666,0.0001971796186299936,21373.572959160625,2179.4978875722727,19440.800733842552,1982.4099701572457,0.9095718704116013,0.9095718704116013,37362.314175732754,35405.22815468563,1.069566922306103,0.8,4509.235503538461,4273.035954225843,1.069566922306103,0.8,17887.489023156744,17887.489023156744,1.0,0.8,4632.441516551485,4632.441516551485,5.586208171155677,5.292901713013073,-2.0639661340830773,7.356867847096151,3.5,3.5,1.0,0.6,0.00018356032560695764,1.0,0.00018356032560695764,200.82759564353114,0.0,0.0,0.0,0.009968902116983471,6.440153270248589e-05,0.00011915879290447175,0.0004988134365408017,0.09305898483081626,0.09305898483081626,0.09305898483081626,0.09305504551234502,0.0,0.0,0.0,0.0,0.0,0.0,1.0,1.0,0.0,1.0,1.0,507475.00503834797,589.2196682850443,0.0,0.09305898483081626,0.09305574985224283,0.09305574985224281,0.375,0.375,0.5,6.638379557370074,2.8421709430404007e-13,2.8421709430404007e-13,2.8421709430404007e-13,2.8421709430404007e-13,2.8421709430404007e-13,2.8421709430404007e-13,26431.07413791469,20232.000024365312,0.7654626489561782,1.0941817757625656,0.6729214357478172,41059.97430708969,25750.0,0.0,0.0,0.0,0.0,0.0,0.0,0.0,0.0,0.0,0.0,0.0,0.0,0.0,0.0,0.0,0.0,0.0,0.0,0.0,0.0,41059.97430708969,25750.0,1.0,0.0,0.0,6.0,0.9,167190.3635292044,27865.060588200733,260.6103217898049,260.6103217898049,-12.539678210195063,242.8381529641153,278.3824944475304,149530.58277315315,149551.32412207162,-20.741348918464453,0.0,nan,278.3824944475304,5.232494447530428,271.2736239970097,-1.8763760029902983,264.16475449065973,-8.985245509340245,257.05588603070765,-16.094113969292323,249.94701880880672,-23.20298119119326,242.8381529641153,-30.311847035884682,1.0,1.0,26022.01252070864,26022.01252070864,277.28484500707833,4.134845007078354,277.28484500707833,277.28484500707833,75939.81973990359,75987.97630212354,-48.15656221995596,0.0,8546.071908451686,8546.071908451686,0.868843916123323,4207.054229941707,277.28484500707833,4.134845007078354,1.0,0.002,1.3540640326545652,1.220227907015876e-06,0.0020991392006377463,4.1923024663452156e-07,1.0,1.049569600318873,0.06395041632727949,9.955843088438072e-05,0.9999924059618198,0.9999924059618198,0.0,0.09305504318332557,7.066689172632947e-07,0.0,0.0,0.0,1602159.2402573028,268.39327738207714,0.0,1.0,1278399.8595005318,2623.014097386917,,,,,,,,,,,,,,,,,8.0,16243.107769423557
3090.0,-32.28761859071346,5.292901713013073,34.97613078220485,24.91025902507829,7.207145645804081,-28.33327068415922,-41.77569343065841,3.643740088375632,-4.756722617922833,-4.756722617923125,40.787391886699275,41337.180366070745,25877.78265216071,25877.78265216071,67214.96301823146,74480.47199859272,75987.97630212354,25877.78265216071,101865.75895428425,101865.75895428425,101865.75895428425,128296.83309219894,125268.792497773,3028.040594425944,0.0,89472.41843463124,57973.89798047118,34998.356060177844,26431.07413791469,61429.43019809254,20232.000024365312,1450.0,0.0,0.8853049109212716,2.9106390028190208,0.001494314312251686,1.0,1.0,-4.756722617922833,358031.4802442435,1588764.475321433,4.437499390382104,1588764.475321433,4.437499390382104,0.7654626489561782,0.09305574985224283,4.186123611882295,101325.0,128351.07116782667,1.2667265844345095,1.0,0.0,4.186123611882295,1.274873442182113,1.2751074705493906,3.2835601349708847,6957.469909587773,16243.107769423557,6503.969718363666,0.0001971796186299936,21373.572959160625,2179.4978875722727,19440.800733842552,1982.4099701572457,0.9095718704116013,0.9095718704116013,37362.314175732754,35405.22815468563,1.069566922306103,0.8,4509.235503538461,4273.035954225843,1.069566922306103,0.8,17887.489023156744,17887.489023156744,1.0,0.8,4632.441516551485,4632.441516551485,5.586208171155677,5.292901713013073,-2.0639661340830773,7.356867847096151,3.5,3.5,1.0,0.6,0.00018356032560695764,1.0,0.00018356032560695764,200.82759564353114,0.0,0.0,0.0,0.009968902116983471,6.440153270248589e-05,0.00011915879290447175,0.0004988134365408017,0.09305898483081626,0.09305898483081626,0.09305898483081626,0.09305504551234502,0.0,0.0,0.0,0.0,0.0,0.0,1.0,1.0,0.0,1.0,1.0,507475.00503834797,589.2196682850443,0.0,0.09305898483081626,0.09305574985224283,0.09305574985224281,0.375,0.375,0.5,6.638379557370074,2.8421709430404007e-13,2.8421709430404007e-13,2.8421709430404007e-13,2.8421709430404007e-13,2.8421709430404007e-13,2.8421709430404007e-13,26431.07413791469,20232.000024365312,0.7654626489561782,1.0941817757625656,0.6729214357478172,41059.97430708969,25750.0,0.0,0.0,0.0,0.0,0.0,0.0,0.0,0.0,0.0,0.0,0.0,0.0,0.0,0.0,0.0,0.0,0.0,0.0,0.0,0.0,41059.97430708969,25750.0,1.0,0.0,0.0,6.0,0.9,167190.3635292044,27865.060588200733,260.6103217898049,260.6103217898049,-12.539678210195063,242.8381529641153,278.3824944475304,149530.58277315315,149551.32412207162,-20.741348918464453,0.0,nan,278.3824944475304,5.232494447530428,271.2736239970097,-1.8763760029902983,264.16475449065973,-8.985245509340245,257.05588603070765,-16.094113969292323,249.94701880880672,-23.20298119119326,242.8381529641153,-30.311847035884682,1.0,1.0,26022.01252070864,26022.01252070864,277.28484500707833,4.134845007078354,277.28484500707833,277.28484500707833,75939.81973990359,75987.97630212354,-48.15656221995596,0.0,8546.071908451686,8546.071908451686,0.868843916123323,4207.054229941707,277.28484500707833,4.134845007078354,1.0,0.002,1.3540640326545652,1.220227907015876e-06,0.0020991392006377463,4.1923024663452156e-07,1.0,1.049569600318873,0.06395041632727949,9.955843088438072e-05,0.9999924059618198,0.9999924059618198,0.0,0.09305504318332557,7.066689172632947e-07,0.0,0.0,0.0,1602159.2402573028,268.39327738207714,0.0,1.0,1278399.8595005318,2623.014097386917,,,,,,,,,,,,,,,,,8.0,16243.107769423557
3120.0,-32.28761859071346,5.292901713013073,34.97613078220485,24.91025902507829,7.207145645804081,-28.33327068415922,-41.77569343065841,3.643740088375632,-4.756722617922833,-4.756722617923125,40.787391886699275,41337.180366070745,25877.78265216071,25877.78265216071,67214.96301823146,74480.47199859272,75987.97630212354,25877.78265216071,101865.75895428425,101865.75895428425,101865.75895428425,128296.83309219894,125268.792497773,3028.040594425944,0.0,89472.41843463124,57973.89798047118,34998.356060177844,26431.07413791469,61429.43019809254,20232.000024365312,1450.0,0.0,0.8853049109212716,2.9106390028190208,0.001494314312251686,1.0,1.0,-4.756722617922833,358031.4802442435,1588764.475321433,4.437499390382104,1588764.475321433,4.437499390382104,0.7654626489561782,0.09305574985224283,4.186123611882295,101325.0,128351.07116782667,1.2667265844345095,1.0,0.0,4.186123611882295,1.274873442182113,1.2751074705493906,3.2835601349708847,6957.469909587773,16243.107769423557,6503.969718363666,0.0001971796186299936,21373.572959160625,2179.4978875722727,19440.800733842552,1982.4099701572457,0.9095718704116013,0.9095718704116013,37362.314175732754,35405.22815468563,1.069566922306103,0.8,4509.235503538461,4273.035954225843,1.069566922306103,0.8,17887.489023156744,17887.489023156744,1.0,0.8,4632.441516551485,4632.441516551485,5.586208171155677,5.292901713013073,-2.0639661340830773,7.356867847096151,3.5,3.5,1.0,0.6,0.00018356032560695764,1.0,0.00018356032560695764,200.82759564353114,0.0,0.0,0.0,0.009968902116983471,6.440153270248589e-05,0.00011915879290447175,0.0004988134365408017,0.09305898483081626,0.09305898483081626,0.09305898483081626,0.09305504551234502,0.0,0.0,0.0,0.0,0.0,0.0,1.0,1.0,0.0,1.0,1.0,507475.00503834797,589.2196682850443,0.0,0.09305898483081626,0.09305574985224283,0.09305574985224281,0.375,0.375,0.5,6.638379557370074,2.8421709430404007e-13,2.8421709430404007e-13,2.8421709430404007e-13,2.8421709430404007e-13,2.8421709430404007e-13,2.8421709430404007e-13,26431.07413791469,20232.000024365312,0.7654626489561782,1.0941817757625656,0.6729214357478172,41059.97430708969,25750.0,0.0,0.0,0.0,0.0,0.0,0.0,0.0,0.0,0.0,0.0,0.0,0.0,0.0,0.0,0.0,0.0,0.0,0.0,0.0,0.0,41059.97430708969,25750.0,1.0,0.0,0.0,6.0,0.9,167190.3635292044,27865.060588200733,260.6103217898049,260.6103217898049,-12.539678210195063,242.8381529641153,278.3824944475304,149530.58277315315,149551.32412207162,-20.741348918464453,0.0,nan,278.3824944475304,5.232494447530428,271.2736239970097,-1.8763760029902983,264.16475449065973,-8.985245509340245,257.05588603070765,-16.094113969292323,249.94701880880672,-23.20298119119326,242.8381529641153,-30.311847035884682,1.0,1.0,26022.01252070864,26022.01252070864,277.28484500707833,4.134845007078354,277.28484500707833,277.28484500707833,75939.81973990359,75987.97630212354,-48.15656221995596,0.0,8546.071908451686,8546.071908451686,0.868843916123323,4207.054229941707,277.28484500707833,4.134845007078354,1.0,0.002,1.3540640326545652,1.220227907015876e-06,0.0020991392006377463,4.1923024663452156e-07,1.0,1.049569600318873,0.06395041632727949,9.955843088438072e-05,0.9999924059618198,0.9999924059618198,0.0,0.09305504318332557,7.066689172632947e-07,0.0,0.0,0.0,1602159.2402573028,268.39327738207714,0.0,1.0,1278399.8595005318,2623.014097386917,,,,,,,,,,,,,,,,,8.0,16243.107769423557
3150.0,-32.28761859071346,5.292901713013073,34.97613078220485,24.91025902507829,7.207145645804081,-28.33327068415922,-41.77569343065841,3.643740088375632,-4.756722617922833,-4.756722617923125,40.787391886699275,41337.180366070745,25877.78265216071,25877.78265216071,67214.96301823146,74480.47199859272,75987.97630212354,25877.78265216071,101865.75895428425,101865.75895428425,101865.75895428425,128296.83309219894,125268.792497773,3028.040594425944,0.0,89472.41843463124,57973.89798047118,34998.356060177844,26431.07413791469,61429.43019809254,20232.000024365312,1450.0,0.0,0.8853049109212716,2.9106390028190208,0.001494314312251686,1.0,1.0,-4.756722617922833,358031.4802442435,1588764.475321433,4.437499390382104,1588764.475321433,4.437499390382104,0.7654626489561782,0.09305574985224283,4.186123611882295,101325.0,128351.07116782667,1.2667265844345095,1.0,0.0,4.186123611882295,1.274873442182113,1.2751074705493906,3.2835601349708847,6957.469909587773,16243.107769423557,6503.969718363666,0.0001971796186299936,21373.572959160625,2179.4978875722727,19440.800733842552,1982.4099701572457,0.9095718704116013,0.9095718704116013,37362.314175732754,35405.22815468563,1.069566922306103,0.8,4509.235503538461,4273.035954225843,1.069566922306103,0.8,17887.489023156744,17887.489023156744,1.0,0.8,4632.441516551485,4632.441516551485,5.586208171155677,5.292901713013073,-2.0639661340830773,7.356867847096151,3.5,3.5,1.0,0.6,0.00018356032560695764,1.0,0.00018356032560695764,200.82759564353114,0.0,0.0,0.0,0.009968902116983471,6.440153270248589e-05,0.00011915879290447175,0.0004988134365408017,0.09305898483081626,0.09305898483081626,0.09305898483081626,0.09305504551234502,0.0,0.0,0.0,0.0,0.0,0.0,1.0,1.0,0.0,1.0,1.0,507475.00503834797,589.2196682850443,0.0,0.09305898483081626,0.09305574985224283,0.09305574985224281,0.375,0.375,0.5,6.638379557370074,2.8421709430404007e-13,2.8421709430404007e-13,2.8421709430404007e-13,2.8421709430404007e-13,2.8421709430404007e-13,2.8421709430404007e-13,26431.07413791469,20232.000024365312,0.7654626489561782,1.0941817757625656,0.6729214357478172,41059.97430708969,25750.0,0.0,0.0,0.0,0.0,0.0,0.0,0.0,0.0,0.0,0.0,0.0,0.0,0.0,0.0,0.0,0.0,0.0,0.0,0.0,0.0,41059.97430708969,25750.0,1.0,0.0,0.0,6.0,0.9,167190.3635292044,27865.060588200733,260.6103217898049,260.6103217898049,-12.539678210195063,242.8381529641153,278.3824944475304,149530.58277315315,149551.32412207162,-20.741348918464453,0.0,nan,278.3824944475304,5.232494447530428,271.2736239970097,-1.8763760029902983,264.16475449065973,-8.985245509340245,257.05588603070765,-16.094113969292323,249.94701880880672,-23.20298119119326,242.8381529641153,-30.311847035884682,1.0,1.0,26022.01252070864,26022.01252070864,277.28484500707833,4.134845007078354,277.28484500707833,277.28484500707833,75939.81973990359,75987.97630212354,-48.15656221995596,0.0,8546.071908451686,8546.071908451686,0.868843916123323,4207.054229941707,277.28484500707833,4.134845007078354,1.0,0.002,1.3540640326545652,1.220227907015876e-06,0.0020991392006377463,4.1923024663452156e-07,1.0,1.049569600318873,0.06395041632727949,9.955843088438072e-05,0.9999924059618198,0.9999924059618198,0.0,0.09305504318332557,7.066689172632947e-07,0.0,0.0,0.0,1602159.2402573028,268.39327738207714,0.0,1.0,1278399.8595005318,2623.014097386917,,,,,,,,,,,,,,,,,8.0,16243.107769423557
3180.0,-32.28761859071346,5.292901713013073,34.97613078220485,24.91025902507829,7.207145645804081,-28.33327068415922,-41.77569343065841,3.643740088375632,-4.756722617922833,-4.756722617923125,40.787391886699275,41337.180366070745,25877.78265216071,25877.78265216071,67214.96301823146,74480.47199859272,75987.97630212354,25877.78265216071,101865.75895428425,101865.75895428425,101865.75895428425,128296.83309219894,125268.792497773,3028.040594425944,0.0,89472.41843463124,57973.89798047118,34998.356060177844,26431.07413791469,61429.43019809254,20232.000024365312,1450.0,0.0,0.8853049109212716,2.9106390028190208,0.001494314312251686,1.0,1.0,-4.756722617922833,358031.4802442435,1588764.475321433,4.437499390382104,1588764.475321433,4.437499390382104,0.7654626489561782,0.09305574985224283,4.186123611882295,101325.0,128351.07116782667,1.2667265844345095,1.0,0.0,4.186123611882295,1.274873442182113,1.2751074705493906,3.2835601349708847,6957.469909587773,16243.107769423557,6503.969718363666,0.0001971796186299936,21373.572959160625,2179.4978875722727,19440.800733842552,1982.4099701572457,0.9095718704116013,0.9095718704116013,37362.314175732754,35405.22815468563,1.069566922306103,0.8,4509.235503538461,4273.035954225843,1.069566922306103,0.8,17887.489023156744,17887.489023156744,1.0,0.8,4632.441516551485,4632.441516551485,5.586208171155677,5.292901713013073,-2.0639661340830773,7.356867847096151,3.5,3.5,1.0,0.6,0.00018356032560695764,1.0,0.00018356032560695764,200.82759564353114,0.0,0.0,0.0,0.009968902116983471,6.440153270248589e-05,0.00011915879290447175,0.0004988134365408017,0.09305898483081626,0.09305898483081626,0.09305898483081626,0.09305504551234502,0.0,0.0,0.0,0.0,0.0,0.0,1.0,1.0,0.0,1.0,1.0,507475.00503834797,589.2196682850443,0.0,0.09305898483081626,0.09305574985224283,0.09305574985224281,0.375,0.375,0.5,6.638379557370074,2.8421709430404007e-13,2.8421709430404007e-13,2.8421709430404007e-13,2.8421709430404007e-13,2.8421709430404007e-13,2.8421709430404007e-13,26431.07413791469,20232.000024365312,0.7654626489561782,1.0941817757625656,0.6729214357478172,41059.97430708969,25750.0,0.0,0.0,0.0,0.0,0.0,0.0,0.0,0.0,0.0,0.0,0.0,0.0,0.0,0.0,0.0,0.0,0.0,0.0,0.0,0.0,41059.97430708969,25750.0,1.0,0.0,0.0,6.0,0.9,167190.3635292044,27865.060588200733,260.6103217898049,260.6103217898049,-12.539678210195063,242.8381529641153,278.3824944475304,149530.58277315315,149551.32412207162,-20.741348918464453,0.0,nan,278.3824944475304,5.232494447530428,271.2736239970097,-1.8763760029902983,264.16475449065973,-8.985245509340245,257.05588603070765,-16.094113969292323,249.94701880880672,-23.20298119119326,242.8381529641153,-30.311847035884682,1.0,1.0,26022.01252070864,26022.01252070864,277.28484500707833,4.134845007078354,277.28484500707833,277.28484500707833,75939.81973990359,75987.97630212354,-48.15656221995596,0.0,8546.071908451686,8546.071908451686,0.868843916123323,4207.054229941707,277.28484500707833,4.134845007078354,1.0,0.002,1.3540640326545652,1.220227907015876e-06,0.0020991392006377463,4.1923024663452156e-07,1.0,1.049569600318873,0.06395041632727949,9.955843088438072e-05,0.9999924059618198,0.9999924059618198,0.0,0.09305504318332557,7.066689172632947e-07,0.0,0.0,0.0,1602159.2402573028,268.39327738207714,0.0,1.0,1278399.8595005318,2623.014097386917,,,,,,,,,,,,,,,,,8.0,16243.107769423557
3210.0,-32.28761859071346,5.292901713013073,34.97613078220485,24.91025902507829,7.207145645804081,-28.33327068415922,-41.77569343065841,3.643740088375632,-4.756722617922833,-4.756722617923125,40.787391886699275,41337.180366070745,25877.78265216071,25877.78265216071,67214.96301823146,74480.47199859272,75987.97630212354,25877.78265216071,101865.75895428425,101865.75895428425,101865.75895428425,128296.83309219894,125268.792497773,3028.040594425944,0.0,89472.41843463124,57973.89798047118,34998.356060177844,26431.07413791469,61429.43019809254,20232.000024365312,1450.0,0.0,0.8853049109212716,2.9106390028190208,0.001494314312251686,1.0,1.0,-4.756722617922833,358031.4802442435,1588764.475321433,4.437499390382104,1588764.475321433,4.437499390382104,0.7654626489561782,0.09305574985224283,4.186123611882295,101325.0,128351.07116782667,1.2667265844345095,1.0,0.0,4.186123611882295,1.274873442182113,1.2751074705493906,3.2835601349708847,6957.469909587773,16243.107769423557,6503.969718363666,0.0001971796186299936,21373.572959160625,2179.4978875722727,19440.800733842552,1982.4099701572457,0.9095718704116013,0.9095718704116013,37362.314175732754,35405.22815468563,1.069566922306103,0.8,4509.235503538461,4273.035954225843,1.069566922306103,0.8,17887.489023156744,17887.489023156744,1.0,0.8,4632.441516551485,4632.441516551485,5.586208171155677,5.292901713013073,-2.0639661340830773,7.356867847096151,3.5,3.5,1.0,0.6,0.00018356032560695764,1.0,0.00018356032560695764,200.82759564353114,0.0,0.0,0.0,0.009968902116983471,6.440153270248589e-05,0.00011915879290447175,0.0004988134365408017,0.09305898483081626,0.09305898483081626,0.09305898483081626,0.09305504551234502,0.0,0.0,0.0,0.0,0.0,0.0,1.0,1.0,0.0,1.0,1.0,507475.00503834797,589.2196682850443,0.0,0.09305898483081626,0.09305574985224283,0.09305574985224281,0.375,0.375,0.5,6.638379557370074,2.8421709430404007e-13,2.8421709430404007e-13,2.8421709430404007e-13,2.8421709430404007e-13,2.8421709430404007e-13,2.8421709430404007e-13,26431.07413791469,20232.000024365312,0.7654626489561782,1.0941817757625656,0.6729214357478172,41059.97430708969,25750.0,0.0,0.0,0.0,0.0,0.0,0.0,0.0,0.0,0.0,0.0,0.0,0.0,0.0,0.0,0.0,0.0,0.0,0.0,0.0,0.0,41059.97430708969,25750.0,1.0,0.0,0.0,6.0,0.9,167190.3635292044,27865.060588200733,260.6103217898049,260.6103217898049,-12.539678210195063,242.8381529641153,278.3824944475304,149530.58277315315,149551.32412207162,-20.741348918464453,0.0,nan,278.3824944475304,5.232494447530428,271.2736239970097,-1.8763760029902983,264.16475449065973,-8.985245509340245,257.05588603070765,-16.094113969292323,249.94701880880672,-23.20298119119326,242.8381529641153,-30.311847035884682,1.0,1.0,26022.01252070864,26022.01252070864,277.28484500707833,4.134845007078354,277.28484500707833,277.28484500707833,75939.81973990359,75987.97630212354,-48.15656221995596,0.0,8546.071908451686,8546.071908451686,0.868843916123323,4207.054229941707,277.28484500707833,4.134845007078354,1.0,0.002,1.3540640326545652,1.220227907015876e-06,0.0020991392006377463,4.1923024663452156e-07,1.0,1.049569600318873,0.06395041632727949,9.955843088438072e-05,0.9999924059618198,0.9999924059618198,0.0,0.09305504318332557,7.066689172632947e-07,0.0,0.0,0.0,1602159.2402573028,268.39327738207714,0.0,1.0,1278399.8595005318,2623.014097386917,,,,,,,,,,,,,,,,,8.0,16243.107769423557
3240.0,-32.28761859071346,5.292901713013073,34.97613078220485,24.91025902507829,7.207145645804081,-28.33327068415922,-41.77569343065841,3.643740088375632,-4.756722617922833,-4.756722617923125,40.787391886699275,41337.180366070745,25877.78265216071,25877.78265216071,67214.96301823146,74480.47199859272,75987.97630212354,25877.78265216071,101865.75895428425,101865.75895428425,101865.75895428425,128296.83309219894,125268.792497773,3028.040594425944,0.0,89472.41843463124,57973.89798047118,34998.356060177844,26431.07413791469,61429.43019809254,20232.000024365312,1450.0,0.0,0.8853049109212716,2.9106390028190208,0.001494314312251686,1.0,1.0,-4.756722617922833,358031.4802442435,1588764.475321433,4.437499390382104,1588764.475321433,4.437499390382104,0.7654626489561782,0.09305574985224283,4.186123611882295,101325.0,128351.07116782667,1.2667265844345095,1.0,0.0,4.186123611882295,1.274873442182113,1.2751074705493906,3.2835601349708847,6957.469909587773,16243.107769423557,6503.969718363666,0.0001971796186299936,21373.572959160625,2179.4978875722727,19440.800733842552,1982.4099701572457,0.9095718704116013,0.9095718704116013,37362.314175732754,35405.22815468563,1.069566922306103,0.8,4509.235503538461,4273.035954225843,1.069566922306103,0.8,17887.489023156744,17887.489023156744,1.0,0.8,4632.441516551485,4632.441516551485,5.586208171155677,5.292901713013073,-2.0639661340830773,7.356867847096151,3.5,3.5,1.0,0.6,0.00018356032560695764,1.0,0.00018356032560695764,200.82759564353114,0.0,0.0,0.0,0.009968902116983471,6.440153270248589e-05,0.00011915879290447175,0.0004988134365408017,0.09305898483081626,0.09305898483081626,0.09305898483081626,0.09305504551234502,0.0,0.0,0.0,0.0,0.0,0.0,1.0,1.0,0.0,1.0,1.0,507475.00503834797,589.2196682850443,0.0,0.09305898483081626,0.09305574985224283,0.09305574985224281,0.375,0.375,0.5,6.638379557370074,2.8421709430404007e-13,2.8421709430404007e-13,2.8421709430404007e-13,2.8421709430404007e-13,2.8421709430404007e-13,2.8421709430404007e-13,26431.07413791469,20232.000024365312,0.7654626489561782,1.0941817757625656,0.6729214357478172,41059.97430708969,25750.0,0.0,0.0,0.0,0.0,0.0,0.0,0.0,0.0,0.0,0.0,0.0,0.0,0.0,0.0,0.0,0.0,0.0,0.0,0.0,0.0,41059.97430708969,25750.0,1.0,0.0,0.0,6.0,0.9,167190.3635292044,27865.060588200733,260.6103217898049,260.6103217898049,-12.539678210195063,242.8381529641153,278.3824944475304,149530.58277315315,149551.32412207162,-20.741348918464453,0.0,nan,278.3824944475304,5.232494447530428,271.2736239970097,-1.8763760029902983,264.16475449065973,-8.985245509340245,257.05588603070765,-16.094113969292323,249.94701880880672,-23.20298119119326,242.8381529641153,-30.311847035884682,1.0,1.0,26022.01252070864,26022.01252070864,277.28484500707833,4.134845007078354,277.28484500707833,277.28484500707833,75939.81973990359,75987.97630212354,-48.15656221995596,0.0,8546.071908451686,8546.071908451686,0.868843916123323,4207.054229941707,277.28484500707833,4.134845007078354,1.0,0.002,1.3540640326545652,1.220227907015876e-06,0.0020991392006377463,4.1923024663452156e-07,1.0,1.049569600318873,0.06395041632727949,9.955843088438072e-05,0.9999924059618198,0.9999924059618198,0.0,0.09305504318332557,7.066689172632947e-07,0.0,0.0,0.0,1602159.2402573028,268.39327738207714,0.0,1.0,1278399.8595005318,2623.014097386917,,,,,,,,,,,,,,,,,8.0,16243.107769423557
3270.0,-32.28761859071346,5.292901713013073,34.97613078220485,24.91025902507829,7.207145645804081,-28.33327068415922,-41.77569343065841,3.643740088375632,-4.756722617922833,-4.756722617923125,40.787391886699275,41337.180366070745,25877.78265216071,25877.78265216071,67214.96301823146,74480.47199859272,75987.97630212354,25877.78265216071,101865.75895428425,101865.75895428425,101865.75895428425,128296.83309219894,125268.792497773,3028.040594425944,0.0,89472.41843463124,57973.89798047118,34998.356060177844,26431.07413791469,61429.43019809254,20232.000024365312,1450.0,0.0,0.8853049109212716,2.9106390028190208,0.001494314312251686,1.0,1.0,-4.756722617922833,358031.4802442435,1588764.475321433,4.437499390382104,1588764.475321433,4.437499390382104,0.7654626489561782,0.09305574985224283,4.186123611882295,101325.0,128351.07116782667,1.2667265844345095,1.0,0.0,4.186123611882295,1.274873442182113,1.2751074705493906,3.2835601349708847,6957.469909587773,16243.107769423557,6503.969718363666,0.0001971796186299936,21373.572959160625,2179.4978875722727,19440.800733842552,1982.4099701572457,0.9095718704116013,0.9095718704116013,37362.314175732754,35405.22815468563,1.069566922306103,0.8,4509.235503538461,4273.035954225843,1.069566922306103,0.8,17887.489023156744,17887.489023156744,1.0,0.8,4632.441516551485,4632.441516551485,5.586208171155677,5.292901713013073,-2.0639661340830773,7.356867847096151,3.5,3.5,1.0,0.6,0.00018356032560695764,1.0,0.00018356032560695764,200.82759564353114,0.0,0.0,0.0,0.009968902116983471,6.440153270248589e-05,0.00011915879290447175,0.0004988134365408017,0.09305898483081626,0.09305898483081626,0.09305898483081626,0.09305504551234502,0.0,0.0,0.0,0.0,0.0,0.0,1.0,1.0,0.0,1.0,1.0,507475.00503834797,589.2196682850443,0.0,0.09305898483081626,0.09305574985224283,0.09305574985224281,0.375,0.375,0.5,6.638379557370074,2.8421709430404007e-13,2.8421709430404007e-13,2.8421709430404007e-13,2.8421709430404007e-13,2.8421709430404007e-13,2.8421709430404007e-13,26431.07413791469,20232.000024365312,0.7654626489561782,1.0941817757625656,0.6729214357478172,41059.97430708969,25750.0,0.0,0.0,0.0,0.0,0.0,0.0,0.0,0.0,0.0,0.0,0.0,0.0,0.0,0.0,0.0,0.0,0.0,0.0,0.0,0.0,41059.97430708969,25750.0,1.0,0.0,0.0,6.0,0.9,167190.3635292044,27865.060588200733,260.6103217898049,260.6103217898049,-12.539678210195063,242.8381529641153,278.3824944475304,149530.58277315315,149551.32412207162,-20.741348918464453,0.0,nan,278.3824944475304,5.232494447530428,271.2736239970097,-1.8763760029902983,264.16475449065973,-8.985245509340245,257.05588603070765,-16.094113969292323,249.94701880880672,-23.20298119119326,242.8381529641153,-30.311847035884682,1.0,1.0,26022.01252070864,26022.01252070864,277.28484500707833,4.134845007078354,277.28484500707833,277.28484500707833,75939.81973990359,75987.97630212354,-48.15656221995596,0.0,8546.071908451686,8546.071908451686,0.868843916123323,4207.054229941707,277.28484500707833,4.134845007078354,1.0,0.002,1.3540640326545652,1.220227907015876e-06,0.0020991392006377463,4.1923024663452156e-07,1.0,1.049569600318873,0.06395041632727949,9.955843088438072e-05,0.9999924059618198,0.9999924059618198,0.0,0.09305504318332557,7.066689172632947e-07,0.0,0.0,0.0,1602159.2402573028,268.39327738207714,0.0,1.0,1278399.8595005318,2623.014097386917,,,,,,,,,,,,,,,,,8.0,16243.107769423557
3300.0,-32.28761859071346,5.292901713013073,34.97613078220485,24.91025902507829,7.207145645804081,-28.33327068415922,-41.77569343065841,3.643740088375632,-4.756722617922833,-4.756722617923125,40.787391886699275,41337.180366070745,25877.78265216071,25877.78265216071,67214.96301823146,74480.47199859272,75987.97630212354,25877.78265216071,101865.75895428425,101865.75895428425,101865.75895428425,128296.83309219894,125268.792497773,3028.040594425944,0.0,89472.41843463124,57973.89798047118,34998.356060177844,26431.07413791469,61429.43019809254,20232.000024365312,1450.0,0.0,0.8853049109212716,2.9106390028190208,0.001494314312251686,1.0,1.0,-4.756722617922833,358031.4802442435,1588764.475321433,4.437499390382104,1588764.475321433,4.437499390382104,0.7654626489561782,0.09305574985224283,4.186123611882295,101325.0,128351.07116782667,1.2667265844345095,1.0,0.0,4.186123611882295,1.274873442182113,1.2751074705493906,3.2835601349708847,6957.469909587773,16243.107769423557,6503.969718363666,0.0001971796186299936,21373.572959160625,2179.4978875722727,19440.800733842552,1982.4099701572457,0.9095718704116013,0.9095718704116013,37362.314175732754,35405.22815468563,1.069566922306103,0.8,4509.235503538461,4273.035954225843,1.069566922306103,0.8,17887.489023156744,17887.489023156744,1.0,0.8,4632.441516551485,4632.441516551485,5.586208171155677,5.292901713013073,-2.0639661340830773,7.356867847096151,3.5,3.5,1.0,0.6,0.00018356032560695764,1.0,0.00018356032560695764,200.82759564353114,0.0,0.0,0.0,0.009968902116983471,6.440153270248589e-05,0.00011915879290447175,0.0004988134365408017,0.09305898483081626,0.09305898483081626,0.09305898483081626,0.09305504551234502,0.0,0.0,0.0,0.0,0.0,0.0,1.0,1.0,0.0,1.0,1.0,507475.00503834797,589.2196682850443,0.0,0.09305898483081626,0.09305574985224283,0.09305574985224281,0.375,0.375,0.5,6.638379557370074,2.8421709430404007e-13,2.8421709430404007e-13,2.8421709430404007e-13,2.8421709430404007e-13,2.8421709430404007e-13,2.8421709430404007e-13,26431.07413791469,20232.000024365312,0.7654626489561782,1.0941817757625656,0.6729214357478172,41059.97430708969,25750.0,0.0,0.0,0.0,0.0,0.0,0.0,0.0,0.0,0.0,0.0,0.0,0.0,0.0,0.0,0.0,0.0,0.0,0.0,0.0,0.0,41059.97430708969,25750.0,1.0,0.0,0.0,6.0,0.9,167190.3635292044,27865.060588200733,260.6103217898049,260.6103217898049,-12.539678210195063,242.8381529641153,278.3824944475304,149530.58277315315,149551.32412207162,-20.741348918464453,0.0,nan,278.3824944475304,5.232494447530428,271.2736239970097,-1.8763760029902983,264.16475449065973,-8.985245509340245,257.05588603070765,-16.094113969292323,249.94701880880672,-23.20298119119326,242.8381529641153,-30.311847035884682,1.0,1.0,26022.01252070864,26022.01252070864,277.28484500707833,4.134845007078354,277.28484500707833,277.28484500707833,75939.81973990359,75987.97630212354,-48.15656221995596,0.0,8546.071908451686,8546.071908451686,0.868843916123323,4207.054229941707,277.28484500707833,4.134845007078354,1.0,0.002,1.3540640326545652,1.220227907015876e-06,0.0020991392006377463,4.1923024663452156e-07,1.0,1.049569600318873,0.06395041632727949,9.955843088438072e-05,0.9999924059618198,0.9999924059618198,0.0,0.09305504318332557,7.066689172632947e-07,0.0,0.0,0.0,1602159.2402573028,268.39327738207714,0.0,1.0,1278399.8595005318,2623.014097386917,,,,,,,,,,,,,,,,,8.0,16243.107769423557
3330.0,-32.28761859071346,5.292901713013073,34.97613078220485,24.91025902507829,7.207145645804081,-28.33327068415922,-41.77569343065841,3.643740088375632,-4.756722617922833,-4.756722617923125,40.787391886699275,41337.180366070745,25877.78265216071,25877.78265216071,67214.96301823146,74480.47199859272,75987.97630212354,25877.78265216071,101865.75895428425,101865.75895428425,101865.75895428425,128296.83309219894,125268.792497773,3028.040594425944,0.0,89472.41843463124,57973.89798047118,34998.356060177844,26431.07413791469,61429.43019809254,20232.000024365312,1450.0,0.0,0.8853049109212716,2.9106390028190208,0.001494314312251686,1.0,1.0,-4.756722617922833,358031.4802442435,1588764.475321433,4.437499390382104,1588764.475321433,4.437499390382104,0.7654626489561782,0.09305574985224283,4.186123611882295,101325.0,128351.07116782667,1.2667265844345095,1.0,0.0,4.186123611882295,1.274873442182113,1.2751074705493906,3.2835601349708847,6957.469909587773,16243.107769423557,6503.969718363666,0.0001971796186299936,21373.572959160625,2179.4978875722727,19440.800733842552,1982.4099701572457,0.9095718704116013,0.9095718704116013,37362.314175732754,35405.22815468563,1.069566922306103,0.8,4509.235503538461,4273.035954225843,1.069566922306103,0.8,17887.489023156744,17887.489023156744,1.0,0.8,4632.441516551485,4632.441516551485,5.586208171155677,5.292901713013073,-2.0639661340830773,7.356867847096151,3.5,3.5,1.0,0.6,0.00018356032560695764,1.0,0.00018356032560695764,200.82759564353114,0.0,0.0,0.0,0.009968902116983471,6.440153270248589e-05,0.00011915879290447175,0.0004988134365408017,0.09305898483081626,0.09305898483081626,0.09305898483081626,0.09305504551234502,0.0,0.0,0.0,0.0,0.0,0.0,1.0,1.0,0.0,1.0,1.0,507475.00503834797,589.2196682850443,0.0,0.09305898483081626,0.09305574985224283,0.09305574985224281,0.375,0.375,0.5,6.638379557370074,2.8421709430404007e-13,2.8421709430404007e-13,2.8421709430404007e-13,2.8421709430404007e-13,2.8421709430404007e-13,2.8421709430404007e-13,26431.07413791469,20232.000024365312,0.7654626489561782,1.0941817757625656,0.6729214357478172,41059.97430708969,25750.0,0.0,0.0,0.0,0.0,0.0,0.0,0.0,0.0,0.0,0.0,0.0,0.0,0.0,0.0,0.0,0.0,0.0,0.0,0.0,0.0,41059.97430708969,25750.0,1.0,0.0,0.0,6.0,0.9,167190.3635292044,27865.060588200733,260.6103217898049,260.6103217898049,-12.539678210195063,242.8381529641153,278.3824944475304,149530.58277315315,149551.32412207162,-20.741348918464453,0.0,nan,278.3824944475304,5.232494447530428,271.2736239970097,-1.8763760029902983,264.16475449065973,-8.985245509340245,257.05588603070765,-16.094113969292323,249.94701880880672,-23.20298119119326,242.8381529641153,-30.311847035884682,1.0,1.0,26022.01252070864,26022.01252070864,277.28484500707833,4.134845007078354,277.28484500707833,277.28484500707833,75939.81973990359,75987.97630212354,-48.15656221995596,0.0,8546.071908451686,8546.071908451686,0.868843916123323,4207.054229941707,277.28484500707833,4.134845007078354,1.0,0.002,1.3540640326545652,1.220227907015876e-06,0.0020991392006377463,4.1923024663452156e-07,1.0,1.049569600318873,0.06395041632727949,9.955843088438072e-05,0.9999924059618198,0.9999924059618198,0.0,0.09305504318332557,7.066689172632947e-07,0.0,0.0,0.0,1602159.2402573028,268.39327738207714,0.0,1.0,1278399.8595005318,2623.014097386917,,,,,,,,,,,,,,,,,8.0,16243.107769423557
3360.0,-32.28761859071346,5.292901713013073,34.97613078220485,24.91025902507829,7.207145645804081,-28.33327068415922,-41.77569343065841,3.643740088375632,-4.756722617922833,-4.756722617923125,40.787391886699275,41337.180366070745,25877.78265216071,25877.78265216071,67214.96301823146,74480.47199859272,75987.97630212354,25877.78265216071,101865.75895428425,101865.75895428425,101865.75895428425,128296.83309219894,125268.792497773,3028.040594425944,0.0,89472.41843463124,57973.89798047118,34998.356060177844,26431.07413791469,61429.43019809254,20232.000024365312,1450.0,0.0,0.8853049109212716,2.9106390028190208,0.001494314312251686,1.0,1.0,-4.756722617922833,358031.4802442435,1588764.475321433,4.437499390382104,1588764.475321433,4.437499390382104,0.7654626489561782,0.09305574985224283,4.186123611882295,101325.0,128351.07116782667,1.2667265844345095,1.0,0.0,4.186123611882295,1.274873442182113,1.2751074705493906,3.2835601349708847,6957.469909587773,16243.107769423557,6503.969718363666,0.0001971796186299936,21373.572959160625,2179.4978875722727,19440.800733842552,1982.4099701572457,0.9095718704116013,0.9095718704116013,37362.314175732754,35405.22815468563,1.069566922306103,0.8,4509.235503538461,4273.035954225843,1.069566922306103,0.8,17887.489023156744,17887.489023156744,1.0,0.8,4632.441516551485,4632.441516551485,5.586208171155677,5.292901713013073,-2.0639661340830773,7.356867847096151,3.5,3.5,1.0,0.6,0.00018356032560695764,1.0,0.00018356032560695764,200.82759564353114,0.0,0.0,0.0,0.009968902116983471,6.440153270248589e-05,0.00011915879290447175,0.0004988134365408017,0.09305898483081626,0.09305898483081626,0.09305898483081626,0.09305504551234502,0.0,0.0,0.0,0.0,0.0,0.0,1.0,1.0,0.0,1.0,1.0,507475.00503834797,589.2196682850443,0.0,0.09305898483081626,0.09305574985224283,0.09305574985224281,0.375,0.375,0.5,6.638379557370074,2.8421709430404007e-13,2.8421709430404007e-13,2.8421709430404007e-13,2.8421709430404007e-13,2.8421709430404007e-13,2.8421709430404007e-13,26431.07413791469,20232.000024365312,0.7654626489561782,1.0941817757625656,0.6729214357478172,41059.97430708969,25750.0,0.0,0.0,0.0,0.0,0.0,0.0,0.0,0.0,0.0,0.0,0.0,0.0,0.0,0.0,0.0,0.0,0.0,0.0,0.0,0.0,41059.97430708969,25750.0,1.0,0.0,0.0,6.0,0.9,167190.3635292044,27865.060588200733,260.6103217898049,260.6103217898049,-12.539678210195063,242.8381529641153,278.3824944475304,149530.58277315315,149551.32412207162,-20.741348918464453,0.0,nan,278.3824944475304,5.232494447530428,271.2736239970097,-1.8763760029902983,264.16475449065973,-8.985245509340245,257.05588603070765,-16.094113969292323,249.94701880880672,-23.20298119119326,242.8381529641153,-30.311847035884682,1.0,1.0,26022.01252070864,26022.01252070864,277.28484500707833,4.134845007078354,277.28484500707833,277.28484500707833,75939.81973990359,75987.97630212354,-48.15656221995596,0.0,8546.071908451686,8546.071908451686,0.868843916123323,4207.054229941707,277.28484500707833,4.134845007078354,1.0,0.002,1.3540640326545652,1.220227907015876e-06,0.0020991392006377463,4.1923024663452156e-07,1.0,1.049569600318873,0.06395041632727949,9.955843088438072e-05,0.9999924059618198,0.9999924059618198,0.0,0.09305504318332557,7.066689172632947e-07,0.0,0.0,0.0,1602159.2402573028,268.39327738207714,0.0,1.0,1278399.8595005318,2623.014097386917,,,,,,,,,,,,,,,,,8.0,16243.107769423557
3390.0,-32.28761859071346,5.292901713013073,34.97613078220485,24.91025902507829,7.207145645804081,-28.33327068415922,-41.77569343065841,3.643740088375632,-4.756722617922833,-4.756722617923125,40.787391886699275,41337.180366070745,25877.78265216071,25877.78265216071,67214.96301823146,74480.47199859272,75987.97630212354,25877.78265216071,101865.75895428425,101865.75895428425,101865.75895428425,128296.83309219894,125268.792497773,3028.040594425944,0.0,89472.41843463124,57973.89798047118,34998.356060177844,26431.07413791469,61429.43019809254,20232.000024365312,1450.0,0.0,0.8853049109212716,2.9106390028190208,0.001494314312251686,1.0,1.0,-4.756722617922833,358031.4802442435,1588764.475321433,4.437499390382104,1588764.475321433,4.437499390382104,0.7654626489561782,0.09305574985224283,4.186123611882295,101325.0,128351.07116782667,1.2667265844345095,1.0,0.0,4.186123611882295,1.274873442182113,1.2751074705493906,3.2835601349708847,6957.469909587773,16243.107769423557,6503.969718363666,0.0001971796186299936,21373.572959160625,2179.4978875722727,19440.800733842552,1982.4099701572457,0.9095718704116013,0.9095718704116013,37362.314175732754,35405.22815468563,1.069566922306103,0.8,4509.235503538461,4273.035954225843,1.069566922306103,0.8,17887.489023156744,17887.489023156744,1.0,0.8,4632.441516551485,4632.441516551485,5.586208171155677,5.292901713013073,-2.0639661340830773,7.356867847096151,3.5,3.5,1.0,0.6,0.00018356032560695764,1.0,0.00018356032560695764,200.82759564353114,0.0,0.0,0.0,0.009968902116983471,6.440153270248589e-05,0.00011915879290447175,0.0004988134365408017,0.09305898483081626,0.09305898483081626,0.09305898483081626,0.09305504551234502,0.0,0.0,0.0,0.0,0.0,0.0,1.0,1.0,0.0,1.0,1.0,507475.00503834797,589.2196682850443,0.0,0.09305898483081626,0.09305574985224283,0.09305574985224281,0.375,0.375,0.5,6.638379557370074,2.8421709430404007e-13,2.8421709430404007e-13,2.8421709430404007e-13,2.8421709430404007e-13,2.8421709430404007e-13,2.8421709430404007e-13,26431.07413791469,20232.000024365312,0.7654626489561782,1.0941817757625656,0.6729214357478172,41059.97430708969,25750.0,0.0,0.0,0.0,0.0,0.0,0.0,0.0,0.0,0.0,0.0,0.0,0.0,0.0,0.0,0.0,0.0,0.0,0.0,0.0,0.0,41059.97430708969,25750.0,1.0,0.0,0.0,6.0,0.9,167190.3635292044,27865.060588200733,260.6103217898049,260.6103217898049,-12.539678210195063,242.8381529641153,278.3824944475304,149530.58277315315,149551.32412207162,-20.741348918464453,0.0,nan,278.3824944475304,5.232494447530428,271.2736239970097,-1.8763760029902983,264.16475449065973,-8.985245509340245,257.05588603070765,-16.094113969292323,249.94701880880672,-23.20298119119326,242.8381529641153,-30.311847035884682,1.0,1.0,26022.01252070864,26022.01252070864,277.28484500707833,4.134845007078354,277.28484500707833,277.28484500707833,75939.81973990359,75987.97630212354,-48.15656221995596,0.0,8546.071908451686,8546.071908451686,0.868843916123323,4207.054229941707,277.28484500707833,4.134845007078354,1.0,0.002,1.3540640326545652,1.220227907015876e-06,0.0020991392006377463,4.1923024663452156e-07,1.0,1.049569600318873,0.06395041632727949,9.955843088438072e-05,0.9999924059618198,0.9999924059618198,0.0,0.09305504318332557,7.066689172632947e-07,0.0,0.0,0.0,1602159.2402573028,268.39327738207714,0.0,1.0,1278399.8595005318,2623.014097386917,,,,,,,,,,,,,,,,,8.0,16243.107769423557
3420.0,-32.28761859071346,5.292901713013073,34.97613078220485,24.91025902507829,7.207145645804081,-28.33327068415922,-41.77569343065841,3.643740088375632,-4.756722617922833,-4.756722617923125,40.787391886699275,41337.180366070745,25877.78265216071,25877.78265216071,67214.96301823146,74480.47199859272,75987.97630212354,25877.78265216071,101865.75895428425,101865.75895428425,101865.75895428425,128296.83309219894,125268.792497773,3028.040594425944,0.0,89472.41843463124,57973.89798047118,34998.356060177844,26431.07413791469,61429.43019809254,20232.000024365312,1450.0,0.0,0.8853049109212716,2.9106390028190208,0.001494314312251686,1.0,1.0,-4.756722617922833,358031.4802442435,1588764.475321433,4.437499390382104,1588764.475321433,4.437499390382104,0.7654626489561782,0.09305574985224283,4.186123611882295,101325.0,128351.07116782667,1.2667265844345095,1.0,0.0,4.186123611882295,1.274873442182113,1.2751074705493906,3.2835601349708847,6957.469909587773,16243.107769423557,6503.969718363666,0.0001971796186299936,21373.572959160625,2179.4978875722727,19440.800733842552,1982.4099701572457,0.9095718704116013,0.9095718704116013,37362.314175732754,35405.22815468563,1.069566922306103,0.8,4509.235503538461,4273.035954225843,1.069566922306103,0.8,17887.489023156744,17887.489023156744,1.0,0.8,4632.441516551485,4632.441516551485,5.586208171155677,5.292901713013073,-2.0639661340830773,7.356867847096151,3.5,3.5,1.0,0.6,0.00018356032560695764,1.0,0.00018356032560695764,200.82759564353114,0.0,0.0,0.0,0.009968902116983471,6.440153270248589e-05,0.00011915879290447175,0.0004988134365408017,0.09305898483081626,0.09305898483081626,0.09305898483081626,0.09305504551234502,0.0,0.0,0.0,0.0,0.0,0.0,1.0,1.0,0.0,1.0,1.0,507475.00503834797,589.2196682850443,0.0,0.09305898483081626,0.09305574985224283,0.09305574985224281,0.375,0.375,0.5,6.638379557370074,2.8421709430404007e-13,2.8421709430404007e-13,2.8421709430404007e-13,2.8421709430404007e-13,2.8421709430404007e-13,2.8421709430404007e-13,26431.07413791469,20232.000024365312,0.7654626489561782,1.0941817757625656,0.6729214357478172,41059.97430708969,25750.0,0.0,0.0,0.0,0.0,0.0,0.0,0.0,0.0,0.0,0.0,0.0,0.0,0.0,0.0,0.0,0.0,0.0,0.0,0.0,0.0,41059.97430708969,25750.0,1.0,0.0,0.0,6.0,0.9,167190.3635292044,27865.060588200733,260.6103217898049,260.6103217898049,-12.539678210195063,242.8381529641153,278.3824944475304,149530.58277315315,149551.32412207162,-20.741348918464453,0.0,nan,278.3824944475304,5.232494447530428,271.2736239970097,-1.8763760029902983,264.16475449065973,-8.985245509340245,257.05588603070765,-16.094113969292323,249.94701880880672,-23.20298119119326,242.8381529641153,-30.311847035884682,1.0,1.0,26022.01252070864,26022.01252070864,277.28484500707833,4.134845007078354,277.28484500707833,277.28484500707833,75939.81973990359,75987.97630212354,-48.15656221995596,0.0,8546.071908451686,8546.071908451686,0.868843916123323,4207.054229941707,277.28484500707833,4.134845007078354,1.0,0.002,1.3540640326545652,1.220227907015876e-06,0.0020991392006377463,4.1923024663452156e-07,1.0,1.049569600318873,0.06395041632727949,9.955843088438072e-05,0.9999924059618198,0.9999924059618198,0.0,0.09305504318332557,7.066689172632947e-07,0.0,0.0,0.0,1602159.2402573028,268.39327738207714,0.0,1.0,1278399.8595005318,2623.014097386917,,,,,,,,,,,,,,,,,8.0,16243.107769423557
3450.0,-32.28761859071346,5.292901713013073,34.97613078220485,24.91025902507829,7.207145645804081,-28.33327068415922,-41.77569343065841,3.643740088375632,-4.756722617922833,-4.756722617923125,40.787391886699275,41337.180366070745,25877.78265216071,25877.78265216071,67214.96301823146,74480.47199859272,75987.97630212354,25877.78265216071,101865.75895428425,101865.75895428425,101865.75895428425,128296.83309219894,125268.792497773,3028.040594425944,0.0,89472.41843463124,57973.89798047118,34998.356060177844,26431.07413791469,61429.43019809254,20232.000024365312,1450.0,0.0,0.8853049109212716,2.9106390028190208,0.001494314312251686,1.0,1.0,-4.756722617922833,358031.4802442435,1588764.475321433,4.437499390382104,1588764.475321433,4.437499390382104,0.7654626489561782,0.09305574985224283,4.186123611882295,101325.0,128351.07116782667,1.2667265844345095,1.0,0.0,4.186123611882295,1.274873442182113,1.2751074705493906,3.2835601349708847,6957.469909587773,16243.107769423557,6503.969718363666,0.0001971796186299936,21373.572959160625,2179.4978875722727,19440.800733842552,1982.4099701572457,0.9095718704116013,0.9095718704116013,37362.314175732754,35405.22815468563,1.069566922306103,0.8,4509.235503538461,4273.035954225843,1.069566922306103,0.8,17887.489023156744,17887.489023156744,1.0,0.8,4632.441516551485,4632.441516551485,5.586208171155677,5.292901713013073,-2.0639661340830773,7.356867847096151,3.5,3.5,1.0,0.6,0.00018356032560695764,1.0,0.00018356032560695764,200.82759564353114,0.0,0.0,0.0,0.009968902116983471,6.440153270248589e-05,0.00011915879290447175,0.0004988134365408017,0.09305898483081626,0.09305898483081626,0.09305898483081626,0.09305504551234502,0.0,0.0,0.0,0.0,0.0,0.0,1.0,1.0,0.0,1.0,1.0,507475.00503834797,589.2196682850443,0.0,0.09305898483081626,0.09305574985224283,0.09305574985224281,0.375,0.375,0.5,6.638379557370074,2.8421709430404007e-13,2.8421709430404007e-13,2.8421709430404007e-13,2.8421709430404007e-13,2.8421709430404007e-13,2.8421709430404007e-13,26431.07413791469,20232.000024365312,0.7654626489561782,1.0941817757625656,0.6729214357478172,41059.97430708969,25750.0,0.0,0.0,0.0,0.0,0.0,0.0,0.0,0.0,0.0,0.0,0.0,0.0,0.0,0.0,0.0,0.0,0.0,0.0,0.0,0.0,41059.97430708969,25750.0,1.0,0.0,0.0,6.0,0.9,167190.3635292044,27865.060588200733,260.6103217898049,260.6103217898049,-12.539678210195063,242.8381529641153,278.3824944475304,149530.58277315315,149551.32412207162,-20.741348918464453,0.0,nan,278.3824944475304,5.232494447530428,271.2736239970097,-1.8763760029902983,264.16475449065973,-8.985245509340245,257.05588603070765,-16.094113969292323,249.94701880880672,-23.20298119119326,242.8381529641153,-30.311847035884682,1.0,1.0,26022.01252070864,26022.01252070864,277.28484500707833,4.134845007078354,277.28484500707833,277.28484500707833,75939.81973990359,75987.97630212354,-48.15656221995596,0.0,8546.071908451686,8546.071908451686,0.868843916123323,4207.054229941707,277.28484500707833,4.134845007078354,1.0,0.002,1.3540640326545652,1.220227907015876e-06,0.0020991392006377463,4.1923024663452156e-07,1.0,1.049569600318873,0.06395041632727949,9.955843088438072e-05,0.9999924059618198,0.9999924059618198,0.0,0.09305504318332557,7.066689172632947e-07,0.0,0.0,0.0,1602159.2402573028,268.39327738207714,0.0,1.0,1278399.8595005318,2623.014097386917,,,,,,,,,,,,,,,,,8.0,16243.107769423557
3480.0,-32.28761859071346,5.292901713013073,34.97613078220485,24.91025902507829,7.207145645804081,-28.33327068415922,-41.77569343065841,3.643740088375632,-4.756722617922833,-4.756722617923125,40.787391886699275,41337.180366070745,25877.78265216071,25877.78265216071,67214.96301823146,74480.47199859272,75987.97630212354,25877.78265216071,101865.75895428425,101865.75895428425,101865.75895428425,128296.83309219894,125268.792497773,3028.040594425944,0.0,89472.41843463124,57973.89798047118,34998.356060177844,26431.07413791469,61429.43019809254,20232.000024365312,1450.0,0.0,0.8853049109212716,2.9106390028190208,0.001494314312251686,1.0,1.0,-4.756722617922833,358031.4802442435,1588764.475321433,4.437499390382104,1588764.475321433,4.437499390382104,0.7654626489561782,0.09305574985224283,4.186123611882295,101325.0,128351.07116782667,1.2667265844345095,1.0,0.0,4.186123611882295,1.274873442182113,1.2751074705493906,3.2835601349708847,6957.469909587773,16243.107769423557,6503.969718363666,0.0001971796186299936,21373.572959160625,2179.4978875722727,19440.800733842552,1982.4099701572457,0.9095718704116013,0.9095718704116013,37362.314175732754,35405.22815468563,1.069566922306103,0.8,4509.235503538461,4273.035954225843,1.069566922306103,0.8,17887.489023156744,17887.489023156744,1.0,0.8,4632.441516551485,4632.441516551485,5.586208171155677,5.292901713013073,-2.0639661340830773,7.356867847096151,3.5,3.5,1.0,0.6,0.00018356032560695764,1.0,0.00018356032560695764,200.82759564353114,0.0,0.0,0.0,0.009968902116983471,6.440153270248589e-05,0.00011915879290447175,0.0004988134365408017,0.09305898483081626,0.09305898483081626,0.09305898483081626,0.09305504551234502,0.0,0.0,0.0,0.0,0.0,0.0,1.0,1.0,0.0,1.0,1.0,507475.00503834797,589.2196682850443,0.0,0.09305898483081626,0.09305574985224283,0.09305574985224281,0.375,0.375,0.5,6.638379557370074,2.8421709430404007e-13,2.8421709430404007e-13,2.8421709430404007e-13,2.8421709430404007e-13,2.8421709430404007e-13,2.8421709430404007e-13,26431.07413791469,20232.000024365312,0.7654626489561782,1.0941817757625656,0.6729214357478172,41059.97430708969,25750.0,0.0,0.0,0.0,0.0,0.0,0.0,0.0,0.0,0.0,0.0,0.0,0.0,0.0,0.0,0.0,0.0,0.0,0.0,0.0,0.0,41059.97430708969,25750.0,1.0,0.0,0.0,6.0,0.9,167190.3635292044,27865.060588200733,260.6103217898049,260.6103217898049,-12.539678210195063,242.8381529641153,278.3824944475304,149530.58277315315,149551.32412207162,-20.741348918464453,0.0,nan,278.3824944475304,5.232494447530428,271.2736239970097,-1.8763760029902983,264.16475449065973,-8.985245509340245,257.05588603070765,-16.094113969292323,249.94701880880672,-23.20298119119326,242.8381529641153,-30.311847035884682,1.0,1.0,26022.01252070864,26022.01252070864,277.28484500707833,4.134845007078354,277.28484500707833,277.28484500707833,75939.81973990359,75987.97630212354,-48.15656221995596,0.0,8546.071908451686,8546.071908451686,0.868843916123323,4207.054229941707,277.28484500707833,4.134845007078354,1.0,0.002,1.3540640326545652,1.220227907015876e-06,0.0020991392006377463,4.1923024663452156e-07,1.0,1.049569600318873,0.06395041632727949,9.955843088438072e-05,0.9999924059618198,0.9999924059618198,0.0,0.09305504318332557,7.066689172632947e-07,0.0,0.0,0.0,1602159.2402573028,268.39327738207714,0.0,1.0,1278399.8595005318,2623.014097386917,,,,,,,,,,,,,,,,,8.0,16243.107769423557
3510.0,-32.28761859071346,5.292901713013073,34.97613078220485,24.91025902507829,7.207145645804081,-28.33327068415922,-41.77569343065841,3.643740088375632,-4.756722617922833,-4.756722617923125,40.787391886699275,41337.180366070745,25877.78265216071,25877.78265216071,67214.96301823146,74480.47199859272,75987.97630212354,25877.78265216071,101865.75895428425,101865.75895428425,101865.75895428425,128296.83309219894,125268.792497773,3028.040594425944,0.0,89472.41843463124,57973.89798047118,34998.356060177844,26431.07413791469,61429.43019809254,20232.000024365312,1450.0,0.0,0.8853049109212716,2.9106390028190208,0.001494314312251686,1.0,1.0,-4.756722617922833,358031.4802442435,1588764.475321433,4.437499390382104,1588764.475321433,4.437499390382104,0.7654626489561782,0.09305574985224283,4.186123611882295,101325.0,128351.07116782667,1.2667265844345095,1.0,0.0,4.186123611882295,1.274873442182113,1.2751074705493906,3.2835601349708847,6957.469909587773,16243.107769423557,6503.969718363666,0.0001971796186299936,21373.572959160625,2179.4978875722727,19440.800733842552,1982.4099701572457,0.9095718704116013,0.9095718704116013,37362.314175732754,35405.22815468563,1.069566922306103,0.8,4509.235503538461,4273.035954225843,1.069566922306103,0.8,17887.489023156744,17887.489023156744,1.0,0.8,4632.441516551485,4632.441516551485,5.586208171155677,5.292901713013073,-2.0639661340830773,7.356867847096151,3.5,3.5,1.0,0.6,0.00018356032560695764,1.0,0.00018356032560695764,200.82759564353114,0.0,0.0,0.0,0.009968902116983471,6.440153270248589e-05,0.00011915879290447175,0.0004988134365408017,0.09305898483081626,0.09305898483081626,0.09305898483081626,0.09305504551234502,0.0,0.0,0.0,0.0,0.0,0.0,1.0,1.0,0.0,1.0,1.0,507475.00503834797,589.2196682850443,0.0,0.09305898483081626,0.09305574985224283,0.09305574985224281,0.375,0.375,0.5,6.638379557370074,2.8421709430404007e-13,2.8421709430404007e-13,2.8421709430404007e-13,2.8421709430404007e-13,2.8421709430404007e-13,2.8421709430404007e-13,26431.07413791469,20232.000024365312,0.7654626489561782,1.0941817757625656,0.6729214357478172,41059.97430708969,25750.0,0.0,0.0,0.0,0.0,0.0,0.0,0.0,0.0,0.0,0.0,0.0,0.0,0.0,0.0,0.0,0.0,0.0,0.0,0.0,0.0,41059.97430708969,25750.0,1.0,0.0,0.0,6.0,0.9,167190.3635292044,27865.060588200733,260.6103217898049,260.6103217898049,-12.539678210195063,242.8381529641153,278.3824944475304,149530.58277315315,149551.32412207162,-20.741348918464453,0.0,nan,278.3824944475304,5.232494447530428,271.2736239970097,-1.8763760029902983,264.16475449065973,-8.985245509340245,257.05588603070765,-16.094113969292323,249.94701880880672,-23.20298119119326,242.8381529641153,-30.311847035884682,1.0,1.0,26022.01252070864,26022.01252070864,277.28484500707833,4.134845007078354,277.28484500707833,277.28484500707833,75939.81973990359,75987.97630212354,-48.15656221995596,0.0,8546.071908451686,8546.071908451686,0.868843916123323,4207.054229941707,277.28484500707833,4.134845007078354,1.0,0.002,1.3540640326545652,1.220227907015876e-06,0.0020991392006377463,4.1923024663452156e-07,1.0,1.049569600318873,0.06395041632727949,9.955843088438072e-05,0.9999924059618198,0.9999924059618198,0.0,0.09305504318332557,7.066689172632947e-07,0.0,0.0,0.0,1602159.2402573028,268.39327738207714,0.0,1.0,1278399.8595005318,2623.014097386917,,,,,,,,,,,,,,,,,8.0,16243.107769423557
3540.0,-32.28761859071346,5.292901713013073,34.97613078220485,24.91025902507829,7.207145645804081,-28.33327068415922,-41.77569343065841,3.643740088375632,-4.756722617922833,-4.756722617923125,40.787391886699275,41337.180366070745,25877.78265216071,25877.78265216071,67214.96301823146,74480.47199859272,75987.97630212354,25877.78265216071,101865.75895428425,101865.75895428425,101865.75895428425,128296.83309219894,125268.792497773,3028.040594425944,0.0,89472.41843463124,57973.89798047118,34998.356060177844,26431.07413791469,61429.43019809254,20232.000024365312,1450.0,0.0,0.8853049109212716,2.9106390028190208,0.001494314312251686,1.0,1.0,-4.756722617922833,358031.4802442435,1588764.475321433,4.437499390382104,1588764.475321433,4.437499390382104,0.7654626489561782,0.09305574985224283,4.186123611882295,101325.0,128351.07116782667,1.2667265844345095,1.0,0.0,4.186123611882295,1.274873442182113,1.2751074705493906,3.2835601349708847,6957.469909587773,16243.107769423557,6503.969718363666,0.0001971796186299936,21373.572959160625,2179.4978875722727,19440.800733842552,1982.4099701572457,0.9095718704116013,0.9095718704116013,37362.314175732754,35405.22815468563,1.069566922306103,0.8,4509.235503538461,4273.035954225843,1.069566922306103,0.8,17887.489023156744,17887.489023156744,1.0,0.8,4632.441516551485,4632.441516551485,5.586208171155677,5.292901713013073,-2.0639661340830773,7.356867847096151,3.5,3.5,1.0,0.6,0.00018356032560695764,1.0,0.00018356032560695764,200.82759564353114,0.0,0.0,0.0,0.009968902116983471,6.440153270248589e-05,0.00011915879290447175,0.0004988134365408017,0.09305898483081626,0.09305898483081626,0.09305898483081626,0.09305504551234502,0.0,0.0,0.0,0.0,0.0,0.0,1.0,1.0,0.0,1.0,1.0,507475.00503834797,589.2196682850443,0.0,0.09305898483081626,0.09305574985224283,0.09305574985224281,0.375,0.375,0.5,6.638379557370074,2.8421709430404007e-13,2.8421709430404007e-13,2.8421709430404007e-13,2.8421709430404007e-13,2.8421709430404007e-13,2.8421709430404007e-13,26431.07413791469,20232.000024365312,0.7654626489561782,1.0941817757625656,0.6729214357478172,41059.97430708969,25750.0,0.0,0.0,0.0,0.0,0.0,0.0,0.0,0.0,0.0,0.0,0.0,0.0,0.0,0.0,0.0,0.0,0.0,0.0,0.0,0.0,41059.97430708969,25750.0,1.0,0.0,0.0,6.0,0.9,167190.3635292044,27865.060588200733,260.6103217898049,260.6103217898049,-12.539678210195063,242.8381529641153,278.3824944475304,149530.58277315315,149551.32412207162,-20.741348918464453,0.0,nan,278.3824944475304,5.232494447530428,271.2736239970097,-1.8763760029902983,264.16475449065973,-8.985245509340245,257.05588603070765,-16.094113969292323,249.94701880880672,-23.20298119119326,242.8381529641153,-30.311847035884682,1.0,1.0,26022.01252070864,26022.01252070864,277.28484500707833,4.134845007078354,277.28484500707833,277.28484500707833,75939.81973990359,75987.97630212354,-48.15656221995596,0.0,8546.071908451686,8546.071908451686,0.868843916123323,4207.054229941707,277.28484500707833,4.134845007078354,1.0,0.002,1.3540640326545652,1.220227907015876e-06,0.0020991392006377463,4.1923024663452156e-07,1.0,1.049569600318873,0.06395041632727949,9.955843088438072e-05,0.9999924059618198,0.9999924059618198,0.0,0.09305504318332557,7.066689172632947e-07,0.0,0.0,0.0,1602159.2402573028,268.39327738207714,0.0,1.0,1278399.8595005318,2623.014097386917,,,,,,,,,,,,,,,,,8.0,16243.107769423557
3570.0,-32.28761859071346,5.292901713013073,34.97613078220485,24.91025902507829,7.207145645804081,-28.33327068415922,-41.77569343065841,3.643740088375632,-4.756722617922833,-4.756722617923125,40.787391886699275,41337.180366070745,25877.78265216071,25877.78265216071,67214.96301823146,74480.47199859272,75987.97630212354,25877.78265216071,101865.75895428425,101865.75895428425,101865.75895428425,128296.83309219894,125268.792497773,3028.040594425944,0.0,89472.41843463124,57973.89798047118,34998.356060177844,26431.07413791469,61429.43019809254,20232.000024365312,1450.0,0.0,0.8853049109212716,2.9106390028190208,0.001494314312251686,1.0,1.0,-4.756722617922833,358031.4802442435,1588764.475321433,4.437499390382104,1588764.475321433,4.437499390382104,0.7654626489561782,0.09305574985224283,4.186123611882295,101325.0,128351.07116782667,1.2667265844345095,1.0,0.0,4.186123611882295,1.274873442182113,1.2751074705493906,3.2835601349708847,6957.469909587773,16243.107769423557,6503.969718363666,0.0001971796186299936,21373.572959160625,2179.4978875722727,19440.800733842552,1982.4099701572457,0.9095718704116013,0.9095718704116013,37362.314175732754,35405.22815468563,1.069566922306103,0.8,4509.235503538461,4273.035954225843,1.069566922306103,0.8,17887.489023156744,17887.489023156744,1.0,0.8,4632.441516551485,4632.441516551485,5.586208171155677,5.292901713013073,-2.0639661340830773,7.356867847096151,3.5,3.5,1.0,0.6,0.00018356032560695764,1.0,0.00018356032560695764,200.82759564353114,0.0,0.0,0.0,0.009968902116983471,6.440153270248589e-05,0.00011915879290447175,0.0004988134365408017,0.09305898483081626,0.09305898483081626,0.09305898483081626,0.09305504551234502,0.0,0.0,0.0,0.0,0.0,0.0,1.0,1.0,0.0,1.0,1.0,507475.00503834797,589.2196682850443,0.0,0.09305898483081626,0.09305574985224283,0.09305574985224281,0.375,0.375,0.5,6.638379557370074,2.8421709430404007e-13,2.8421709430404007e-13,2.8421709430404007e-13,2.8421709430404007e-13,2.8421709430404007e-13,2.8421709430404007e-13,26431.07413791469,20232.000024365312,0.7654626489561782,1.0941817757625656,0.6729214357478172,41059.97430708969,25750.0,0.0,0.0,0.0,0.0,0.0,0.0,0.0,0.0,0.0,0.0,0.0,0.0,0.0,0.0,0.0,0.0,0.0,0.0,0.0,0.0,41059.97430708969,25750.0,1.0,0.0,0.0,6.0,0.9,167190.3635292044,27865.060588200733,260.6103217898049,260.6103217898049,-12.539678210195063,242.8381529641153,278.3824944475304,149530.58277315315,149551.32412207162,-20.741348918464453,0.0,nan,278.3824944475304,5.232494447530428,271.2736239970097,-1.8763760029902983,264.16475449065973,-8.985245509340245,257.05588603070765,-16.094113969292323,249.94701880880672,-23.20298119119326,242.8381529641153,-30.311847035884682,1.0,1.0,26022.01252070864,26022.01252070864,277.28484500707833,4.134845007078354,277.28484500707833,277.28484500707833,75939.81973990359,75987.97630212354,-48.15656221995596,0.0,8546.071908451686,8546.071908451686,0.868843916123323,4207.054229941707,277.28484500707833,4.134845007078354,1.0,0.002,1.3540640326545652,1.220227907015876e-06,0.0020991392006377463,4.1923024663452156e-07,1.0,1.049569600318873,0.06395041632727949,9.955843088438072e-05,0.9999924059618198,0.9999924059618198,0.0,0.09305504318332557,7.066689172632947e-07,0.0,0.0,0.0,1602159.2402573028,268.39327738207714,0.0,1.0,1278399.8595005318,2623.014097386917,,,,,,,,,,,,,,,,,8.0,16243.107769423557
3600.0,-32.28761859071346,5.292901713013073,34.97613078220485,24.91025902507829,7.207145645804081,-28.33327068415922,-41.77569343065841,3.643740088375632,-4.756722617922833,-4.756722617923125,40.787391886699275,41337.180366070745,25877.78265216071,25877.78265216071,67214.96301823146,74480.47199859272,75987.97630212354,25877.78265216071,101865.75895428425,101865.75895428425,101865.75895428425,128296.83309219894,125268.792497773,3028.040594425944,0.0,89472.41843463124,57973.89798047118,34998.356060177844,26431.07413791469,61429.43019809254,20232.000024365312,1450.0,0.0,0.8853049109212716,2.9106390028190208,0.001494314312251686,1.0,1.0,-4.756722617922833,358031.4802442435,1588764.475321433,4.437499390382104,1588764.475321433,4.437499390382104,0.7654626489561782,0.09305574985224283,4.186123611882295,101325.0,128351.07116782667,1.2667265844345095,1.0,0.0,4.186123611882295,1.274873442182113,1.2751074705493906,3.2835601349708847,6957.469909587773,16243.107769423557,6503.969718363666,0.0001971796186299936,21373.572959160625,2179.4978875722727,19440.800733842552,1982.4099701572457,0.9095718704116013,0.9095718704116013,37362.314175732754,35405.22815468563,1.069566922306103,0.8,4509.235503538461,4273.035954225843,1.069566922306103,0.8,17887.489023156744,17887.489023156744,1.0,0.8,4632.441516551485,4632.441516551485,5.586208171155677,5.292901713013073,-2.0639661340830773,7.356867847096151,3.5,3.5,1.0,0.6,0.00018356032560695764,1.0,0.00018356032560695764,200.82759564353114,0.0,0.0,0.0,0.009968902116983471,6.440153270248589e-05,0.00011915879290447175,0.0004988134365408017,0.09305898483081626,0.09305898483081626,0.09305898483081626,0.09305504551234502,0.0,0.0,0.0,0.0,0.0,0.0,1.0,1.0,0.0,1.0,1.0,507475.00503834797,589.2196682850443,0.0,0.09305898483081626,0.09305574985224283,0.09305574985224281,0.375,0.375,0.5,6.638379557370074,2.8421709430404007e-13,2.8421709430404007e-13,2.8421709430404007e-13,2.8421709430404007e-13,2.8421709430404007e-13,2.8421709430404007e-13,26431.07413791469,20232.000024365312,0.7654626489561782,1.0941817757625656,0.6729214357478172,41059.97430708969,25750.0,0.0,0.0,0.0,0.0,0.0,0.0,0.0,0.0,0.0,0.0,0.0,0.0,0.0,0.0,0.0,0.0,0.0,0.0,0.0,0.0,41059.97430708969,25750.0,1.0,0.0,0.0,6.0,0.9,167190.3635292044,27865.060588200733,260.6103217898049,260.6103217898049,-12.539678210195063,242.8381529641153,278.3824944475304,149530.58277315315,149551.32412207162,-20.741348918464453,0.0,nan,278.3824944475304,5.232494447530428,271.2736239970097,-1.8763760029902983,264.16475449065973,-8.985245509340245,257.05588603070765,-16.094113969292323,249.94701880880672,-23.20298119119326,242.8381529641153,-30.311847035884682,1.0,1.0,26022.01252070864,26022.01252070864,277.28484500707833,4.134845007078354,277.28484500707833,277.28484500707833,75939.81973990359,75987.97630212354,-48.15656221995596,0.0,8546.071908451686,8546.071908451686,0.868843916123323,4207.054229941707,277.28484500707833,4.134845007078354,1.0,0.002,1.3540640326545652,1.220227907015876e-06,0.0020991392006377463,4.1923024663452156e-07,1.0,1.049569600318873,0.06395041632727949,9.955843088438072e-05,0.9999924059618198,0.9999924059618198,0.0,0.09305504318332557,7.066689172632947e-07,0.0,0.0,0.0,1602159.2402573028,268.39327738207714,0.0,1.0,1278399.8595005318,2623.014097386917,,,,,,,,,,,,,,,,,8.0,16243.107769423557
