time_s,room_c,dock_c,sink_c,t2_c,t3_c,t4_c,t5_c,t6_c,t7_c,tevap_c,tcond_c,q_room_w,q_dock_w,q_dock_external_w,q_useful_w,q_cascade_w,q_cascade_refrigerant_w,q_dock_refrigerant_w,q_evap_total_w,q_evap_load_requested_w,q_map_capacity_balance_error_w,q_cond_w,refrigerant_q_condenser_stage_w,refrigerant_q_subcooler_w,refrigerant_q_oil_cooling_w,w_air_comp_w,w_air_turb_w,w_air_input_w,w_ref_comp_w,w_total_input_w,w_ref_isentropic_w,refrigerant_compressor_speed_rpm,refrigerant_compressor_map_capacity_w,refrigerant_compressor_volumetric_efficiency,refrigerant_compressor_suction_density_kg_m3,refrigerant_compressor_displacement_m3_per_rev,low_pressure_receiver_enabled,refrigerant_evaporators_series,refrigerant_evaporator_outlet_c,refrigerant_evaporating_pressure_pa,refrigerant_condensing_pressure_pa,refrigerant_pressure_ratio,refrigerant_condensing_pressure_from_tcond_pa,refrigerant_pressure_ratio_from_tcond,refrigerant_compressor_eta_is_effective,m_ref_kg_s,m_air_kg_s,air_low_pressure_pa,air_high_pressure_pa,air_pressure_ratio,air_damper_opening,air_damper_resistance_head_coefficient,air_compressor_map_mass_flow_kg_s,air_compressor_suction_density_kg_m3,air_compressor_suction_mixture_density_kg_m3,air_compressor_volumetric_flow_m3_s,air_compressor_map_volumetric_flow_cfm,air_compressor_map_speed_eval_rpm,air_compressor_map_head_eval_ft,air_compressor_map_d_q_d_speed_m3_s_per_rpm,air_compressor_actual_head_j_kg,air_compressor_actual_head_m,air_compressor_isentropic_head_j_kg,air_compressor_isentropic_head_m,air_compressor_eta_is_target,air_compressor_eta_is_effective,regenerator_ua_w_k,regenerator_ua_ref_w_k,regenerator_air_flow_ratio,regenerator_ua_flow_exponent,cascade_ua_w_k,cascade_ua_ref_w_k,cascade_air_flow_ratio,cascade_ua_flow_exponent,condenser_ua_w_k,condenser_ua_ref_w_k,condenser_sink_flow_ratio,condenser_ua_flow_exponent,dock_evaporator_ua_w_k,dock_evaporator_ua_ref_w_k,dock_evaporator_lmtd_k,dock_evaporator_air_inlet_c,dock_evaporator_air_outlet_c,dock_evaporator_air_delta_t_k,dock_air_m_dot_kg_s,dock_air_m_dot_nominal_kg_s,dock_air_flow_ratio,dock_evaporator_ua_flow_exponent,humidity_ratio_room_kg_kg_da,room_relative_humidity,room_saturation_humidity_ratio_kg_kg_da,room_dry_air_mass_kg,room_moisture_infiltration_dry_air_mass_flow_kg_s,room_moisture_deposition_rate_kg_s,room_moisture_deposition_load_w,room_moisture_cumulative_deposited_water_kg,humidity_ratio_supply_vapor_kg_kg_da,humidity_ratio_supply_ice_kg_kg_da,ice_mass_flow_kg_s,valve_flow_kg_s,cascade_valve_flow_kg_s,dock_valve_flow_kg_s,compressor_map_flow_kg_s,receiver_enabled,receiver_mass_kg,receiver_volume_m3,receiver_liquid_mass_kg,receiver_vapor_mass_kg,receiver_liquid_volume_m3,receiver_liquid_fill_fraction,receiver_liquid_fill_fraction_raw,receiver_overfill_mass_kg,receiver_liquid_feed_fraction,receiver_starvation_flow_multiplier,receiver_outlet_enthalpy_j_kg,receiver_outlet_density_kg_m3,receiver_inlet_m_dot_kg_s,receiver_outlet_m_dot_kg_s,m_ref_cascade_kg_s,m_ref_dock_kg_s,valve_opening,cascade_valve_opening,dock_valve_opening,refrigerant_subcooling_k,refrigerant_superheat_k,refrigerant_cascade_superheat_k,refrigerant_dock_superheat_k,refrigerant_raw_superheat_k,refrigerant_raw_cascade_superheat_k,refrigerant_raw_dock_superheat_k,refrigerant_compressor_work_w,refrigerant_compressor_isentropic_work_w,refrigerant_compressor_eta_is_target,cop_system,cop_room_only,base_room_load_w,base_dock_load_w,infiltration_magnitude_w,infiltration_room_w,infiltration_dock_w,infiltration_q_m3_s,infiltration_q_unprotected_m3_s,infiltration_sensible_w,infiltration_latent_w,infiltration_total_w,infiltration_cumulative_volume_m3,infiltration_velocity_m_s,infiltration_region_density_kg_m3,infiltration_indoor_density_kg_m3,infiltration_outdoor_density_kg_m3,infiltration_room_humidity_ratio_kg_kg_da,infiltration_outdoor_humidity_ratio_kg_kg_da,infiltration_stage,infiltration_door_open_fraction,infiltration_effective_length_m,infiltration_effective_volume_m3,infiltration_maximum_effective_length_m,load_w,dock_load_w,regenerator_model_transient,regenerator_model_lumped_matrix,regenerator_model_two_lump_matrix,regenerator_cell_count,regenerator_gas_effectiveness,regenerator_solid_capacitance_j_k,regenerator_solid_capacitance_per_cell_j_k,regenerator_solid_mean_k,regenerator_matrix_k,regenerator_matrix_c,regenerator_solid_min_k,regenerator_solid_max_k,regenerator_q_hot_to_solid_w,regenerator_q_solid_to_cold_w,regenerator_q_solid_net_total_w,regenerator_q_heat_leak_w,regenerator_q_hot_to_cold_w,regenerator_cell_1_k,regenerator_cell_1_c,regenerator_cell_2_k,regenerator_cell_2_c,regenerator_cell_3_k,regenerator_cell_3_c,regenerator_cell_4_k,regenerator_cell_4_c,regenerator_cell_5_k,regenerator_cell_5_c,regenerator_cell_6_k,regenerator_cell_6_c,cascade_exchanger_model_lumped,cascade_exchanger_cell_count,cascade_exchanger_solid_capacitance_j_k,cascade_exchanger_solid_capacitance_per_cell_j_k,cascade_exchanger_matrix_mean_k,cascade_exchanger_matrix_mean_c,cascade_exchanger_matrix_min_k,cascade_exchanger_matrix_max_k,cascade_exchanger_q_air_to_matrix_w,cascade_exchanger_q_matrix_to_refrigerant_w,cascade_exchanger_q_matrix_net_total_w,cascade_exchanger_q_heat_leak_w,cascade_exchanger_air_side_ua_w_k,cascade_exchanger_refrigerant_side_ua_w_k,cascade_exchanger_air_effectiveness,cascade_exchanger_air_capacity_rate_w_k,cascade_exchanger_cell_1_k,cascade_exchanger_cell_1_c,lpr_inventory_enabled,lpr_volume_m3,lpr_liquid_mass_kg,lpr_vapor_mass_kg,lpr_liquid_volume_m3,lpr_vapor_volume_m3,lpr_liquid_fill_fraction,lpr_liquid_fill_fraction_raw,lpr_overfill_mass_kg,lpr_volume_residual_m3,lpr_evaporator_outlet_quality,lpr_evaporator_outlet_quality_raw,lpr_return_superheat_k,lpr_vapor_return_m_dot_kg_s,lpr_liquid_return_m_dot_kg_s,lpr_boil_off_m_dot_kg_s,lpr_boil_off_heat_w,lpr_liquid_carryover_m_dot_kg_s,lpr_suction_enthalpy_j_kg,lpr_suction_temperature_k,lpr_suction_superheat_k,lpr_suction_vapor_quality,lpr_h_fg_j_kg,lpr_cp_vapor_j_kg_k,startup_initialization_enabled,startup_iterations,startup_newton_iterations,startup_cost,startup_solved_air_cycle_compressor_mass_flow_speed_rpm,startup_solved_air_cycle_pressure_ratio,startup_solved_air_cycle_regenerator_ua_w_k,startup_solved_boundary_conditions_load_after_w,startup_solved_boundary_conditions_load_before_w,startup_solved_boundary_conditions_sink_m_dot_kg_s,startup_solved_vcc_cycle_cascade_ua_w_k,startup_solved_vcc_cycle_compressor_displacement_m3_per_rev,startup_solved_vcc_cycle_condenser_ua_w_k,startup_solved_vcc_cycle_dock_evaporator_ua_w_k,startup_solved_vcc_cycle_expansion_valves_cascade_flow_coefficient_m2,startup_solved_vcc_cycle_expansion_valves_cascade_opening,newton_iterations,pid_open_loop_air_speed_step_output
0.0,-30.0,5.0,35.0,24.630070686712884,5.0,-26.5,-40.00001469450069,1.5,-4.999999999999602,-5.0,40.0,41059.97430708969,25750.0,25750.0,66809.9743070897,77223.01455923119,73357.26647469425,25750.0,99107.26647469425,99107.26647469425,99107.26647469425,125165.21045378313,120661.68631353561,4503.5241402475185,0.0,90991.71439716448,54828.674145023,40181.155835712765,26057.94397908888,66239.09981480165,19885.466508150133,1450.0,0.0,0.886918697191838,2.8846981178461464,0.001494314312251686,1.0,1.0,-4.999999999999602,354655.9902153604,1554533.227914083,4.383214356453171,1554533.227914083,4.383214356453171,0.7631249235975,0.09239381280812466,3.913849170705986,101325.0,128351.07116782667,1.2667265844345095,1.0,0.0,3.913849170705986,1.2847212910722052,1.2850212022149787,3.046457778744803,6455.078468247549,15243.107769423557,6454.11178072111,0.00033059665397512704,23248.651245482528,2370.7026604888038,19291.772021735764,1967.2132707637945,0.8298017729301338,0.8298017729301338,35405.22815468563,35405.22815468563,1.0,0.8,4273.035954225843,4273.035954225843,1.0,0.8,17887.489023156744,17887.489023156744,1.0,0.8,4632.441516551485,4632.441516551485,5.558623872097796,5.0,-2.320540156361051,7.3205401563610515,3.5,3.5,1.0,0.6,0.0002334323654385558,1.0,0.0002334323654385558,198.92221095423284,0.0,0.0,0.0,0.0,7.885554614010179e-05,0.00015457681929845402,0.0006049903560216233,0.09239381280812464,0.09239381280812464,0.09239381280812464,0.09239381280812466,0.0,0.0,0.0,0.0,0.0,0.0,1.0,1.0,0.0,1.0,1.0,487378.5533508723,595.762855415961,0.0,0.09239381280812464,0.09239381280812466,0.09239381280812466,0.375,0.375,0.5,10.0,3.979039320256561e-13,3.979039320256561e-13,3.979039320256561e-13,3.979039320256561e-13,3.979039320256561e-13,3.979039320256561e-13,26057.94397908888,19885.466508150133,0.7631249235975,1.0086183914619034,0.6198751858326811,41059.97430708969,25750.0,0.0,0.0,0.0,0.0,0.0,0.0,0.0,0.0,0.0,0.0,0.0,0.0,0.0,0.0,0.0,0.0,0.0,0.0,0.0,0.0,41059.97430708969,25750.0,1.0,0.0,0.0,6.0,0.9,167190.3635292044,27865.060588200733,260.65000000000003,260.65000000000003,-12.499999999999943,244.89999999999998,276.4,123902.68012162475,123902.68012162475,0.0,0.0,nan,276.4,3.25,270.09999999999997,-3.0500000000000114,263.79999999999995,-9.350000000000023,257.5,-15.649999999999977,251.2,-21.94999999999999,244.89999999999998,-28.25,1.0,1.0,26022.01252070864,26022.01252070864,276.7337408414674,3.5837408414674314,276.7337408414674,276.7337408414674,73357.26647469455,73357.26647469425,3.055902197957039e-10,0.0,8546.071908451686,8546.071908451686,0.8861283279244683,3933.418416559516,276.7337408414674,3.5837408414674314,1.0,0.002,0.12907645846231844,0.0051924566121229875,0.0002000000000000002,0.0017999999999999737,0.1000000000000001,0.1000000000000001,0.0,-2.6020852139652106e-17,0.9672931060718002,0.9672931060718002,0.0,0.08937189817298738,0.0030219146351372823,0.0,0.0,0.0,1601879.7459044957,268.1500000000004,0.0,1.0,1279238.016715626,2619.5792953536006,1.0,285.0,285.0,0.0,15243.107769423557,1.2667265844345095,35405.22815468563,41059.97430708969,41059.97430708969,6.17373007360383,4273.035954225843,0.001494314312251686,17887.489023156744,4632.441516551485,6.516156486755916e-06,0.375,0.0,
15.0,-29.937963011819203,4.96329485900715,34.98478493228371,25.832509947381936,6.213887406353937,-26.32278205735174,-39.83519417289642,2.5987542326348247,-5.150804918036897,-5.150804918037304,39.94232334286553,40233.62296730247,26043.80692588947,26043.80692588947,66277.42989319193,76407.94605756424,76103.19345227702,26043.80692588947,102147.00037816649,102147.00037816649,102147.00037816649,128131.13586494135,123736.53474106384,4394.6011238775045,0.0,90487.67565428566,54313.53865399185,40193.48555588201,25984.13548677486,66177.62104265687,19824.333931501053,1450.0,0.0,0.8863591348855668,2.868709564179924,0.001494314312251686,1.0,1.0,-5.150804918036897,352576.134408328,1552047.8802723426,4.402021943081587,1552047.8802723426,4.402021943081587,0.7629399077599114,0.09235792901081724,3.874799285350729,101325.0,128351.07116782667,1.2667265844345095,1.0,0.0,3.874799285350729,1.2796021638426014,1.2799008799531852,3.0281281126587345,6416.240105310808,15243.107769423557,6479.932585333383,0.00034047267669430067,23352.867849539496,2381.3297965706433,19368.95213465009,1975.0834520096153,0.8294035773011936,0.8294035773011936,35122.34447352113,35405.22815468563,0.9900226391840713,0.8,4238.894890787456,4273.035954225843,0.9900226391840713,0.8,17887.489023156744,17887.489023156744,1.0,0.8,4632.441516551485,4632.441516551485,5.62204764654583,4.96329485900715,-2.440772497322478,7.404067356329628,3.5,3.5,1.0,0.6,0.0002334323654385558,0.9935655809519691,0.00023494409419345653,198.87147113476217,0.0,0.0,0.0,0.0,8.033909629839065e-05,0.00015309326914016516,0.0005932056898563187,0.09235590618561142,0.09235590618561142,0.09235590618561142,0.09182374771420426,0.0,0.0,0.0,0.0,0.0,0.0,1.0,1.0,0.0,1.0,1.0,488254.0279651482,595.475343275588,0.0,0.09235590618561142,0.09235792901081724,0.09235792901081724,0.375,0.375,0.5,9.760548216156197,3.979039320256561e-13,3.979039320256561e-13,3.979039320256561e-13,3.979039320256561e-13,3.979039320256561e-13,3.979039320256561e-13,25984.13548677486,19824.333931501053,0.7629399077599114,1.001508196410849,0.6079641778203031,41059.97430708969,25750.0,0.0,0.0,0.0,0.0,0.0,0.0,0.0,0.0,0.0,0.0,0.0,0.0,0.0,0.0,0.0,0.0,0.0,0.0,0.0,0.0,41059.97430708969,25750.0,1.0,0.0,0.0,6.0,0.9,167190.3635292044,27865.060588200733,261.1407403278842,261.1407403278842,-12.009259672115775,244.9920225998494,277.28945808692185,129438.31052691909,123968.51544655956,5469.795080359525,0.0,nan,277.28945808692185,4.139458086921877,270.8299709695909,-2.3200290304091027,264.3704838636872,-8.779516136312793,257.9109967674931,-15.239003232506889,251.45150967976278,-21.698490320237198,244.9920225998494,-28.15797740015057,1.0,1.0,26022.01252070864,26022.01252070864,276.90424459096744,3.7542445909674598,276.90424459096744,276.90424459096744,76398.33242062615,76103.19345227702,295.13896834912885,0.0,8546.071908451686,8546.071908451686,0.8885945753333016,3894.1732817774828,276.90424459096744,3.7542445909674598,1.0,0.002,0.1371536346327278,0.005127978620502127,0.00021244896253104365,0.0017875558699048917,0.10622448126552182,0.10622448126552182,0.0,4.832435935350071e-09,0.9941696415287862,0.9941696415287862,0.0,0.09181944917702525,0.0005384798337919835,0.0,0.0,0.0,1601706.0598072538,267.9991950819631,0.0,1.0,1279756.9981480902,2617.4556591511546,,,,,,,,,,,,,,,,,10.0,15243.107769423557
30.0,-29.875937422462613,4.941360475611533,34.97778841909135,25.88489174321296,6.259859418138441,-26.262358503461087,-39.77900751689447,2.64644659556034,-5.1269229955387345,-5.126922995539129,39.94172266578295,40232.83324332539,25925.82993821295,25925.82993821295,66158.66318153834,76398.94965312166,76307.00314243716,25925.82993821295,102232.8330806501,102232.8330806501,102232.8330806501,128225.08454733601,123922.11982452942,4302.964722806586,0.0,90465.72619769523,54300.256390263006,40183.855341591356,25992.25146668591,66176.10680827727,19830.580670618197,1450.0,0.0,0.8864832723840691,2.8712368844098064,0.001494314312251686,1.0,1.0,-5.1269229955387345,352904.8670764076,1552022.0122786004,4.397848137193788,1552022.0122786004,4.397848137193788,0.7629420135471879,0.09212457050272368,3.873077652761026,101325.0,128351.07116782667,1.2667265844345095,1.0,0.0,3.873077652761026,1.2793808874209807,1.2796795518757969,3.0273061688208482,6414.498504948884,15243.107769423557,6481.053094317114,0.0003409087534498465,23357.581310874142,2381.8104358648616,19372.301410986925,1975.4249831478564,0.8293795985617798,0.8293795985617798,35109.85960283288,35405.22815468563,0.989582756982532,0.8,4237.388099160477,4273.035954225843,0.989582756982532,0.8,17887.489023156744,17887.489023156744,1.0,0.8,4632.441516551485,4632.441516551485,5.596580085378571,4.941360475611533,-2.4291668700069327,7.3705273456184655,3.5,3.5,1.0,0.6,0.0002334323654385558,0.9871769701839986,0.00023646455750993324,198.82076650939993,0.0,0.0,0.0,0.0,8.085070089320991e-05,0.00015258166454534588,0.0005909606351716585,0.09232026773662999,0.09232026773662999,0.09232026773662999,0.09191751556941316,0.0,0.0,0.0,0.0,0.0,0.0,1.0,1.0,0.0,1.0,1.0,489125.2320497566,595.1918229051462,0.0,0.09232026773662999,0.09212457050272368,0.09212457050272368,0.375,0.375,0.5,9.579300003754948,3.979039320256561e-13,3.979039320256561e-13,3.979039320256561e-13,3.979039320256561e-13,3.979039320256561e-13,3.979039320256561e-13,25992.25146668591,19830.580670618197,0.7629420135471879,0.9997364059691595,0.607966155517222,41059.97430708969,25750.0,0.0,0.0,0.0,0.0,0.0,0.0,0.0,0.0,0.0,0.0,0.0,0.0,0.0,0.0,0.0,0.0,0.0,0.0,0.0,0.0,41059.97430708969,25750.0,1.0,0.0,0.0,6.0,0.9,167190.3635292044,27865.060588200733,261.2955254679891,261.2955254679891,-11.854474532010897,245.06035320467223,277.53069774158524,127453.4970847982,125728.25861455403,1725.2384702441898,0.0,nan,277.53069774158524,4.380697741585266,271.03662882721994,-2.1133711727800346,264.54255991707225,-8.607440082927724,258.04849101033886,-15.101508989661113,251.55442210704587,-21.59557789295411,245.06035320467223,-28.089646795327752,1.0,1.0,26022.01252070864,26022.01252070864,276.9519748606763,3.801974860676296,276.9519748606763,276.9519748606763,76389.81321939081,76307.00314243716,82.81007695365406,0.0,8546.071908451686,8546.071908451686,0.8887032004022676,3892.443041024831,276.9519748606763,3.801974860676296,1.0,0.002,0.14026797582282016,0.00511894353048526,0.00021728377587103208,0.0017828356685859021,0.10864188793551603,0.10864188793551603,0.0,1.194444569341778e-07,0.9977459079376507,0.9977459079376507,0.0,0.09191691323960616,0.00020765726311752588,0.0,0.0,0.0,1601733.587196978,268.02307700446124,0.0,1.0,1279674.8403600336,2617.7916814634978,,,,,,,,,,,,,,,,,24.0,15243.107769423557
45.0,-29.815228719662667,4.928240275418522,34.973639701010676,25.911167787294858,6.279871402966409,-26.205718707433263,-39.72634265720842,2.670361390480507,-5.1125215113845,-5.112521511384899,39.939850824271566,40249.83627110949,25854.961601018804,25854.961601018804,66104.79787212829,76406.26758837495,76360.85951640825,25854.961601018804,102215.82111742705,102215.82111742705,102215.82111742705,128212.40900677153,123965.27593570187,4247.133071069663,0.0,90454.71259241414,54298.28127415013,40173.8125758489,25996.587889344475,66170.40046519338,19833.80898453425,1450.0,0.0,0.8865635504608856,2.8727617807197636,0.001494314312251686,1.0,1.0,-5.1125215113845,353103.21854367404,1551941.4040274313,4.3951494138971645,1551941.4040274313,4.3951494138971645,0.76293893140737,0.09229233564458503,3.8722126729432906,101325.0,128351.07116782667,1.2667265844345095,1.0,0.0,3.8722126729432906,1.2792699596729598,1.2795685982323013,3.026892520741444,6413.622034305035,15243.107769423557,6481.615831293479,0.00034112799491457373,23359.954690623697,2382.052453245879,19373.983469467636,1975.5965053782522,0.8293673393657752,0.8293673393657752,35103.58655571415,35405.22815468563,0.9893617520893926,0.8,4236.631008830096,4273.035954225843,0.9893617520893926,0.8,17887.489023156744,17887.489023156744,1.0,0.8,4632.441516551485,4632.441516551485,5.581281816217282,4.928240275418522,-2.422139710656476,7.350379986074998,3.5,3.5,1.0,0.6,0.0002334323654385558,0.9809668906471442,0.00023796151293603845,198.77116344297022,0.0,0.0,0.0,0.0,8.133297077353064e-05,0.00015209939466502516,0.0005889612035689135,0.09229233567083646,0.09229233567083646,0.09229233567083646,0.09197466067783112,0.0,0.0,0.0,0.0,0.0,0.0,1.0,1.0,0.0,1.0,1.0,489805.8326609423,594.9701318985368,0.0,0.09229233567083646,0.09229233564458503,0.09229233564458503,0.375,0.375,0.5,9.436346256877844,3.979039320256561e-13,3.979039320256561e-13,3.979039320256561e-13,3.979039320256561e-13,3.979039320256561e-13,3.979039320256561e-13,25996.587889344475,19833.80898453425,0.76293893140737,0.9990085809878149,0.6082755429639799,41059.97430708969,25750.0,0.0,0.0,0.0,0.0,0.0,0.0,0.0,0.0,0.0,0.0,0.0,0.0,0.0,0.0,0.0,0.0,0.0,0.0,0.0,0.0,41059.97430708969,25750.0,1.0,0.0,0.0,6.0,0.9,167190.3635292044,27865.060588200733,261.36229152465785,261.36229152465785,-11.787708475342129,245.12125557528486,277.6033274764264,126792.15732470738,126047.98123922879,744.1760854786111,0.0,nan,277.6033274764264,4.453327476426409,271.10691309453966,-2.0430869054603136,264.61049871371625,-8.539501286283723,258.11408433362897,-15.035915666371011,251.61766995435096,-21.53233004564902,245.12125557528486,-28.028744424715114,1.0,1.0,26022.01252070864,26022.01252070864,276.9726782311881,3.8226782311881493,276.9726782311881,276.9726782311881,76396.71673683215,76360.85951640825,35.85722042390262,0.0,8546.071908451686,8546.071908451686,0.8887577720705364,3891.573736308007,276.9726782311881,3.8226782311881493,1.0,0.002,0.14505203353926613,0.005100010316136188,0.0002247012786437248,0.0017752987213782803,0.1123506393218624,0.1123506393218624,0.0,2.2004967292765798e-14,0.9965442722950345,0.9965442722950345,0.0,0.09197339846334206,0.0003189371812429669,0.0,0.0,0.0,1601750.183014527,268.0374784886155,0.0,1.0,1279625.2914618235,2617.994364031388,,,,,,,,,,,,,,,,,7.0,15243.107769423557
60.0,-29.756263756534555,4.920116260954778,34.971166400481884,25.928401050064736,6.2907513374087385,-26.15156224716998,-39.675992739479966,2.686049823196537,-5.105123376049107,-5.105123376049433,39.93790416410411,40272.363524544686,25814.99206528584,25814.99206528584,66087.35558983052,76419.81712354526,76390.98542505485,25814.99206528584,102205.9774903407,102205.9774903407,102205.9774903407,128204.42976530758,124011.68532683433,4192.74443847325,0.0,90447.49530684798,54300.04168898296,40163.83735318336,25998.452274966887,66162.28962815025,19835.117166542994,1450.0,0.0,0.8866083440452293,2.87354537843705,0.001494314312251686,1.0,1.0,-5.105123376049107,353205.1469858859,1551857.5771714547,4.393643723525543,1551857.5771714547,4.393643723525543,0.7629345376702144,0.09227079095676134,3.871646365061373,101325.0,128351.07116782667,1.2667265844345095,1.0,0.0,3.871646365061373,1.2791972000003178,1.2794958215743126,3.0266219821778932,6413.048795552609,15243.107769423557,6481.983457654184,0.0003412713071886642,23361.507425643773,2382.210788153322,19375.082329261342,1975.7085578929955,0.8293592522198907,0.8293592522198907,35099.479399381315,35405.22815468563,0.9892170587562523,0.8,4236.135318572059,4273.035954225843,0.9892170587562523,0.8,17887.489023156744,17887.489023156744,1.0,0.8,4632.441516551485,4632.441516551485,5.572653636975265,4.920116260954778,-2.4189006730284035,7.3390169339831814,3.5,3.5,1.0,0.6,0.0002334323654385558,0.9749755108802761,0.00023942382432538917,198.7230088170368,0.0,0.0,0.0,0.0,8.179652710633552e-05,0.00015163583833222027,0.0005870803422919746,0.09227079975597276,0.09227079975597276,0.09227079975597276,0.09200439671273672,0.0,0.0,0.0,0.0,0.0,0.0,1.0,1.0,0.0,1.0,1.0,490374.91695540765,594.7846577634482,0.0,0.09227079975597276,0.09227079095676134,0.09227079095676134,0.375,0.375,0.5,9.3164648781982,3.410605131648481e-13,3.410605131648481e-13,3.410605131648481e-13,3.410605131648481e-13,3.410605131648481e-13,3.410605131648481e-13,25998.452274966887,19835.117166542994,0.7629345376702144,0.9988674207204606,0.6086905962729847,41059.97430708969,25750.0,0.0,0.0,0.0,0.0,0.0,0.0,0.0,0.0,0.0,0.0,0.0,0.0,0.0,0.0,0.0,0.0,0.0,0.0,0.0,0.0,41059.97430708969,25750.0,1.0,0.0,0.0,6.0,0.9,167190.3635292044,27865.060588200733,261.4045624984051,261.4045624984051,-11.745437501594893,245.17881820825687,277.63030678915385,126468.76793832405,125997.61464391438,471.1532944096916,0.0,nan,277.63030678915385,4.480306789153872,271.1400090724734,-2.0099909275265873,264.64971135624677,-8.500288643753208,258.15941364010683,-14.990586359893143,251.66911592419285,-21.480884075807126,245.17881820825687,-27.971181791743106,1.0,1.0,26022.01252070864,26022.01252070864,276.9836014841413,3.8336014841412975,276.9836014841413,276.9836014841413,76410.43630366841,76390.98542505485,19.450878613555687,0.0,8546.071908451686,8546.071908451686,0.8887934992006671,3891.00459688668,276.9836014841413,3.8336014841412975,1.0,0.002,0.14906442685011737,0.005083530674668051,0.00023092044758739894,0.0017690796577686325,0.11546022379369947,0.11546022379369947,0.0,1.0535603162456497e-10,0.9971010011343965,0.9971010011343965,0.0,0.09200329803844935,0.0002674929183119906,0.0,0.0,0.0,1601758.7072263437,268.04487662395087,0.0,1.0,1279599.836294399,2618.098498434925,,,,,,,,,,,,,,,,,8.0,15243.107769423557
75.0,-29.698712489346278,4.915828598810756,34.9697555814885,25.946726090647303,6.301499991910901,-26.09869786952166,-39.62684642812235,2.702724212174957,-5.098543100081542,-5.098543100081895,39.936648480726205,40293.7720498478,25787.007124648575,25787.007124648575,66080.77917449638,76437.38005018578,76416.16279395757,25787.007124648575,102203.16991860615,102203.16991860615,102203.16991860615,128203.45428684054,124056.92247309421,4146.531813746338,0.0,90439.81456474209,54301.02675278995,40154.20867994682,26000.284368234392,66154.49304818122,19836.447931141163,1450.0,0.0,0.8866464482611165,2.8742424917416445,0.001494314312251686,1.0,1.0,-5.098543100081542,353295.8267037971,1551803.5068941421,4.392362970636426,1551803.5068941421,4.392362970636426,0.7629319606740979,0.09223271476738355,3.8710426697192175,101325.0,128351.07116782667,1.2667265844345095,1.0,0.0,3.8710426697192175,1.279119876741126,1.27941848026443,3.026332981066368,6412.43643687647,15243.107769423557,6482.375805172124,0.0003414243312002345,23363.16653706689,2382.379970435051,19376.25508224836,1975.8281454164635,0.8293505527817436,0.8293505527817437,35095.10095762325,35405.22815468563,0.989062812816814,0.8,4235.606887037204,4273.035954225843,0.989062812816814,0.8,17887.489023156744,17887.489023156744,1.0,0.8,4632.441516551485,4632.441516551485,5.566612558952524,4.915828598810756,-2.4152324174361732,7.331061016246929,3.5,3.5,1.0,0.6,0.0002334323654385558,0.969165826838955,0.00024085905525571624,198.67603120153998,0.0,0.0,0.0,0.0,8.225135646868685e-05,0.00015118100896986894,0.0005852281365735664,0.09225318933467436,0.09225318933467436,0.09225318933467436,0.09203067177630518,0.0,0.0,0.0,0.0,0.0,0.0,1.0,1.0,0.0,1.0,1.0,490850.99892763153,594.6294509877071,0.0,0.09225318933467436,0.09223271476738355,0.09223271476738355,0.375,0.375,0.5,9.216571486872615,3.410605131648481e-13,3.410605131648481e-13,3.410605131648481e-13,3.410605131648481e-13,3.410605131648481e-13,3.410605131648481e-13,26000.284368234392,19836.447931141163,0.7629319606740979,0.9988857314100925,0.6090859470497536,41059.97430708969,25750.0,0.0,0.0,0.0,0.0,0.0,0.0,0.0,0.0,0.0,0.0,0.0,0.0,0.0,0.0,0.0,0.0,0.0,0.0,0.0,0.0,41059.97430708969,25750.0,1.0,0.0,0.0,6.0,0.9,167190.3635292044,27865.060588200733,261.44058689241217,261.44058689241217,-11.709413107587807,245.23457205339304,277.6466017035152,126250.39123582312,125848.87953291087,401.5117029122525,0.0,nan,277.6466017035152,4.496601703515239,271.16419578888383,-1.9858042111161467,264.68178986773864,-8.468210132261333,258.19938393903436,-14.950616060965615,251.71697800190776,-21.433021998092215,245.23457205339304,-27.91542794660694,1.0,1.0,26022.01252070864,26022.01252070864,276.99312783512113,3.8431278351211517,276.99312783512113,276.99312783512113,76432.22056213344,76416.16279395757,16.057768175873207,0.0,8546.071908451686,8546.071908451686,0.888831583894124,3890.3978830678134,276.99312783512113,3.8431278351211517,1.0,0.002,0.15210611127450405,0.005071415923978814,0.0002356356289920288,0.0017644356516717536,0.1178178144960144,0.1178178144960144,0.0,7.128066378250461e-08,0.9978006645038622,0.9978006645038622,0.0,0.0920298640838905,0.00020285068349306173,0.0,0.0,0.0,1601766.2884262123,268.05145689991843,0.0,1.0,1279577.194279774,2618.1911294339334,,,,,,,,,,,,,,,,,11.0,15243.107769423557
90.0,-29.64324271780924,4.913717961740229,34.96884713449602,25.95736988531428,6.307482369131521,-26.048170209291293,-39.57987983068449,2.712409827356383,-5.092839341406602,-5.092839341406977,39.936067548750756,40318.39016703088,25766.885055604052,25766.885055604052,66085.27522263493,76448.5955047345,76427.79678688929,25766.885055604052,102194.68184249334,102194.68184249334,102194.68184249334,128196.74016387152,124087.1600129917,4109.580150879821,0.0,90435.35477215092,54305.14930505895,40144.672741213304,26002.058321378183,66146.73106259148,19837.780290003026,1450.0,0.0,0.8866776282765757,2.8748468550129562,0.001494314312251686,1.0,1.0,-5.092839341406602,353374.4423271266,1551778.4921901026,4.3913150084396495,1551778.4921901026,4.3913150084396495,0.7629311512501664,0.092239068438215,3.870692217034129,101325.0,128351.07116782667,1.2667265844345095,1.0,0.0,3.870692217034129,1.2790749664436167,1.279373559482858,3.0261652511238903,6412.081037255401,15243.107769423557,6482.603341494901,0.00034151311060726797,23364.129644347162,2382.478180045904,19376.93520354387,1975.8974984876459,0.8293454752435868,0.8293454752435868,35092.559154855546,35405.22815468563,0.9889732711227417,0.8,4235.300118371076,4273.035954225843,0.9889732711227417,0.8,17887.489023156744,17887.489023156744,1.0,0.8,4632.441516551485,4632.441516551485,5.56226883027886,4.913717961740229,-2.4116224947214775,7.325340456461706,3.5,3.5,1.0,0.6,0.0002334323654385558,0.9636015967094963,0.00024224987405135057,198.63077367282233,0.0,0.0,0.0,0.0,8.268819694717479e-05,0.00015074416849138102,0.0005834842797428699,0.09223906240357123,0.09223906240357123,0.09223906240357123,0.09205325999981251,0.0,0.0,0.0,0.0,0.0,0.0,1.0,1.0,0.0,1.0,1.0,491251.8334084951,594.4987551445632,0.0,0.09223906240357123,0.092239068438215,0.092239068438215,0.375,0.375,0.5,9.132960406194806,3.979039320256561e-13,3.979039320256561e-13,3.979039320256561e-13,3.979039320256561e-13,3.979039320256561e-13,3.979039320256561e-13,26002.058321378183,19837.780290003026,0.7629311512501664,0.9990709164463712,0.6095295945748176,41059.97430708969,25750.0,0.0,0.0,0.0,0.0,0.0,0.0,0.0,0.0,0.0,0.0,0.0,0.0,0.0,0.0,0.0,0.0,0.0,0.0,0.0,0.0,41059.97430708969,25750.0,1.0,0.0,0.0,6.0,0.9,167190.3635292044,27865.060588200733,261.4725353026106,261.4725353026106,-11.677464697389382,245.28820396355414,277.65686663519955,126043.01535174642,125686.91759773003,356.0977540163838,0.0,nan,277.65686663519955,4.506866635199572,271.18313410453186,-1.9668658954681177,264.7094015722666,-8.440598427733391,258.23566903800685,-14.91433096199313,251.76193650210456,-21.388063497895416,245.28820396355414,-27.86179603644584,1.0,1.0,26022.01252070864,26022.01252070864,277.0001929201523,3.850192920152324,277.0001929201523,277.0001929201523,76439.57599256234,76427.79678688929,11.779205673054093,0.0,8546.071908451686,8546.071908451686,0.8888536919984523,3890.0456781192997,277.0001929201523,3.850192920152324,1.0,0.002,0.15490484897795792,0.005059804821538725,0.0002399741365812223,0.0017600258645832881,0.11998706829061115,0.11998706829061115,0.0,1.1645103284441127e-12,0.9979771856481792,0.9979771856481792,0.0,0.0920524859267796,0.00018658251143540544,0.0,0.0,0.0,1601772.8592750141,268.0571606585934,0.0,1.0,1279557.567579924,2618.27142818265,,,,,,,,,,,,,,,,,8.0,15243.107769423557
105.0,-29.591044828466565,4.913425740208221,34.968352355468134,25.96983709316703,6.314210914457271,-26.000820198158742,-39.53586904155088,2.723755289661941,-5.087430281564139,-5.087430281564538,39.936452698244445,40341.43180848791,25752.204256064855,25752.204256064855,66093.63606455276,76462.81610058242,76441.14720378214,25752.204256064855,102193.35145984699,102193.35145984699,102193.35145984699,128197.43586668976,124119.24530145466,4078.1905652350943,0.0,90430.13240601886,54307.84951680782,40135.86987690115,26004.084406842765,66139.95428374392,19839.37469968898,1450.0,0.0,0.8867037973497438,2.8754200850737135,0.001494314312251686,1.0,1.0,-5.087430281564139,353449.00876259105,1551795.0765428727,4.390435502919182,1551795.0765428727,4.390435502919182,0.7629330219551359,0.09222734480353023,3.870281927088177,101325.0,128351.07116782667,1.2667265844345095,1.0,0.0,3.870281927088177,1.2790223637710556,1.2793209445304912,3.025968924950679,6411.665045652861,15243.107769423557,6482.869508646846,0.0003416169957868956,23365.25713362033,2382.5931519550845,19377.73079497294,1975.9786262355587,0.8293395054099479,0.8293395054099478,35089.58329916526,35405.22815468563,0.9888684408321361,0.8,4234.940964115563,4273.035954225843,0.9888684408321361,0.8,17887.489023156744,17887.489023156744,1.0,0.8,4632.441516551485,4632.441516551485,5.559099702403905,4.913425740208221,-2.4077410703290507,7.321166810537272,3.5,3.5,1.0,0.6,0.0002334323654385558,0.9583970363787473,0.0002435654082576963,198.58820448403222,0.0,0.0,0.0,0.0,8.309949058674524e-05,0.00015033287485181055,0.0005818306085861711,0.09222831778859986,0.09222831778859986,0.09222831778859986,0.0920743323260373,0.0,0.0,0.0,0.0,0.0,0.0,1.0,1.0,0.0,1.0,1.0,491588.4226357376,594.3890191062644,0.0,0.09222831778859986,0.09222734480353023,0.09222734480353023,0.375,0.375,0.5,9.063637165529116,3.979039320256561e-13,3.979039320256561e-13,3.979039320256561e-13,3.979039320256561e-13,3.979039320256561e-13,3.979039320256561e-13,26004.084406842765,19839.37469968898,0.7629330219551359,0.9992996938130249,0.6099404247456994,41059.97430708969,25750.0,0.0,0.0,0.0,0.0,0.0,0.0,0.0,0.0,0.0,0.0,0.0,0.0,0.0,0.0,0.0,0.0,0.0,0.0,0.0,0.0,41059.97430708969,25750.0,1.0,0.0,0.0,6.0,0.9,167190.3635292044,27865.060588200733,261.502566219852,261.502566219852,-11.647433780147992,245.33897286341153,277.6661592247399,125859.95461327306,125524.9488490016,335.0057642714751,0.0,nan,277.6661592247399,4.5161592247399085,271.20072215542626,-1.9492778445737144,264.73528499239825,-8.414715007601728,258.2698477282158,-14.880152271784198,251.80441035491992,-21.345589645080054,245.33897286341153,-27.81102713658845,1.0,1.0,26022.01252070864,26022.01252070864,277.0071641499643,3.857164149964319,277.0071641499643,277.0071641499643,76452.70094262081,76441.14720378214,11.55373883867287,0.0,8546.071908451686,8546.071908451686,0.8888795744008066,3889.633336723618,277.0071641499643,3.857164149964319,1.0,0.002,0.15720887773509143,0.005050420076107088,0.0002435462001488962,0.0017564112118169395,0.12177310007444811,0.12177310007444811,0.0,-4.258803416434115e-08,0.9983341363793963,0.9983341363793963,0.0,0.09207370662499716,0.000153638178533077,0.0,0.0,0.0,1601779.090189649,268.06256971843584,0.0,1.0,1279538.9543536142,2618.3475837121323,,,,,,,,,,,,,,,,,10.0,15243.107769423557
120.0,-29.53870539559807,4.914456530051204,34.968154801356846,25.98235640851783,6.321128546424259,-25.952722001406865,-39.49116513887418,2.735145149277144,-5.082341014484314,-5.082341014484629,39.93595582338941,40362.2057166404,25741.753677179764,25741.753677179764,66103.95939382016,76476.45428074145,76455.14205605701,25741.753677179764,102196.89573323677,102196.89573323677,102196.89573323677,128202.57011146618,124149.55841758936,4053.0116938768124,0.0,90424.8860487818,54310.637473183095,40126.94286177634,26005.674378229403,66132.61724000574,19840.570109885797,1450.0,0.0,0.8867315285537726,2.875959507224603,0.001494314312251686,1.0,1.0,-5.082341014484314,353519.17797911394,1551773.6813746078,4.389503534844402,1551773.6813746078,4.389503534844402,0.7629323439693334,0.09221805786085487,3.8698693668109088,101325.0,128351.07116782667,1.2667265844345095,1.0,0.0,3.8698693668109088,1.2789695596044515,1.2792681280370437,3.025771284195183,6411.246268608206,15243.107769423557,6483.137281988999,0.00034172154368507864,23366.392370835856,2382.7089139345094,19378.53118741203,1976.0602435502472,0.8293334666244341,0.8293334666244341,35086.5909130166,35405.22815468563,0.9887630304651868,0.8,4234.579814808847,4273.035954225843,0.9887630304651868,0.8,17887.489023156744,17887.489023156744,1.0,0.8,4632.441516551485,4632.441516551485,5.556843747558551,4.914456530051204,-2.4037392559274076,7.318195785978611,3.5,3.5,1.0,0.6,0.0002334323654385558,0.9532087998024422,0.00024489111460882017,198.5455381782111,0.0,0.0,0.0,0.0,8.351919678668008e-05,0.00014991316865187572,0.0005801443790474513,0.09221805820279717,0.09221805820279717,0.09221805820279717,0.09209448537508137,0.0,0.0,0.0,0.0,0.0,0.0,1.0,1.0,0.0,1.0,1.0,491854.55119319994,594.3021954206664,0.0,0.09221805820279717,0.09221805786085487,0.09221805786085487,0.375,0.375,0.5,9.008029393789652,3.410605131648481e-13,3.410605131648481e-13,3.410605131648481e-13,3.410605131648481e-13,3.410605131648481e-13,3.410605131648481e-13,26005.674378229403,19840.570109885797,0.7629323439693334,0.9995666609400686,0.610322219218386,41059.97430708969,25750.0,0.0,0.0,0.0,0.0,0.0,0.0,0.0,0.0,0.0,0.0,0.0,0.0,0.0,0.0,0.0,0.0,0.0,0.0,0.0,0.0,41059.97430708969,25750.0,1.0,0.0,0.0,6.0,0.9,167190.3635292044,27865.060588200733,261.53229341643794,261.53229341643794,-11.61770658356204,245.3892139696365,277.6753727821133,125685.73353874715,125354.39348517805,331.34005356907977,0.0,nan,277.6753727821133,4.5253727821133225,271.21814106645166,-1.9318589335483125,264.76090932916634,-8.389090670833639,258.3036775685344,-14.84632243146558,251.84644578272543,-21.303554217274552,245.3892139696365,-27.760786030363477,1.0,1.0,26022.01252070864,26022.01252070864,277.01389099421704,3.8638909942170585,277.01389099421704,277.01389099421704,76466.8149320673,76455.14205605701,11.672876010285108,0.0,8546.071908451686,8546.071908451686,0.8889055994775144,3889.2187136449634,277.01389099421704,3.8638909942170585,1.0,0.002,0.15906969324730852,0.00504319185382912,0.00024643155197746246,0.001753568449472353,0.12321577598873122,0.12321577598873122,0.0,1.4498155280484593e-12,0.9986547714339625,0.9986547714339625,0.0,0.09209400349511594,0.0001240543657389183,0.0,0.0,0.0,1601784.9523354245,268.06765898551566,0.0,1.0,1279521.4410495278,2618.4192417888953,,,,,,,,,,,,,,,,,8.0,15243.107769423557
135.0,-29.487977866659357,4.91642708398636,34.968184983222784,25.99441650034862,6.327685518607019,-25.90641152824234,-39.44812567261977,2.746119176618051,-5.077450792306934,-5.077450792307307,39.936423936586536,40383.49349878969,25734.23553145619,25734.23553145619,66117.72903024589,76490.01320342654,76469.15495527584,25734.23553145619,102203.39048673202,102203.39048673202,102203.39048673202,128210.94020730816,124177.74786594544,4033.192341362718,0.0,90419.83493260673,54313.315214077316,40118.35524281045,26007.549720576142,66125.9049633866,19842.05329927742,1450.0,0.0,0.8867547431956934,2.8764779074776987,0.001494314312251686,1.0,1.0,-5.077450792306934,353586.6131265412,1551793.8380750269,4.388723386198087,1551793.8380750269,4.388723386198087,0.7629343599246943,0.09221082763997704,3.8694724200241835,101325.0,128351.07116782667,1.2667265844345095,1.0,0.0,3.8694724200241835,1.2789186873886438,1.2792172439453962,3.0255812650021197,6410.843640739782,15243.107769423557,6483.394562917275,0.0003418220288370306,23367.484017896586,2382.820230955177,19379.300217323886,1976.1386627771856,0.8293276333250834,0.8293276333250834,35083.711714559926,35405.22815468563,0.9886616093910952,0.8,4234.232326057442,4273.035954225843,0.9886616093910952,0.8,17887.489023156744,17887.489023156744,1.0,0.8,4632.441516551485,4632.441516551485,5.5552208137995995,4.91642708398636,-2.399631347131249,7.316058431117609,3.5,3.5,1.0,0.6,0.0002334323654385558,0.9482092507607047,0.00024618233290941185,198.50420336351405,0.0,0.0,0.0,0.0,8.392512677881796e-05,0.00014950723865973784,0.000578514136587829,0.09221082944178498,0.09221082944178498,0.09221082944178498,0.09211349714923543,0.0,0.0,0.0,0.0,0.0,0.0,1.0,1.0,0.0,1.0,1.0,492068.35273595084,594.2324732087131,0.0,0.09221082944178498,0.09221082763997704,0.09221082763997704,0.375,0.375,0.5,8.964229861877909,3.979039320256561e-13,3.979039320256561e-13,3.979039320256561e-13,3.979039320256561e-13,3.979039320256561e-13,3.979039320256561e-13,26007.549720576142,19842.05329927742,0.7629343599246943,0.9998763580907477,0.6107060995407129,41059.97430708969,25750.0,0.0,0.0,0.0,0.0,0.0,0.0,0.0,0.0,0.0,0.0,0.0,0.0,0.0,0.0,0.0,0.0,0.0,0.0,0.0,0.0,41059.97430708969,25750.0,1.0,0.0,0.0,6.0,0.9,167190.3635292044,27865.060588200733,261.56118603914655,261.56118603914655,-11.588813960853429,245.43813037959643,277.6842416799849,125513.61319101499,125191.5753175373,322.03787347769344,0.0,nan,277.6842416799849,4.534241679984916,271.23501943067413,-1.9149805693258486,264.7857971764393,-8.364202823560674,258.3365749168471,-14.813425083152879,251.88735265133738,-21.262647348662597,245.43813037959643,-27.711869620403547,1.0,1.0,26022.01252070864,26022.01252070864,277.0204209052911,3.8704209052910983,277.0204209052911,277.0204209052911,76480.24245800612,76469.15495527584,11.087502730282722,0.0,8546.071908451686,8546.071908451686,0.8889306391090243,3888.8197821243043,277.0204209052911,3.8704209052910983,1.0,0.002,0.1605352798432719,0.005037562627140982,0.0002487045651060151,0.001751295434616523,0.12435228255300754,0.12435228255300754,0.0,-2.774620810885864e-13,0.9989404088899544,0.9989404088899544,0.0,0.09211312186675977,9.770577321726769e-05,0.0,0.0,0.0,1601790.584855264,268.07254920769304,0.0,1.0,1279504.6122254774,2618.488101825633,,,,,,,,,,,,,,,,,5.0,15243.107769423557
150.0,-29.438812312514976,4.919034961346158,34.96838713267595,26.0062166833319,6.3341479642896505,-25.861515951619943,-39.40640516867859,2.756852635039882,-5.072866436130425,-5.072866436130743,39.93710262210648,40404.03009992833,25729.146098503017,25729.146098503017,66133.17619843135,76503.07827276642,76483.3601102607,25729.146098503017,102212.50620876372,102212.50620876372,102212.50620876372,128221.9020774625,124203.80733016794,4018.094747294549,0.0,90414.88940239488,54315.84524154159,40110.04906761477,26009.395868698783,66119.44493631355,19843.528435494332,1450.0,0.0,0.8867756328616371,2.876963950656969,0.001494314312251686,1.0,1.0,-5.072866436130425,353649.8396131475,1551823.0622569113,4.38802139414068,1551823.0622569113,4.38802139414068,0.7629369223210288,0.09220515008202604,3.869083251749405,101325.0,128351.07116782667,1.2667265844345095,1.0,0.0,3.869083251749405,1.278868934291086,1.2791674792332504,3.025394665555896,6410.448258904555,15243.107769423557,6483.647055078184,0.000341920675921344,23368.556197779875,2382.929562876199,19380.05493328962,1976.2156223878308,0.829321878907128,0.829321878907128,35080.88887911311,35405.22815468563,0.9885621757497348,0.8,4233.891639724214,4273.035954225843,0.9885621757497348,0.8,17887.489023156744,17887.489023156744,1.0,0.8,4632.441516551485,4632.441516551485,5.554122163566244,4.919034961346158,-2.395576580516818,7.314611541862976,3.5,3.5,1.0,0.6,0.0002334323654385558,0.9433906327295397,0.000247439774511179,198.4641577289621,0.0,0.0,0.0,0.0,8.432035680264286e-05,0.00014911200863591294,0.0005769267752479234,0.09220536202844118,0.09220536202844118,0.09220536202844118,0.0921312320418389,0.0,0.0,0.0,0.0,0.0,0.0,1.0,1.0,0.0,1.0,1.0,492232.7513715372,594.1788696043941,0.0,0.09220536202844118,0.09220515008202604,0.09220515008202604,0.375,0.375,0.5,8.93087352467809,3.410605131648481e-13,3.410605131648481e-13,3.410605131648481e-13,3.410605131648481e-13,3.410605131648481e-13,3.410605131648481e-13,26009.395868698783,19843.528435494332,0.7629369223210288,1.0002076735842387,0.6110763654904485,41059.97430708969,25750.0,0.0,0.0,0.0,0.0,0.0,0.0,0.0,0.0,0.0,0.0,0.0,0.0,0.0,0.0,0.0,0.0,0.0,0.0,0.0,0.0,41059.97430708969,25750.0,1.0,0.0,0.0,6.0,0.9,167190.3635292044,27865.060588200733,261.5892489505831,261.5892489505831,-11.560751049416865,245.485596022961,277.69290187492334,125346.93883215029,125034.1488715687,312.78996058161374,0.0,nan,277.69290187492334,4.542901874923359,271.2514407065771,-1.8985592934228634,264.80997953687785,-8.34002046312213,258.36851836678505,-14.781481633214923,251.92705719537432,-21.22294280462566,245.485596022961,-27.664403977038972,1.0,1.0,26022.01252070864,26022.01252070864,277.0266674467543,3.876667446754311,277.0266674467543,277.0266674467543,76493.8593130088,76483.3601102607,10.499202748091193,0.0,8546.071908451686,8546.071908451686,0.8889551875747891,3888.4286680081523,277.0266674467543,3.876667446754311,1.0,0.002,0.1616481501584279,0.005033460845082474,0.000250431024790362,0.0017495738324886058,0.125215512395181,0.125215512395181,0.0,4.857278967929091e-09,0.9991953649748492,0.9991953649748492,0.0,0.09213095858877075,7.41914932552865e-05,0.0,0.0,0.0,1601795.8647666594,268.07713356386955,0.0,1.0,1279488.835559129,2618.5526589698716,,,,,,,,,,,,,,,,,6.0,15243.107769423557
165.0,-29.391037491884553,4.922050652260473,34.96871432329508,26.017329655028902,6.339967500283098,-25.817937120275236,-39.36590978465972,2.766956933720254,-5.06866055784576,-5.068660557846176,39.93786410910111,40424.25613593838,25726.081366024617,25726.081366024617,66150.337501963,76516.39952766683,76497.33652165697,25726.081366024617,102223.41788768159,102223.41788768159,102223.41788768159,128234.55848110576,124227.43363045584,4007.124850649918,0.0,90410.22847490042,54318.434294553146,40101.99353371919,26011.140593424174,66113.13412714336,19844.930787019333,1450.0,0.0,0.8867942917969924,2.877409923855741,0.001494314312251686,1.0,1.0,-5.06866055784576,353707.85401553125,1551855.8523634605,4.387394384223424,1551855.8523634605,4.387394384223424,0.7629396610172601,0.09220087562430294,3.8687159536227,101325.0,128351.07116782667,1.2667265844345095,1.0,0.0,3.8687159536227,1.2788221010923266,1.2791206351015376,3.0252182460079267,6410.074447052173,15243.107769423557,6483.885628273832,0.0003420139143242872,23369.570048232537,2383.0329468506106,19380.768044536726,1976.288339497864,0.8293164146596061,0.8293164146596061,35078.22462688479,35405.22815468563,0.988468329995674,0.8,4233.570092705423,4273.035954225843,0.988468329995674,0.8,17887.489023156744,17887.489023156744,1.0,0.8,4632.441516551485,4632.441516551485,5.553460583173387,4.922050652260473,-2.3916896081587504,7.313740260419223,3.5,3.5,1.0,0.6,0.0002334323654385558,0.9387336172675137,0.00024866731215830517,198.4252603303208,0.0,0.0,0.0,0.0,8.470562558842547e-05,0.00014872673985013034,0.0005753815111884922,0.09220133801463758,0.09220133801463758,0.09220133801463758,0.09214745264882486,0.0,0.0,0.0,0.0,0.0,0.0,1.0,1.0,0.0,1.0,1.0,492353.4710683413,594.1395165903095,0.0,0.09220133801463758,0.09220087562430294,0.09220087562430294,0.375,0.375,0.5,8.906645047306561,3.979039320256561e-13,3.979039320256561e-13,3.979039320256561e-13,3.979039320256561e-13,3.979039320256561e-13,3.979039320256561e-13,26011.140593424174,19844.930787019333,0.7629396610172601,1.000562722903865,0.611440626278551,41059.97430708969,25750.0,0.0,0.0,0.0,0.0,0.0,0.0,0.0,0.0,0.0,0.0,0.0,0.0,0.0,0.0,0.0,0.0,0.0,0.0,0.0,0.0,41059.97430708969,25750.0,1.0,0.0,0.0,6.0,0.9,167190.3635292044,27865.060588200733,261.61633835451636,261.61633835451636,-11.533661645483619,245.5316858112064,277.7009908842576,125182.81352821612,124880.88074716172,301.9327810543827,0.0,nan,277.7009908842576,4.550990884257601,271.2671298770379,-1.8828701229620606,264.8332688663231,-8.316731133676853,258.39940785213037,-14.750592147869611,251.96554683614306,-21.184453163856915,245.5316858112064,-27.61831418879359,1.0,1.0,26022.01252070864,26022.01252070864,277.0325087443925,3.88250874439251,277.0325087443925,277.0325087443925,76506.812087464,76497.33652165697,9.47556580703531,0.0,8546.071908451686,8546.071908451686,0.8889783560386915,3888.059533390813,277.0325087443925,3.88250874439251,1.0,0.002,0.16245223358302957,0.00503069958916651,0.0002516789318834356,0.0017483430315084726,0.1258394659417178,0.1258394659417178,0.0,2.196339190813773e-08,0.9994185840091317,0.9994185840091317,0.0,0.09214726856084292,5.360706346002441e-05,0.0,0.0,0.0,1601800.708508524,268.0813394421542,0.0,1.0,1279474.3610297123,2618.611889822679,,,,,,,,,,,,,,,,,8.0,15243.107769423557
180.0,-29.344840218403004,4.92522599294609,34.96911800245254,26.027591723855608,6.345307148348547,-25.775825464378265,-39.326782257389254,2.776292477733003,-5.064909369299016,-5.064909369299403,39.938953663740534,40444.094089063554,25724.59855778214,25724.59855778214,66168.6926468457,76528.85215602073,76510.02352721411,25724.59855778214,102234.62208499626,102234.62208499626,102234.62208499626,128247.46980275266,124247.88346394332,3999.5863388093444,0.0,90405.9300482829,54321.17230563826,40094.17526960515,26012.84771775641,66107.02298736156,19846.326868924258,1450.0,0.0,0.8868094444688243,2.8778077297785356,0.001494314312251686,1.0,1.0,-5.064909369299016,353759.60288921674,1551902.7701787872,4.386885211041976,1551902.7701787872,4.386885211041976,0.7629432611246605,0.09219877781743434,3.868377868931498,101325.0,128351.07116782667,1.2667265844345095,1.0,0.0,3.868377868931498,1.278778834102791,1.2790773580115604,3.0250562222087494,6409.731138064039,15243.107769423557,6484.104610587223,0.0003420995214053199,23370.501308667222,2383.127908986986,19381.42259732575,1976.3550853069855,0.8293113759668442,0.8293113759668442,35075.772233992604,35405.22815468563,0.988381948360497,0.8,4233.27411486406,4273.035954225843,0.988381948360497,0.8,17887.489023156744,17887.489023156744,1.0,0.8,4632.441516551485,4632.441516551485,5.553140491006615,4.92522599294609,-2.3880927157339786,7.313318708680068,3.5,3.5,1.0,0.6,0.0002334323654385558,0.9342539587208609,0.00024985964818191516,198.3876618396845,0.0,0.0,0.0,0.0,8.507942566013742e-05,0.00014835293977841837,0.0005738852290297609,0.09219897476237571,0.09219897476237571,0.09219897476237571,0.09216176690532765,0.0,0.0,0.0,0.0,0.0,0.0,1.0,1.0,0.0,1.0,1.0,492439.62830009,594.111455207909,0.0,0.09219897476237571,0.09219877781743434,0.09219877781743434,0.375,0.375,0.5,8.889901737208273,3.979039320256561e-13,3.979039320256561e-13,3.979039320256561e-13,3.979039320256561e-13,3.979039320256561e-13,3.979039320256561e-13,26012.84771775641,19846.326868924258,0.7629432611246605,1.0009328760651637,0.6117972381965486,41059.97430708969,25750.0,0.0,0.0,0.0,0.0,0.0,0.0,0.0,0.0,0.0,0.0,0.0,0.0,0.0,0.0,0.0,0.0,0.0,0.0,0.0,0.0,41059.97430708969,25750.0,1.0,0.0,0.0,6.0,0.9,167190.3635292044,27865.060588200733,261.6424115164419,261.6424115164419,-11.507588483558095,245.57628684152772,277.7085361882661,125023.26803064323,124732.65593767048,290.61209297275275,0.0,nan,277.7085361882661,4.558536188266146,271.2820863206133,-1.8679136793866746,264.8556364521259,-8.29436354787407,258.42918658284907,-14.720813417150907,252.00273671326923,-21.147263286730748,245.57628684152772,-27.57371315847226,1.0,1.0,26022.01252070864,26022.01252070864,277.03774447527553,3.8877444752755537,277.03774447527553,277.03774447527553,76519.3332727485,76510.02352721411,9.309745534381364,0.0,8546.071908451686,8546.071908451686,0.8889996813899237,3887.7197582761555,277.03774447527553,3.8877444752755537,1.0,0.002,0.1630092479833459,0.0050288481988184025,0.0002525438481549702,0.0017474580204861019,0.12627192407748508,0.12627192407748508,0.0,1.868641072173133e-09,0.9995972360980965,0.9995972360980965,0.0,0.09216164347792985,3.7134339504485974e-05,0.0,0.0,0.0,1601805.0283863412,268.08509063070096,0.0,1.0,1279461.4510226024,2618.6647201261467,,,,,,,,,,,,,,,,,6.0,15243.107769423557
195.0,-29.300122513444123,4.9284829512245185,34.96958978193508,26.03772160308438,6.3505756795981405,-25.73505269407278,-39.28889794098211,2.785505849312224,-5.061398349758122,-5.06139834975852,39.94002440096992,40463.16577357085,25723.94435003132,25723.94435003132,66187.11012360218,76541.14323478614,76523.5039561196,25723.94435003132,102247.44830615092,102247.44830615092,102247.44830615092,128261.91258679105,124266.85626431601,3995.0563224750294,0.0,90401.68562407613,54323.708120426505,40086.6416707218,26014.464280640128,66101.10595136193,19847.651544269305,1450.0,0.0,0.886823440682043,2.8781801056186698,0.001494314312251686,1.0,1.0,-5.061398349758122,353808.04393608734,1551948.8787334117,4.386414908683532,1551948.8787334117,4.386414908683532,0.762946771847993,0.09219752673417787,3.868043785706302,101325.0,128351.07116782667,1.2667265844345095,1.0,0.0,3.868043785706302,1.2787361362102891,1.2790346501514696,3.0248959704617273,6409.3915838417815,15243.107769423557,6484.321081764717,0.00034218417044379297,23371.422515468978,2383.221845938111,19382.06964416153,1976.4210657218857,0.829306373257041,0.829306373257041,35073.348824756715,35405.22815468563,0.9882965891116796,0.8,4232.981635042958,4273.035954225843,0.9882965891116796,0.8,17887.489023156744,17887.489023156744,1.0,0.8,4632.441516551485,4632.441516551485,5.55299926790677,4.9284829512245185,-2.384649770888153,7.313132722112671,3.5,3.5,1.0,0.6,0.0002334323654385558,0.9299397315733527,0.0002510188106960595,198.35128109173803,0.0,0.0,0.0,0.0,8.544280105877082e-05,0.000147989564379785,0.0005724301148486101,0.09219752590263432,0.09219752590263432,0.09219752590263432,0.0921751469844679,0.0,0.0,0.0,0.0,0.0,0.0,1.0,1.0,0.0,1.0,1.0,492493.46293583093,594.0939395950616,0.0,0.09219752590263432,0.09219752673417787,0.09219752673417787,0.375,0.375,0.5,8.879831223506626,3.979039320256561e-13,3.979039320256561e-13,3.979039320256561e-13,3.979039320256561e-13,3.979039320256561e-13,3.979039320256561e-13,26014.464280640128,19847.651544269305,0.762946771847993,1.0013011003522927,0.6121405261107762,41059.97430708969,25750.0,0.0,0.0,0.0,0.0,0.0,0.0,0.0,0.0,0.0,0.0,0.0,0.0,0.0,0.0,0.0,0.0,0.0,0.0,0.0,0.0,41059.97430708969,25750.0,1.0,0.0,0.0,6.0,0.9,167190.3635292044,27865.060588200733,261.66765387543575,261.66765387543575,-11.48234612456423,245.6194603451338,277.71584740502504,124869.83449021915,124588.48254723455,281.3519429845792,0.0,nan,277.71584740502504,4.5658474050250675,271.29656999332644,-1.853430006673534,264.8772925816578,-8.27270741834218,258.4580151698433,-14.691984830156684,252.03873775762833,-21.11126224237165,245.6194603451338,-27.530539654866175,1.0,1.0,26022.01252070864,26022.01252070864,277.0428328778586,3.892832877858609,277.0428328778586,277.0428328778586,76531.96166544741,76523.5039561196,8.457709327805787,0.0,8546.071908451686,8546.071908451686,0.8890207539779806,3887.384004634833,277.0428328778586,3.892832877858609,1.0,0.002,0.16334580492604567,0.005027987506681192,0.0002530671032233002,0.0017469328958482316,0.12653355161165009,0.12653355161165009,0.0,-9.284682397914246e-13,0.9997566406575501,0.9997566406575501,0.0,0.09217508960469634,2.2437129481536633e-05,0.0,0.0,0.0,1601809.071500379,268.08860165024186,0.0,1.0,1279449.3673260515,2618.714170363708,,,,,,,,,,,,,,,,,6.0,15243.107769423557
210.0,-29.256797219012316,4.931709700589576,34.97009850766337,26.04707992812621,6.355220489544412,-25.695595446538896,-39.25224195756016,2.7940179789482014,-5.058264885514461,-5.058264885514807,39.94112062073484,40481.978465487766,25724.184559218782,25724.184559218782,66206.16302470655,76553.3629904065,76536.12393826694,25724.184559218782,102260.30849748573,102260.30849748573,102260.30849748573,128276.26727912016,124283.13411060085,3993.1331685193145,0.0,90397.76552012505,54326.37812570672,40079.319327131474,26015.95878163442,66095.2781087659,19848.88357450868,1450.0,0.0,0.8868354210598425,2.8785124703906657,0.001494314312251686,1.0,1.0,-5.058264885514461,353851.2803011923,1551996.0857007739,4.386012350668169,1551996.0857007739,4.386012350668169,0.7629503006639411,0.09219900553647153,3.867735301212465,101325.0,128351.07116782667,1.2667265844345095,1.0,0.0,3.867735301212465,1.2786966906450568,1.2789951953778862,3.024748034079396,6409.078124399501,15243.107769423557,6484.520814685403,0.0003422622949936321,23372.27304355264,2383.3085756657615,19382.666659227587,1976.481944316111,0.8293017381368645,0.8293017381368645,35071.11106920896,35405.22815468563,0.988217770414182,0.8,4232.711561655193,4273.035954225843,0.988217770414182,0.8,17887.489023156744,17887.489023156744,1.0,0.8,4632.441516551485,4632.441516551485,5.5530511215970115,4.931709700589576,-2.3814913112707745,7.31320101186035,3.5,3.5,1.0,0.6,0.0002334323654385558,0.9257803346111355,0.00025214660185734735,198.31604588404778,0.0,0.0,0.0,0.0,8.579575956413461e-05,0.0001476366058744212,0.0005710193122916904,0.09219699992195865,0.09219699992195865,0.09219699992195865,0.0921870364982723,0.0,0.0,0.0,0.0,0.0,0.0,1.0,1.0,0.0,1.0,1.0,492520.43203490274,594.0851923023276,0.0,0.09219699992195865,0.09219900553647153,0.09219900553647153,0.375,0.375,0.5,8.875347818011065,3.410605131648481e-13,3.410605131648481e-13,3.410605131648481e-13,3.410605131648481e-13,3.410605131648481e-13,3.410605131648481e-13,26015.95878163442,19848.88357450868,0.7629503006639411,1.0016776526117066,0.6124791304890332,41059.97430708969,25750.0,0.0,0.0,0.0,0.0,0.0,0.0,0.0,0.0,0.0,0.0,0.0,0.0,0.0,0.0,0.0,0.0,0.0,0.0,0.0,0.0,41059.97430708969,25750.0,1.0,0.0,0.0,6.0,0.9,167190.3635292044,27865.060588200733,261.69192907522796,261.69192907522796,-11.458070924772016,245.66126290010962,277.72259525015215,124719.17858055008,124448.60661161818,270.5719689318893,0.0,nan,277.72259525015215,4.572595250152176,271.31032878026605,-1.8396712197339298,264.8980623102296,-8.251937689770386,258.48579584035195,-14.664204159648023,252.07352937025826,-21.07647062974172,245.66126290010962,-27.488737099890358,1.0,1.0,26022.01252070864,26022.01252070864,277.0474430418402,3.8974430418402335,277.0474430418402,277.0474430418402,76543.94150004488,76536.12393826694,7.817561777934316,0.0,8546.071908451686,8546.071908451686,0.8890402115832796,3887.073977718527,277.0474430418402,3.8974430418402335,1.0,0.002,0.16352557648988592,0.005027753796351103,0.0002533472627903331,0.0017466499965062673,0.12667363139516655,0.12667363139516655,0.0,-2.740703399471689e-09,0.9998700135620595,0.9998700135620595,0.0,0.0921870209161602,1.198462031134127e-05,0.0,0.0,0.0,1601812.6796899505,268.0917351144855,0.0,1.0,1279438.582838337,2618.7583049462623,,,,,,,,,,,,,,,,,12.0,15243.107769423557
225.0,-29.22152249399903,4.9344548636980035,34.97059702305578,26.055198290292196,6.3589521611555595,-25.666149853582095,-39.22488653389735,2.8014017745892184,-5.055723258286719,-5.055723258287136,39.94234034237333,40507.05079786505,25724.708664111735,25724.708664111735,66231.75946197679,76565.11723282233,76547.2337075481,25724.708664111735,102271.94237165984,102271.94237165984,102271.94237165984,128289.23512021606,124296.57615539587,3992.658964820195,0.0,90394.36474153781,54327.83276505939,40073.92441830935,26017.292748556225,66091.21716686556,19850.00010095227,1450.0,0.0,0.8868439405399637,2.8787820816112175,0.001494314312251686,1.0,1.0,-5.055723258286719,353886.3533889248,1552048.6123562234,4.385726088314306,1552048.6123562234,4.385726088314306,0.7629540972149689,0.09219819214790222,3.867467624540546,101325.0,128351.07116782667,1.2667265844345095,1.0,0.0,3.867467624540546,1.2786624757978415,1.2789609725434026,3.0246196300766384,6408.806051725715,15243.107769423557,6484.694096767354,0.0003423300896428258,23373.011364840226,2383.3838634844956,19383.184610966575,1976.5347606946893,0.8292977018838272,0.8292977018838272,35069.16930587049,35405.22815468563,0.988149378235474,0.8,4232.477211391339,4273.035954225843,0.988149378235474,0.8,17887.489023156744,17887.489023156744,1.0,0.8,4632.441516551485,4632.441516551485,5.553164259537571,4.9344548636980035,-2.3788951474211815,7.313350011119185,3.5,3.5,1.0,0.6,0.0002334323654385558,0.9224086473822026,0.00025306827521732073,198.28736721538303,0.0,0.0,0.0,0.0,8.606004103231817e-05,0.00014737232440623763,0.0005699576933944105,0.09219740295202146,0.09219740295202146,0.09219740295202146,0.09219655673578335,0.0,0.0,0.0,0.0,0.0,0.0,1.0,1.0,0.0,1.0,1.0,492531.2187419902,594.0817321989937,0.0,0.09219740295202146,0.09219819214790222,0.09219819214790222,0.375,0.375,0.5,8.874338159306356,3.979039320256561e-13,3.979039320256561e-13,3.979039320256561e-13,3.979039320256561e-13,3.979039320256561e-13,3.979039320256561e-13,26017.292748556225,19850.00010095227,0.7629540972149689,1.0021264897385138,0.6128961234833032,41059.97430708969,25750.0,0.0,0.0,0.0,0.0,0.0,0.0,0.0,0.0,0.0,0.0,0.0,0.0,0.0,0.0,0.0,0.0,0.0,0.0,0.0,0.0,41059.97430708969,25750.0,1.0,0.0,0.0,6.0,0.9,167190.3635292044,27865.060588200733,261.712509275532,261.712509275532,-11.437490724467978,245.69678031889677,277.7282383889649,124580.20775117265,124349.65008325122,230.55766792144192,0.0,nan,277.7282383889649,4.578238388964905,271.3219468372038,-1.8280531627961523,264.91565499781007,-8.234345002189912,258.5093633275265,-14.640636672473477,252.10307178279012,-21.046928217209853,245.69678031889677,-27.453219681103207,1.0,1.0,26022.01252070864,26022.01252070864,277.0512846545349,3.9012846545349475,277.0512846545349,277.0512846545349,76554.87629189137,76547.2337075481,7.642584343266208,0.0,8546.071908451686,8546.071908451686,0.889057094992654,3886.8049626632487,277.0512846545349,3.9012846545349475,1.0,0.002,0.16355104273972157,0.005027982300905623,0.00025338805132124186,0.0017465657901036833,0.12669402566062093,0.12669402566062093,0.0,-4.615857507501986e-08,0.9999824286451362,0.9999824286451362,0.0,0.09219657210075019,1.6200471520315178e-06,0.0,0.0,0.0,1601815.6062737422,268.09427674171326,0.0,1.0,1279429.8351430628,2618.794104901632,,,,,,,,,,,,,,,,,8.0,15243.107769423557
240.0,-29.180681038394653,4.937452056285795,34.97112970240778,26.063308061007433,6.362975187395722,-25.626324712924266,-39.187891921587266,2.808776652903231,-5.053282274448975,-5.053333573090473,39.94311682442559,40515.251547239226,25726.272995643885,25726.272995643885,66241.52454288311,76575.70488194173,76559.02707687752,25726.272995643885,102285.30007252141,102285.30007252141,102285.30007252141,128303.71065900348,124309.50185259046,3994.2088064130226,0.0,90390.96677344711,54331.12677636858,40066.488885642815,26018.410586482078,66084.89947212489,19850.91852255916,1450.0,0.0,0.8868532912079002,2.879034873388182,0.001494314312251686,1.0,1.0,-5.00825203105228,353919.3322468575,1552082.0518375514,4.385411901588296,1552082.0518375514,4.385411901588296,0.7629566170684058,0.09219719571086614,3.8672000244929645,101325.0,128351.07116782667,1.2667265844345095,1.0,0.0,3.8672000244929645,1.2786283040991622,1.2789267928675274,3.0244911770645815,6408.533875207106,15243.107769423557,6484.867370990832,0.0003423978962836268,23373.75005196387,2383.4591886081253,19383.70253921606,1976.5875746780055,0.8292936519010751,0.8292936519010751,35067.22807150804,35405.22815468563,0.9880810056345102,0.8,4232.242924969286,4273.035954225843,0.9880810056345102,0.8,17887.489023156744,17887.489023156744,1.0,0.8,4632.441516551485,4632.441516551485,5.553501950046254,4.937452056285795,-2.3763426830585934,7.313794739344388,3.5,3.5,1.0,0.6,0.0002334323654385558,0.9185214134985044,0.0002541392742815308,198.2541731041747,0.0,0.0,0.0,0.0,8.641864383648166e-05,0.00014701372160207414,0.0005685314677803429,0.0921977640591885,0.0921977640591885,0.0921977640591885,0.09220562488865093,0.0,0.0,0.0,0.0,0.0,0.0,1.0,1.0,0.0,1.0,1.0,492517.77651045803,594.0861574655821,0.0,0.0921977640591885,0.09219719571086614,0.09219719571086614,0.375,0.375,0.5,8.877899503377648,0.04508154203819004,0.04508154203819004,3.979039320256561e-13,5.129864149466812e-05,0.04508154203819004,3.979039320256561e-13,26018.410586482078,19850.91852255916,0.7629566170684058,1.0023700583947213,0.6130788103011168,41059.97430708969,25750.0,0.0,0.0,0.0,0.0,0.0,0.0,0.0,0.0,0.0,0.0,0.0,0.0,0.0,0.0,0.0,0.0,0.0,0.0,0.0,0.0,41059.97430708969,25750.0,1.0,0.0,0.0,6.0,0.9,167190.3635292044,27865.060588200733,261.7345383713239,261.7345383713239,-11.415461628676098,245.7350274119202,277.73404938649946,124450.29827422238,124204.76238832288,245.53588589949663,0.0,nan,277.73404938649946,4.584049386499487,271.3342449911805,-1.8157550088194512,264.93444053878136,-8.215559461218618,258.5346361351197,-14.615363864880294,252.13483176444225,-21.015168235557724,245.7350274119202,-27.414972588079763,1.0,1.0,26022.01252070864,26022.01252070864,277.0550543151701,3.905054315170105,277.0550543151701,277.0550543151701,76566.02941631633,76559.02707687752,7.0023394388117595,0.0,8546.071908451686,8546.071908451686,0.8890739733368992,3886.536024615429,277.0550543151701,3.905054315170105,1.0,0.002,0.16342338886126706,0.005029159547302152,0.00025319153181194533,0.0017468209003837006,0.12659576590597266,0.12659576590597266,0.0,1.2432195645780547e-08,1.0,1.0000923818260068,0.04508154203779213,0.09219719571086614,0.0,8.507652242175519e-06,10.884874131401846,0.0,1601818.4923275248,268.096717725551,5.1298641096764186e-05,1.0,1279421.610281809,2618.8277657867934,,,,,,,,,,,,,,,,,10.0,15243.107769423557
255.0,-29.141046158192445,4.940299125213321,34.97168070089736,26.07172541264447,6.366930681693843,-25.59025639282692,-39.15438927998764,2.8164331796510815,-5.050946428638895,-5.051033675837835,39.94421503496908,40532.5914619262,25727.681962706723,25727.681962706723,66260.27342463292,76587.55605022074,76571.24766850368,25727.681962706723,102298.9296312104,102298.9296312104,102298.9296312104,128318.5453106495,124321.21339355902,3997.331917090469,0.0,90387.44233117222,54333.61369653384,40059.80959404265,26019.615679439103,66079.42527348176,19851.926881988726,1450.0,0.0,0.8868610191056144,2.8792783718940096,0.001494314312251686,1.0,1.0,-4.967198866395506,353951.07426365704,1552129.3476027988,4.385152244082815,1552129.3476027988,4.385152244082815,0.7629600347124216,0.0921985056322361,3.8669227242194966,101325.0,128351.07116782667,1.2667265844345095,1.0,0.0,3.8669227242194966,1.2785928293071809,1.2788913097941506,3.0243582128603284,6408.252140013561,15243.107769423557,6485.0466526053715,0.0003424680696308825,23374.514769859055,2383.537168131733,19384.238423959447,1976.6422197141173,0.8292894468532461,0.8292894468532461,35065.21644105663,35405.22815468563,0.9880101545972388,0.8,4232.000142485074,4273.035954225843,0.9880101545972388,0.8,17887.489023156744,17887.489023156744,1.0,0.8,4632.441516551485,4632.441516551485,5.553806102199669,4.940299125213321,-2.373896173352912,7.314195298566233,3.5,3.5,1.0,0.6,0.0002334323654385558,0.9147659144628366,0.0002551826229507366,198.2219702678572,0.0,0.0,0.0,0.0,8.674458877903323e-05,0.00014668777665952256,0.0005672302969299421,0.09219907152066306,0.09219907152066306,0.09219907152066306,0.09221422684471065,0.0,0.0,0.0,0.0,0.0,0.0,1.0,1.0,0.0,1.0,1.0,492489.9434927356,594.0952949724023,0.0,0.09219907152066306,0.0921985056322361,0.0921985056322361,0.375,0.375,0.5,8.884762532913772,0.08383480944235089,0.08383480944235089,3.979039320256561e-13,8.724719896235911e-05,0.08383480944235089,3.979039320256561e-13,26019.615679439103,19851.926881988726,0.7629600347124216,1.0027368299648898,0.6133920096032112,41059.97430708969,25750.0,0.0,0.0,0.0,0.0,0.0,0.0,0.0,0.0,0.0,0.0,0.0,0.0,0.0,0.0,0.0,0.0,0.0,0.0,0.0,0.0,41059.97430708969,25750.0,1.0,0.0,0.0,6.0,0.9,167190.3635292044,27865.060588200733,261.7563876059361,261.7563876059361,-11.393612394063894,245.77296975278776,277.73980545017383,124315.58591223306,124072.05807035413,243.52784187893604,0.0,nan,277.73980545017383,4.589805450173856,271.34643832265584,-1.8035616773441348,264.95307117658007,-8.19692882341991,258.55970404022827,-14.590295959771709,252.1663368931906,-20.983663106809388,245.77296975278776,-27.37703024721222,1.0,1.0,26022.01252070864,26022.01252070864,277.0587841783482,3.9087841783482418,277.0587841783482,277.0587841783482,76578.24168906728,76571.24766850368,6.994020563593949,0.0,8546.071908451686,8546.071908451686,0.8890914632586483,3886.257337840594,277.0587841783482,3.9087841783482418,1.0,0.002,0.16318599609894166,0.005030665145110686,0.0002528249442629795,0.0017471957747431292,0.12641247213148976,0.12641247213148976,0.0,2.071900610887273e-08,1.0,1.0001717821359004,0.08383480944195298,0.0921985056322361,0.0,1.582157003385197e-05,20.24233336740639,0.0,1601821.2346723888,268.0990535713611,8.724719856445518e-05,1.0,1279413.6943486466,2618.8601629351647,,,,,,,,,,,,,,,,,7.0,15243.107769423557
270.0,-29.10285136708587,4.942899191914831,34.97222932435278,26.07896929783749,6.370332545024721,-25.555532975911323,-39.12213770728556,2.8230141539162057,-5.048915738753578,-5.049022930882648,39.94544104556254,40549.704031194124,25729.199466203507,25729.199466203507,66278.90349739764,76597.72831925313,76582.62392158649,25729.199466203507,102311.82338779,102311.82338779,102311.82338779,128332.59060743416,124331.0042983405,4001.5863090936664,0.0,90384.40133541466,54336.37704761235,40053.36031978034,26020.767219644156,66074.12753942449,19852.90278287545,1450.0,0.0,0.8868668122108233,2.879491431287158,0.001494314312251686,1.0,1.0,-4.939125661114815,353978.82737741445,1552182.1485185511,4.384957597657683,1552182.1485185511,4.384957597657683,0.7629637748685469,0.09220102500497708,3.866682403600599,101325.0,128351.07116782667,1.2667265844345095,1.0,0.0,3.866682403600599,1.27856233941841,1.2788608127876822,3.0242423731638053,6408.006689597011,15243.107769423557,6485.202779936188,0.0003425291932076632,23375.18107286236,2383.6051121292553,19384.705098999297,1976.68980732455,0.8292857727422764,0.8292857727422764,35063.473050254084,35405.22815468563,0.9879487519707155,0.8,4231.789733684741,4273.035954225843,0.9879487519707155,0.8,17887.489023156744,17887.489023156744,1.0,0.8,4632.441516551485,4632.441516551485,5.554133683992414,4.942899191914831,-2.3717275220022995,7.31462671391713,3.5,3.5,1.0,0.6,0.0002334323654385558,0.9111625384564811,0.00025619179409416094,198.19094738236345,0.0,0.0,0.0,0.0,8.705943514940725e-05,0.00014637293028914853,0.0005659776339125078,0.09220102501397676,0.09220102501397676,0.09220102501397676,0.0922216528680189,0.0,0.0,0.0,0.0,0.0,0.0,1.0,1.0,0.0,1.0,1.0,492451.0422085388,594.1080505838011,0.0,0.09220102501397676,0.09220102500497708,0.09220102500497708,0.375,0.375,0.5,8.894045066697258,0.10989726976782777,0.10989726976782777,3.979039320256561e-13,0.00010719212906451503,0.10989726976782777,3.979039320256561e-13,26020.767219644156,19852.90278287545,0.7629637748685469,1.003099185196974,0.6137001810125954,41059.97430708969,25750.0,0.0,0.0,0.0,0.0,0.0,0.0,0.0,0.0,0.0,0.0,0.0,0.0,0.0,0.0,0.0,0.0,0.0,0.0,0.0,0.0,41059.97430708969,25750.0,1.0,0.0,0.0,6.0,0.9,167190.3635292044,27865.060588200733,261.7774283621513,261.7774283621513,-11.372571637848694,245.80976827260093,277.745088449633,124181.6787300177,123947.15795303861,234.52077697906597,0.0,nan,277.745088449633,4.59508844963301,271.3580244170481,-1.7919755829518635,264.970960380052,-8.179039619947957,258.58389634535376,-14.566103654646213,252.19683230821988,-20.953167691780095,245.80976827260093,-27.340231727399043,1.0,1.0,26022.01252070864,26022.01252070864,277.0621260907924,3.9121260907924125,277.0621260907924,277.0621260907924,76588.26959311313,76582.62392158649,5.6456715266394895,0.0,8546.071908451686,8546.071908451686,0.8891066205925134,3886.015815618602,277.0621260907924,3.9121260907924125,1.0,0.002,0.16287488015750906,0.00503236315862501,0.00025234398180622956,0.0017476560181911662,0.1261719909031148,0.1261719909031148,0.0,-2.6042536183101817e-15,1.0,1.0002251744921455,0.10989726976742986,0.09220102500497708,0.0,2.0741063123256967e-05,26.536256650593725,0.0,1601823.6020647658,268.1010842612464,0.0001071921286666111,1.0,1279406.773553406,2618.8884877942405,,,,,,,,,,,,,,,,,5.0,15243.107769423557
285.0,-29.065856391046587,4.945322840485614,34.97276607889544,26.086205953639023,6.373537911564255,-25.52191696756952,-39.09091738807035,2.829597821952774,-5.047041146824313,-5.0471447123376,39.9465343276923,40566.282048959634,25730.603948519776,25730.603948519776,66296.8859974794,76608.67797063962,76593.60211576188,25730.603948519776,102324.20606428167,102324.20606428167,102324.20606428167,128346.02982299664,124338.9779779611,4007.051845035547,0.0,90381.37299913637,54338.97448868077,40047.10945606177,26021.823758714974,66068.93321477674,19853.7959537404,1450.0,0.0,0.8868724112013083,2.879690771781368,0.001494314312251686,1.0,1.0,-4.942341735503362,354004.7528507958,1552229.2343282509,4.384769475065429,1552229.2343282509,4.384769475065429,0.762967120899478,0.09220894668901011,3.8664442862875634,101325.0,128351.07116782667,1.2667265844345095,1.0,0.0,3.8664442862875634,1.278531838504309,1.2788303047533098,3.0241282773299765,6407.764934216252,15243.107769423557,6485.356498204859,0.0003425893855954421,23375.837412083256,2383.6720401037314,19385.164573191185,1976.7366606528412,0.8292821442696533,0.8292821442696533,35061.7456218213,35405.22815468563,0.9878879122953347,0.8,4231.581251373332,4273.035954225843,0.9878879122953347,0.8,17887.489023156744,17887.489023156744,1.0,0.8,4632.441516551485,4632.441516551485,5.554436868028577,4.945322840485614,-2.3697031576721037,7.315025998157719,3.5,3.5,1.0,0.6,0.0002334323654385558,0.9076869526826148,0.00025717276727252753,198.16090827682714,0.0,0.0,0.0,0.0,8.736521992791198e-05,0.0001460671455106438,0.0005647604801739629,0.09220311307985915,0.09220311307985915,0.09220311307985915,0.09222861941497158,0.0,0.0,0.0,0.0,0.0,0.0,1.0,1.0,0.0,1.0,1.0,492400.89830857795,594.1244680095915,0.0,0.09220311307985915,0.09220894668901011,0.09220894668901011,0.375,0.375,0.5,8.90552203423668,0.10480297683426443,0.10480297683426443,3.979039320256561e-13,0.00010356551331369701,0.10480297683426443,3.979039320256561e-13,26021.823758714974,19853.7959537404,0.762967120899478,1.003450226477271,0.6139993499983851,41059.97430708969,25750.0,0.0,0.0,0.0,0.0,0.0,0.0,0.0,0.0,0.0,0.0,0.0,0.0,0.0,0.0,0.0,0.0,0.0,0.0,0.0,0.0,41059.97430708969,25750.0,1.0,0.0,0.0,6.0,0.9,167190.3635292044,27865.060588200733,261.79774559145085,261.79774559145085,-11.352254408549129,245.8454183121111,277.7500728702976,124051.83741140833,123825.38108056829,226.45633084004652,0.0,nan,277.7500728702976,4.600072870297595,271.3691419593506,-1.7808580406493775,264.98821104736214,-8.161788952637835,258.6072801358024,-14.54271986419758,252.2263492237812,-20.92365077621878,245.8454183121111,-27.304581687888884,1.0,1.0,26022.01252070864,26022.01252070864,277.06528889882986,3.9152888988298855,277.06528889882986,277.06528889882986,76598.9215964382,76593.60211576188,5.3194806763203815,0.0,8546.071908451686,8546.071908451686,0.8891216387759439,3885.776507719001,277.06528889882986,3.9152888988298855,1.0,0.002,0.1625781892648369,0.005034021600699732,0.00025188529518596354,0.001748110980781324,0.12594264759298177,0.12594264759298177,0.0,-3.724032712412728e-09,1.0,1.0002147425239591,0.10480297683386652,0.09220894668901011,0.0,1.9781609420480567e-05,25.308597201718424,0.0,1601825.7550103886,268.10295885317566,0.00010356551291579308,1.0,1279400.3088300582,2618.914946469685,,,,,,,,,,,,,,,,,9.0,15243.107769423557
300.0,-29.03006236330526,4.947521512169857,34.97330472516904,26.093071849923604,6.376496112884543,-25.489406515756126,-39.06072423616422,2.8358402645392977,-5.045515269328746,-5.045647659998845,39.94757396347113,40582.402322131624,25732.410618334405,25732.410618334405,66314.81294046603,76619.37137378963,76604.87155227081,25732.410618334405,102337.2821706052,102337.2821706052,102337.2821706052,128360.01004165491,124347.36629367789,4012.64374797702,0.0,90378.49612453749,54341.527069785836,40041.07672750184,26022.727871049705,66063.80459855153,19854.56755513839,1450.0,0.0,0.886876264590531,2.87984922064912,0.001494314312251686,1.0,1.0,-4.893320566812008,354025.41806843615,1552274.010681868,4.38464000452589,1552274.010681868,4.38464000452589,0.7629702640523942,0.09220549112644122,3.8662175694805216,101325.0,128351.07116782667,1.2667265844345095,1.0,0.0,3.8662175694805216,1.2785029197685174,1.278801379266598,3.0240193508361557,6407.534132046667,15243.107769423557,6485.503197636024,0.00034264684063768603,23376.464076407643,2383.7359420808984,19385.603067608063,1976.7813746394604,0.8292786712415032,0.8292786712415031,35060.10087889156,35405.22815468563,0.9878299854828405,0.8,4231.3827483261675,4273.035954225843,0.9878299854828405,0.8,17887.489023156744,17887.489023156744,1.0,0.8,4632.441516551485,4632.441516551485,5.554826871832871,4.947521512169857,-2.3680181092471733,7.31553962141703,3.5,3.5,1.0,0.6,0.0002334323654385558,0.9043378051497749,0.0002581251874125677,198.13185298082476,0.0,0.0,0.0,0.0,8.766188807809026e-05,0.00014577047736046554,0.0005635803806825944,0.09220549153235402,0.09220549153235402,0.09220549153235402,0.09223409484682014,0.0,0.0,0.0,0.0,0.0,0.0,1.0,1.0,0.0,1.0,1.0,492343.7595324793,594.1431646511801,0.0,0.09220549153235402,0.09220549112644122,0.09220549112644122,0.375,0.375,0.5,8.918393523901717,0.152327093186841,0.152327093186841,3.979039320256561e-13,0.0001323906701031774,0.152327093186841,3.979039320256561e-13,26022.727871049705,19854.56755513839,0.7629702640523942,1.0037994835968014,0.6142910262092505,41059.97430708969,25750.0,0.0,0.0,0.0,0.0,0.0,0.0,0.0,0.0,0.0,0.0,0.0,0.0,0.0,0.0,0.0,0.0,0.0,0.0,0.0,0.0,41059.97430708969,25750.0,1.0,0.0,0.0,6.0,0.9,167190.3635292044,27865.060588200733,261.8173388863411,261.8173388863411,-11.3326611136589,245.8799161954902,277.75476157707993,123925.70884248862,123707.32150348272,218.38733900589776,0.0,nan,277.75476157707993,4.604761577079955,271.3797925009345,-1.7702074990654637,265.0048234245104,-8.145176575489586,258.62985434821917,-14.520145651780808,252.25488527181236,-20.89511472818762,245.8799161954902,-27.270083804509767,1.0,1.0,26022.01252070864,26022.01252070864,277.06810461974874,3.9181046197487603,277.06810461974874,277.06810461974874,76609.65433405714,76604.87155227081,4.7827817863289965,0.0,8546.071908451686,8546.071908451686,0.8891359377521787,3885.548657327924,277.06810461974874,3.9181046197487603,1.0,0.002,0.16214692312187476,0.005036232001288077,0.0002512179059726862,0.001748782094261491,0.12560895298634311,0.12560895298634311,0.0,2.341772609160131e-13,1.0,1.000312086589297,0.1523270931864431,0.09220549112644122,0.0,2.8751077776760618e-05,36.78398963765432,0.0,1601827.5541655242,268.10448473067123,0.00013239066970527347,1.0,1279395.156010001,2618.9360360862297,,,,,,,,,,,,,,,,,5.0,15243.107769423557
315.0,-28.9955680611927,4.949545007291379,34.973782891736654,26.099170313123636,6.379086696048313,-25.458109700702533,-39.031656983401604,2.841385472407154,-5.043936203859403,-5.043978466922595,39.948517153068366,40598.22467432605,25733.32294610098,25733.32294610098,66331.54762042702,76629.01421480972,76613.32502667127,25733.32294610098,102346.64797277225,102346.64797277225,102346.64797277225,128370.30436929718,124349.92904040245,4020.3753288947396,0.0,90375.94160181815,54344.20833491719,40035.25918544552,26023.656396524933,66058.91558197045,19855.35126130338,1450.0,0.0,0.8868813429193724,2.8800276135582097,0.001494314312251686,1.0,1.0,-5.007538938546361,354048.4606224131,1552314.634013465,4.384469378244193,1552314.634013465,4.384469378244193,0.7629731563760873,0.09223353175672099,3.866016328994943,101325.0,128351.07116782667,1.2667265844345095,1.0,0.0,3.866016328994943,1.278477232139037,1.2787756856404813,3.02392270414285,6407.329349300838,15243.107769423557,6485.633314543924,0.00034269781015347023,23377.020144483817,2383.792645244178,19385.991995753197,1976.821034272988,0.8292755824282263,0.8292755824282263,35058.64094068085,35405.22815468563,0.987778567945577,0.8,4231.2065492507645,4273.035954225843,0.987778567945577,0.8,17887.489023156744,17887.489023156744,1.0,0.8,4632.441516551485,4632.441516551485,5.5550238150135485,4.949545007291379,-2.366253982360641,7.31579898965202,3.5,3.5,1.0,0.6,0.0002334323654385558,0.9011228825959866,0.0002590460967610495,198.10386077957503,0.0,0.0,0.0,0.0,8.794837284158087e-05,0.00014548399259697493,0.0005624434909872845,0.09220784103133882,0.09220784103133882,0.09220784103133882,0.09224033648159415,0.0,0.0,0.0,0.0,0.0,0.0,1.0,1.0,0.0,1.0,1.0,492277.82325817656,594.1647262791088,0.0,0.09220784103133882,0.09223353175672099,0.09223353175672099,0.375,0.375,0.5,8.932989914443397,0.036439528376206454,0.036439528376206454,3.979039320256561e-13,4.2263063164682535e-05,0.036439528376206454,3.979039320256561e-13,26023.656396524933,19855.35126130338,0.7629731563760873,1.0041271043591122,0.6145760086531995,41059.97430708969,25750.0,0.0,0.0,0.0,0.0,0.0,0.0,0.0,0.0,0.0,0.0,0.0,0.0,0.0,0.0,0.0,0.0,0.0,0.0,0.0,0.0,41059.97430708969,25750.0,1.0,0.0,0.0,6.0,0.9,167190.3635292044,27865.060588200733,261.83612331566184,261.83612331566184,-11.31387668433814,245.9131841258601,277.75906246096787,123803.20745359521,123593.81074601559,209.3967075796317,0.0,nan,277.75906246096787,4.609062460967891,271.38988682165143,-1.760113178348547,265.02071116705883,-8.129288832941143,258.65153549896297,-14.498464501037006,252.28235981946946,-20.867640180530515,245.9131841258601,-27.236815874139864,1.0,1.0,26022.01252070864,26022.01252070864,277.0707629777292,3.9207629777292254,277.0707629777292,277.0707629777292,76618.64460048373,76613.32502667127,5.319573812463204,0.0,8546.071908451686,8546.071908451686,0.8891486298026491,3885.346410639918,277.0707629777292,3.9207629777292254,1.0,0.002,0.16204383692431662,0.0050373608138735105,0.00025105906036830664,0.0017490664854778962,0.1255295301841533,0.1255295301841533,0.0,1.2554584620299777e-07,1.0,1.000074679744889,0.03643952837580855,0.09223353175672099,0.0,6.87998712205539e-06,8.802182669253675,0.0,1601829.2395482257,268.1060637961406,4.22630627667786e-05,1.0,1279389.4106336685,2618.9595512168944,,,,,,,,,,,,,,,,,12.0,15243.107769423557
330.0,-28.962043079817395,4.951370009993698,34.97431462915882,26.10586193567144,6.381859858410854,-25.42765278600481,-39.00337399737907,2.847469567849,-5.042817453675525,-5.04296008114743,39.94958143394619,40613.19558566053,25735.399984688403,25735.399984688403,66348.59557034893,76639.86145490817,76626.03852875318,25735.399984688403,102361.4385134416,102361.4385134416,102361.4385134416,128385.84150876667,124359.80910408059,4026.032404686083,0.0,90373.13837658393,54346.47251996728,40029.62872957405,26024.40299532507,66054.03172489912,19856.002859287248,1450.0,0.0,0.8868826712175855,2.880134275550316,0.001494314312251686,1.0,1.0,-4.8667222352352155,354062.5196156426,1552360.4737313695,4.384424749099553,1552360.4737313695,4.384424749099553,0.7629763058485572,0.09221076085037457,3.8657954367791234,101325.0,128351.07116782667,1.2667265844345095,1.0,0.0,3.8657954367791234,1.2784490493534748,1.2787474962758023,3.0238165836441406,6407.104492698183,15243.107769423557,6485.7761381222335,0.0003427537669256255,23377.63077600412,2383.8549123303187,19386.41890498652,1976.864566899657,0.8292721829145165,0.8292721829145165,35057.038417676114,35405.22815468563,0.9877221293333093,0.8,4231.01314170127,4273.035954225843,0.9877221293333093,0.8,17887.489023156744,17887.489023156744,1.0,0.8,4632.441516551485,4632.441516551485,5.555472183024241,4.951370009993698,-2.365019466818925,7.316389476812623,3.5,3.5,1.0,0.6,0.0002334323654385558,0.8980101164623694,0.0002599440264193701,198.07666276241326,0.0,0.0,0.0,0.0,8.822795825343057e-05,0.00014520440718512523,0.0005613305346964749,0.09221076053206895,0.09221076053206895,0.09221076053206895,0.09224389076301756,0.0,0.0,0.0,0.0,0.0,0.0,1.0,1.0,0.0,1.0,1.0,492210.9674691181,594.1865927988007,0.0,0.09221076053206895,0.09221076085037457,0.09221076085037457,0.375,0.375,0.5,8.94789851723973,0.17623784591222602,0.17623784591222602,3.979039320256561e-13,0.00014262747191651215,0.17623784591222602,3.979039320256561e-13,26024.40299532507,19856.002859287248,0.7629763058485572,1.0044594377929361,0.6148480951897952,41059.97430708969,25750.0,0.0,0.0,0.0,0.0,0.0,0.0,0.0,0.0,0.0,0.0,0.0,0.0,0.0,0.0,0.0,0.0,0.0,0.0,0.0,0.0,41059.97430708969,25750.0,1.0,0.0,0.0,6.0,0.9,167190.3635292044,27865.060588200733,261.85441952623563,261.85441952623563,-11.295580473764346,245.94546715769812,277.7633718844682,123685.87917221656,123481.94916987297,203.93000234361773,0.0,nan,277.7633718844682,4.613371884468222,271.3997909455857,-1.7502090544142561,265.03621000298006,-8.113789997019921,258.6726290574668,-14.477370942533184,252.30904810921487,-20.840951890785107,245.94546715769812,-27.20453284230186,1.0,1.0,26022.01252070864,26022.01252070864,277.0732690062738,3.923269006273813,277.0732690062738,277.0732690062738,76629.92641652437,76626.03852875318,3.887887771183159,0.0,8546.071908451686,8546.071908451686,0.8891625611176992,3885.124413963019,277.0732690062738,3.923269006273813,1.0,0.002,0.16154483567458816,0.005039413407600529,0.00025028647179622785,0.001749713527872986,0.12514323589811394,0.12514323589811394,0.0,-3.3078617969750645e-13,1.0,1.0003610609761424,0.17623784591182812,0.09221076085037457,0.0,3.326675116189299e-05,42.56101255213451,0.0,1601830.6751615508,268.10718254632445,0.00014262747151860822,1.0,1279385.9053146157,2618.973898209991,,,,,,,,,,,,,,,,,5.0,15243.107769423557
345.0,-28.929633162846372,4.953113064691154,34.974798898833676,26.112154649477475,6.384615740153217,-25.39820829141435,-38.97603250863028,2.8531884446281883,-5.041375840161379,-5.041462177067225,39.9506081599016,40627.71720587106,25736.031247527822,25736.031247527822,66363.74845339888,76649.4751906461,76635.36401213415,25736.031247527822,102371.39525966196,102371.39525966196,102371.39525966196,128396.69796280391,124362.45108475367,4034.2468780502404,0.0,90370.49990053388,54348.73249717613,40024.18600373082,26025.302703141944,66049.48870687277,19856.770149697757,1450.0,0.0,0.8868865752489834,2.8802940290821275,0.001494314312251686,1.0,1.0,-4.958738825986018,354083.1992388403,1552404.6968880857,4.384293579094499,1552404.6968880857,4.384293579094499,0.7629794118513948,0.0922338790245839,3.8655871962592845,101325.0,128351.07116782667,1.2667265844345095,1.0,0.0,3.8655871962592845,1.2784225594689813,1.2787210002073905,3.0237163507697598,6406.892111264986,15243.107769423557,6485.91099160283,0.0003428066105003621,23378.207582016283,2383.9137301745536,19386.82199106442,1976.9056702405428,0.8292689643998951,0.8292689643998951,35055.52766309033,35405.22815468563,0.9876689232666582,0.8,4230.830809627745,4273.035954225843,0.9876689232666582,0.8,17887.489023156744,17887.489023156744,1.0,0.8,4632.441516551485,4632.441516551485,5.555608453031573,4.953113064691154,-2.363455875615263,7.316568940306417,3.5,3.5,1.0,0.6,0.0002334323654385558,0.8950119102839509,0.00026081481459224067,198.05037646910708,0.0,0.0,0.0,0.0,8.849901731346378e-05,0.00014493334812509202,0.0005602524948233453,0.09221351956328289,0.09221351956328289,0.09221351956328289,0.0922494133683171,0.0,0.0,0.0,0.0,0.0,0.0,1.0,1.0,0.0,1.0,1.0,492137.92186200165,594.2104758175844,0.0,0.09221351956328289,0.0922338790245839,0.0922338790245839,0.375,0.375,0.5,8.964051410258271,0.08272335108119933,0.08272335108119933,3.979039320256561e-13,8.633690583792486e-05,0.08272335108119933,3.979039320256561e-13,26025.302703141944,19856.770149697757,0.7629794118513948,1.0047579436673733,0.615110245382468,41059.97430708969,25750.0,0.0,0.0,0.0,0.0,0.0,0.0,0.0,0.0,0.0,0.0,0.0,0.0,0.0,0.0,0.0,0.0,0.0,0.0,0.0,0.0,41059.97430708969,25750.0,1.0,0.0,0.0,6.0,0.9,167190.3635292044,27865.060588200733,261.8721670357557,261.8721670357557,-11.277832964244283,245.9767072533482,277.767626815778,123572.48103866498,123374.66686588715,197.81417277784598,0.0,nan,277.767626815778,4.61762681577801,271.40944290479104,-1.740557095208942,265.0512589929039,-8.098741007096066,258.6930750804455,-14.456924919554467,252.33489116726713,-20.815108832732847,245.9767072533482,-27.173292746651782,1.0,1.0,26022.01252070864,26022.01252070864,277.07585811149073,3.9258581114907543,277.07585811149073,277.07585811149073,76639.7239907741,76635.36401213415,4.359978639957262,0.0,8546.071908451686,8546.071908451686,0.8891756943651686,3884.915132240581,277.07585811149073,3.9258581114907543,1.0,0.002,0.16131061422947973,0.005040697525081176,0.00024992436075690905,0.0017500627897048717,0.12496218037845452,0.12496218037845452,0.0,-1.2849538219041057e-08,1.0,1.0001695182940928,0.08272335108080142,0.0922338790245839,0.0,1.5619008124272987e-05,19.982658319542594,0.0,1601832.2520122258,268.1086241598386,8.633690544002093e-05,1.0,1279380.7494400493,2618.995000997136,,,,,,,,,,,,,,,,,11.0,15243.107769423557
360.0,-28.898448018637424,4.954591797137279,34.97529339359267,26.117738952767127,6.386789588284901,-25.369924258031887,-38.949771237652726,2.85826582122279,-5.040667736074738,-5.040814084209693,39.9514723664806,40642.036917273654,25738.170144468448,25738.170144468448,66380.2070617421,76659.07130120767,76645.84137316004,25738.170144468448,102384.01151762849,102384.01151762849,102384.01151762849,128409.85823105084,124369.31767049177,4040.540560559063,0.0,90368.16103231392,54351.12662329475,40018.9271211324,26025.84671342235,66044.77383455476,19857.251166779548,1450.0,0.0,0.8868867438103345,2.8803619667211584,0.001494314312251686,1.0,1.0,-4.853678486893784,354092.1469120062,1552441.9207456505,4.384287915686085,1552441.9207456505,4.384287915686085,0.7629819458107596,0.09221644819303242,3.865402909120289,101325.0,128351.07116782667,1.2667265844345095,1.0,0.0,3.865402909120289,1.2783990419385836,1.2786974771869541,3.0236278206675857,6406.704526601799,15243.107769423557,6486.030062875512,0.0003428532772649948,23378.717085117638,2383.9656850318547,19387.177903066713,1976.9419631644562,0.8292661155221452,0.8292661155221452,35054.19067321113,35405.22815468563,0.9876218373594201,0.8,4230.669449113436,4273.035954225843,0.9876218373594201,0.8,17887.489023156744,17887.489023156744,1.0,0.8,4632.441516551485,4632.441516551485,5.556070174336198,4.954591797137279,-2.362585216215514,7.317177013352793,3.5,3.5,1.0,0.6,0.0002334323654385558,0.8921372009980347,0.00026165523103107325,198.02509012189364,0.0,0.0,0.0,0.0,8.876009166914393e-05,0.00014467227376941186,0.0005592166278973314,0.09221643974712831,0.09221643974712831,0.09221643974712831,0.09225160679313942,0.0,0.0,0.0,0.0,0.0,0.0,1.0,1.0,0.0,1.0,1.0,492065.67451169755,594.2340890510783,0.0,0.09221643974712831,0.09221644819303242,0.09221644819303242,0.375,0.375,0.5,8.979876523526432,0.18713559731588703,0.18713559731588703,3.979039320256561e-13,0.00014634813493330512,0.18713559731588703,3.979039320256561e-13,26025.84671342235,19857.251166779548,0.7629819458107596,1.0050788761579776,0.615370975742666,41059.97430708969,25750.0,0.0,0.0,0.0,0.0,0.0,0.0,0.0,0.0,0.0,0.0,0.0,0.0,0.0,0.0,0.0,0.0,0.0,0.0,0.0,0.0,41059.97430708969,25750.0,1.0,0.0,0.0,6.0,0.9,167190.3635292044,27865.060588200733,261.8890929965803,261.8890929965803,-11.260907003419675,246.00678925978733,277.7713967328279,123460.58514044956,123271.9279710404,188.65716940914297,0.0,nan,277.7713967328279,4.621396732827918,271.4184752385528,-1.73152476144719,265.06555374408816,-8.084446255911814,258.7126322494952,-14.43736775050479,252.35971075473043,-20.79028924526955,246.00678925978733,-27.143210740212652,1.0,1.0,26022.01252070864,26022.01252070864,277.07773218994004,3.927732189940059,277.07773218994004,277.07773218994004,76649.88805208195,76645.84137316004,4.0466789219062775,0.0,8546.071908451686,8546.071908451686,0.8891873168104609,3884.72992366589,277.07773218994004,3.927732189940059,1.0,0.002,0.16078071599023733,0.005043218691074958,0.0002491037047436314,0.001750896294158347,0.12455185237181568,0.12455185237181568,0.0,-1.0980218470568737e-12,1.0,1.0003833835427696,0.18713559731548912,0.09221644819303242,0.0,3.5326607068117265e-05,45.196102219823864,0.0,1601833.1554841546,268.10933226392524,0.00014634813453540119,1.0,1279378.5186524168,2619.0041315953567,,,,,,,,,,,,,,,,,9.0,15243.107769423557
375.0,-28.86835542252279,4.95592960120411,34.975759418713935,26.123062788415723,6.38881923457749,-25.342637957626177,-38.92443407149983,2.863101796204399,-5.039767294632668,-5.039914209496915,39.95235511252991,40655.87496772533,25739.297812555138,25739.297812555138,66395.17278028047,76668.36621502042,76655.1518665513,25739.297812555138,102394.44967910644,102394.44967910644,102394.44967910644,128420.93489275499,124373.13918962338,4047.795703131603,0.0,90365.92674708251,54353.43560283226,40013.87904916695,26026.485213648542,66040.36426281549,19857.806507985897,1450.0,0.0,0.8868881262810977,2.880457461982357,0.001494314312251686,1.0,1.0,-4.8509532958009345,354104.5710197916,1552479.9438478658,4.384241466798503,1552479.9438478658,4.384241466798503,0.7629845653370156,0.09221930669957033,3.865226263405108,101325.0,128351.07116782667,1.2667265844345095,1.0,0.0,3.865226263405108,1.278376643343216,1.2786750733627574,3.023542618313764,6406.523993038054,15243.107769423557,6486.144625388918,0.00034289818366572684,23379.207474253726,2384.0156908071285,19387.520338085807,1976.9768818185423,0.829263368291515,0.829263368291515,35052.90910934307,35405.22815468563,0.9875767038584915,0.8,4230.514777931487,4273.035954225843,0.9875767038584915,0.8,17887.489023156744,17887.489023156744,1.0,0.8,4632.441516551485,4632.441516551485,5.556313602792371,4.95592960120411,-2.361568000090883,7.317497601294993,3.5,3.5,1.0,0.6,0.0002334323654385558,0.8893726486546166,0.00026246856791883205,198.0006957836784,0.0,0.0,0.0,0.0,8.901265356383816e-05,0.00014441971187471764,0.0005582148632915572,0.09221927476205588,0.09221927476205588,0.09221927476205588,0.09225480910031117,0.0,0.0,0.0,0.0,0.0,0.0,1.0,1.0,0.0,1.0,1.0,491992.720868439,594.257932291463,0.0,0.09221927476205588,0.09221930669957033,0.09221930669957033,0.375,0.375,0.5,8.995866948562782,0.18896091369600754,0.18896091369600754,3.410605131648481e-13,0.00014691486427409473,0.18896091369600754,3.410605131648481e-13,26026.485213648542,19857.806507985897,0.7629845653370156,1.0053726008544255,0.6156216038713904,41059.97430708969,25750.0,0.0,0.0,0.0,0.0,0.0,0.0,0.0,0.0,0.0,0.0,0.0,0.0,0.0,0.0,0.0,0.0,0.0,0.0,0.0,0.0,41059.97430708969,25750.0,1.0,0.0,0.0,6.0,0.9,167190.3635292044,27865.060588200733,261.9053536961648,261.9053536961648,-11.244646303835168,246.03580006795553,277.77490732427754,123353.12909642559,123171.88694525046,181.24215117514365,0.0,nan,277.77490732427754,4.624907324277558,271.4270858729058,-1.7229141270941568,265.0792644218797,-8.070735578120264,258.73144297064016,-14.418557029359818,252.38362151932998,-20.76637848067,246.03580006795553,-27.114199932044443,1.0,1.0,26022.01252070864,26022.01252070864,277.07972151176847,3.9297215117684914,277.07972151176847,277.07972151176847,76658.86337107414,76655.1518665513,3.711504522842006,0.0,8546.071908451686,8546.071908451686,0.8891984572297544,3884.5523947221336,277.07972151176847,3.9297215117684914,1.0,0.002,0.16024562794345346,0.005045771024342967,0.0002482751352574967,0.0017517243276333077,0.12413756762874836,0.12413756762874836,0.0,-5.371091956613006e-10,1.0,1.0003871241041469,0.18896091369566648,0.09221930669957033,0.0,3.567254676771894e-05,45.63857954614817,0.0,1601834.1929257987,268.1102327053673,0.0001469148639330342,1.0,1279375.421197787,2619.0168095299027,,,,,,,,,,,,,,,,,5.0,15243.107769423557
390.0,-28.83912166544442,4.957146116585431,34.97620475711256,26.128255447279685,6.39082129929095,-25.316127369092065,-38.89982249876482,2.8678270029379207,-5.038927208961354,-5.039074416940993,39.95320695732521,40669.330890003876,25740.26787383054,25740.26787383054,66409.59876383442,76677.37896766387,76664.37925851357,25740.26787383054,102404.64713234411,102404.64713234411,102404.64713234411,128431.73855363076,124376.66033400211,4055.0782196286473,0.0,90363.75618206912,54355.70810440649,40008.94230851403,26027.091421286645,66036.03372980068,19858.334730210667,1450.0,0.0,0.8868893149167454,2.880546586853995,0.001494314312251686,1.0,1.0,-4.849151193081809,354116.1659127191,1552516.6365873392,4.384201530550842,1552516.6365873392,4.384201530550842,0.7629870894436261,0.09222210212956802,3.865055750300628,101325.0,128351.07116782667,1.2667265844345095,1.0,0.0,3.865055750300628,1.2783547585469015,1.2786531834575572,3.023460995048053,6406.351043132536,15243.107769423557,6486.254345140897,0.0003429411979739702,23379.6772983263,2384.063599529534,19387.84829776692,1977.0103243989456,0.8292607314624849,0.8292607314624848,35051.672026427106,35405.22815468563,0.987533137257674,0.8,4230.365475129223,4273.035954225843,0.987533137257674,0.8,17887.489023156744,17887.489023156744,1.0,0.8,4632.441516551485,4632.441516551485,5.556523008841415,4.957146116585431,-2.3606272661666767,7.317773382752108,3.5,3.5,1.0,0.6,0.0002334323654385558,0.8866958464156718,0.0002632609212980633,197.97700341156073,0.0,0.0,0.0,0.0,8.925861843635362e-05,0.00014417374700220216,0.0005572395698932494,0.0922221022801626,0.0922221022801626,0.0922221022801626,0.0922577872234233,0.0,0.0,0.0,0.0,0.0,0.0,1.0,1.0,0.0,1.0,1.0,491919.29246883694,594.2819275341013,0.0,0.0922221022801626,0.09222210212956802,0.09222210212956802,0.375,0.375,0.5,9.011925172686096,0.18992322385918214,0.18992322385918214,3.979039320256561e-13,0.00014720797963718724,0.18992322385918214,3.979039320256561e-13,26027.091421286645,19858.334730210667,0.7629870894436261,1.0056569877525088,0.6158657416708335,41059.97430708969,25750.0,0.0,0.0,0.0,0.0,0.0,0.0,0.0,0.0,0.0,0.0,0.0,0.0,0.0,0.0,0.0,0.0,0.0,0.0,0.0,0.0,41059.97430708969,25750.0,1.0,0.0,0.0,6.0,0.9,167190.3635292044,27865.060588200733,261.92111994289144,261.92111994289144,-11.22888005710854,246.06393500245304,277.7783048833191,123249.73538044062,123074.00441181147,175.73096862914844,0.0,nan,277.7783048833191,4.628304883319117,271.43543090713484,-1.7145690928651334,265.0925569309741,-8.057443069025851,258.749682954816,-14.400317045183954,252.40680897865138,-20.743191021348593,246.06393500245304,-27.08606499754694,1.0,1.0,26022.01252070864,26022.01252070864,277.0816410275073,3.9316410275073395,277.0816410275073,277.0816410275073,76667.71415457675,76664.37925851357,3.334896063184715,0.0,8546.071908451686,8546.071908451686,0.8892092107904317,3884.3810290521315,277.0816410275073,3.9316410275073395,1.0,0.002,0.15970779478394342,0.005048327784782208,0.0002474422787587176,0.0017525577212653656,0.1237211393793588,0.1237211393793588,0.0,2.4083166016986013e-14,1.0,1.0003890972925336,0.18992322385878424,0.09222210212956802,0.0,3.585554409003105e-05,45.872598176256844,0.0,1601835.1604714794,268.1110727910386,0.0001472079792392833,1.0,1279372.5305373583,2619.028641130215,,,,,,,,,,,,,,,,,6.0,15243.107769423557
405.0,-28.8107423791434,4.958341653337961,34.97659963731153,26.133359607215993,6.392836587749728,-25.290384635171254,-38.87592387674374,2.8724609688682863,-5.037857849477177,-5.037928384261607,39.95405741455127,40682.314826687565,25740.39534681889,25740.39534681889,66422.71017350645,76686.00891057664,76671.98617411574,25740.39534681889,102412.38152093462,102412.38152093462,102412.38152093462,128440.18526345311,124376.42967999986,4063.7555834532577,0.0,90361.61191951009,54357.84839696153,40004.181691720616,26027.803742518492,66031.9854342391,19858.944856035523,1450.0,0.0,0.8868920666005613,2.8806692979182786,0.001494314312251686,1.0,1.0,-4.973144789493119,354131.98949896515,1552553.27021189,4.38410907867567,1552553.27021189,4.38410907867567,0.7629896495490457,0.09224983518182457,3.8648859056871947,101325.0,128351.07116782667,1.2667265844345095,1.0,0.0,3.8648859056871947,1.2783332970601182,1.2786317169607073,3.0233788907600005,6406.177073998397,15243.107769423557,6486.364681552725,0.0003429844601354586,23380.149925394337,2384.1117940779304,19388.178100685585,1977.0439549372709,0.8292580741591877,0.8292580741591877,35050.43978260311,35405.22815468563,0.9874897414582894,0.8,4230.216756354095,4273.035954225843,0.9874897414582894,0.8,17887.489023156744,17887.489023156744,1.0,0.8,4632.441516551485,4632.441516551485,5.55655052629369,4.958341653337961,-2.3594679690696823,7.317809622407644,3.5,3.5,1.0,0.6,0.0002334323654385558,0.8841055984943933,0.0002640322217573155,197.95400896475945,0.0,0.0,0.0,0.0,8.94980590996287e-05,0.0001439343063389271,0.0005562896719141823,0.0922248460616388,0.0922248460616388,0.0922248460616388,0.0922620036514946,0.0,0.0,0.0,0.0,0.0,0.0,1.0,1.0,0.0,1.0,1.0,491842.6490827672,594.306970028137,0.0,0.0922248460616388,0.09224983518182457,0.09224983518182457,0.375,0.375,0.5,9.02864821787927,0.06478359476847118,0.06478359476847118,3.979039320256561e-13,7.053478441321204e-05,0.06478359476847118,3.979039320256561e-13,26027.803742518492,19858.944856035523,0.7629896495490457,1.0059172041654945,0.6161001302497994,41059.97430708969,25750.0,0.0,0.0,0.0,0.0,0.0,0.0,0.0,0.0,0.0,0.0,0.0,0.0,0.0,0.0,0.0,0.0,0.0,0.0,0.0,0.0,41059.97430708969,25750.0,1.0,0.0,0.0,6.0,0.9,167190.3635292044,27865.060588200733,261.93644853004133,261.93644853004133,-11.213551469958645,246.0912438981481,277.78165316232264,123149.72110075885,122978.86836685574,170.8527339031067,0.0,nan,277.78165316232264,4.631653162322664,271.4435713091908,-1.7064286908091617,265.10548945624316,-8.044510543756815,258.76740760349776,-14.382592396502218,252.4293257508452,-20.72067424915477,246.0912438981481,-27.058756101851884,1.0,1.0,26022.01252070864,26022.01252070864,277.08367716685603,3.9336771668560573,277.08367716685603,277.08367716685603,76675.86527484948,76671.98617411574,3.8791007337422343,0.0,8546.071908451686,8546.071908451686,0.8892199220977492,3884.2103352156305,277.08367716685603,3.9336771668560573,1.0,0.002,0.15952434802116905,0.0050493149355043026,0.0002471586434913177,0.0017528264015147551,0.12357932174565886,0.12357932174565886,0.0,-1.495499392725752e-08,1.0,1.0001327655714645,0.06478359476807327,0.09224983518182457,0.0,1.2234265029785768e-05,15.652134348745946,0.0,1601836.2787164869,268.1121421505228,7.05347840153081e-05,1.0,1279368.585741683,2619.0447874739048,,,,,,,,,,,,,,,,,9.0,15243.107769423557
420.0,-28.78343539532079,4.959346431120388,34.97703529323226,26.13838344058024,6.394858802196605,-25.26560597557705,-38.85291796233503,2.8770293595990664,-5.037385138769309,-5.037531922470828,39.95485065136822,40694.73638670429,25741.96176049738,25741.96176049738,66436.69814720166,76694.3826968457,76682.65300643092,25741.96176049738,102424.6147669283,102424.6147669283,102424.6147669283,128452.8487954128,124382.9567764388,4069.8920189740084,0.0,90359.50898360752,54359.86258468983,39999.607109908546,26028.234028484505,66027.84113839305,19859.333031173523,1450.0,0.0,0.8868912118630149,2.8807103067365705,0.001494314312251686,1.0,1.0,-4.849021930462584,354137.46368439,1552587.4396441104,4.384137796355226,1552587.4396441104,4.384137796355226,0.7629919497972883,0.09222780338152828,3.864720290936399,101325.0,128351.07116782667,1.2667265844345095,1.0,0.0,3.864720290936399,1.2783121399799628,1.2786105549415476,3.0232993727157886,6406.008584804616,15243.107769423557,6486.471513812055,0.0003430263541709055,23380.607697669613,2384.158473859026,19388.497429457933,1977.0765174099142,0.8292554958436953,0.8292554958436953,35049.238216530226,35405.22815468563,0.9874474264012773,0.8,4230.0717400585245,4273.035954225843,0.9874474264012773,0.8,17887.489023156744,17887.489023156744,1.0,0.8,4632.441516551485,4632.441516551485,5.556888666272984,4.959346431120388,-2.3589085114517165,7.318254942572105,3.5,3.5,1.0,0.6,0.0002334323654385558,0.8816209288625526,0.0002647763429796579,197.93188839794144,0.0,0.0,0.0,0.0,8.972911630962627e-05,0.00014370324912892952,0.0005553728627820623,0.09222780424637483,0.09222780424637483,0.09222780424637483,0.09226322816260833,0.0,0.0,0.0,0.0,0.0,0.0,1.0,1.0,0.0,1.0,1.0,491769.5089367868,594.3308655889028,0.0,0.09222780424637483,0.09222780338152828,0.09222780338152828,0.375,0.375,0.5,9.044588980348069,0.18850999200822116,0.18850999200822116,3.410605131648481e-13,0.00014678370149567854,0.18850999200822116,3.410605131648481e-13,26028.234028484505,19859.333031173523,0.7629919497972883,1.0061921910781795,0.6163269264159179,41059.97430708969,25750.0,0.0,0.0,0.0,0.0,0.0,0.0,0.0,0.0,0.0,0.0,0.0,0.0,0.0,0.0,0.0,0.0,0.0,0.0,0.0,0.0,41059.97430708969,25750.0,1.0,0.0,0.0,6.0,0.9,167190.3635292044,27865.060588200733,261.95126635575093,261.95126635575093,-11.198733644249046,246.11757883391522,277.78495387782436,123053.21477209873,122888.05492858864,165.15984351010235,0.0,nan,277.78495387782436,4.634953877824387,271.45147886862316,-1.6985211313768218,265.11800386002625,-8.031996139973728,258.7845288514097,-14.365471148590302,252.45105384270693,-20.69894615729305,246.11757883391522,-27.03242116608476,1.0,1.0,26022.01252070864,26022.01252070864,277.085321784809,3.935321784809048,277.085321784809,277.085321784809,76685.1513628223,76682.65300643092,2.498356391384732,0.0,8546.071908451686,8546.071908451686,0.8892303665566168,3884.043892391081,277.085321784809,3.935321784809048,1.0,0.002,0.15899047726967866,0.005051813979138958,0.00024633169453098445,0.0017536683062965672,0.12316584726549222,0.12316584726549222,0.0,8.275515689382118e-13,1.0,1.00038620817564,0.1885099920078801,0.09222780338152828,0.0,3.5591383664882855e-05,45.53444961308912,0.0,1601836.9350663356,268.11261486123067,0.00014678370115461803,1.0,1279367.2210619012,2619.050373242929,,,,,,,,,,,,,,,,,6.0,15243.107769423557
435.0,-28.756997366241915,4.960244918755021,34.97743597219702,26.14276927141475,6.396349665214194,-25.241662663127777,-38.83069142522288,2.8810149619764216,-5.036818206960163,-5.0369636626943946,39.9555894204402,40707.105111293335,25742.81209723224,25742.81209723224,66449.91720852557,76702.74795376461,76690.50671762368,25742.81209723224,102433.31881485591,102433.31881485591,102433.31881485591,128462.02287764131,124385.06075561536,4076.9621220259537,0.0,90357.67056257332,54362.02771962167,39995.158714390716,26028.704062785397,66023.86277717611,19859.748101635618,1450.0,0.0,0.8868914283653071,2.8807706399577024,0.001494314312251686,1.0,1.0,-4.85264411430046,354145.3101033177,1552619.2633374531,4.384130522255101,1552619.2633374531,4.384130522255101,0.7629941180986471,0.09223054395399016,3.8645751656633545,101325.0,128351.07116782667,1.2667265844345095,1.0,0.0,3.8645751656633545,1.2782936824747266,1.278592093127508,3.0232294961997215,6405.860524852022,15243.107769423557,6486.56536947754,0.00034306316419592406,23381.009991835264,2384.1994964473356,19388.77797032289,1977.1051246167542,0.8292532263188599,0.8292532263188598,35048.18529699471,35405.22815468563,0.9874103464662274,0.8,4229.944663825248,4273.035954225843,0.9874103464662274,0.8,17887.489023156744,17887.489023156744,1.0,0.8,4632.441516551485,4632.441516551485,5.5570722275185656,4.960244918755021,-2.358251768446754,7.318496687201774,3.5,3.5,1.0,0.6,0.0002334323654385558,0.8792225034505365,0.0002654986246626344,197.91047645502692,0.0,0.0,0.0,0.0,8.995286937507534e-05,0.00014347949606348045,0.0005544872972688196,0.09223054402613401,0.09223054402613401,0.09223054402613401,0.09226518303482086,0.0,0.0,0.0,0.0,0.0,0.0,1.0,1.0,0.0,1.0,1.0,491697.8130120459,594.3542860903511,0.0,0.09223054402613401,0.09223054395399016,0.09223054395399016,0.375,0.375,0.5,9.060176533831923,0.18431954839394393,0.18431954839394393,3.979039320256561e-13,0.00014545573424129543,0.18431954839394393,3.979039320256561e-13,26028.704062785397,19859.748101635618,0.7629941180986471,1.0064530370297684,0.6165514012513281,41059.97430708969,25750.0,0.0,0.0,0.0,0.0,0.0,0.0,0.0,0.0,0.0,0.0,0.0,0.0,0.0,0.0,0.0,0.0,0.0,0.0,0.0,0.0,41059.97430708969,25750.0,1.0,0.0,0.0,6.0,0.9,167190.3635292044,27865.060588200733,261.9654277355381,261.9654277355381,-11.184572264461849,246.14303356576266,277.78782190536003,122957.73565999033,122799.89257723851,157.8430827518227,0.0,nan,277.78782190536003,4.637821905360056,271.4588642373581,-1.6911357626418635,265.1299065694473,-8.020093430552663,258.80094890160825,-14.349051098391726,252.47199123369262,-20.678008766307357,246.14303356576266,-27.006966434237313,1.0,1.0,26022.01252070864,26022.01252070864,277.0868090295035,3.936809029503536,277.0868090295035,277.0868090295035,76693.0718644103,76690.50671762368,2.5651467866264284,0.0,8546.071908451686,8546.071908451686,0.8892395187772506,3883.8980414916714,277.0868090295035,3.936809029503536,1.0,0.002,0.15846845618490052,0.005054248863321187,0.0002455231908826204,0.0017544768089460502,0.1227615954413102,0.1227615954413102,0.0,-1.7132953042398036e-13,1.0,1.0003776287392154,0.18431954839354603,0.09223054395399016,0.0,3.480140610364047e-05,44.52371014295087,0.0,1601837.585751436,268.1131817930398,0.0001454557338433915,1.0,1279365.2650228227,2619.058379533178,,,,,,,,,,,,,,,,,5.0,15243.107769423557
450.0,-28.73144033941109,4.961061106083946,34.97781416808305,26.147160271089547,6.397941988236208,-25.2185021066677,-38.80919128479434,2.8850037553949868,-5.0362590317167815,-5.036403165889743,39.95630555324004,40718.94229636788,25743.470500332245,25743.470500332245,66462.41279670013,76710.72890675122,76698.39967844693,25743.470500332245,102441.87017877918,102441.87017877918,102441.87017877918,128471.03323668538,124387.15162083205,4083.8816158533245,0.0,90355.82860377392,54364.041993010476,39990.87401195938,26029.16305790621,66020.03706986559,19860.15305617341,1450.0,0.0,0.8868916873222432,2.8808301501119904,0.001494314312251686,1.0,1.0,-4.856003435648631,354153.0494663135,1552650.1124067043,4.38412182175602,1552650.1124067043,4.38412182175602,0.7629962212765424,0.09223321245776703,3.8644295696797664,101325.0,128351.07116782667,1.2667265844345095,1.0,0.0,3.8644295696797664,1.2782752107252806,1.2785736170659334,3.0231592831148837,6405.711751750589,15243.107769423557,6486.659655332701,0.0003431001473976906,23381.41424874291,2384.240719179629,19389.05979705358,1977.1338629454074,0.829250942256242,0.829250942256242,35047.12895439193,35405.22815468563,0.9873731462632461,0.8,4229.817174464018,4273.035954225843,0.9873731462632461,0.8,17887.489023156744,17887.489023156744,1.0,0.8,4632.441516551485,4632.441516551485,5.557214356263775,4.961061106083946,-2.357622760392883,7.318683866476829,3.5,3.5,1.0,0.6,0.0002334323654385558,0.8769106930713138,0.0002661985619322037,197.88978243177482,0.0,0.0,0.0,0.0,9.016980036335098e-05,0.00014326256507520482,0.0005536280927047933,0.09223321250019491,0.09223321250019491,0.09223321250019491,0.09226711596356245,0.0,0.0,0.0,0.0,0.0,0.0,1.0,1.0,0.0,1.0,1.0,491627.6080616785,594.3772179328056,0.0,0.09223321250019491,0.09223321245776703,0.09223321245776703,0.375,0.375,0.5,9.075433091985447,0.18039973024110623,0.18039973024110623,3.979039320256561e-13,0.00014413417295600084,0.18039973024110623,3.979039320256561e-13,26029.16305790621,19860.15305617341,0.7629962212765424,1.0067006282708746,0.6167664258242862,41059.97430708969,25750.0,0.0,0.0,0.0,0.0,0.0,0.0,0.0,0.0,0.0,0.0,0.0,0.0,0.0,0.0,0.0,0.0,0.0,0.0,0.0,0.0,41059.97430708969,25750.0,1.0,0.0,0.0,6.0,0.9,167190.3635292044,27865.060588200733,261.97913780388103,261.97913780388103,-11.170862196118946,246.16764526670096,277.79063034109225,122866.82543317313,122714.01267809348,152.81275507964037,0.0,nan,277.79063034109225,4.640630341092276,271.46603332615894,-1.6839666738410415,265.14143631132305,-8.00856368867693,258.8168392964454,-14.333160703554597,252.49224228156578,-20.657757718434198,246.16764526670096,-26.98235473329902,1.0,1.0,26022.01252070864,26022.01252070864,277.08829310393634,3.93829310393636,277.08829310393634,277.08829310393634,76701.0137728461,76698.39967844693,2.6140943991631502,0.0,8546.071908451686,8546.071908451686,0.8892487006136995,3883.751717528165,277.08829310393634,3.93829310393636,1.0,0.002,0.15795751952685727,0.005056632945758613,0.00024473185507793005,0.0017552681447808474,0.12236592753896502,0.12236592753896502,0.0,-1.4122253713666488e-13,1.0,1.0003696032287532,0.18039973024070832,0.09223321245776703,0.0,3.406244412057327e-05,43.578242132154216,0.0,1601838.2275121778,268.1137409682832,0.0001441341725580969,1.0,1279363.335698906,2619.0662765089833,,,,,,,,,,,,,,,,,5.0,15243.107769423557
465.0,-28.70674846733242,4.961813593009118,34.97817716911009,26.15141653167086,6.399499709911686,-25.19612364979518,-38.78841733150182,2.888874883568254,-5.03570571838037,-5.035848550523496,39.957004237484895,40730.37208304202,25743.980019596478,25743.980019596478,66474.3521026385,76718.42862286257,76706.30086157414,25743.980019596478,102450.28088117062,102450.28088117062,102450.28088117062,128479.89446136182,124389.2345755635,4090.659885798326,0.0,90354.04802119033,54365.99144716557,39986.72952669418,26029.613580191206,66016.34310688538,19860.550241736102,1450.0,0.0,0.8868919795244107,2.8808890366871394,0.001494314312251686,1.0,1.0,-4.859105585658597,354160.70774881623,1552680.2102857414,4.384112004279592,1552680.2102857414,4.384112004279592,0.7629982742751962,0.09223581509773955,3.8642894386079902,101325.0,128351.07116782667,1.2667265844345095,1.0,0.0,3.8642894386079902,1.278257284383625,1.2785556865394716,3.023092053389978,6405.56930003086,15243.107769423557,6486.749914430103,0.0003431355553073789,23381.80135226569,2384.2801927534574,19389.32958753585,1977.1613739182953,0.8292487518570517,0.8292487518570517,35046.112253848965,35405.22815468563,0.9873373423613419,0.8,4229.694469479438,4273.035954225843,0.9873373423613419,0.8,17887.489023156744,17887.489023156744,1.0,0.8,4632.441516551485,4632.441516551485,5.55732434562088,4.961813593009118,-2.3570151261370023,7.31882871914612,3.5,3.5,1.0,0.6,0.0002334323654385558,0.8746833709128522,0.00026687641860040974,197.86979305116057,0.0,0.0,0.0,0.0,9.037986343852277e-05,0.00014305250200003303,0.000552796272645176,0.0922358191512532,0.0922358191512532,0.0922358191512532,0.0922690323801564,0.0,0.0,0.0,0.0,0.0,0.0,1.0,1.0,0.0,1.0,1.0,491558.8206313789,594.3996854056254,0.0,0.0922358191512532,0.09223581509773955,0.09223581509773955,0.375,0.375,0.5,9.090379040780615,0.17674296486489993,0.17674296486489993,3.979039320256561e-13,0.00014283214312627024,0.17674296486489993,3.979039320256561e-13,26029.613580191206,19860.550241736102,0.7629982742751962,1.0069378122779622,0.6169740728761136,41059.97430708969,25750.0,0.0,0.0,0.0,0.0,0.0,0.0,0.0,0.0,0.0,0.0,0.0,0.0,0.0,0.0,0.0,0.0,0.0,0.0,0.0,0.0,41059.97430708969,25750.0,1.0,0.0,0.0,6.0,0.9,167190.3635292044,27865.060588200733,261.99239766350865,261.99239766350865,-11.157602336491323,246.19142886280682,277.79336646416476,122779.00417908939,122631.20946631081,147.794712778557,0.0,nan,277.79336646416476,4.643366464164785,271.47297894402703,-1.6770210559729435,265.1525914235767,-7.997408576423254,258.8322039033797,-14.31779609662027,252.51181638309689,-20.638183616903092,246.19142886280682,-26.95857113719316,1.0,1.0,26022.01252070864,26022.01252070864,277.08977225904573,3.9397722590457533,277.08977225904573,277.08977225904573,76708.58548377709,76706.30086157414,2.284622202947503,0.0,8546.071908451686,8546.071908451686,0.889257537746533,3883.6108858010302,277.08977225904573,3.9397722590457533,1.0,0.002,0.15745692339505493,0.005058969886810126,0.00024395653560055737,0.0017560434643976337,0.12197826780027868,0.12197826780027868,0.0,-1.8088829045748156e-15,1.0,1.0003621161830867,0.17674296486450203,0.09223581509773955,0.0,3.337307757437529e-05,42.69622813604671,0.0,1601838.8625491124,268.1142942816196,0.0001428321427283663,1.0,1279361.4266138277,2619.074090677579,,,,,,,,,,,,,,,,,5.0,15243.107769423557
480.0,-28.682877993360336,4.962504302419655,34.97852408577051,26.15555841419848,6.401031435314111,-25.174487050518948,-38.76833352316169,2.892640492362173,-5.035208643356896,-5.035349803648987,39.95766937705291,40741.3995811328,25744.474323126753,25744.474323126753,66485.87390425956,76725.85305497893,76713.80425030206,25744.474323126753,102458.2785734288,102458.2785734288,102458.2785734288,128488.31086842083,124391.04167642507,4097.269191995758,0.0,90352.31387260741,54367.860398331744,39982.72608252852,26030.032294992023,66012.75837752054,19860.92049685571,1450.0,0.0,0.8868921089333586,2.880941999243541,0.001494314312251686,1.0,1.0,-4.8630484078830705,354167.594694705,1552708.8635388666,4.38410765636905,1552708.8635388666,4.38410765636905,0.7630002249623331,0.09223835806439544,3.864152767682364,101325.0,128351.07116782667,1.2667265844345095,1.0,0.0,3.864152767682364,1.2782398471613814,1.278538245246604,3.0230263719782973,6405.430129001062,15243.107769423557,6486.83807544244,0.0003431701441081715,23382.179562946934,2384.3187595098157,19389.59310670146,1977.1882453948558,0.8292466087048441,0.8292466087048441,35045.12065078858,35405.22815468563,0.9873024225369784,0.8,4229.574793495122,4273.035954225843,0.9873024225369784,0.8,17887.489023156744,17887.489023156744,1.0,0.8,4632.441516551485,4632.441516551485,5.557431050374412,4.962504302419655,-2.3564649436718166,7.318969246091472,3.5,3.5,1.0,0.6,0.0002334323654385558,0.8725359452568904,0.00026753323654744,197.85047247460972,0.0,0.0,0.0,0.0,9.058337772427448e-05,0.00014284898771428132,0.0005519903112367641,0.09223835813608657,0.09223835813608657,0.09223835813608657,0.09227074212689729,0.0,0.0,0.0,0.0,0.0,0.0,1.0,1.0,0.0,1.0,1.0,491491.6746424757,594.4216147697276,0.0,0.09223835813608657,0.09223835806439544,0.09223835806439544,0.375,0.375,0.5,9.104951836189365,0.17230139576594183,0.17230139576594183,3.979039320256561e-13,0.00014116029211663772,0.17230139576594183,3.979039320256561e-13,26030.032294992023,19860.92049685571,0.7630002249623331,1.007167031621877,0.6171746277914445,41059.97430708969,25750.0,0.0,0.0,0.0,0.0,0.0,0.0,0.0,0.0,0.0,0.0,0.0,0.0,0.0,0.0,0.0,0.0,0.0,0.0,0.0,0.0,41059.97430708969,25750.0,1.0,0.0,0.0,6.0,0.9,167190.3635292044,27865.060588200733,262.00522770771687,262.00522770771687,-11.144772292283108,246.21442010531524,277.7960353101059,122694.19227547215,122551.18829188084,143.0039835913106,0.0,nan,277.7960353101059,4.646035310105901,271.4797122691855,-1.6702877308144934,265.16338922818176,-7.986610771818221,258.8470661872364,-14.30293381276357,252.53074314627668,-20.6192568537233,246.21442010531524,-26.935579894684736,1.0,1.0,26022.01252070864,26022.01252070864,277.0911489986177,3.9411489986177344,277.0911489986177,277.0911489986177,76716.16518797832,76713.80425030206,2.3609376762615284,0.0,8546.071908451686,8546.071908451686,0.8892661566091014,3883.473531520776,277.0911489986177,3.9411489986177344,1.0,0.002,0.15696889185351004,0.005061240504783813,0.00024320065321395743,0.0017567993467045668,0.12160032660697871,0.12160032660697871,0.0,-8.147562485794069e-14,1.0,1.0003530215170597,0.17230139576554393,0.09223835806439544,0.0,3.25354365974782e-05,41.62452672463716,0.0,1601839.432298817,268.1147913566431,0.0001411602917187338,1.0,1279359.7098329223,2619.081117744685,,,,,,,,,,,,,,,,,5.0,15243.107769423557
495.0,-28.65981322458099,4.963141339265537,34.97885684025575,26.1595161742531,6.40246791064385,-25.153585111088574,-38.748931198474,2.896239797149389,-5.034740186559588,-5.034879516975899,39.958309528058436,40752.08193319434,25744.903704821696,25744.903704821696,66496.98563801603,76733.05696813155,76721.09031976649,25744.903704821696,102465.99402458819,102465.99402458819,102465.99402458819,128496.4259211893,124392.72331165252,4103.702609536772,0.0,90350.65805514308,54369.68302019802,39978.86114993896,26030.43189660111,66009.29304654007,19861.274231080082,1450.0,0.0,0.8868921840158375,2.880991943839109,0.001494314312251686,1.0,1.0,-4.867164233466326,354174.08874419733,1552736.4406981668,4.384105133731657,1552736.4406981668,4.384105133731657,0.7630021011550501,0.09224082631561138,3.864022417403224,101325.0,128351.07116782667,1.2667265844345095,1.0,0.0,3.864022417403224,1.278223180479725,1.2785215746742022,3.0229638113377293,6405.297570510769,15243.107769423557,6486.922029770062,0.0003432030861035876,23382.539823840438,2384.3554958972168,19389.844051804947,1977.213834673915,0.829244564443568,0.829244564443568,35044.17490004962,35405.22815468563,0.9872691176564236,0.8,4229.460651400242,4273.035954225843,0.9872691176564236,0.8,17887.489023156744,17887.489023156744,1.0,0.8,4632.441516551485,4632.441516551485,5.5575237405235285,4.963141339265537,-2.3559499769595362,7.319091316225073,3.5,3.5,1.0,0.6,0.0002334323654385558,0.8704664055912466,0.0002681692985957357,197.8318076134114,0.0,0.0,0.0,0.0,9.078038845367048e-05,0.0001426519769848853,0.0005512104369564856,0.0922408263351814,0.0922408263351814,0.0922408263351814,0.09227234956280983,0.0,0.0,0.0,0.0,0.0,0.0,1.0,1.0,0.0,1.0,1.0,491426.27989649563,594.4429707262296,0.0,0.0922408263351814,0.09224082631561138,0.09224082631561138,0.375,0.375,0.5,9.119137288472235,0.16771528350955123,0.16771528350955123,3.410605131648481e-13,0.00013933041628888532,0.16771528350955123,3.410605131648481e-13,26030.43189660111,19861.274231080082,0.7630021011550501,1.0073882413970425,0.6173688590250762,41059.97430708969,25750.0,0.0,0.0,0.0,0.0,0.0,0.0,0.0,0.0,0.0,0.0,0.0,0.0,0.0,0.0,0.0,0.0,0.0,0.0,0.0,0.0,41059.97430708969,25750.0,1.0,0.0,0.0,6.0,0.9,167190.3635292044,27865.060588200733,262.01761204256616,262.01761204256616,-11.13238795743382,246.23663604906034,277.79858803607164,122611.98081040474,122473.94471364675,138.03609675798083,0.0,nan,277.79858803607164,4.648588036071658,271.4861976386675,-1.6638023613325004,265.17380724127133,-7.976192758728644,258.86141684386547,-14.288583156134507,252.54902644646063,-20.600973553539347,246.23663604906034,-26.91336395093964,1.0,1.0,26022.01252070864,26022.01252070864,277.0924718488478,3.9424718488478447,277.0924718488478,277.0924718488478,76723.38571546214,76721.09031976649,2.2953956956480397,0.0,8546.071908451686,8546.071908451686,0.8892743768165001,3883.34252949024,277.0924718488478,3.9424718488478447,1.0,0.002,0.1564938356319869,0.005063448023003649,0.0002424648583761726,0.0017575351416220118,0.1212324291880863,0.1212324291880863,0.0,-1.815821798478723e-15,1.0,1.0003436304677624,0.16771528350921017,0.09224082631561138,0.0,3.167041495663692e-05,40.51780162051054,0.0,1601839.968868757,268.1152598134404,0.0001393304159478248,1.0,1279358.0910129356,2619.0877438659227,,,,,,,,,,,,,,,,,5.0,15243.107769423557
510.0,-28.637566390592607,4.963742189038943,34.9791810974676,26.16349890539425,6.404013554503289,-25.133408396132882,-38.73020511874927,2.899855546855434,-5.034253382440681,-5.034391088783765,39.95894279869346,40762.26224835523,25745.193190393467,25745.193190393467,66507.4554387487,76739.8910023684,76728.48206120534,25745.193190393467,102473.67525159882,102473.67525159882,102473.67525159882,128504.51053392401,124394.52275609934,4109.987777824671,0.0,90348.98551360928,54371.35670837718,39975.143116924555,26030.8352823252,66005.97839924975,19861.630408725203,1450.0,0.0,0.8868923763017826,2.8810438119123782,0.001494314312251686,1.0,1.0,-4.8705419667429055,354180.8334034818,1552763.7218212113,4.384098673268147,1552763.7218212113,4.384098673268147,0.7630039602383081,0.09224323366059557,3.8638899312876913,101325.0,128351.07116782667,1.2667265844345095,1.0,0.0,3.8638899312876913,1.2782064380870153,1.2785048283730727,3.0228997571553875,6405.161847384678,15243.107769423557,6487.007970371536,0.00034323681114268526,23382.908706071583,2384.3931114163943,19390.1009340139,1977.2400293692444,0.8292424684093765,0.8292424684093764,35043.213646304735,35405.22815468563,0.9872352670633746,0.8,4229.344638256785,4273.035954225843,0.9872352670633746,0.8,17887.489023156744,17887.489023156744,1.0,0.8,4632.441516551485,4632.441516551485,5.557586231452068,4.963742189038943,-2.355431425856145,7.319173614895087,3.5,3.5,1.0,0.6,0.0002334323654385558,0.8684752747883557,0.0002687841234115069,197.81380799140186,0.0,0.0,0.0,0.0,9.097090802769851e-05,0.00014246145741085727,0.0005504553908863817,0.0922432342357812,0.0922432342357812,0.0922432342357812,0.09227403079818153,0.0,0.0,0.0,0.0,0.0,0.0,1.0,1.0,0.0,1.0,1.0,491362.4325688161,594.4638207135844,0.0,0.0922432342357812,0.09224323366059557,0.09224323366059557,0.375,0.375,0.5,9.132995741774632,0.16384912204085822,0.16384912204085822,3.410605131648481e-13,0.0001377063430823,0.16384912204085822,3.410605131648481e-13,26030.8352823252,19861.630408725203,0.7630039602383081,1.0075974487714683,0.6175540949002667,41059.97430708969,25750.0,0.0,0.0,0.0,0.0,0.0,0.0,0.0,0.0,0.0,0.0,0.0,0.0,0.0,0.0,0.0,0.0,0.0,0.0,0.0,0.0,41059.97430708969,25750.0,1.0,0.0,0.0,6.0,0.9,167190.3635292044,27865.060588200733,262.02962091903237,262.02962091903237,-11.12037908096761,246.25807955493806,277.80116228324067,122533.33838306143,122399.48715555879,133.85122750261638,0.0,nan,277.80116228324067,4.651162283240694,271.4925457373546,-1.6574542626453876,265.18392919187886,-7.966070808121117,258.8753126461861,-14.274687353813874,252.56669610059595,-20.58330389940403,246.25807955493806,-26.891920445061913,1.0,1.0,26022.01252070864,26022.01252070864,277.09382520557295,3.9438252055729777,277.09382520557295,277.09382520557295,76730.55583662105,76728.48206120534,2.0737754157016752,0.0,8546.071908451686,8546.071908451686,0.8892827316579351,3883.20938094413,277.09382520557295,3.9438252055729777,1.0,0.002,0.1560297164303164,0.005065610160865551,0.00024174601655866732,0.0017582539840506686,0.12087300827933366,0.12087300827933366,0.0,6.093359324055303e-13,1.0,1.0003357136990665,0.16384912204051716,0.09224323366059557,0.0,3.0941280131662754e-05,39.584925062054936,0.0,1601840.526858506,268.1157466175593,0.0001377063427412395,1.0,1279356.4097416573,2619.0946256365196,,,,,,,,,,,,,,,,,6.0,15243.107769423557
525.0,-28.616911272438195,4.964283466103562,34.9794848829624,26.16689287768679,6.405142472568052,-25.114705953037536,-38.712846057582624,2.902937295159521,-5.033900753859143,-5.034035531017693,39.959514570880515,40771.926246317154,25745.67141758723,25745.67141758723,66517.59766390438,76746.44754171661,76734.82617357759,25745.67141758723,102480.49759116482,102480.49759116482,102480.49759116482,128511.66733916027,124395.62256579024,4116.044773370024,0.0,90347.5608319199,54373.04008795891,39971.689715512206,26031.169747995446,66002.85946350766,19861.929014942878,1450.0,0.0,0.8868921152521918,2.8810815949605737,0.001494314312251686,1.0,1.0,-4.876749068275387,354185.74333086004,1552788.353919407,4.384107444067507,1552788.353919407,4.384107444067507,0.763005627761786,0.09224564780823614,3.8637771476505143,101325.0,128351.07116782667,1.2667265844345095,1.0,0.0,3.8637771476505143,1.2781921686843367,1.2784905556392803,3.0228452671772827,6405.046389659693,15243.107769423557,6487.081064474533,0.00034326549784649584,23383.222525361856,2384.4251120782183,19390.319417179217,1977.262308451838,0.8292406829789236,0.8292406829789236,35042.39533880629,35405.22815468563,0.9872064505116226,0.8,4229.245877210896,4273.035954225843,0.9872064505116226,0.8,17887.489023156744,17887.489023156744,1.0,0.8,4632.441516551485,4632.441516551485,5.557689465824709,4.964283466103562,-2.355026105349808,7.3193095714533705,3.5,3.5,1.0,0.6,0.0002334323654385558,0.8666310048437317,0.00026935612057942427,197.79709913781525,0.0,0.0,0.0,0.0,9.114784946347524e-05,0.00014228451597508054,0.0005497556612890308,0.09224555542264366,0.09224555542264366,0.09224555542264366,0.09227521375264905,0.0,0.0,0.0,0.0,0.0,0.0,1.0,1.0,0.0,1.0,1.0,491300.76174822287,594.48395700286,0.0,0.09224555542264366,0.09224564780823614,0.09224564780823614,0.375,0.375,0.5,9.146342095978893,0.15728646274232005,0.15728646274232005,3.979039320256561e-13,0.00013477715856424766,0.15728646274232005,3.979039320256561e-13,26031.169747995446,19861.929014942878,0.763005627761786,1.0077987257609848,0.6177296950120708,41059.97430708969,25750.0,0.0,0.0,0.0,0.0,0.0,0.0,0.0,0.0,0.0,0.0,0.0,0.0,0.0,0.0,0.0,0.0,0.0,0.0,0.0,0.0,41059.97430708969,25750.0,1.0,0.0,0.0,6.0,0.9,167190.3635292044,27865.060588200733,262.04077067371674,262.04077067371674,-11.109229326283241,246.27816560102798,277.8033757464362,122456.7358974286,122332.46046362296,124.27543380564143,0.0,nan,277.8033757464362,4.653375746436211,271.49833371731347,-1.6516662826865058,265.1932916882504,-7.956708311749594,258.88824965917684,-14.261750340823141,252.5832076300957,-20.566792369904277,246.27816560102798,-26.871834398972,1.0,1.0,26022.01252070864,26022.01252070864,277.09492310583744,3.9449231058374608,277.09492310583744,277.09492310583744,76736.8585872745,76734.82617357759,2.0324136969138635,0.0,8546.071908451686,8546.071908451686,0.8892898439760588,3883.096033388767,277.09492310583744,3.9449231058374608,1.0,0.002,0.1555841738426287,0.0050676639424957655,0.00024105588879749852,0.001758943801519271,0.12052794439874925,0.12052794439874925,0.0,-3.096832304483321e-10,1.0,1.0003222735631376,0.15728646274192215,0.09224564780823614,0.0,2.9702849648638773e-05,38.000494732064496,0.0,1601840.9284712558,268.11609924614083,0.00013477715816634372,1.0,1279355.1858350395,2619.099635340545,,,,,,,,,,,,,,,,,4.0,15243.107769423557
540.0,-28.596069531489764,4.964797136039237,34.979781952209635,26.170565757807367,6.4065384843942494,-25.095808729874477,-38.69530783323569,2.906277668035597,-5.033473957892738,-5.033606991550798,39.96009582146945,40781.50909540028,25745.890628544334,25745.890628544334,66527.39972394462,76752.887779991,76741.68629441131,25745.890628544334,102487.57692295565,102487.57692295565,102487.57692295565,128519.11004205322,124397.17732988625,4121.9327121669585,0.0,90346.02455016534,54374.64580831929,39968.19860205116,26031.533119097578,65999.73172114874,19862.250624245084,1450.0,0.0,0.8868921911816992,2.881127108772366,0.001494314312251686,1.0,1.0,-4.880015662937922,354191.6611397294,1552813.3946523916,4.384104892971502,1552813.3946523916,4.384104892971502,0.7630073316609036,0.09224780837662527,3.863656225885726,101325.0,128351.07116782667,1.2667265844345095,1.0,0.0,3.863656225885726,1.278176702133506,1.278475085477868,3.0227872401653006,6404.923437384353,15243.107769423557,6487.158888747065,0.00034329604391734067,23383.556731798497,2384.4591916504105,19390.552039137812,1977.2860292901055,0.8292387792644592,0.8292387792644592,35041.51797939626,35405.22815468563,0.9871755546442771,0.8,4229.139989224878,4273.035954225843,0.9871755546442771,0.8,17887.489023156744,17887.489023156744,1.0,0.8,4632.441516551485,4632.441516551485,5.5577367866503105,4.964797136039237,-2.354574755515656,7.319371891554892,3.5,3.5,1.0,0.6,0.0002334323654385558,0.8647743545926255,0.00026993442185102747,197.78024217750107,0.0,0.0,0.0,0.0,9.132694003325393e-05,0.00014210542540530187,0.0005490465115993342,0.0922478089859744,0.0922478089859744,0.0922478089859744,0.09227667936802969,0.0,0.0,0.0,0.0,0.0,0.0,1.0,1.0,0.0,1.0,1.0,491240.85093569325,594.5035189841658,0.0,0.0922478089859744,0.09224780837662527,0.09224780837662527,0.375,0.375,0.5,9.15933376523457,0.15359132861289027,0.15359132861289027,3.979039320256561e-13,0.00013303365807360024,0.15359132861289027,3.979039320256561e-13,26031.533119097578,19862.250624245084,0.7630073316609036,1.0079950022376651,0.617904164636663,41059.97430708969,25750.0,0.0,0.0,0.0,0.0,0.0,0.0,0.0,0.0,0.0,0.0,0.0,0.0,0.0,0.0,0.0,0.0,0.0,0.0,0.0,0.0,41059.97430708969,25750.0,1.0,0.0,0.0,6.0,0.9,167190.3635292044,27865.060588200733,262.05189667587894,262.05189667587894,-11.098103324121041,246.29808503822056,277.80570831345835,122384.81648772118,122260.80580077847,124.01068694269183,0.0,nan,277.80570831345835,4.655708313458376,271.5041836586208,-1.6458163413792022,265.2026590034411,-7.947340996558864,258.90113434825975,-14.248865651740232,252.59960969327287,-20.55039030672711,246.29808503822056,-26.851914961779414,1.0,1.0,26022.01252070864,26022.01252070864,277.09615436740955,3.9461543674095765,277.09615436740955,277.09615436740955,76743.54619316071,76741.68629441131,1.8598987494042376,0.0,8546.071908451686,8546.071908451686,0.8892974694513217,3882.9745070151544,277.09615436740955,3.9461543674095765,1.0,0.002,0.15514908658870688,0.005069686423695713,0.00024038199545430407,0.00175961800527493,0.12019099772715203,0.12019099772715203,0.0,7.292339475328813e-13,1.0,1.0003147063884783,0.15359132861249236,0.09224780837662527,0.0,2.900581965303708e-05,37.10870300519228,0.0,1601841.417202484,268.11652604210724,0.0001330336576756963,1.0,1279353.7107063541,2619.10567336661,,,,,,,,,,,,,,,,,6.0,15243.107769423557
555.0,-28.575939536097504,4.965352047064547,34.98004046506863,26.17401414262133,6.407802994785612,-25.07756540752565,-38.67837872877715,2.9094115352305665,-5.032860856992556,-5.0329096947380325,39.960671279383085,40790.830741309874,25745.52398514164,25745.52398514164,66536.35472645151,76759.10358355797,76746.93208923771,25745.52398514164,102492.45607437936,102492.45607437936,102492.45607437936,128524.44401977412,124395.58440563788,4128.859614136233,0.0,90344.5798328654,54376.2396883549,39964.82238278945,26031.98794539477,65996.81032818422,19862.64249350948,1450.0,0.0,0.8868936553562029,2.8812023103231676,0.001494314312251686,1.0,1.0,-4.990234063874993,354201.2904519786,1552838.186133017,4.384055699377937,1552838.186133017,4.384055699377937,0.7630090539060546,0.09227122126662686,3.863542203180968,101325.0,128351.07116782667,1.2667265844345095,1.0,0.0,3.863542203180968,1.2781621920828836,1.2784605720399538,3.022732347359585,6404.807126115998,15243.107769423557,6487.232495755656,0.000343324937511646,23383.872902561296,2384.4914320957,19390.77205541227,1977.308464706324,0.8292369761079377,0.8292369761079377,35040.69067174427,35405.22815468563,0.9871464215071057,0.8,4229.040141955805,4273.035954225843,0.9871464215071057,0.8,17887.489023156744,17887.489023156744,1.0,0.8,4632.441516551485,4632.441516551485,5.557657639746591,4.965352047064547,-2.3539156104028702,7.319267657467417,3.5,3.5,1.0,0.6,0.0002334323654385558,0.8629851833905678,0.00027049405937820085,197.7639636099532,0.0,0.0,0.0,0.0,9.150011897632082e-05,0.00014193224646223498,0.0005483612241991274,0.09224993480989205,0.09224993480989205,0.09224993480989205,0.09227924026572297,0.0,0.0,0.0,0.0,0.0,0.0,1.0,1.0,0.0,1.0,1.0,491179.96067557955,594.5233990968122,0.0,0.09224993480989205,0.09227122126662686,0.09227122126662686,0.375,0.375,0.5,9.172522822739275,0.04267563086301607,0.04267563086301607,3.410605131648481e-13,4.8837745453056414e-05,0.04267563086301607,3.410605131648481e-13,26031.98794539477,19862.64249350948,0.7630090539060546,1.0081753102246045,0.6180727604632428,41059.97430708969,25750.0,0.0,0.0,0.0,0.0,0.0,0.0,0.0,0.0,0.0,0.0,0.0,0.0,0.0,0.0,0.0,0.0,0.0,0.0,0.0,0.0,41059.97430708969,25750.0,1.0,0.0,0.0,6.0,0.9,167190.3635292044,27865.060588200733,262.06269287046933,262.06269287046933,-11.087307129530643,246.31744084656827,277.80794489441575,122313.44170209552,122193.1070370548,120.33466504073068,0.0,nan,277.80794489441575,4.6579448944157775,271.5098440848318,-1.6401559151681795,265.21174327519947,-7.93825672480051,258.9136424656737,-14.23635753432626,252.6155416561268,-20.534458343873183,246.31744084656827,-26.832559153431703,1.0,1.0,26022.01252070864,26022.01252070864,277.09746548948414,3.947465489484159,277.09746548948414,277.09746548948414,76749.28192068843,76746.93208923771,2.3498314507160103,0.0,8546.071908451686,8546.071908451686,0.8893046598194485,3882.8599141968725,277.09746548948414,3.947465489484159,1.0,0.002,0.15502822447490372,0.005070324847039167,0.00024019508337442448,0.001759794382299462,0.12009754168721223,0.12009754168721223,0.0,-1.0534326113677273e-08,1.0,1.000087466575638,0.04267563086267501,0.09227122126662686,0.0,8.061410762343592e-06,10.313376422856512,0.0,1601841.9990789099,268.1171391430074,4.88377451119959e-05,1.0,1279351.3104470854,2619.1154981974655,,,,,,,,,,,,,,,,,10.0,15243.107769423557
570.0,-28.55644261380407,4.965781574791177,34.98032977570901,26.17717422489079,6.408803992309923,-25.059917953229956,-38.66200122339649,2.9122793312194375,-5.032756167213847,-5.032883967707349,39.961177593221144,40799.9860950436,25746.563771933703,25746.563771933703,66546.5498669773,76765.39528371044,76754.2414361696,25746.563771933703,102500.8052081033,102500.8052081033,102500.8052081033,128532.98865272389,124399.57819789165,4133.410454832231,0.0,90343.25195940379,54377.842768731876,39961.56576741323,26032.183444620594,65993.74921203383,19862.82913147934,1450.0,0.0,0.8868919533029359,2.8812039323038943,0.001494314312251686,1.0,1.0,-4.88961408353066,354201.6457330402,1552859.9990436996,4.384112885274626,1552859.9990436996,4.384112885274626,0.7630104932893703,0.0922521801994869,3.8634368828722527,101325.0,128351.07116782667,1.2667265844345095,1.0,0.0,3.8634368828722527,1.278148914251459,1.2784472911088922,3.0226813478418935,6404.699064257784,15243.107769423557,6487.30087018969,0.00034335177955877337,23384.166662569765,2384.5213872800364,19390.976431171217,1977.3293052338176,0.8292352988661208,0.8292352988661208,35039.926501203256,35405.22815468563,0.9871195118577756,0.8,4228.947914667149,4273.035954225843,0.9871195118577756,0.8,17887.489023156744,17887.489023156744,1.0,0.8,4632.441516551485,4632.441516551485,5.557882097365396,4.965781574791177,-2.3537816865972245,7.319563261388401,3.5,3.5,1.0,0.6,0.0002334323654385558,0.8612560878976117,0.0002710371151144848,197.7481995453877,0.0,0.0,0.0,0.0,9.16679439844053e-05,0.0001417644214541505,0.0005476978945250116,0.09225218050526082,0.09225218050526082,0.09225218050526082,0.0922791151197555,0.0,0.0,0.0,0.0,0.0,0.0,1.0,1.0,0.0,1.0,1.0,491123.89567693666,594.5417018239401,0.0,0.09225218050526082,0.0922521801994869,0.0922521801994869,0.375,0.375,0.5,9.18464339821714,0.14326988417667508,0.14326988417667508,3.979039320256561e-13,0.00012780049348748435,0.14326988417667508,3.979039320256561e-13,26032.183444620594,19862.82913147934,0.7630104932893703,1.0083765608340776,0.6182401603514868,41059.97430708969,25750.0,0.0,0.0,0.0,0.0,0.0,0.0,0.0,0.0,0.0,0.0,0.0,0.0,0.0,0.0,0.0,0.0,0.0,0.0,0.0,0.0,41059.97430708969,25750.0,1.0,0.0,0.0,6.0,0.9,167190.3635292044,27865.060588200733,262.0730681156493,262.0730681156493,-11.0769318843507,246.33619382343187,277.8099424079147,122243.12949424465,122127.4867581787,115.64273606595273,0.0,nan,277.8099424079147,4.659942407914741,271.51519269094314,-1.6348073090568391,265.2204429740798,-7.9295570259201895,258.925693257206,-14.224306742793999,252.63094354032035,-20.519056459679632,246.33619382343187,-26.813806176568107,1.0,1.0,26022.01252070864,26022.01252070864,277.09834650383397,3.9483465038339887,277.09834650383397,277.09834650383397,76755.63246881377,76754.2414361696,1.3910326441691723,0.0,8546.071908451686,8546.071908451686,0.8893113013692372,3882.754067286614,277.09834650383397,3.9483465038339887,1.0,0.002,0.15462235376408862,0.0050721717893574695,0.00023956625485024847,0.0017604337452986655,0.11978312742512423,0.11978312742512423,0.0,1.4891386734827705e-13,1.0,1.0002935672106639,0.14326988417627717,0.0922521801994869,0.0,2.7058048490294625e-05,34.61674739797469,0.0,1601842.2357652853,268.11724383278613,0.00012780049308958041,1.0,1279351.2218884253,2619.1158606900676,,,,,,,,,,,,,,,,,5.0,15243.107769423557
585.0,-28.537622108795563,4.966181835045787,34.98059879014959,26.18031914988535,6.409888896426886,-25.04287100832645,-38.64617971759287,2.9151377956638154,-5.032449753074161,-5.032574636489432,39.96167928379674,40808.74811621883,25746.797914203187,25746.797914203187,66555.54603042202,76771.33035096552,76759.98043615013,25746.797914203187,102506.77835035331,102506.77835035331,102506.77835035331,128539.25434870567,124400.55137810644,4138.702970599232,0.0,90341.93492759712,54379.35269170915,39958.42470654219,26032.47599835236,65990.90070489455,19863.09043759678,1450.0,0.0,0.886891710794639,2.881236809726971,0.001494314312251686,1.0,1.0,-4.89464507099342,354205.9175080542,1552881.6130043422,4.384121033124839,1552881.6130043422,4.384121033124839,0.7630119562524114,0.0922542128867808,3.8633329924718836,101325.0,128351.07116782667,1.2667265844345095,1.0,0.0,3.8633329924718836,1.2781356798993957,1.278434053667342,3.0226313631867106,6404.593152771446,15243.107769423557,6487.367872819415,0.0003433780853511408,23384.454589764333,2384.550747682882,19391.17670651528,1977.349727635358,0.8292336531553335,0.8292336531553335,35039.17270153884,35405.22815468563,0.9870929675542427,0.8,4228.8569390334305,4273.035954225843,0.9870929675542427,0.8,17887.489023156744,17887.489023156744,1.0,0.8,4632.441516551485,4632.441516551485,5.557932641396799,4.966181835045787,-2.3534479913090633,7.31962982635485,3.5,3.5,1.0,0.6,0.0002334323654385558,0.8595905267004538,0.0002715622824911625,197.73298477575074,0.0,0.0,0.0,0.0,9.183034157941702e-05,0.0001416020238591388,0.0005470557705758017,0.09225421307243001,0.09225421307243001,0.09225421307243001,0.09228014288416708,0.0,0.0,0.0,0.0,0.0,0.0,1.0,1.0,0.0,1.0,1.0,491069.9925666791,594.5592987811185,0.0,0.09225421307243001,0.0922542128867808,0.0922542128867808,0.375,0.375,0.5,9.196311813348004,0.13792956549599467,0.13792956549599467,3.979039320256561e-13,0.0001248834152534073,0.13792956549599467,3.979039320256561e-13,26032.47599835236,19863.09043759678,0.7630119562524114,1.0085564118612733,0.6183996229830523,41059.97430708969,25750.0,0.0,0.0,0.0,0.0,0.0,0.0,0.0,0.0,0.0,0.0,0.0,0.0,0.0,0.0,0.0,0.0,0.0,0.0,0.0,0.0,41059.97430708969,25750.0,1.0,0.0,0.0,6.0,0.9,167190.3635292044,27865.060588200733,262.0831183296148,262.0831183296148,-11.066881670385158,246.35431660651636,277.81192005273124,122176.05743376729,122064.03750492416,112.01992884312678,0.0,nan,277.81192005273124,4.661920052731261,271.5203993634643,-1.6296006365356561,265.22887867420434,-7.921121325795639,258.9373579850116,-14.212642014988376,252.64583729576108,-20.504162704238894,246.35431660651636,-26.795683393483614,1.0,1.0,26022.01252070864,26022.01252070864,277.0993273716411,3.949327371641118,277.0993273716411,277.0993273716411,76761.60617766727,76759.98043615013,1.6257415171421599,0.0,8546.071908451686,8546.071908451686,0.8893178527126516,3882.649657434243,277.0993273716411,3.949327371641118,1.0,0.002,0.15423160209465836,0.005073973503685358,0.00023896099156281257,0.0017610390085738303,0.11948049578140628,0.11948049578140628,0.0,1.366428671600861e-13,1.0,1.000282629119385,0.13792956549559676,0.0922542128867808,0.0,2.6050111251254167e-05,33.327213921623155,0.0,1601842.5841901368,268.1175502469258,0.00012488341485550336,1.0,1279350.1570945743,2619.120219161484,,,,,,,,,,,,,,,,,5.0,15243.107769423557
600.0,-28.5194194138735,4.966560519430194,34.98085384138327,26.18340334100651,6.4109846124791945,-25.026379011229068,-38.63087355913592,2.9179442102628745,-5.03214088128243,-5.032262986928377,39.96216440091424,40817.19533310177,25746.970528873317,25746.970528873317,66564.16586197508,76777.04022280649,76765.63701933381,25746.970528873317,102512.60754820713,102512.60754820713,102512.60754820713,128545.37080226434,124401.56168996476,4143.809112299582,0.0,90340.64652175838,54380.801633716044,39955.38320893592,26032.7632540572,65988.14646299311,19863.346487091603,1450.0,0.0,0.8868915400809493,2.8812699315925343,0.001494314312251686,1.0,1.0,-4.899191808954015,354210.22133960517,1552902.5131592883,4.384126768804947,1552902.5131592883,4.384126768804947,0.7630133725429975,0.0922561688726331,3.863231767023436,101325.0,128351.07116782667,1.2667265844345095,1.0,0.0,3.863231767023436,1.278122686798578,1.278421057533356,3.022582892022674,6404.490448191232,15243.107769423557,6487.4328360919835,0.00034340359263022543,23384.733810926526,2384.5792203174915,19391.37088608433,1977.3695284408366,0.8292320555311904,0.8292320555311904,35038.438234120105,35405.22815468563,0.9870671041537813,0.8,4228.768296596959,4273.035954225843,0.9870671041537813,0.8,17887.489023156744,17887.489023156744,1.0,0.8,4632.441516551485,4632.441516551485,5.557969903533733,4.966560519430194,-2.3531183800362783,7.3196788994664725,3.5,3.5,1.0,0.6,0.0002334323654385558,0.8579829461451222,0.0002720711017478339,197.71827167982755,0.0,0.0,0.0,0.0,9.198770242736467e-05,0.00014144466301119112,0.0005464335154207584,0.0922561686745302,0.0922561686745302,0.0922561686745302,0.092281185947234,0.0,0.0,0.0,0.0,0.0,0.0,1.0,1.0,0.0,1.0,1.0,491017.99290129275,594.5762737143158,0.0,0.0922561686745302,0.0922561688726331,0.0922561688726331,0.375,0.375,0.5,9.207569585750452,0.1330711779743865,0.1330711779743865,3.979039320256561e-13,0.00012210564597125995,0.1330711779743865,3.979039320256561e-13,26032.7632540572,19863.346487091603,0.7630133725429975,1.0087291343954479,0.6185534451402194,41059.97430708969,25750.0,0.0,0.0,0.0,0.0,0.0,0.0,0.0,0.0,0.0,0.0,0.0,0.0,0.0,0.0,0.0,0.0,0.0,0.0,0.0,0.0,41059.97430708969,25750.0,1.0,0.0,0.0,6.0,0.9,167190.3635292044,27865.060588200733,262.09286007556017,262.09286007556017,-11.05713992443981,246.37184289953635,277.8138772515949,122111.36179916613,122002.78006428412,108.58173488200174,0.0,nan,277.8138772515949,4.663877251594897,271.52547038118496,-1.6245296188150178,265.2370635107608,-7.9129364892392005,258.9486566403429,-14.201343359657074,252.66024976994086,-20.489750230059116,246.37184289953635,-26.77815710046363,1.0,1.0,26022.01252070864,26022.01252070864,277.10030091396925,3.950300913969272,277.10030091396925,277.10030091396925,76767.43360023205,76765.63701933381,1.7965808982407907,0.0,8546.071908451686,8546.071908451686,0.8893242359697433,3882.5479258585533,277.10030091396925,3.950300913969272,1.0,0.002,0.1538546052010203,0.005075714286502318,0.00023837703982169297,0.0017616229599652323,0.11918851991084647,0.11918851991084647,0.0,-2.1307478351162423e-13,1.0,1.0002726778891093,0.1330711779739886,0.0922561688726331,0.0,2.5133126422551706e-05,32.15404227475313,0.0,1601842.935647557,268.11785911871755,0.00012210564557335601,1.0,1279349.0843185203,2619.124610316401,,,,,,,,,,,,,,,,,6.0,15243.107769423557
615.0,-28.50196793131377,4.966908457202654,34.981097747115086,26.186227553430967,6.412007414750169,-25.0105738257625,-38.61620770823208,2.9205078663375734,-5.031833829292566,-5.031952886413433,39.96265001512235,40825.35779413013,25747.067959811422,25747.067959811422,66572.42575394156,76782.16729441963,76771.17373805004,25747.067959811422,102518.24169786146,102518.24169786146,102518.24169786146,128551.29185231125,124402.55379240296,4148.738059908278,0.0,90339.46061936178,54382.24169046426,39952.4654765528,26033.05015444978,65985.51563100258,19863.602298740185,1450.0,0.0,0.8868913596885544,2.8813028931221996,0.001494314312251686,1.0,1.0,-4.903990630009389,354214.5038198078,1552923.4349431687,4.3841328296741775,1552923.4349431687,4.3841328296741775,0.7630147900800222,0.09225816537729722,3.863137796196525,101325.0,128351.07116782667,1.2667265844345095,1.0,0.0,3.863137796196525,1.2781108178488103,1.2784091858128472,3.0225374374802465,6404.394135470224,15243.107769423557,6487.493746890726,0.00034342751066749634,23384.995665519884,2384.6059220549205,19391.55295253792,1977.3880940522934,0.8292305557759794,0.8292305557759793,35037.756401038954,35405.22815468563,0.987043094330507,0.8,4228.686006567424,4273.035954225843,0.987043094330507,0.8,17887.489023156744,17887.489023156744,1.0,0.8,4632.441516551485,4632.441516551485,5.557990935842022,4.966908457202654,-2.352798141180124,7.319706598382778,3.5,3.5,1.0,0.6,0.0002334323654385558,0.8564447552746854,0.00027255974655795236,197.7041678387266,0.0,0.0,0.0,0.0,9.213871406572998e-05,0.0001412936513728258,0.0005458368449809785,0.09225807668479125,0.09225807668479125,0.09225807668479125,0.09228222286758035,0.0,0.0,0.0,0.0,0.0,0.0,1.0,1.0,0.0,1.0,1.0,490967.9383847153,594.5926139444312,0.0,0.09225807668479125,0.09225816537729722,0.09225816537729722,0.375,0.375,0.5,9.218425170211292,0.12796225640403236,0.12796225640403236,3.410605131648481e-13,0.00011905712085535924,0.12796225640403236,3.410605131648481e-13,26033.05015444978,19863.602298740185,0.7630147900800222,1.0088945296149694,0.6187018075668227,41059.97430708969,25750.0,0.0,0.0,0.0,0.0,0.0,0.0,0.0,0.0,0.0,0.0,0.0,0.0,0.0,0.0,0.0,0.0,0.0,0.0,0.0,0.0,41059.97430708969,25750.0,1.0,0.0,0.0,6.0,0.9,167190.3635292044,27865.060588200733,262.10221355451966,262.10221355451966,-11.047786445480313,246.3886797009481,277.81574740387947,122048.82645489344,121944.56701981618,104.25943507726728,0.0,nan,277.81574740387947,4.665747403879493,271.5303338661001,-1.6196661338998979,265.2449203265396,-7.905079673460364,258.95950678576816,-14.190493214231822,252.6740932438826,-20.475906756117382,246.3886797009481,-26.761320299051874,1.0,1.0,26022.01252070864,26022.01252070864,277.10125888157165,3.9512588815716754,277.10125888157165,277.10125888157165,76772.5215211009,76771.17373805004,1.3477830508636544,0.0,8546.071908451686,8546.071908451686,0.8893301617216989,3882.453485177508,277.10125888157165,3.9512588815716754,1.0,0.002,0.15349209540362696,0.005077383715522978,0.0002378155323871166,0.0017621822339287548,0.11890776619355829,0.11890776619355829,0.0,-2.233684128719743e-09,1.0,1.000262213147846,0.1279622564036913,0.09225816537729722,0.0,2.416878894694366e-05,30.92029220948918,0.0,1601843.284610405,268.1181661707074,0.00011905712051429873,1.0,1279348.0168727818,2619.128979663222,,,,,,,,,,,,,,,,,8.0,15243.107769423557
630.0,-28.731143718368486,4.956166889036523,34.97251123728014,24.44493620367723,6.60124363702167,-25.19792748771585,-38.79009269932283,3.1689517885109786,-5.1097783954041915,-5.109778395404615,40.053430249880165,44163.378269686276,25919.80910743593,25919.80910743593,70083.1873771222,75311.11228637287,76017.8430778835,25919.80910743593,101937.65218531943,101937.65218531943,101937.65218531943,127976.80504057894,123920.45266311559,4056.35237746335,0.0,89797.44775168087,59075.675314272914,34135.30270823106,26039.152855259512,60174.45556349057,19874.691348221677,1450.0,0.0,0.8861651523686752,2.873052307137673,0.001494314312251686,1.0,1.0,-5.1097783954041915,353141.0093652675,1556838.276195356,4.4085456939526875,1556838.276195356,4.4085456939526875,0.7632618257090223,0.09225814093908953,4.199073981777565,101325.0,128351.07116782667,1.2667265844345095,1.0,0.0,4.199073981777565,1.2769616427288872,1.277259742424292,3.288332116855192,6967.58116657849,16243.107769423557,6493.330856923941,0.00019463672008053164,21385.059692057992,2180.6692083492317,19409.000465046603,1979.1672451904171,0.9075962725628838,0.9075962725628838,37454.75411889747,35405.22815468563,1.0728757799882538,0.8,4520.392025366923,4273.035954225843,1.0728757799882538,0.8,17887.489023156744,17887.489023156744,1.0,0.8,4632.441516551485,4632.441516551485,5.595280375332474,4.956166889036523,-2.4126487776119285,7.368815666648452,3.5,3.5,1.0,0.6,0.0002334323654385558,0.8768839001773495,0.0002662066955401327,197.88954227733467,0.0,0.0,0.0,0.0,9.036290562252117e-05,0.00014306945981603462,0.0006007592463004818,0.09241341886380476,0.09241341886380476,0.09241341886380476,0.09194262705651846,0.0,0.0,0.0,0.0,0.0,0.0,1.0,1.0,0.0,1.0,1.0,492417.83628756594,594.1242217744026,0.0,0.09241341886380476,0.09225814093908956,0.0922581409390895,0.375,0.375,0.5,9.009221344052882,3.979039320256561e-13,3.979039320256561e-13,3.979039320256561e-13,3.979039320256561e-13,3.979039320256561e-13,3.979039320256561e-13,26039.152855259512,19874.691348221677,0.7632618257090223,1.164666746393357,0.7339223571884107,41059.97430708969,25750.0,0.0,0.0,0.0,0.0,0.0,0.0,0.0,0.0,0.0,0.0,0.0,0.0,0.0,0.0,0.0,0.0,0.0,0.0,0.0,0.0,41059.97430708969,25750.0,1.0,0.0,0.0,6.0,0.9,167190.3635292044,27865.060588200733,262.0889744951647,262.0889744951647,-11.0610255048353,246.23232042145997,277.94562969499896,134121.70754775015,134267.5174529628,-145.80990521264766,0.0,nan,277.94562969499896,4.795629694998979,271.60296714593824,-1.5470328540617402,265.2603049309974,-7.889695069002585,258.9176431157698,-14.232356884230171,252.5749816618237,-20.575018338176278,246.23232042145997,-26.917679578540003,1.0,1.0,26022.01252070864,26022.01252070864,276.93528402534395,3.7852840253439695,276.93528402534395,276.93528402534395,75678.43651950125,76017.8430778835,-339.4065583822521,0.0,8546.071908451686,8546.071908451686,0.8680196515292606,4220.069351686453,276.93528402534395,3.7852840253439695,1.0,0.002,0.1582053145075738,0.005032377758989093,0.00024507852486166983,0.001751578885802704,0.12253926243083492,0.12253926243083492,0.0,-3.342589335626235e-06,0.9965475457938009,0.9965475457938009,0.0,0.09193962393234827,0.0003185170067412697,0.0,0.0,0.0,1601753.3437549118,268.0402216045958,0.0,1.0,1279615.8531981814,2618.032974290741,,,,,,,,,,,,,,,,,12.0,16243.107769423557
645.0,-28.942088598939648,4.951768962294679,34.96439662774693,24.458842200133972,6.616796256899153,-25.385687852288985,-38.96440921872852,3.1832234708624765,-5.095204401389026,-5.095204401389408,40.12129138198047,44025.42989885437,25870.95641148652,25870.95641148652,69896.3863103409,75296.87639983141,75817.9420539197,25870.95641148652,101688.89846540622,101688.89846540622,101688.89846540622,127757.94210348967,123765.43197518622,3992.510128303446,0.0,89787.21602797534,59034.127219127906,34170.09867649715,26069.043638083447,60239.142314580604,19902.621737665057,1450.0,0.0,0.8859930270451286,2.874596243980079,0.001494314312251686,1.0,1.0,-5.095204401389026,353341.84274185746,1559769.6136300322,4.414335991250151,1559769.6136300322,4.414335991250151,0.7634580698077448,0.09315766688308333,4.198667695945667,101325.0,128351.07116782667,1.2667265844345095,1.0,0.0,4.198667695945667,1.276895691951376,1.2771937762509333,3.288183774454735,6967.266846832524,16243.107769423557,6493.666797659317,0.00019471602194187033,21384.69212857117,2180.6317273045506,19410.004614385798,1979.2696399265599,0.9076588289271149,0.9076588289271148,37451.854911454226,35405.22815468563,1.0727719727605918,0.8,4520.042121742813,4273.035954225843,1.0727719727605918,0.8,17887.489023156744,17887.489023156744,1.0,0.8,4632.441516551485,4632.441516551485,5.584734598170504,4.951768962294679,-2.403158233579243,7.3549271958739215,3.5,3.5,1.0,0.6,0.0002334323654385558,0.8961628693201402,0.0002604798451598933,198.06047771354758,0.0,0.0,0.0,0.0,8.861448167031377e-05,0.000144817883768242,0.0006080421703729321,0.0924816917775221,0.0924816917775221,0.0924816917775221,0.09197416751675434,0.0,0.0,0.0,0.0,0.0,0.0,1.0,1.0,0.0,1.0,1.0,493863.04733796,593.6557297385033,0.0,0.0924816917775221,0.09315766688308334,0.0931576668830833,0.375,0.375,0.5,8.778186328259581,3.979039320256561e-13,3.979039320256561e-13,3.979039320256561e-13,3.979039320256561e-13,3.979039320256561e-13,3.979039320256561e-13,26069.043638083447,19902.621737665057,0.7634580698077448,1.160315097869891,0.7308442352805249,41059.97430708969,25750.0,0.0,0.0,0.0,0.0,0.0,0.0,0.0,0.0,0.0,0.0,0.0,0.0,0.0,0.0,0.0,0.0,0.0,0.0,0.0,0.0,41059.97430708969,25750.0,1.0,0.0,0.0,6.0,0.9,167190.3635292044,27865.060588200733,262.0108047240888,262.0108047240888,-11.139195275911163,246.04273393268156,277.97887592639404,134606.15635971312,135477.43717713072,-871.280817417613,0.0,nan,277.97887592639404,4.828875926394062,271.59164728801676,-1.5583527119832183,265.2044187514444,-7.945581248555584,258.817190353837,-14.332809646162957,252.42996209215937,-20.720037907840606,246.04273393268156,-27.10726606731842,1.0,1.0,26022.01252070864,26022.01252070864,276.92646703621443,3.7764670362144557,276.92646703621443,276.92646703621443,75756.59965593454,75817.9420539197,-61.34239798516501,0.0,8546.071908451686,8546.071908451686,0.8680455118464812,4219.661034425395,276.92646703621443,3.7764670362144557,1.0,0.002,0.176034539896311,0.004953017330251357,0.00027270631018099303,0.0017230306136466521,0.1363531550904965,0.1363531550904965,0.0,-4.263076172354892e-06,0.9872388958191541,0.9872388958191541,0.0,0.09196887219074376,0.0011887946923395606,0.0,0.0,0.0,1601770.1347337887,268.05479559861095,0.0,1.0,1279565.7058561067,2618.238131618961,,,,,,,,,,,,,,,,,14.0,16243.107769423557
660.0,-29.145667875787662,4.953125919645562,34.95770570773959,24.444075172673934,6.6236512705225925,-25.56821122146407,-39.13391417646778,3.168069888063586,-5.075888328388544,-5.075888328388872,40.119336691260706,43906.0991170784,25824.711688688665,25824.711688688665,69730.81080576706,75213.33745548372,75728.53956857955,25824.711688688665,101553.25125726822,101553.25125726822,101553.25125726822,127628.38012733217,123680.43398864601,3947.946138686172,0.0,89798.05274189035,59005.20429735971,34214.27604947849,26075.12887006395,60289.40491954244,19907.198858997934,1450.0,0.0,0.8860989546584419,2.876643555935557,0.001494314312251686,1.0,1.0,-5.075888328388544,353608.16130720265,1559685.1202826162,4.410772405582617,1559685.1202826162,4.410772405582617,0.763455435184935,0.09403353253448299,4.199098161584856,101325.0,128351.07116782667,1.2667265844345095,1.0,0.0,4.199098161584856,1.2769657182967444,1.277263818943568,3.288340557165262,6967.59905058272,16243.107769423557,6493.311732468793,0.00019463220751823074,21385.080625978528,2180.671343015049,19408.94330077036,1979.1614160564882,0.907592711022676,0.9075927110226761,37454.92666136167,35405.22815468563,1.0728819580002915,0.8,4520.412849414432,4273.035954225843,1.0728819580002915,0.8,17887.489023156744,17887.489023156744,1.0,0.8,4632.441516551485,4632.441516551485,5.574751801273313,4.953125919645562,-2.388654233499758,7.34178015314532,3.5,3.5,1.0,0.6,0.0002334323654385558,0.9152029786540566,0.00025506075797726655,198.22572481581855,0.0,0.0,0.0,0.0,8.69443486677687e-05,0.00014648801677078708,0.0006151175619164235,0.09244625975122707,0.09244625975122707,0.09244625975122707,0.09205067638835501,0.0,0.0,0.0,0.0,0.0,0.0,1.0,1.0,0.0,1.0,1.0,494726.4953429507,593.373472961242,0.0,0.09244625975122707,0.09403353253448322,0.09403353253448274,0.375,0.375,0.5,8.597622454776168,3.410605131648481e-13,3.410605131648481e-13,3.410605131648481e-13,3.410605131648481e-13,3.410605131648481e-13,3.410605131648481e-13,26075.12887006395,19907.198858997934,0.763455435184935,1.1566014111239677,0.7282556392067905,41059.97430708969,25750.0,0.0,0.0,0.0,0.0,0.0,0.0,0.0,0.0,0.0,0.0,0.0,0.0,0.0,0.0,0.0,0.0,0.0,0.0,0.0,0.0,41059.97430708969,25750.0,1.0,0.0,0.0,6.0,0.9,167190.3635292044,27865.060588200733,261.9171086643392,261.9171086643392,-11.232891335660781,245.8504791109308,277.9837385367201,135332.5683529644,136377.20967059556,-1044.6413176311557,0.0,nan,277.9837385367201,4.833738536720148,271.5570864640557,-1.5929135359442625,265.13043448600365,-8.019565513996326,258.703782600733,-14.44621739926697,252.2771307875917,-20.87286921240829,245.8504791109308,-27.299520889069186,1.0,1.0,26022.01252070864,26022.01252070864,276.9353218720176,3.7853218720176187,276.9353218720176,276.9353218720176,75675.4454249514,75728.53956857955,-53.094143628157326,0.0,8546.071908451686,8546.071908451686,0.868018112469209,4220.09365239278,276.9353218720176,3.7853218720176187,1.0,0.002,0.2058870110663253,0.004824135863508612,0.00031896543438138367,0.0016770016061095484,0.15948271719069182,0.15948271719069182,0.0,-4.032959509067853e-06,0.9788218642715364,0.9788218642715364,0.0,0.0920420776194408,0.0019914549150421793,0.0,0.0,0.0,1601792.3844160743,268.07411167161143,0.0,1.0,1279499.235186918,2618.5101040834043,,,,,,,,,,,,,,,,,16.0,16243.107769423557
675.0,-29.3421762102638,4.962732089812175,34.95016570533636,24.42564839674162,6.632433410498545,-25.744297769531443,-39.297489112336166,3.149158809618294,-5.037749636868227,-5.03774963686856,40.10338003874614,43791.64929132164,25751.240446202894,25751.240446202894,69542.88973752453,75108.11571061553,75570.88362252826,25751.240446202894,101322.12406873115,101322.12406873115,101322.12406873115,127404.82480979155,123401.34371176141,4003.4810980301354,0.0,89811.59635130278,58978.89177501382,34258.56064032107,26082.700741060406,60341.261381381475,19911.930739934884,1450.0,0.0,0.8863517570839463,2.8806892601373546,0.001494314312251686,1.0,1.0,-5.037749636868227,354134.45756306895,1558995.5083121634,4.402270027718263,1558995.5083121634,4.402270027718263,0.7634152205944205,0.09630204297963618,4.199635886870547,101325.0,128351.07116782667,1.2667265844345095,1.0,0.0,4.199635886870547,1.2770531192102133,1.2773512402603011,3.288536571969527,6968.014382431827,16243.107769423557,6492.8672813102185,0.00019452739465463558,21385.567408851704,2180.7209810538466,19407.614806514706,1979.0259473433546,0.9075099311361594,0.9075099311361594,37458.76371445533,35405.22815468563,1.0730193483958428,0.8,4520.875941072981,4273.035954225843,1.0730193483958428,0.8,17887.489023156744,17887.489023156744,1.0,0.8,4632.441516551485,4632.441516551485,5.558891645840532,4.962732089812175,-2.3581607164999476,7.3208928063121235,3.5,3.5,1.0,0.6,0.0002334323654385558,0.9339963394002403,0.000249928565660603,198.38549412276038,0.0,0.0,0.0,0.0,8.536027149400312e-05,0.00014807209394455267,0.0006218488795736104,0.09239109762124648,0.09239109762124648,0.09239109762124648,0.09220643505195128,0.0,0.0,0.0,0.0,0.0,0.0,1.0,1.0,0.0,1.0,1.0,495059.9573200971,593.2636590410292,0.0,0.09239109762124648,0.09630204297963649,0.09630204297963589,0.375,0.375,0.5,8.512662590203483,3.410605131648481e-13,3.410605131648481e-13,3.410605131648481e-13,3.410605131648481e-13,3.410605131648481e-13,3.410605131648481e-13,26082.700741060406,19911.930739934884,0.7634152205944205,1.1524931389482396,0.7257330769826055,41059.97430708969,25750.0,0.0,0.0,0.0,0.0,0.0,0.0,0.0,0.0,0.0,0.0,0.0,0.0,0.0,0.0,0.0,0.0,0.0,0.0,0.0,0.0,41059.97430708969,25750.0,1.0,0.0,0.0,6.0,0.9,167190.3635292044,27865.060588200733,261.82328344900276,261.82328344900276,-11.326716550997219,245.66284178651497,277.9837252917444,136129.07221863826,137175.1209786989,-1046.048760060646,0.0,nan,277.9837252917444,4.833725291744429,271.5195484859112,-1.6304515140888043,265.0553717291393,-8.094628270860653,258.5911950273835,-14.558804972616485,252.1270183733235,-21.022981626676483,245.66284178651497,-27.487158213485003,1.0,1.0,26022.01252070864,26022.01252070864,276.95501279621976,3.805012796219785,276.95501279621976,276.95501279621976,75542.50990064183,75570.88362252826,-28.37372188642621,0.0,8546.071908451686,8546.071908451686,0.8679838858568667,4220.6340663048995,276.95501279621976,3.805012796219785,1.0,0.002,0.26757707475013776,0.004555627831509141,0.0004145700147727728,0.0015814367396544268,0.2072850073863864,0.2072850073863864,0.0,-3.993245572800688e-06,0.9572852822398396,0.9572852822398396,0.0,0.09218852839403419,0.0041135145856020005,0.0,0.0,0.0,1601836.2995222912,268.11225036313175,0.0,1.0,1279367.970467254,2619.0473058507887,,,,,,,,,,,,,,,,,15.0,16243.107769423557
690.0,-29.52288295160204,4.977482401262006,34.94541428810809,24.449062859080755,6.665609192274283,-25.90223427726397,-39.44424397833643,3.1731873201649643,-5.01257461752391,-5.012574617524231,40.12831251315259,43657.9606622977,25724.396823374558,25724.396823374558,69382.35748567226,75054.70975513844,75537.4919467455,25724.396823374558,101261.88877012006,101261.88877012006,101261.88877012006,127362.55621175915,123350.5885438276,4011.967667931551,0.0,89794.40626074004,58938.835816397994,34283.96716038005,26100.667441639092,60384.63460201914,19927.602448198526,1450.0,0.0,0.8863897803772081,2.883362255590744,0.001494314312251686,1.0,1.0,-5.01257461752391,354482.19783605775,1560073.1371659455,4.400991493196096,1560073.1371659455,4.400991493196096,0.7634901480108317,0.09709541674319058,4.198953247718292,101325.0,128351.07116782667,1.2667265844345095,1.0,0.0,4.198953247718292,1.2769420692305093,1.2772401643565883,3.288287972412561,6967.487629801744,16243.107769423557,6493.430863472194,0.00019466032079640006,21384.95023957084,2180.658047301662,19409.29939131177,1979.1977271863248,0.9076148961710786,0.9076148961710786,37453.89258084871,35405.22815468563,1.0728449320802207,0.8,4520.288046851597,4273.035954225843,1.0728449320802207,0.8,17887.489023156744,17887.489023156744,1.0,0.8,4632.441516551485,4632.441516551485,5.553096942824331,4.977482401262006,-2.3357789557741153,7.313261357036121,3.5,3.5,1.0,0.6,0.0002334323654385558,0.9516463434548385,0.00024529318800417754,198.53264357232098,0.0,0.0,0.0,0.0,8.396182678027618e-05,0.00014947053865827962,0.0006276198037373856,0.09240960948407967,0.09240960948407967,0.09240960948407967,0.09229595272938564,0.0,0.0,0.0,0.0,0.0,0.0,1.0,1.0,0.0,1.0,1.0,495435.4588740859,593.1421028946455,0.0,0.09240960948407967,0.09709541674319087,0.0970954167431903,0.375,0.375,0.5,8.460026062710403,3.410605131648481e-13,3.410605131648481e-13,3.410605131648481e-13,3.410605131648481e-13,3.410605131648481e-13,3.410605131648481e-13,26100.667441639092,19927.602448198526,0.7634901480108317,1.1490068283588197,0.7229978445681919,41059.97430708969,25750.0,0.0,0.0,0.0,0.0,0.0,0.0,0.0,0.0,0.0,0.0,0.0,0.0,0.0,0.0,0.0,0.0,0.0,0.0,0.0,0.0,41059.97430708969,25750.0,1.0,0.0,0.0,6.0,0.9,167190.3635292044,27865.060588200733,261.7449238614047,261.7449238614047,-11.405076138595291,245.4887930994439,278.0010640009991,137004.51901066137,137879.88098050005,-875.3619698386508,0.0,nan,278.0010640009991,4.851064000999145,271.498597979385,-1.6514020206149667,264.9961472141903,-8.153852785809704,258.49369610827046,-14.656303891729522,251.99124476613937,-21.158755233860603,245.4887930994439,-27.661206900556067,1.0,1.0,26022.01252070864,26022.01252070864,276.97628056131435,3.826280561314377,276.97628056131435,276.97628056131435,75541.87506563321,75537.4919467455,4.383118887708406,0.0,8546.071908451686,8546.071908451686,0.868027336325286,4219.948013956883,276.97628056131435,3.826280561314377,1.0,0.002,0.3398828737927632,0.00423310205821335,0.000526624330804158,0.0014681131550520594,0.26331216540207897,0.26331216540207897,0.0,-5.262514143782905e-06,0.9503481309999705,0.9503481309999705,0.0,0.09227444783055441,0.004820968912636169,0.0,0.0,0.0,1601865.275961735,268.13742538247607,0.0,1.0,1279281.3081478556,2619.4020570464186,,,,,,,,,,,,,,,,,17.0,16243.107769423557
705.0,-29.677957141724352,4.991647988989837,34.95497366765714,24.57405753610658,6.794280119386045,-26.030052756386866,-39.563038491737075,3.301450913299907,-5.031193671788344,-5.0311936717887304,40.10467360785262,43480.32209881902,25808.817276504808,25808.817276504808,69289.13937532384,74973.89026633785,76221.59541375564,25808.817276504808,102030.41269026045,102030.41269026045,102030.41269026045,128115.88837685743,124311.02441208863,3804.8639647687924,0.0,89702.47696996025,58862.83090639197,34266.27340396475,26085.47568659698,60351.74909056173,19914.169387030488,1450.0,0.0,0.8863805244839226,2.8813851610220507,0.001494314312251686,1.0,1.0,-5.031193671788344,354224.9887259308,1559051.40498328,4.401302716081223,1559051.40498328,4.401302716081223,0.7634198289610881,0.09232328343866153,4.195299043171493,101325.0,128351.07116782667,1.2667265844345095,1.0,0.0,4.195299043171493,1.276349613746975,1.2766475705675688,3.286951316462085,6964.655416237003,16243.107769423557,6496.444726841525,0.00019537425198607654,21381.664583831058,2180.3230036588498,19418.30803061044,1980.1163527412969,0.9081756920504066,0.9081756920504065,37427.8144434737,35405.22815468563,1.0719112720469857,0.8,4517.140691942999,4273.035954225843,1.0719112720469857,0.8,17887.489023156744,17887.489023156744,1.0,0.8,4632.441516551485,4632.441516551485,5.5713206921860055,4.991647988989837,-2.345613496867962,7.337261485857799,3.5,3.5,1.0,0.6,0.0002334323654385558,0.967079788638878,0.00024137859996753889,198.65909459541746,0.0,0.0,0.0,0.0,8.28453613954413e-05,0.00015058700404311452,0.0006317575139761401,0.09238045129424287,0.09238045129424287,0.09238045129424287,0.09223170314114568,0.0,0.0,0.0,0.0,0.0,0.0,1.0,1.0,0.0,1.0,1.0,495426.08182056976,593.1439923794246,0.0,0.09238045129424287,0.09232328343866184,0.09232328343866122,0.375,0.375,0.5,8.43825921552415,3.979039320256561e-13,3.979039320256561e-13,3.979039320256561e-13,3.979039320256561e-13,3.979039320256561e-13,3.979039320256561e-13,26085.47568659698,19914.169387030488,0.7634198289610881,1.1480883391026657,0.7204484170553859,41059.97430708969,25750.0,0.0,0.0,0.0,0.0,0.0,0.0,0.0,0.0,0.0,0.0,0.0,0.0,0.0,0.0,0.0,0.0,0.0,0.0,0.0,0.0,41059.97430708969,25750.0,1.0,0.0,0.0,6.0,0.9,167190.3635292044,27865.060588200733,261.71665428986455,261.71665428986455,-11.433345710135427,245.34025975705208,278.09306467446953,138241.53333793895,138557.06989176403,-315.53655382508134,0.0,nan,278.09306467446953,4.943064674469554,271.5424949540834,-1.6075050459165823,264.99192868680694,-8.158071313193034,258.4413670827799,-14.708632917220086,251.89081058399543,-21.259189416004546,245.34025975705208,-27.809740242947896,1.0,1.0,26022.01252070864,26022.01252070864,277.0377103849833,3.887710384983336,277.0377103849833,277.0377103849833,75729.0572328249,76221.59541375564,-492.5381809307437,0.0,8546.071908451686,8546.071908451686,0.8682599259680149,4216.275538387351,277.0377103849833,3.887710384983336,1.0,0.002,0.3411674716027046,0.004231349549913817,0.00052859433121215,0.0014685122999706583,0.264297165606075,0.264297165606075,0.0,-2.893368817191537e-06,0.9990034304762325,0.9990034304762325,0.0,0.09223127686805241,9.200657060911668e-05,0.0,0.0,0.0,1601843.8463200598,268.11880632821163,0.0,1.0,1279345.403452803,2619.139677147992,,,,,,,,,,,,,,,,,9.0,16243.107769423557
720.0,-29.7227355243401,5.010994261469031,34.95888051827677,24.670507746655517,6.810736833266982,-26.031723224701643,-39.56458977246655,3.400406292160051,-5.0328343421551835,-5.032834342155507,40.09153770038843,43269.029957402054,25862.85865433318,25862.85865433318,69131.88861173524,75260.44437442915,76179.81955972608,25862.85865433318,102042.67821405925,102042.67821405925,102042.67821405925,128122.76798888773,124322.81276598953,3799.9552228982025,0.0,89631.45691435007,58822.82552171405,34231.81265848447,26080.08977482848,60311.90243331295,19909.07053705773,1450.0,0.0,0.886419806015265,2.881210995113978,0.001494314312251686,1.0,1.0,-5.0328343421551835,354202.3310448928,1558483.8570782507,4.399981932588477,1558483.8570782507,4.399981932588477,0.763381978702896,0.09226384798848931,4.192471231125924,101325.0,128351.07116782667,1.2667265844345095,1.0,0.0,4.192471231125924,1.2758929098090575,1.2761907600146207,3.2859115360656284,6962.4522463471385,16243.107769423557,6498.770314401626,0.00019592870611730146,21379.14656370314,2180.0662370639457,19425.2593674559,1980.8251918296157,0.9086078019800617,0.9086078019800617,37407.63071700277,35405.22815468563,1.0711887577337784,0.8,4514.70472998496,4273.035954225843,1.0711887577337784,0.8,17887.489023156744,17887.489023156744,1.0,0.8,4632.441516551485,4632.441516551485,5.582986544336602,5.010994261469031,-2.3416308001750865,7.352625061644117,3.5,3.5,1.0,0.6,0.0002334323654385558,0.9715863499973804,0.00024025900059133725,198.6956378847119,0.0,0.0,0.0,0.0,8.283087320766841e-05,0.0001506014922308874,0.0006313924235426297,0.09236048245938792,0.09236048245938792,0.09236048245938792,0.09223021534231886,0.0,0.0,0.0,0.0,0.0,0.0,1.0,1.0,0.0,1.0,1.0,495387.8211034449,593.1558520841721,0.0,0.09236048245938792,0.09226384798848962,0.09226384798848901,0.375,0.375,0.5,8.432996580593183,3.410605131648481e-13,3.410605131648481e-13,3.410605131648481e-13,3.410605131648481e-13,3.410605131648481e-13,3.410605131648481e-13,26080.08977482848,19909.07053705773,0.763381978702896,1.1462395617212469,0.717421076299902,41059.97430708969,25750.0,0.0,0.0,0.0,0.0,0.0,0.0,0.0,0.0,0.0,0.0,0.0,0.0,0.0,0.0,0.0,0.0,0.0,0.0,0.0,0.0,41059.97430708969,25750.0,1.0,0.0,0.0,6.0,0.9,167190.3635292044,27865.060588200733,261.6994021378496,261.6994021378496,-11.450597862150403,245.27480420819597,278.12396570204356,138437.88176786026,138638.5653169544,-200.68354909414978,0.0,nan,278.12396570204356,4.973965702043586,271.55418017516405,-1.595819824835928,264.98435249487926,-8.165647505120717,258.4144802649413,-14.735519735058688,251.84462998187314,-21.305370018126837,245.27480420819597,-27.875195791804003,1.0,1.0,26022.01252070864,26022.01252070864,277.0311814040012,3.881181404001211,277.0311814040012,277.0311814040012,76070.5128719505,76179.81955972608,-109.3066877755773,0.0,8546.071908451686,8546.071908451686,0.8684399121107762,4213.433587281554,277.0311814040012,3.881181404001211,1.0,0.002,0.34139668503508114,0.004231292963123113,0.0005289476694034135,0.0014685814299260393,0.26447383470170677,0.26447383470170677,0.0,-2.4709006705473345e-06,0.9996353876739503,0.9996353876739503,0.0,0.09223020745226394,3.364053622537659e-05,0.0,0.0,0.0,1601841.9577461486,268.1171656578448,0.0,1.0,1279351.0510652412,2619.1165599120163,,,,,,,,,,,,,,,,,20.0,16243.107769423557
735.0,-29.725046573213806,5.021862339451524,34.962003304425096,24.68599247457462,6.830023356008778,-26.001819430849153,-39.53679705793036,3.416291910925802,-5.029129811313624,-5.029129811313961,40.07860915723801,43134.39130372965,25881.304788221125,25881.304788221125,69015.69609195078,75236.26257946316,76190.60809596564,25881.304788221125,102071.91288418676,102071.91288418676,102071.91288418676,128148.56426361052,124351.38327150307,3797.18099210744,0.0,89620.046149699,58822.237363131404,34219.78754063066,26076.651379423758,60296.438920054425,19905.494019569218,1450.0,0.0,0.8864855931895231,2.8816042626252534,0.001494314312251686,1.0,1.0,-5.029129811313624,354253.4922837111,1557925.420999269,4.397770113587399,1557925.420999269,4.397770113587399,0.7633454821302708,0.09225981773901955,4.192016508520682,101325.0,128351.07116782667,1.2667265844345095,1.0,0.0,4.192016508520682,1.2758196241305637,1.276117457227987,3.2857438694575865,6962.09698092414,16243.107769423557,6499.143788683579,0.0001960180381107947,21378.743611228037,2180.0251473467533,19426.375707077557,1980.9390267907552,0.9086771449410571,0.9086771449410571,37404.38484527506,35405.22815468563,1.0710725747677496,0.8,4514.312987654287,4273.035954225843,1.0710725747677496,0.8,17887.489023156744,17887.489023156744,1.0,0.8,4632.441516551485,4632.441516551485,5.586968490751258,5.021862339451524,-2.3360068256433224,7.357869165094847,3.5,3.5,1.0,0.6,0.0002334323654385558,0.9718195512824271,0.00024020134718478865,198.69752427854158,0.0,0.0,0.0,0.0,8.309079852220245e-05,0.00015034156691635334,0.00063023433043022,0.0923379600717443,0.0923379600717443,0.0923379600717443,0.09224965015601043,0.0,0.0,0.0,0.0,0.0,0.0,1.0,1.0,0.0,1.0,1.0,495352.2029893472,593.1668577414713,0.0,0.0923379600717443,0.09225981773901985,0.09225981773901924,0.375,0.375,0.5,8.427395648810357,3.410605131648481e-13,3.410605131648481e-13,3.410605131648481e-13,3.410605131648481e-13,3.410605131648481e-13,3.410605131648481e-13,26076.651379423758,19905.494019569218,0.7633454821302708,1.144606502938872,0.7153721194201947,41059.97430708969,25750.0,0.0,0.0,0.0,0.0,0.0,0.0,0.0,0.0,0.0,0.0,0.0,0.0,0.0,0.0,0.0,0.0,0.0,0.0,0.0,0.0,41059.97430708969,25750.0,1.0,0.0,0.0,6.0,0.9,167190.3635292044,27865.060588200733,261.7020786970565,261.7020786970565,-11.447921302943485,245.2588893545436,278.1452406498676,138612.69927860293,138597.47773509021,15.221543512705573,0.0,nan,278.1452406498676,4.99524064986764,271.56802738492445,-1.5819726150755287,264.99073963785304,-8.159260362146938,258.413429763283,-14.736570236717,251.83614539186712,-21.313854608132857,245.2588893545436,-27.891110645456365,1.0,1.0,26022.01252070864,26022.01252070864,277.0361483319247,3.886148331924744,277.0361483319247,277.0361483319247,76103.27996418843,76190.60809596564,-87.32813177720527,0.0,8546.071908451686,8546.071908451686,0.8684688542301199,4212.976591063286,277.0361483319247,3.886148331924744,1.0,0.002,0.341513860643596,0.004231262550880344,0.0005291332782771372,0.00146837045105753,0.2645666391385686,0.2645666391385686,0.0,-2.4962706653328635e-06,0.9998896596715647,0.9998896596715647,0.0,0.09224963776042884,1.0179978590701154e-05,0.0,0.0,0.0,1601846.2219722867,268.12087018868635,0.0,1.0,1279338.299035458,2619.1687578963915,,,,,,,,,,,,,,,,,12.0,16243.107769423557
750.0,-29.889431473229664,5.016655236681616,34.96027071664637,24.480344296339922,6.701048597377914,-26.229753740807585,-39.7486912907101,3.2052893953401043,-5.0440752862128875,-5.04407528621323,40.19480294319755,43420.30507483945,25906.381096454224,25906.381096454224,69326.68617129368,75020.83620118139,75815.93491194615,25906.381096454224,101722.31600840038,101722.31600840038,101722.31600840038,127836.17435108138,124091.51242245971,3744.6619286216746,0.0,89771.4080299044,58862.54126507872,34343.185294250754,26113.858342681004,60457.04363693176,19942.555921680192,1450.0,0.0,0.8859874216678392,2.8800179325817368,0.001494314312251686,1.0,1.0,-5.0440752862128875,354047.12403802667,1562949.7321605696,4.414524581740989,1562949.7321605696,4.414524581740989,0.7636771119756626,0.09275803833551693,4.198039729650825,101325.0,128351.07116782667,1.2667265844345095,1.0,0.0,4.198039729650825,1.27679373666054,1.2770917971591935,3.2879545138048822,6966.781071026009,16243.107769423557,6494.185317489889,0.00019483854983661463,21384.12540401832,2180.5739374830673,19411.554504858723,1979.4276847709182,0.9077553623591765,0.9077553623591765,37447.37370817009,35405.22815468563,1.0726115255211983,0.8,4519.50128798042,4273.035954225843,1.0726115255211983,0.8,17887.489023156744,17887.489023156744,1.0,0.8,4632.441516551485,4632.441516551485,5.592381685530623,5.016655236681616,-2.348342942836288,7.364998179517904,3.5,3.5,1.0,0.6,0.0002334323654385558,0.9885630708834366,0.00023613300184271223,198.83179541364476,0.0,0.0,0.0,0.0,8.112799292592158e-05,0.0001523043725126342,0.0006393798068075774,0.09250406858530628,0.09250406858530628,0.09250406858530628,0.0921470542116911,0.0,0.0,0.0,0.0,0.0,0.0,1.0,1.0,0.0,1.0,1.0,496713.722534709,592.7271392184259,0.0,0.09250406858530628,0.0927580383355171,0.09275803833551678,0.375,0.375,0.5,8.262502142087925,3.410605131648481e-13,3.410605131648481e-13,3.410605131648481e-13,3.410605131648481e-13,3.410605131648481e-13,3.410605131648481e-13,26113.858342681004,19942.555921680192,0.7636771119756626,1.146709829008967,0.7182009318152472,41059.97430708969,25750.0,0.0,0.0,0.0,0.0,0.0,0.0,0.0,0.0,0.0,0.0,0.0,0.0,0.0,0.0,0.0,0.0,0.0,0.0,0.0,0.0,41059.97430708969,25750.0,1.0,0.0,0.0,6.0,0.9,167190.3635292044,27865.060588200733,261.5895621555015,261.5895621555015,-11.560437844498495,245.12904646193746,278.0500710089356,138311.66684056912,139565.7280751345,-1254.0612345653662,0.0,nan,278.0500710089356,4.90007100893564,271.4658799723637,-1.6841200276362542,264.88167078316303,-8.268329216836946,258.2974565144584,-14.85254348554156,251.71324819215081,-21.436751807849163,245.12904646193746,-28.020953538062514,1.0,1.0,26022.01252070864,26022.01252070864,276.97736129004204,3.827361290042063,276.97736129004204,276.97736129004204,75641.10889387617,75815.93491194615,-174.82601806998719,0.0,8546.071908451686,8546.071908451686,0.8680854821226807,4219.029928299079,276.97736129004204,3.827361290042063,1.0,0.002,0.35071585971590596,0.00418084081754261,0.000543373806782608,0.0014516718004581226,0.271686903391304,0.271686903391304,0.0,-4.954392759269274e-06,0.9933767045437613,0.9933767045437613,0.0,0.09214367444167969,0.0006143638938372484,0.0,0.0,0.0,1601829.017258881,268.1059247137871,0.0,1.0,1279389.743887957,2618.9581872392628,,,,,,,,,,,,,,,,,15.0,16243.107769423557
765.0,-30.022574661437908,5.018228995171231,34.96115084081161,24.54421673845502,6.769162532097233,-26.342635826086553,-39.85365744503213,3.2708319398859027,-5.035408994387922,-5.035408994388309,40.10680384289949,43287.04739951084,25888.117823115812,25888.117823115812,69175.16522262665,74969.57883354083,76010.89451743213,25888.117823115812,101899.01234054794,101899.01234054794,101899.01234054794,127983.78790875003,124277.26387986315,3706.524028886882,0.0,89724.43517254032,58814.40358481474,34344.47954191732,26084.77556820209,60429.25511011941,19913.779055184834,1450.0,0.0,0.8863512810213467,2.8809376988120663,0.001494314312251686,1.0,1.0,-5.035408994387922,354166.77735392377,1559143.458293028,4.402286035810056,1559143.458293028,4.402286035810056,0.7634253552658572,0.09236910928045644,4.196172513000893,101325.0,128351.07116782667,1.2667265844345095,1.0,0.0,4.196172513000893,1.276490994245022,1.2767889840701183,3.2872715372995724,6965.333925766191,16243.107769423557,6495.725201591652,0.0001952033362403156,21382.446716513543,2180.4027589965526,19416.15732148794,1979.8970414451358,0.908041889635247,0.9080418896352469,37434.04835161927,35405.22815468563,1.0721344461631312,0.8,4517.89305861396,4273.035954225843,1.0721344461631312,0.8,17887.489023156744,17887.489023156744,1.0,0.8,4632.441516551485,4632.441516551485,5.588439213019494,5.018228995171231,-2.341577066837529,7.35980606200876,3.5,3.5,1.0,0.6,0.0002334323654385558,1.0023525653664789,0.00023288448945427555,198.94085629333853,0.0,0.0,0.0,0.0,8.017163434224224e-05,0.00015326073109631354,0.0006431084671487721,0.09235829710367291,0.09235829710367291,0.09235829710367291,0.09221433766336465,0.0,0.0,0.0,0.0,0.0,0.0,1.0,1.0,0.0,1.0,1.0,496521.69636122236,592.7856055935923,0.0,0.09235829710367291,0.0923691092804565,0.09236910928045637,0.375,0.375,0.5,8.213937678524507,3.979039320256561e-13,3.979039320256561e-13,3.979039320256561e-13,3.979039320256561e-13,3.979039320256561e-13,3.979039320256561e-13,26084.77556820209,19913.779055184834,0.7634253552658572,1.144729735565492,0.7163260132965307,41059.97430708969,25750.0,0.0,0.0,0.0,0.0,0.0,0.0,0.0,0.0,0.0,0.0,0.0,0.0,0.0,0.0,0.0,0.0,0.0,0.0,0.0,0.0,41059.97430708969,25750.0,1.0,0.0,0.0,6.0,0.9,167190.3635292044,27865.060588200733,261.5385948389032,261.5385948389032,-11.611405161096798,245.00442643403375,278.072764480543,139356.51842536475,139924.99923220568,-568.4808068409266,0.0,nan,278.072764480543,4.922764480543037,271.4590984464302,-1.6909015535698018,264.8454290128386,-8.304570987161355,258.2317591304643,-14.91824086953568,251.61809152910917,-21.531908470890812,245.00442643403375,-28.14557356596623,1.0,1.0,26022.01252070864,26022.01252070864,277.00884035568566,3.858840355685686,277.00884035568566,277.00884035568566,75736.41981881586,76010.89451743213,-274.4746986162645,0.0,8546.071908451686,8546.071908451686,0.8682043302097996,4217.1533755658975,277.00884035568566,3.858840355685686,1.0,0.002,0.3530193960476074,0.0041777642701814775,0.0005469525596675561,0.0014501404427815804,0.27347627983377804,0.27347627983377804,0.0,-2.90699755086353e-06,0.998323124989137,0.998323124989137,0.0,0.09221421782932837,0.00015489145112807095,0.0,0.0,0.0,1601838.993988115,268.11459100561206,0.0,1.0,1279359.9135788765,2619.0802837775345,,,,,,,,,,,,,,,,,9.0,16243.107769423557
780.0,-30.163996315152293,5.022296759343027,34.959297630931324,24.49195854077118,6.727601059028362,-26.473828063024996,-39.97641509687526,3.2171791586146625,-5.0391700918027595,-5.03917009180308,40.185448424406395,43196.684773213616,25908.277141701226,25908.277141701226,69104.96191491483,74951.80892472561,75777.19131479574,25908.277141701226,101685.46845649696,101685.46845649696,101685.46845649696,127797.64805580964,124132.83757032237,3664.810485487265,0.0,89763.0663230001,58806.95709476118,34395.67692026546,26112.17959931267,60507.85651957813,19940.58820980671,1450.0,0.0,0.8860465060414919,2.8805384995519523,0.001494314312251686,1.0,1.0,-5.0391700918027595,354114.84492885985,1562544.7827673922,4.4125367946133425,1562544.7827673922,4.4125367946133425,0.7636508524294766,0.09272162620606036,4.197708256722426,101325.0,128351.07116782667,1.2667265844345095,1.0,0.0,4.197708256722426,1.276739931195586,1.277037279602086,3.287833453122703,6966.524557967356,16243.107769423557,6494.458793005539,0.00019490323489692636,21383.82680102861,2180.543488452082,19412.371941475983,1979.5110401080883,0.9078062650854527,0.9078062650854526,37445.00824439433,35405.22815468563,1.072526833210907,0.8,4519.215801562479,4273.035954225843,1.072526833210907,0.8,17887.489023156744,17887.489023156744,1.0,0.8,4632.441516551485,4632.441516551485,5.59279098271014,5.022296759343027,-2.3432404522280383,7.365537211571066,3.5,3.5,1.0,0.6,0.00023288448945427555,1.014839539794522,0.00022947912484906575,199.0577324847096,0.0,7.266327830351249e-06,20.59277307121544,0.00010899491745526873,7.906640111539382e-05,0.00015381808833888174,0.0006456834594533834,0.09246552702694755,0.09246552702694755,0.09246552702694755,0.09216985608755089,0.0,0.0,0.0,0.0,0.0,0.0,1.0,1.0,0.0,1.0,1.0,497512.82621175697,592.4649745355475,0.0,0.09246552702694755,0.0927216262060604,0.09272162620606034,0.375,0.375,0.5,8.088033179897847,3.410605131648481e-13,3.410605131648481e-13,3.410605131648481e-13,3.410605131648481e-13,3.410605131648481e-13,3.410605131648481e-13,26112.17959931267,19940.58820980671,0.7636508524294766,1.142082464820994,0.7139020824384474,41059.97430708969,25750.0,0.0,0.0,0.0,0.0,0.0,0.0,0.0,0.0,0.0,0.0,0.0,0.0,0.0,0.0,0.0,0.0,0.0,0.0,0.0,0.0,41080.5670801609,25750.0,1.0,0.0,0.0,6.0,0.9,167190.3635292044,27865.060588200733,261.45656451982285,261.45656451982285,-11.69343548017713,244.87069595268784,278.0424474928494,139611.0181768019,140531.01651160914,-919.9983348072005,0.0,nan,278.0424474928494,4.892447492849442,271.40808881837137,-1.741911181628609,264.7737342747134,-8.3762657252866,258.1393839655593,-15.010616034440659,251.50503661475597,-21.64496338524401,244.87069595268784,-28.279304047312138,1.0,1.0,26022.01252070864,26022.01252070864,276.97773298677447,3.8277329867744925,276.97773298677447,276.97773298677447,75678.14795688218,75777.19131479574,-99.04335791355697,0.0,8546.071908451686,8546.071908451686,0.868106580429903,4218.696798006038,276.97773298677447,3.8277329867744925,1.0,0.002,0.3612896149022681,0.004141206674736855,0.0005597617073356973,0.0014376501738758189,0.27988085366784865,0.27988085366784865,0.0,-2.5881187884838064e-06,0.9940228025625764,0.9940228025625764,0.0,0.09216741073950775,0.0005542154665526169,0.0,0.0,0.0,1601834.664305526,268.1108299081972,0.0,1.0,1279372.8598616903,2619.02729318743,,,,,,,,,,,,,,,,,13.0,16243.107769423557
795.0,-30.293860916618478,5.0234287239502455,34.95723947872132,24.492587008886062,6.73284078961343,-26.590489614558212,-40.08956827512009,3.217647452753581,-5.024469310177096,-5.0244693101775,40.22733358496937,43101.392983391925,25873.33743787894,25873.33743787894,68974.73042127087,74932.40631572746,75725.49228643568,25873.33743787894,101598.82972431462,101598.82972431462,101598.82972431462,127731.46140457048,124114.53122102768,3616.930183542804,0.0,89763.80604726991,58763.58108821624,34444.69439894852,26132.63168025586,60577.32607920439,19959.421078777537,1450.0,0.0,0.8859694993687134,2.8820990747432287,0.001494314312251686,1.0,1.0,-5.024469310177096,354317.8641397914,1564358.5742430063,4.41512758054392,1564358.5742430063,4.41512758054392,0.7637738641476968,0.09305948799992472,4.197737701876521,101325.0,128351.07116782667,1.2667265844345095,1.0,0.0,4.197737701876521,1.2767447558136173,1.277037757336003,3.2878440915948577,6966.547099613269,16243.107769423557,6494.434769818254,0.00019489755098751145,21383.853023294585,2180.546162379058,19412.300134561556,1979.5037178406037,0.9078017938775903,0.9078017938775902,37445.218373006806,35405.22815468563,1.0725343565345742,0.8,4519.241161859896,4273.035954225843,1.0725343565345742,0.8,17887.489023156744,17887.489023156744,1.0,0.8,4632.441516551485,4632.441516551485,5.5852485876907005,5.0234287239502455,-2.332175380635097,7.355604104585343,3.5,3.5,1.0,0.6,0.00022947912484906575,1.0136338791223656,0.00022639251664294767,199.1651644371722,0.0,4.519094377311663e-05,128.07113465301254,0.0007868590740520182,7.806013330021419e-05,0.00015141899154885155,0.0006356172096047366,0.09250515806535602,0.09250515806535602,0.09250515806535602,0.0922117756370682,0.0,0.0,0.0,0.0,0.0,0.0,1.0,1.0,0.0,1.0,1.0,498377.8790768373,592.1835994034535,0.0,0.09250515806535602,0.0930594879999248,0.09305948799992463,0.375,0.375,0.5,7.951386593427774,3.979039320256561e-13,3.979039320256561e-13,3.979039320256561e-13,3.979039320256561e-13,3.979039320256561e-13,3.979039320256561e-13,26132.63168025586,19959.421078777537,0.7637738641476968,1.1386228954887665,0.711510325283047,41059.97430708969,25750.0,0.0,0.0,0.0,0.0,0.0,0.0,0.0,0.0,0.0,0.0,0.0,0.0,0.0,0.0,0.0,0.0,0.0,0.0,0.0,0.0,41188.0454417427,25750.0,1.0,0.0,0.0,6.0,0.9,167190.3635292044,27865.060588200733,261.38958307400895,261.38958307400895,-11.760416925991024,244.74514133112152,278.0340282883558,140211.70694388176,140958.2356027675,-746.5286588857637,0.0,nan,278.0340282883558,4.8840282883558075,271.3762488727623,-1.7737511272376878,264.71847046501455,-8.43152953498543,258.06069307741836,-15.089306922581613,251.40291640938102,-21.747083590618956,244.74514133112152,-28.40485866887846,1.0,1.0,26022.01252070864,26022.01252070864,276.9863843191427,3.8363843191427236,276.9863843191427,276.9863843191427,75649.13331616786,75725.49228643568,-76.35897026781458,0.0,8546.071908451686,8546.071908451686,0.8681047062426628,4218.726390385904,276.9863843191427,3.8363843191427236,1.0,0.002,0.3740531525856311,0.00407859255858384,0.0005795544628644019,0.0014151465486824768,0.28977723143220097,0.28977723143220097,0.0,-5.298988453121371e-06,0.990845524141341,0.990845524141341,0.0,0.09220757716361024,0.0008519108363144803,0.0,0.0,0.0,1601851.5863181993,268.1255306898229,0.0,1.0,1279322.2559068955,2619.2344294418112,,,,,,,,,,,,,,,,,21.0,16243.107769423557
810.0,-30.436506732695946,5.001192497307689,34.94777821577392,24.168873961921804,6.499452799105287,-26.741025900025967,-40.233828966133274,2.8852119889027623,-5.084575220668455,-5.084575220668877,40.112240736882306,43180.288212271764,25970.851873789656,25970.851873789656,69151.14008606142,74718.96060611526,75233.75667553689,25970.851873789656,101204.60854932654,101204.60854932654,101204.60854932654,127274.09173506213,123699.7895163842,3574.302218677924,0.0,90002.5578424234,58847.43745312168,34616.80043255746,26069.483185735597,60686.283618293055,19902.32421506159,1450.0,0.0,0.8860803136949882,2.8757226891586263,0.001494314312251686,1.0,1.0,-5.084575220668455,353488.3720996017,1559378.4200414885,4.411399477666851,1559378.4200414885,4.411399477666851,0.7634337847537966,0.09374464565524662,4.2072018988603155,101325.0,128351.07116782667,1.2667265844345095,1.0,0.0,4.2072018988603155,1.278288710059948,1.2785781201242155,3.2912767403406153,6973.8204703989695,16243.107769423557,6486.590813383448,0.00019305923634601284,21392.49791335284,2181.427695834239,19388.85402386036,1977.1128799192752,0.9063389465967021,0.9063389465967021,37512.74219075383,35405.22815468563,1.074952486761623,0.8,4527.39057131262,4273.035954225843,1.074952486761623,0.8,17887.489023156744,17887.489023156744,1.0,0.8,4632.441516551485,4632.441516551485,5.6062989205577844,5.001192497307689,-2.3821342614100525,7.383326758717741,3.5,3.5,1.0,0.6,0.00022639251664294767,1.015002607563901,0.00022304624141440427,199.2832881664773,0.0,4.0982988728308856e-05,116.1457900560273,0.001401603904976651,7.679439665399468e-05,0.000149598119988953,0.0006293894944834563,0.0923415730311652,0.0923415730311652,0.0923415730311652,0.09201927340475116,0.0,0.0,0.0,0.0,0.0,0.0,1.0,1.0,0.0,1.0,1.0,498547.8089118611,592.1221180008434,0.0,0.0923415730311652,0.09374464565524673,0.09374464565524653,0.375,0.375,0.5,7.8008947012590175,3.979039320256561e-13,3.979039320256561e-13,3.979039320256561e-13,3.979039320256561e-13,3.979039320256561e-13,3.979039320256561e-13,26069.483185735597,19902.32421506159,0.7634337847537966,1.1394854975963093,0.7115329138272631,41059.97430708969,25750.0,0.0,0.0,0.0,0.0,0.0,0.0,0.0,0.0,0.0,0.0,0.0,0.0,0.0,0.0,0.0,0.0,0.0,0.0,0.0,0.0,41176.120097145715,25750.0,1.0,0.0,0.0,6.0,0.9,167190.3635292044,27865.060588200733,261.22948389761876,261.22948389761876,-11.920516102381214,244.6029240335965,277.8560434938736,139664.73808257323,141448.50561029202,-1783.767527718771,0.0,nan,277.8560434938736,4.706043493873608,271.20541902188273,-1.9445809781172443,264.55479657554895,-8.595203424451029,257.9041722351552,-15.245827764844762,251.25354802565533,-21.896451974344643,244.6029240335965,-28.54707596640347,1.0,1.0,26022.01252070864,26022.01252070864,276.86873903662564,3.7187390366256636,276.86873903662564,276.86873903662564,75011.21922447128,75233.75667553689,-222.5374510656111,0.0,8546.071908451686,8546.071908451686,0.8675022925875965,4228.2379083546175,276.86873903662564,3.7187390366256636,1.0,0.002,0.40005068385538356,0.003960659678475739,0.0006197576211008113,0.0013772745520307947,0.3098788105504056,0.3098788105504056,0.0,-2.9678268683940544e-06,0.9815110989074597,0.9815110989074597,0.0,0.09201141017377153,0.0017332354814750936,0.0,0.0,0.0,1601782.3788789324,268.0654247793315,0.0,1.0,1279529.1295142076,2618.3877830447705,,,,,,,,,,,,,,,,,17.0,16243.107769423557
825.0,-30.56528065545758,4.980824190070577,34.943062876664015,24.210889578703814,6.519870932193216,-26.85572129601231,-40.345118882227666,2.9281740239982246,-5.116749548366499,-5.116749548366904,40.012900871589565,43069.95756507965,26001.25237647651,26001.25237647651,69071.20994155615,74788.98779439494,75328.35864204483,26001.25237647651,101329.61101852133,101329.61101852133,101329.61101852133,127351.49980816782,123884.18243699495,3467.317371172875,0.0,89972.928396247,58787.80483741463,34650.137287591526,26021.888789646484,60672.02607723801,19858.4838623147,1450.0,0.0,0.8862767723567997,2.8723140301351213,0.001494314312251686,1.0,1.0,-5.116749548366499,353044.97677044955,1555089.5513986615,4.404791609341558,1555089.5513986615,4.404791609341558,0.7631453666889829,0.09236465489492232,4.206029937710904,101325.0,128351.07116782667,1.2667265844345095,1.0,0.0,4.206029937710904,1.2780966626518975,1.2783817521499456,3.29085433098925,6972.925435671161,16243.107769423557,6487.566144017198,0.00019328591566174786,21391.414166969535,2181.317184458458,19391.769352393763,1977.410160696442,0.906521149141069,0.9065211491410688,37504.38229697196,35405.22815468563,1.0746530472333489,0.8,4526.381620698113,4273.035954225843,1.0746530472333489,0.8,17887.489023156744,17887.489023156744,1.0,0.8,4632.441516551485,4632.441516551485,5.612861443274637,4.980824190070577,-2.411145213334259,7.391969403404836,3.5,3.5,1.0,0.6,0.00022304624141440427,1.0135490039508532,0.00022006458547634241,199.3900314624958,0.0,4.445711537694391e-05,125.99146497825905,0.0020684606356308095,7.583093946727311e-05,0.00014721530194713116,0.0006191919672787839,0.09219133877240063,0.09219133877240063,0.09219133877240063,0.09193057889441197,0.0,0.0,0.0,0.0,0.0,0.0,1.0,1.0,0.0,1.0,1.0,498645.5569379569,592.0850955603385,0.0,0.09219133877240063,0.09236465489492239,0.09236465489492227,0.375,0.375,0.5,7.681104532116852,3.979039320256561e-13,3.979039320256561e-13,3.979039320256561e-13,3.979039320256561e-13,3.979039320256561e-13,3.979039320256561e-13,26021.888789646484,19858.4838623147,0.7631453666889829,1.1384358559845296,0.7098816431521472,41059.97430708969,25750.0,0.0,0.0,0.0,0.0,0.0,0.0,0.0,0.0,0.0,0.0,0.0,0.0,0.0,0.0,0.0,0.0,0.0,0.0,0.0,0.0,41185.965772067946,25750.0,1.0,0.0,0.0,6.0,0.9,167190.3635292044,27865.060588200733,261.15087273338673,261.15087273338673,-11.999127266613243,244.47683241108203,277.82491531859756,140647.05362436885,141523.04177600233,-875.9881516334651,0.0,nan,277.82491531859756,4.674915318597584,271.15529727964133,-1.9947027203586458,264.48568029722486,-8.664319702775117,257.81606355206486,-15.333936447935116,251.14644754170942,-22.003552458290557,244.47683241108203,-28.67316758891795,1.0,1.0,26022.01252070864,26022.01252070864,276.8476343520948,3.6976343520948376,276.8476343520948,276.8476343520948,75228.25375279612,75328.35864204483,-100.10488924870151,0.0,8546.071908451686,8546.071908451686,0.8675768917685003,4227.060087399458,276.8476343520948,3.6976343520948376,1.0,0.002,0.4065810464534163,0.003933121736344607,0.0006298324735573853,0.001369321632342402,0.3149162367786927,0.3149162367786927,0.0,-8.458941002128899e-07,0.9952804754592327,0.9952804754592327,0.0,0.09192873763944623,0.00043591725547608795,0.0,0.0,0.0,1601745.3110688056,268.0332504516335,0.0,1.0,1279639.8386178864,2617.934855773174,,,,,,,,,,,,,,,,,13.0,16243.107769423557
840.0,-30.713318710713864,4.934505181846345,34.932385265333174,23.8624095794745,6.259656635399079,-27.015578206366172,-40.497974830772705,2.5701629696155908,-5.211753513364954,-5.2117535133654265,39.84630488584,43168.78050746191,26126.61614017031,26126.61614017031,69295.39664763222,74594.29216442037,74875.8417654487,26126.61614017031,101002.45790561901,101002.45790561901,101002.45790561901,126930.1443928216,123548.68002806207,3381.4643647595417,0.0,90229.07208561819,58879.03625353269,34833.37314676166,25927.686487202587,60761.05963396425,19773.99256890791,1450.0,0.0,0.886396555923738,2.8622676017356965,0.001494314312251686,1.0,1.0,-5.211753513364954,351738.2713985289,1547917.0071786994,4.40076367301205,1547917.0071786994,4.40076367301205,0.7626593517577427,0.09195405896417616,4.216139226863367,101325.0,128351.07116782667,1.2667265844345095,1.0,0.0,4.216139226863367,1.279762350589671,1.280043995622828,3.2944704342339137,6980.587524526108,16243.107769423557,6479.122543811602,0.00019134123803348933,21400.875832258713,2182.2820058081725,19366.53086633351,1974.8365513537763,0.9049410415783674,0.9049410415783674,37576.4790933204,35405.22815468563,1.0772360004110362,0.8,4535.082940221754,4273.035954225843,1.0772360004110362,0.8,17887.489023156744,17887.489023156744,1.0,0.8,4632.441516551485,4632.441516551485,5.639923579568397,4.934505181846345,-2.493104239666181,7.427609421512526,3.5,3.5,1.0,0.6,0.00022006458547634241,1.0156094810230987,0.00021668228742277498,199.51286874826988,0.0,3.963416475336611e-05,112.32322291103955,0.0026629731069313014,7.452584748058856e-05,0.00014553873799575385,0.0006136115822920878,0.09196692616609504,0.09196692616609504,0.09196692616609504,0.09162141666748026,0.0,0.0,0.0,0.0,0.0,0.0,1.0,1.0,0.0,1.0,1.0,498588.6160748125,592.0954485017562,0.0,0.09196692616609504,0.09195405896417616,0.09195405896417616,0.375,0.375,0.5,7.52581215458321,4.547473508864641e-13,4.547473508864641e-13,4.547473508864641e-13,4.547473508864641e-13,4.547473508864641e-13,4.547473508864641e-13,25927.686487202587,19773.99256890791,0.7626593517577427,1.1404573433228515,0.7104678681958239,41059.97430708969,25750.0,0.0,0.0,0.0,0.0,0.0,0.0,0.0,0.0,0.0,0.0,0.0,0.0,0.0,0.0,0.0,0.0,0.0,0.0,0.0,0.0,41172.297530000724,25750.0,1.0,0.0,0.0,6.0,0.9,167190.3635292044,27865.060588200733,260.9757190248674,260.9757190248674,-12.174280975132604,244.32953128282054,277.6219073546596,140020.15785670312,141972.5720915904,-1952.4142348873077,0.0,nan,277.6219073546596,4.471907354659606,270.9634315771658,-2.1865684228341706,264.30495617954654,-8.84504382045344,257.646481423771,-15.503518576228998,250.98800633124054,-22.161993668759436,244.32953128282054,-28.820468717179438,1.0,1.0,26022.01252070864,26022.01252070864,276.6996801098878,3.549680109887845,276.6996801098878,276.6996801098878,74616.52502702775,74875.8417654487,-259.3167384209519,0.0,8546.071908451686,8546.071908451686,0.866933388645599,4237.219922997684,276.6996801098878,3.549680109887845,1.0,0.002,0.4115902268079699,0.003916318319985571,0.0006374667700164476,0.0013682572229132915,0.3187333850082238,0.3187333850082238,0.0,5.723992929738877e-06,0.9963703317244726,0.9963703317244726,0.0,0.09162029623354792,0.00033376273062824186,0.0,0.0,0.0,1601635.7703024705,267.938246486635,0.0,1.0,1279966.6208796166,2616.5985856240263,,,,,,,,,,,,,,,,,29.0,16243.107769423557
855.0,-30.855574975589217,4.890944090604426,34.9227259104844,23.80828857365998,6.209794766663925,-27.14885672142269,-40.626663726847596,2.514392206329047,-5.250043495671548,-5.250043495671957,39.77483923650843,43101.97120795581,26113.043034661685,26113.043034661685,69215.0142426175,74604.12821522828,74736.05656549263,26113.043034661685,100849.09960015432,100849.09960015432,100849.09960015432,126737.25061841456,123436.9870716042,3300.2635468103535,0.0,90269.80333131026,58854.03540734912,34906.408804401275,25888.151018260236,60794.55982266151,19738.491884608975,1450.0,0.0,0.8864605983154188,2.8582263887542547,0.001494314312251686,1.0,1.0,-5.250043495671548,351212.6972141435,1544847.8350981255,4.398610435647751,1544847.8350981255,4.398610435647751,0.7624527480037646,0.09168659486484523,4.217742085443304,101325.0,128351.07116782667,1.2667265844345095,1.0,0.0,4.217742085443304,1.2800282230809155,1.2803055969638757,3.2950383510228938,6981.790872053809,16243.107769423557,6477.776785487993,0.00019103497505097345,21402.400028882395,2182.437430609066,19362.508304646097,1974.4263642167405,0.9046886460638303,0.9046886460638303,37587.90708262674,35405.22815468563,1.0776455355029693,0.8,4536.46217746257,4273.035954225843,1.0776455355029693,0.8,17887.489023156744,17887.489023156744,1.0,0.8,4632.441516551485,4632.441516551485,5.636993568372331,4.890944090604426,-2.5328065944450926,7.423750685049519,3.5,3.5,1.0,0.6,0.00021668228742277498,1.0150133150210412,0.00021347728568297958,199.63103542058695,0.0,4.4987465841928605e-05,127.49447819602567,0.0033377850945602305,7.3443231450453e-05,0.00014323905597232197,0.0006041453946536314,0.0918579924768313,0.0918579924768313,0.0918579924768313,0.09149866744012208,0.0,0.0,0.0,0.0,0.0,0.0,1.0,1.0,0.0,1.0,1.0,499014.0392095989,591.952368722661,0.0,0.0918579924768313,0.09168659486484523,0.09168659486484525,0.375,0.375,0.5,7.366336132597652,3.979039320256561e-13,3.979039320256561e-13,3.979039320256561e-13,3.979039320256561e-13,3.979039320256561e-13,3.979039320256561e-13,25888.151018260236,19738.491884608975,0.7624527480037646,1.1385067092272494,0.7089774370220756,41059.97430708969,25750.0,0.0,0.0,0.0,0.0,0.0,0.0,0.0,0.0,0.0,0.0,0.0,0.0,0.0,0.0,0.0,0.0,0.0,0.0,0.0,0.0,41187.46878528571,25750.0,1.0,0.0,0.0,6.0,0.9,167190.3635292044,27865.060588200733,260.8614037069079,260.8614037069079,-12.288596293092098,244.1896608058866,277.5331472146398,140765.38156365085,142039.51373917126,-1274.132175520428,0.0,nan,277.5331472146398,4.383147214639848,270.8644495348866,-2.2855504651133742,264.1957520641119,-8.954247935888077,257.52705487402255,-15.622945125977424,250.85835774789984,-22.291642252100132,244.1896608058866,-28.960339194113374,1.0,1.0,26022.01252070864,26022.01252070864,276.64503346671376,3.495033466713778,276.64503346671376,276.64503346671376,74638.03834634155,74736.05656549263,-98.01821915108303,0.0,8546.071908451686,8546.071908451686,0.8668313566757675,4238.830795870521,276.64503346671376,3.495033466713778,1.0,0.002,0.41443626686666934,0.0038938789987793677,0.0006418238243131594,0.0013623410007338494,0.3209119121565797,0.3209119121565797,0.0,4.164825047008654e-06,0.9979340074358016,0.9979340074358016,0.0,0.0914971710416178,0.0001894238232274388,0.0,0.0,0.0,1601591.5845824361,267.89995650432843,0.0,1.0,1280098.2758613478,2616.060497342654,,,,,,,,,,,,,,,,,23.0,16243.107769423557
870.0,-30.987070217807624,4.85737961476754,34.91576114970069,23.8293569413014,6.224843449126088,-27.264806018223698,-40.73900393033398,2.5358650510415655,-5.258827617387112,-5.258827617387537,39.710464421108014,42990.94106844348,26049.23362279932,26049.23362279932,69040.17469124279,74619.28475051123,74759.21227202678,26049.23362279932,100808.4458948261,100808.4458948261,100808.4458948261,126669.88614093309,123419.56295289341,3250.323188039685,0.0,90255.55492368656,58803.34019121624,34946.90525830036,25861.440246106977,60808.345504407334,19713.45634058466,1450.0,0.0,0.8866496095238172,2.857299928104721,0.001494314312251686,1.0,1.0,-5.258827617387112,351092.2119865064,1542087.1267803372,4.392256718128525,1542087.1267803372,4.392256718128525,0.7622721763747169,0.09171636717210419,4.217181458978631,101325.0,128351.07116782667,1.2667265844345095,1.0,0.0,4.217181458978631,1.279935116656119,1.2802083679556757,3.294840030638572,6981.370654957225,16243.107769423557,6478.247350377707,0.00019114195003032438,21401.86657880872,2182.3830338401717,19363.914854591654,1974.5697923951252,0.9047769166902964,0.9047769166902963,37583.91005195931,35405.22815468563,1.077502293788682,0.8,4535.979778205674,4273.035954225843,1.077502293788682,0.8,17887.489023156744,17887.489023156744,1.0,0.8,4632.441516551485,4632.441516551485,5.623219101574557,4.85737961476754,-2.5482305125385922,7.405610127306132,3.5,3.5,1.0,0.6,0.00021347728568297958,1.0138855138078842,0.00021055364020461807,199.74037432813392,0.0,4.265452105600915e-05,120.88291267272994,0.003977602910400368,7.251005932185515e-05,0.00014096722636112443,0.0005944843733337777,0.09175003718729742,0.09175003718729742,0.09175003718729742,0.09148851224774739,0.0,0.0,0.0,0.0,0.0,0.0,1.0,1.0,0.0,1.0,1.0,499252.36271079245,591.8709829004158,0.0,0.09175003718729742,0.09171636717210419,0.0917163671721042,0.375,0.375,0.5,7.252600719591424,3.979039320256561e-13,3.979039320256561e-13,3.979039320256561e-13,3.979039320256561e-13,3.979039320256561e-13,3.979039320256561e-13,25861.440246106977,19713.45634058466,0.7622721763747169,1.1353733458549504,0.7069908038416788,41059.97430708969,25750.0,0.0,0.0,0.0,0.0,0.0,0.0,0.0,0.0,0.0,0.0,0.0,0.0,0.0,0.0,0.0,0.0,0.0,0.0,0.0,0.0,41180.857219762416,25750.0,1.0,0.0,0.0,6.0,0.9,167190.3635292044,27865.060588200733,260.790232921239,260.790232921239,-12.359767078760967,244.06188072526126,277.5185841815557,141546.09133249434,142339.17946358072,-793.0881310863628,0.0,nan,277.5185841815557,4.368584181555718,270.8272442704668,-2.322755729533185,264.13590385106426,-9.014096148935721,257.44456299807877,-15.705437001921212,250.7532215010071,-22.396778498992887,244.06188072526126,-29.088119274738716,1.0,1.0,26022.01252070864,26022.01252070864,276.6389588595895,3.488958859589502,276.6389588595895,276.6389588595895,74730.91350178845,74759.21227202678,-28.298770238325233,0.0,8546.071908451686,8546.071908451686,0.8668670441280262,4238.267366273524,276.6389588595895,3.488958859589502,1.0,0.002,0.41785598784675576,0.0038764527492780405,0.0006471080709199074,0.0013566838787726898,0.3235540354599537,0.3235540354599537,0.0,3.791949692597083e-06,0.9975029714875915,0.9975029714875915,0.0,0.09148734878822092,0.00022901838388327263,0.0,0.0,0.0,1601581.444929925,267.89117238261287,0.0,1.0,1280128.4748474252,2615.9370928325898,,,,,,,,,,,,,,,,,15.0,16243.107769423557
885.0,-31.10950763029842,4.833265413133879,34.91141529590009,23.853301593940728,6.2478126835053525,-27.37308617083578,-40.843837964907266,2.560308765817983,-5.255431570251403,-5.255431570251798,39.721760112360904,42887.58881936322,25978.394732218116,25978.394732218116,68865.98355158133,74611.53830947852,74796.66341189659,25978.394732218116,100775.05814411471,100775.05814411471,100775.05814411471,126641.83044312862,123443.18084188736,3198.649601241266,0.0,90239.0702366136,58754.65745887845,34982.68086415016,25866.772299013915,60849.45316316408,19718.347513059052,1450.0,0.0,0.886625921994969,2.857658080811609,0.001494314312251686,1.0,1.0,-5.255431570251403,351138.7891773593,1542571.2715244468,4.393052886974837,1542571.2715244468,4.393052886974837,0.7623041361759213,0.09166655181058714,4.216532857152504,101325.0,128351.07116782667,1.2667265844345095,1.0,0.0,4.216532857152504,1.279827655305152,1.2800971417058193,3.294609895069932,6980.883025302788,16243.107769423557,6478.792574318511,0.00019126605148144546,21401.249152734832,2182.320073902386,19365.5445654371,1974.735976652282,0.9048791697732469,0.904879169773247,37579.28566140451,35405.22815468563,1.0773365741102177,0.8,4535.42166325664,4273.035954225843,1.0773365741102177,0.8,17887.489023156744,17887.489023156744,1.0,0.8,4632.441516551485,4632.441516551485,5.607927189020864,4.833265413133879,-2.552205726089466,7.385471139223345,3.5,3.5,1.0,0.6,0.00021055364020461807,1.012936471474261,0.00020786460566295077,199.84227775450876,0.0,3.8931336150045676e-05,110.33140664922945,0.004561572952651053,7.164914026977877e-05,0.0001389044999348393,0.0005856953879815876,0.09175166289326026,0.09175166289326026,0.09175166289326026,0.09149753552510945,0.0,0.0,0.0,0.0,0.0,0.0,1.0,1.0,0.0,1.0,1.0,499852.58876348735,591.6745783794552,0.0,0.09175166289326026,0.09166655181058715,0.09166655181058714,0.375,0.375,0.5,7.140069140143846,3.979039320256561e-13,3.979039320256561e-13,3.979039320256561e-13,3.979039320256561e-13,3.979039320256561e-13,3.979039320256561e-13,25866.772299013915,19718.347513059052,0.7623041361759213,1.1317436718276073,0.7048146957765221,41059.97430708969,25750.0,0.0,0.0,0.0,0.0,0.0,0.0,0.0,0.0,0.0,0.0,0.0,0.0,0.0,0.0,0.0,0.0,0.0,0.0,0.0,0.0,41170.30571373892,25750.0,1.0,0.0,0.0,6.0,0.9,167190.3635292044,27865.060588200733,260.7355477839334,260.7355477839334,-12.414452216066593,243.94380840467164,277.52728883843025,142170.79446843316,142779.93425357554,-609.1397851423881,0.0,nan,277.52728883843025,4.377288838430275,270.81059190347634,-2.3394080965236412,264.09389528841496,-9.056104711585022,257.37719906221616,-15.772800937783813,250.66050320639067,-22.489496793609305,243.94380840467164,-29.206191595328335,1.0,1.0,26022.01252070864,26022.01252070864,276.6467371703278,3.496737170327833,276.6467371703278,276.6467371703278,74782.36773565866,74796.66341189659,-14.29567623793264,0.0,8546.071908451686,8546.071908451686,0.866908331676276,4237.615521438266,276.6467371703278,3.496737170327833,1.0,0.002,0.4203915137943248,0.0038691613923726768,0.0006510392604081932,0.001353962329626849,0.32551963020409663,0.32551963020409663,0.0,5.00159003504223e-06,0.9981508497743821,0.9981508497743821,0.0,0.09149704658562498,0.00016950522496216532,0.0,0.0,0.0,1601585.365173731,267.8945684297486,0.0,1.0,1280116.7997348886,2615.984800794802,,,,,,,,,,,,,,,,,15.0,16243.107769423557
900.0,-31.224094456441073,4.837072254445681,34.91295096072462,24.05272062113511,6.400643508291943,-27.463022548164666,-40.931281506177015,2.7649781555182233,-5.203687589951585,-5.203687589951916,39.79616378930544,42693.1421138901,25854.95659932381,25854.95659932381,68548.09871321391,74707.27848971133,75068.33591537604,25854.95659932381,100923.29251469985,100923.29251469985,100923.29251469985,126835.36540242152,123658.27964030778,3177.085762113741,0.0,90094.17386115965,58640.55944409667,34948.46046340332,25912.07288772167,60860.53335112499,19758.48504806884,1450.0,0.0,0.8866198666578345,2.863119473019477,0.001494314312251686,1.0,1.0,-5.203687589951585,351849.0641819031,1545763.1598815513,4.393256419412855,1545763.1598815513,4.393256419412855,0.7625204333780381,0.09178240076977018,4.210821626980779,101325.0,128351.07116782667,1.2667265844345095,1.0,0.0,4.210821626980779,1.27888382678328,1.2791496753052496,3.2925755559612266,6976.572504845443,16243.107769423557,6483.573810309071,0.00019236144029319093,21395.86566286316,2181.7711107119317,19379.835999773197,1976.1932973822047,0.9057748027185836,0.9057748027185836,37538.55968228837,35405.22815468563,1.0758773379663031,0.8,4530.506469029562,4273.035954225843,1.0758773379663031,0.8,17887.489023156744,17887.489023156744,1.0,0.8,4632.441516551485,4632.441516551485,5.581280736506942,4.837072254445681,-2.513306309683334,7.350378564129015,3.5,3.5,1.0,0.6,0.00020786460566295077,1.0121138783014734,0.00020537669734535066,199.93773143519422,0.0,3.5825519184489613e-05,101.52952136884356,0.005098955740418397,7.09382767799751e-05,0.00013692632888297567,0.000576572346963517,0.09183098237023686,0.09183098237023686,0.09183098237023686,0.0916717742770532,0.0,0.0,0.0,0.0,0.0,0.0,1.0,1.0,0.0,1.0,1.0,500498.98202174087,591.4660739625424,0.0,0.09183098237023686,0.09178240076977019,0.09178240076977018,0.375,0.375,0.5,7.081322950187405,3.410605131648481e-13,3.410605131648481e-13,3.410605131648481e-13,3.410605131648481e-13,3.410605131648481e-13,3.410605131648481e-13,25912.07288772167,19758.48504806884,0.7625204333780381,1.126314459285737,0.7014914224885104,41059.97430708969,25750.0,0.0,0.0,0.0,0.0,0.0,0.0,0.0,0.0,0.0,0.0,0.0,0.0,0.0,0.0,0.0,0.0,0.0,0.0,0.0,0.0,41161.50382845853,25750.0,1.0,0.0,0.0,6.0,0.9,167190.3635292044,27865.060588200733,260.7375178966916,260.7375178966916,-12.412482103308378,243.83859053153213,277.6364407528136,143314.9497493643,143286.83839010654,28.111359257762217,0.0,nan,277.6364407528136,4.486440752813621,270.8768737533302,-2.27312624666979,264.11730473156376,-9.032695268436214,257.3577345588737,-15.79226544112629,250.5981630520362,-22.55183694796378,243.83859053153213,-29.311409468467843,1.0,1.0,26022.01252070864,26022.01252070864,276.730270317205,3.58027031720502,276.730270317205,276.730270317205,75137.71757116263,75068.33591537604,69.38165578659391,0.0,8546.071908451686,8546.071908451686,0.8672718822616265,4231.875735115684,276.730270317205,3.58027031720502,1.0,0.002,0.42195204298874867,0.0038581880391079333,0.0006535259566781937,0.0013475469939223479,0.32676297833909684,0.32676297833909684,0.0,1.0729506005413905e-06,0.9987866482775802,0.9987866482775802,0.0,0.09167103643570836,0.00011136433406182174,0.0,0.0,0.0,1601645.0754828537,267.9463124100484,0.0,1.0,1279938.883625906,2616.7119707428956,,,,,,,,,,,,,,,,,12.0,16243.107769423557
915.0,-31.330584230319154,4.826678650170852,34.91047944683141,23.88995139570909,6.298016915200772,-27.56566522715627,-41.03029622985048,2.5976820763582493,-5.225359696489704,-5.225359696490105,39.77993591679134,42691.363878362106,25883.99874265196,25883.99874265196,68575.36262101406,74536.00718573673,74873.35341004016,25883.99874265196,100757.35215269212,100757.35215269212,100757.35215269212,126655.9399748045,123515.30576325663,3140.6342115478656,0.0,90214.11152202752,58670.51495965795,35048.44062485508,25898.587822112364,60947.028446967444,19746.932142709127,1450.0,0.0,0.8865681657703848,2.860831057282709,0.001494314312251686,1.0,1.0,-5.225359696489704,351551.44017619675,1545066.565267823,4.394994270236638,1545066.565267823,4.394994270236638,0.7624713856347443,0.09194009588814739,4.215550253284316,101325.0,128351.07116782667,1.2667265844345095,1.0,0.0,4.215550253284316,1.2796648426306618,1.2799276696520825,3.2942612103167797,6980.144204151883,16243.107769423557,6479.616963835616,0.00019145400964849706,21400.316945988754,2182.2250152691036,19368.008720871876,1974.987250577096,0.9050337324327427,0.9050337324327428,37572.27963758654,35405.22815468563,1.0770855159254664,0.8,4534.576110403837,4273.035954225843,1.0770855159254664,0.8,17887.489023156744,17887.489023156744,1.0,0.8,4632.441516551485,4632.441516551485,5.587550031699205,4.826678650170852,-2.5319563868304162,7.358635037001267,3.5,3.5,1.0,0.6,0.00020537669734535066,1.0112633820179253,0.00020308922581131316,200.02651325479357,0.0,3.3161783002647756e-05,93.98049302950373,0.005596382485458113,7.014122359479767e-05,0.000135235473750553,0.0005700919356221681,0.09180599642144721,0.09180599642144721,0.09180599642144721,0.09159316212636515,0.0,0.0,0.0,0.0,0.0,0.0,1.0,1.0,0.0,1.0,1.0,500874.6865959834,591.3418670396829,0.0,0.09180599642144721,0.09194009588814739,0.09194009588814739,0.375,0.375,0.5,6.987564186218668,3.979039320256561e-13,3.979039320256561e-13,3.979039320256561e-13,3.979039320256561e-13,3.979039320256561e-13,3.979039320256561e-13,25898.587822112364,19746.932142709127,0.7624713856347443,1.1251633487050867,0.700466699791765,41059.97430708969,25750.0,0.0,0.0,0.0,0.0,0.0,0.0,0.0,0.0,0.0,0.0,0.0,0.0,0.0,0.0,0.0,0.0,0.0,0.0,0.0,0.0,41153.954800119194,25750.0,1.0,0.0,0.0,6.0,0.9,167190.3635292044,27865.060588200733,260.6576670476211,260.6576670476211,-12.492332952378888,243.73266823831898,277.5826650056374,143031.62161267592,143921.47208064757,-889.8504679716325,0.0,nan,277.5826650056374,4.432665005637432,270.8126665445455,-2.337333455454484,264.0426673692316,-9.107332630768383,257.2726677356759,-15.877332264324082,250.50266739231716,-22.647332607682813,243.73266823831898,-29.417331761680998,1.0,1.0,26022.01252070864,26022.01252070864,276.685782757272,3.5357827572720453,276.685782757272,276.685782757272,74761.53535074927,74873.35341004016,-111.81805929089023,0.0,8546.071908451686,8546.071908451686,0.8669708803330605,4236.628004550737,276.685782757272,3.5357827572720453,1.0,0.002,0.4271565060650123,0.0038441161835064412,0.0006615570348299353,0.001343706114249781,0.3307785174149676,0.3307785174149676,0.0,5.2631490797161624e-06,0.9962162912186278,0.9962162912186278,0.0,0.0915922213399752,0.0003478745481721892,0.0,0.0,0.0,1601620.0715202978,267.9246403035103,0.0,1.0,1280013.407202904,2616.407346908557,,,,,,,,,,,,,,,,,19.0,16243.107769423557
930.0,-31.447206669480092,4.8044436783307765,34.90489726897419,23.712038446124666,6.167521959855527,-27.68553745338783,-41.145106580201514,2.4147977896177464,-5.26884977222204,-5.268849772222434,39.765058367321096,42716.81422521729,25938.730635174514,25938.730635174514,68655.5448603918,74425.46027298245,74588.47229635385,25938.730635174514,100527.20293152836,100527.20293152836,100527.20293152836,126405.23649451282,123345.0420769828,3060.194417530015,0.0,90344.86301415967,58703.89144669173,35156.635074964375,25878.033562984456,61034.66863794883,19729.982517024782,1450.0,0.0,0.8864000241840793,2.856243181882643,0.001494314312251686,1.0,1.0,-5.26884977222204,350954.7852137672,1544428.1428821972,4.400647057544701,1544428.1428821972,4.400647057544701,0.7624220159157011,0.09166324154048851,4.2206924668772645,101325.0,128351.07116782667,1.2667265844345095,1.0,0.0,4.2206924668772645,1.2805188268201282,1.2807788999362724,3.2960799782681653,6983.997955194697,16243.107769423557,6475.29431853562,0.0001904726624065937,21405.222892489608,2182.725282587796,19355.088044798766,1973.6697082896571,0.9042226816329875,0.9042226816329875,37608.94030951897,35405.22815468563,1.078399366656209,0.8,4539.000665121827,4273.035954225843,1.078399366656209,0.8,17887.489023156744,17887.489023156744,1.0,0.8,4632.441516551485,4632.441516551485,5.599364944489144,4.8044436783307765,-2.5697512428275786,7.374194921158355,3.5,3.5,1.0,0.6,0.00020308922581131316,1.0123531151974028,0.00020061105434709113,200.1238238869906,0.0,3.0503663674874296e-05,86.44738285459376,0.0060539374405812274,6.922739120893589e-05,0.00013386183460237726,0.000564989636908624,0.0917864532779658,0.0917864532779658,0.0917864532779658,0.0914289322407526,0.0,0.0,0.0,0.0,0.0,0.0,1.0,1.0,0.0,1.0,1.0,501575.60350980697,591.1108168860333,0.0,0.0917864532779658,0.09166324154048851,0.09166324154048851,0.375,0.375,0.5,6.828121134420579,3.979039320256561e-13,3.979039320256561e-13,3.979039320256561e-13,3.979039320256561e-13,3.979039320256561e-13,3.979039320256561e-13,25878.033562984456,19729.982517024782,0.7624220159157011,1.1248614335509741,0.6998778756153965,41059.97430708969,25750.0,0.0,0.0,0.0,0.0,0.0,0.0,0.0,0.0,0.0,0.0,0.0,0.0,0.0,0.0,0.0,0.0,0.0,0.0,0.0,0.0,41146.42168994428,25750.0,1.0,0.0,0.0,6.0,0.9,167190.3635292044,27865.060588200733,260.5441986785998,260.5441986785998,-12.605801321400179,243.61795067845298,277.4704468034014,142966.23219481055,144230.97280615979,-1264.7406113492355,0.0,nan,277.4704468034014,4.32044680340141,270.69994760066203,-2.450052399337949,263.92944831640267,-9.220551683597307,257.15894901737704,-15.991050982622937,250.38844965530254,-22.76155034469744,243.61795067845298,-29.532049321546992,1.0,1.0,26022.01252070864,26022.01252070864,276.6089579381935,3.458957938193521,276.6089579381935,276.6089579381935,74452.85680891237,74588.47229635385,-135.61548744147876,0.0,8546.071908451686,8546.071908451686,0.8666435448372662,4241.795929211651,276.6089579381935,3.458957938193521,1.0,0.002,0.4306958519419078,0.003822050244659163,0.0006669785528118678,0.0013381389473076748,0.3334892764059339,0.3334892764059339,0.0,5.117500119542796e-06,0.9974277512848512,0.9974277512848512,0.0,0.09142746088520962,0.00023578065527889828,0.0,0.0,0.0,1601569.8748347405,267.88115022777794,0.0,1.0,1280162.9282335555,2615.7963132769605,,,,,,,,,,,,,,,,,29.0,16243.107769423557
945.0,-31.54599513932546,4.7955201831205025,34.902188044371094,23.813872003834717,6.238714988689128,-27.76622317420525,-41.223684896808095,2.5192839270928187,-5.2598994312626814,-5.259899431263062,39.72494409219236,42584.228683313515,25892.705507037674,25892.705507037674,68476.9341903512,74504.0775285771,74691.08965983908,25892.705507037674,100583.79516687675,100583.79516687675,100583.79516687675,126450.19239583757,123436.37589628086,3013.8164995567095,0.0,90271.37791999163,58632.22823011581,35154.61076652869,25866.397228960825,61021.00799548952,19718.269174633268,1450.0,0.0,0.8865915444458278,2.857186900213876,0.001494314312251686,1.0,1.0,-5.2598994312626814,351077.51293846517,1542707.7608737622,4.394208412727815,1542707.7608737622,4.394208412727815,0.762312161221899,0.0915745383853114,4.21780408847704,101325.0,128351.07116782667,1.2667265844345095,1.0,0.0,4.21780408847704,1.2800385741583091,1.2802953774150212,3.2950601439885996,6981.837048733056,16243.107769423557,6477.725035730016,0.00019102321812879177,21402.458726476012,2182.4434160978535,19362.35362115641,1974.4105908905092,0.904678937528057,0.904678937528057,37588.349131627874,35405.22815468563,1.0776613774608554,0.8,4536.515528093926,4273.035954225843,1.0776613774608554,0.8,17887.489023156744,17887.489023156744,1.0,0.8,4632.441516551485,4632.441516551485,5.589429551247289,4.7955201831205025,-2.565590124495041,7.361110307615544,3.5,3.5,1.0,0.6,0.00020061105434709113,1.0104635656958147,0.0001985336841006716,200.206320193186,0.0,3.3062743311182444e-05,93.69981454389105,0.006549878590248965,6.860830829445445e-05,0.00013200274605263668,0.0005567617219910075,0.09170835679276217,0.09170835679276217,0.09170835679276217,0.09147890200289699,0.0,0.0,0.0,0.0,0.0,0.0,1.0,1.0,0.0,1.0,1.0,501851.6379308249,591.0180752689947,0.0,0.09170835679276217,0.09157453838531138,0.09157453838531143,0.375,0.375,0.5,6.730997958835131,3.979039320256561e-13,3.979039320256561e-13,3.979039320256561e-13,3.979039320256561e-13,3.979039320256561e-13,3.979039320256561e-13,25866.397228960825,19718.269174633268,0.762312161221899,1.1221862181531448,0.6978617705964675,41059.97430708969,25750.0,0.0,0.0,0.0,0.0,0.0,0.0,0.0,0.0,0.0,0.0,0.0,0.0,0.0,0.0,0.0,0.0,0.0,0.0,0.0,0.0,41153.67412163358,25750.0,1.0,0.0,0.0,6.0,0.9,167190.3635292044,27865.060588200733,260.50739921831746,260.50739921831746,-12.642600781682518,243.52205887494122,277.4927389177608,143943.7389217379,144353.88636974842,-410.147448010484,0.0,nan,277.4927389177608,4.342738917760812,270.69860385531155,-2.451396144688431,263.90446808725517,-9.24553191274481,257.11033116992024,-16.039668830079734,250.3161944047158,-22.83380559528419,243.52205887494122,-29.627941125058754,1.0,1.0,26022.01252070864,26022.01252070864,276.62991582654826,3.479915826548279,276.62991582654826,276.62991582654826,74714.85949442336,74691.08965983908,23.769834584280034,0.0,8546.071908451686,8546.071908451686,0.8668274097822569,4238.893108919425,276.62991582654826,3.479915826548279,1.0,0.002,0.432140397658653,0.003811362564889516,0.0006692279804821909,0.001333956334674576,0.33461399024109545,0.33461399024109545,0.0,3.1843151567668287e-06,0.9989478497677702,0.9989478497677702,0.0,0.09147818821348296,9.6350171828444e-05,0.0,0.0,0.0,1601580.207641693,267.8901005687373,0.0,1.0,1280132.1595397189,2615.9220363455543,,,,,,,,,,,,,,,,,20.0,16243.107769423557
960.0,-31.61828686246128,4.7955538554622175,34.902451951376754,23.910009709093742,6.3141113098832955,-27.813655967638624,-41.270733636897035,2.6179252338615573,-5.240850118201649,-5.240850118201968,39.68293448274795,42435.84492338015,25843.740232185275,25843.740232185275,68279.58515556542,74543.3267428828,74869.66302559944,25843.740232185275,100713.40325778471,100713.40325778471,100713.40325778471,126570.91091193852,123565.07481816519,3005.8360937733382,0.0,90201.86262268169,58571.85852647484,35144.44899578538,25857.50765415382,61001.956649939195,19708.568610184833,1450.0,0.0,0.8868412492407385,2.859196267648241,0.001494314312251686,1.0,1.0,-5.240850118201649,351338.8306538542,1540907.6469089147,4.385816518035397,1540907.6469089147,4.385816518035397,0.7621990825174829,0.09157301764180968,4.2150678526391365,101325.0,128351.07116782667,1.2667265844345095,1.0,0.0,4.2150678526391365,1.279584981033287,1.2798390349793123,3.2940898143673083,6979.781036701903,16243.107769423557,6480.021446416728,0.00019154636887993808,21399.86016267912,2182.1784363344386,19369.217746374794,1975.1105368678188,0.9051095474050936,0.9051095474050938,37568.83997286556,35405.22815468563,1.076962261138647,0.8,4534.160979311926,4273.035954225843,1.076962261138647,0.8,17887.489023156744,17887.489023156744,1.0,0.8,4632.441516551485,4632.441516551485,5.578859471802691,4.7955538554622175,-2.5516359760048117,7.347189831467029,3.5,3.5,1.0,0.6,0.0001985336841006716,1.0076517774770783,0.00019702608434607537,200.26672830024162,0.0,2.7726843514297732e-05,78.57787451951977,0.0069657812429634305,6.824008753668067e-05,0.00013029359656399094,0.0005491963502816113,0.0916319139192182,0.0916319139192182,0.0916319139192182,0.09156901893452418,0.0,0.0,0.0,0.0,0.0,0.0,1.0,1.0,0.0,1.0,1.0,501730.8229328541,591.0556901301023,0.0,0.0916319139192182,0.09157301764180965,0.09157301764180971,0.375,0.375,0.5,6.713784019100875,3.410605131648481e-13,3.410605131648481e-13,3.410605131648481e-13,3.410605131648481e-13,3.410605131648481e-13,3.410605131648481e-13,25857.50765415382,19708.568610184833,0.7621990825174829,1.1193015585940798,0.6956472751669097,41059.97430708969,25750.0,0.0,0.0,0.0,0.0,0.0,0.0,0.0,0.0,0.0,0.0,0.0,0.0,0.0,0.0,0.0,0.0,0.0,0.0,0.0,0.0,41138.55218160921,25750.0,1.0,0.0,0.0,6.0,0.9,167190.3635292044,27865.060588200733,260.500103253797,260.500103253797,-12.649896746202955,243.4500912259622,277.55010634753665,144577.66111921068,144659.06536733996,-81.40424812929895,0.0,nan,277.55010634753665,4.400106347536678,270.7301117621532,-2.4198882378468056,263.91011159114817,-9.239888408851812,257.09010341033263,-16.059896589667346,250.270095185649,-22.879904814350965,243.4500912259622,-29.699908774037766,1.0,1.0,26022.01252070864,26022.01252070864,276.6698605132586,3.5198605132586067,276.6698605132586,276.6698605132586,74887.77516207875,74869.66302559944,18.112136479307082,0.0,8546.071908451686,8546.071908451686,0.8670015879495008,4236.143191902333,276.6698605132586,3.5198605132586067,1.0,0.002,0.43216169551382816,0.0038112238634900866,0.0006692873462802,0.0013329703548560208,0.3346436731401,0.3346436731401,0.0,2.2577011362205635e-06,0.9999561733445278,0.9999561733445278,0.0,0.09156900430271495,4.013339094737386e-06,0.0,0.0,0.0,1601602.1954516855,267.9091498817983,0.0,1.0,1280066.6682773244,2616.1896667286055,,,,,,,,,,,,,,,,,11.0,16243.107769423557
975.0,-31.71641891562587,4.782623184152766,34.89950943345479,23.74623130252587,6.202206211470716,-27.92356609542604,-41.37522977599872,2.449608149428454,-5.270712754870431,-5.270712754870803,39.67636729633096,42495.71329950449,25887.340042985685,25887.340042985685,68383.05334249017,74406.72600561251,74659.53726672972,25887.340042985685,100546.8773097154,100546.8773097154,100546.8773097154,126391.6538503673,123421.50801189114,2970.14583847615,0.0,90322.03246380489,58606.08895114923,35239.93723628407,25844.77654065188,61084.713776935954,19698.2570495073,1450.0,0.0,0.8867127702872949,2.8560467811193084,0.001494314312251686,1.0,1.0,-5.270712754870431,350929.24409550405,1540626.3861990783,4.390133943296566,1540626.3861990783,4.390133943296566,0.7621755606407906,0.09150017175090222,4.219795574916317,101325.0,128351.07116782667,1.2667265844345095,1.0,0.0,4.219795574916317,1.280369565234887,1.2806218445700785,3.2957637306398992,6983.327864419076,16243.107769423557,6476.049969838276,0.00019064346609777382,21404.362097705663,2182.6375059480724,19357.34673711059,1973.9000308067068,0.904364570583746,0.904364570583746,37602.546690778545,35405.22815468563,1.0781702081164113,0.8,4538.229023074047,4273.035954225843,1.0781702081164113,0.8,17887.489023156744,17887.489023156744,1.0,0.8,4632.441516551485,4632.441516551485,5.588271314487511,4.782623184152766,-2.5769617605482114,7.359584944700977,3.5,3.5,1.0,0.6,0.00019702608434607537,1.0104084012888845,0.00019499648270416932,200.34878144566068,0.0,2.012813802928229e-05,57.04314317498601,0.007267703313402665,6.742879092933211e-05,0.00012959729341674325,0.0005468740852811047,0.09162838195053816,0.09162838195053816,0.09162838195053816,0.09145490181454739,0.0,0.0,0.0,0.0,0.0,0.0,1.0,1.0,0.0,1.0,1.0,502062.32439452386,590.9463774183856,0.0,0.09162838195053816,0.09150017175090222,0.09150017175090223,0.375,0.375,0.5,6.638867265759994,3.979039320256561e-13,3.979039320256561e-13,3.979039320256561e-13,3.979039320256561e-13,3.979039320256561e-13,3.979039320256561e-13,25844.77654065188,19698.2570495073,0.7621755606407906,1.119478984418355,0.6956849049778113,41059.97430708969,25750.0,0.0,0.0,0.0,0.0,0.0,0.0,0.0,0.0,0.0,0.0,0.0,0.0,0.0,0.0,0.0,0.0,0.0,0.0,0.0,0.0,41117.01745026468,25750.0,1.0,0.0,0.0,6.0,0.9,167190.3635292044,27865.060588200733,260.4176233615497,260.4176233615497,-12.732376638450262,243.3573582905835,277.4778892177799,144268.60503003912,145187.39832144385,-918.7932914047404,0.0,nan,277.4778892177799,4.327889217779898,270.6537833622625,-2.4962166377374615,263.82967693745564,-9.320323062544333,257.00556947251835,-16.14443052748163,250.18146288869838,-22.9685371113016,243.3573582905835,-29.792641709416472,1.0,1.0,26022.01252070864,26022.01252070864,276.6154104683488,3.465410468348807,276.6154104683488,276.6154104683488,74543.90145028403,74659.53726672972,-115.63581644569058,0.0,8546.071908451686,8546.071908451686,0.8667006383218744,4240.894552790898,276.6154104683488,3.465410468348807,1.0,0.002,0.4328396964541941,0.003810049941372799,0.0006702959412478298,0.0013340292485964143,0.3351479706239149,0.3351479706239149,0.0,4.32518984424396e-06,0.9995043732703154,0.9995043732703154,0.0,0.09145482182001174,4.534993089048047e-05,0.0,0.0,0.0,1601567.7239510817,267.87928724512955,0.0,1.0,1280169.3324344016,2615.7701463311714,,,,,,,,,,,,,,,,,19.0,16243.107769423557
990.0,-31.815560336698315,4.765807400496151,34.89530563170325,23.65569529300558,6.136956402464487,-28.020095675613536,-41.467987723275996,2.3564856867104798,-5.290078732578422,-5.290078732578837,39.71166132106202,42479.04442304716,25893.906792668087,25893.906792668087,68372.95121571525,74345.35588293476,74473.93818748125,25893.906792668087,100367.84498014934,100367.84498014934,100367.84498014934,126218.91019402364,123311.7817891715,2907.128404852142,0.0,90388.77332612665,58610.46639326658,35309.22992540008,25851.0652138743,61160.295139274385,19705.482756529178,1450.0,0.0,0.8864856335573887,2.8540057980385236,0.001494314312251686,1.0,1.0,-5.290078732578422,350663.82683657797,1542138.4216807727,4.3977687564547825,1542138.4216807727,4.3977687564547825,0.7622696625264487,0.09142612080953451,4.222416728384599,101325.0,128351.07116782667,1.2667265844345095,1.0,0.0,4.222416728384599,1.2808065144024199,1.2810562801701384,3.296685862309681,6985.281750774578,16243.107769423557,6473.841815941183,0.0001901452327907677,21406.88121058751,2182.8943839728668,19350.746417342518,1973.2269854988726,0.9039498200126387,0.9039498200126387,37621.23118356027,35405.22815468563,1.0788399205539525,0.8,4540.484043408726,4273.035954225843,1.0788399205539525,0.8,17887.489023156744,17887.489023156744,1.0,0.8,4632.441516551485,4632.441516551485,5.589688871440782,4.765807400496151,-2.5956444240008185,7.361451824496969,3.5,3.5,1.0,0.6,0.00019499648270416932,1.0105246287877603,0.00019296559148497932,200.4317400309898,0.0,2.710854771839921e-05,76.82562423394336,0.0076743315291786535,6.671611232716813e-05,0.0001282803703770012,0.000541653181803222,0.09167557432676665,0.09167557432676665,0.09167557432676665,0.09136613650114464,0.0,0.0,0.0,0.0,0.0,0.0,1.0,1.0,0.0,1.0,1.0,502899.5597541348,590.6727698743978,0.0,0.09167557432676665,0.0914261208095345,0.09142612080953452,0.375,0.375,0.5,6.501718467886251,3.979039320256561e-13,3.979039320256561e-13,3.979039320256561e-13,3.979039320256561e-13,3.979039320256561e-13,3.979039320256561e-13,25851.0652138743,19705.482756529178,0.7622696625264487,1.1179303674061118,0.6945526395239554,41059.97430708969,25750.0,0.0,0.0,0.0,0.0,0.0,0.0,0.0,0.0,0.0,0.0,0.0,0.0,0.0,0.0,0.0,0.0,0.0,0.0,0.0,0.0,41136.79993132363,25750.0,1.0,0.0,0.0,6.0,0.9,167190.3635292044,27865.060588200733,260.33536784780716,260.33536784780716,-12.814632152192814,243.26098471340373,277.4097503199057,144489.0545193606,145405.62236944062,-916.5678500800244,0.0,nan,277.4097503199057,4.25975031990572,270.57999788154694,-2.570002118453033,263.7502449412656,-9.3997550587344,256.92049143147165,-16.22950856852833,250.09073779924944,-23.05926220075054,243.26098471340373,-29.889015286596248,1.0,1.0,26022.01252070864,26022.01252070864,276.57432701842237,3.424327018422389,276.57432701842237,276.57432701842237,74393.99990501787,74473.93818748125,-79.93828246337944,0.0,8546.071908451686,8546.071908451686,0.8665337829614524,4243.528812026522,276.57432701842237,3.424327018422389,1.0,0.002,0.4337393015904944,0.0038067259965446614,0.0006716621569435689,0.0013338185925063344,0.33583107847178445,0.33583107847178445,0.0,5.48074944990316e-06,0.9993414706687626,0.9993414706687626,0.0,0.09136591402734018,6.020678219433663e-05,0.0,0.0,0.0,1601545.3622316765,267.85992126742156,0.0,1.0,1280235.901024773,2615.498175415655,,,,,,,,,,,,,,,,,20.0,16243.107769423557
1005.0,-31.90526535274075,4.755613171446259,34.89221331255567,23.68384200325238,6.159364159034751,-28.098208331970206,-41.54359056903047,2.3852983442174005,-5.285171517835522,-5.285171517835853,39.70262211145905,42396.285428411335,25855.02057490144,25855.02057490144,68251.30600331277,74355.73073977837,74476.34287565193,25855.02057490144,100331.36345055337,100331.36345055337,100331.36345055337,126180.80467788306,123321.167467974,2859.6372099090727,0.0,90368.95657270934,58571.339882820175,35330.68521098796,25849.441227329695,61180.12643831766,19703.62149512171,1450.0,0.0,0.8865435656719058,2.8545228610838356,0.001494314312251686,1.0,1.0,-5.285171517835522,350731.06695936626,1541751.0650241834,4.395821215355302,1541751.0650241834,4.395821215355302,0.7622455480503685,0.09152676140230594,4.221638864341707,101325.0,128351.07116782667,1.2667265844345095,1.0,0.0,4.221638864341707,1.280676761379009,1.2809239007934314,3.296412484127474,6984.702495210961,16243.107769423557,6474.497973744601,0.0001902930024487426,21406.131475625603,2182.817932283257,19352.707716927016,1973.4269823973545,0.9040731034920183,0.9040731034920183,37615.68654047615,35405.22815468563,1.0786411739980775,0.8,4539.814863728588,4273.035954225843,1.0786411739980775,0.8,17887.489023156744,17887.489023156744,1.0,0.8,4632.441516551485,4632.441516551485,5.581294546843759,4.755613171446259,-2.5947835804802333,7.3503967519264926,3.5,3.5,1.0,0.6,0.00019296559148497932,1.0095255870997624,0.00019114482480760565,200.50685585509285,0.0,2.7137004058394074e-05,76.90626950148881,0.008081386590054565,6.614040055424712e-05,0.0001268251909307322,0.0005354101550107364,0.09164504598193214,0.09164504598193214,0.09164504598193214,0.09138866128165504,0.0,0.0,0.0,0.0,0.0,0.0,1.0,1.0,0.0,1.0,1.0,503408.77114505344,590.5047443864528,0.0,0.09164504598193214,0.09152676140230594,0.09152676140230594,0.375,0.375,0.5,6.3877522252123695,3.410605131648481e-13,3.410605131648481e-13,3.410605131648481e-13,3.410605131648481e-13,3.410605131648481e-13,3.410605131648481e-13,25849.441227329695,19703.62149512171,0.7622455480503685,1.1155796821068085,0.6929747925767307,41059.97430708969,25750.0,0.0,0.0,0.0,0.0,0.0,0.0,0.0,0.0,0.0,0.0,0.0,0.0,0.0,0.0,0.0,0.0,0.0,0.0,0.0,0.0,41136.880576591175,25750.0,1.0,0.0,0.0,6.0,0.9,167190.3635292044,27865.060588200733,260.2904997971343,260.2904997971343,-12.85950020286566,243.1740651447473,277.4069366546789,145098.87138125027,145598.5994391063,-499.7280578560483,0.0,nan,277.4069366546789,4.256936654678896,270.5603611716913,-2.5896388283086935,263.71378616952006,-9.436213830479915,256.86721169871686,-16.28278830128312,250.02063794345145,-23.12936205654853,243.1740651447473,-29.97593485525269,1.0,1.0,26022.01252070864,26022.01252070864,276.57951561251673,3.4295156125167523,276.57951561251673,276.57951561251673,74468.9551753452,74476.34287565193,-7.387700306731858,0.0,8546.071908451686,8546.071908451686,0.8665832997853294,4242.747058663415,276.57951561251673,3.4295156125167523,1.0,0.002,0.4358238171948835,0.0037921919765283793,0.0006748969624731795,0.0013284854110744517,0.33744848123658977,0.33744848123658977,0.0,3.3823735476313198e-06,0.9984805458845086,0.9984805458845086,0.0,0.09138769068801561,0.00013907071429033042,0.0,0.0,0.0,1601551.0290604609,267.86482848216446,0.0,1.0,1280219.033663313,2615.567084490863,,,,,,,,,,,,,,,,,15.0,16243.107769423557
1020.0,-31.98178794739505,4.7490203854024635,34.88957165579225,23.67237884262579,6.156246872877059,-28.160904927957375,-41.604543978441484,2.3734245141673345,-5.286436314673949,-5.286436314674339,39.66711395077493,42320.66829587214,25841.301002697764,25841.301002697764,68161.96929856991,74326.29203859172,74460.40153427084,25841.301002697764,100301.7025369686,100301.7025369686,100301.7025369686,126137.6406753244,123309.03268428068,2828.6079910437174,0.0,90377.96143064104,58552.329444358074,35361.81331809218,25835.938138355796,61197.75145644798,19690.784294523033,1450.0,0.0,0.8866661194606369,2.854389584986327,0.001494314312251686,1.0,1.0,-5.286436314673949,350713.7353670728,1540230.1480213169,4.391701814613113,1540230.1480213169,4.391701814613113,0.7621470600012885,0.09164504498428165,4.221992354596056,101325.0,128351.07116782667,1.2667265844345095,1.0,0.0,4.221992354596056,1.2807357010698521,1.2809805198159097,3.2965367882454193,6984.965880720803,16243.107769423557,6474.199780508622,0.0001902258185327922,21406.472072896035,2182.8526635391327,19351.816397389583,1973.3360930990282,0.9040170809786088,0.9040170809786088,37618.20625714465,35405.22815468563,1.0787314918000497,0.8,4540.118966836522,4273.035954225843,1.0787314918000497,0.8,17887.489023156744,17887.489023156744,1.0,0.8,4632.441516551485,4632.441516551485,5.578332918045069,4.7490203854024635,-2.5974759906310156,7.346496376033479,3.5,3.5,1.0,0.6,0.00019114482480760565,1.0081257046911514,0.0001896041574162268,200.5709733117527,0.0,2.4338413448394532e-05,68.9750637127501,0.008446462791780483,6.567959320575534e-05,0.0001254652316018503,0.0005297132485906354,0.0915818441490645,0.0915818441490645,0.0915818441490645,0.09139702716864284,0.0,0.0,0.0,0.0,0.0,0.0,1.0,1.0,0.0,1.0,1.0,503612.3681182206,590.4359441941925,0.0,0.0915818441490645,0.09164504498428165,0.09164504498428165,0.375,0.375,0.5,6.310217102407783,3.979039320256561e-13,3.979039320256561e-13,3.979039320256561e-13,3.979039320256561e-13,3.979039320256561e-13,3.979039320256561e-13,25835.938138355796,19690.784294523033,0.7621470600012885,1.113798590248501,0.691539595633511,41059.97430708969,25750.0,0.0,0.0,0.0,0.0,0.0,0.0,0.0,0.0,0.0,0.0,0.0,0.0,0.0,0.0,0.0,0.0,0.0,0.0,0.0,0.0,41128.94937080244,25750.0,1.0,0.0,0.0,6.0,0.9,167190.3635292044,27865.060588200733,260.2495427124383,260.2495427124383,-12.900457287561665,243.0980043060391,277.40108236202417,145412.4858663244,145869.96513146267,-457.4792651382665,0.0,nan,277.40108236202417,4.251082362024192,270.54046742171107,-2.6095325782889063,263.6798502050312,-9.47014979496879,256.81923367072875,-16.330766329271228,249.9586183090955,-23.19138169090448,243.0980043060391,-30.05199569396089,1.0,1.0,26022.01252070864,26022.01252070864,276.57638547432003,3.426385474320057,276.57638547432003,276.57638547432003,74442.61706790622,74460.40153427084,-17.784466364624677,0.0,8546.071908451686,8546.071908451686,0.8665607975210522,4243.102316369036,276.57638547432003,3.426385474320057,1.0,0.002,0.43955260251882255,0.0037771766611999517,0.0006806694087936615,0.0013232870106685331,0.3403347043968308,0.3403347043968308,0.0,3.956419462194417e-06,0.9972827742225163,0.9972827742225163,0.0,0.09139602470567171,0.0002490202786099414,0.0,0.0,0.0,1601549.5685122085,267.863563685326,0.0,1.0,1280223.381140931,2615.549323277619,,,,,,,,,,,,,,,,,11.0,16243.107769423557
1035.0,-32.05859871128119,4.7446077308462975,34.887718940230236,23.66642755167561,6.155068027893422,-28.234199348496663,-41.674996179621644,2.3672277736645433,-5.2891999574967485,-5.28919995749711,39.654751190836606,42283.42052084925,25837.054797484274,25837.054797484274,68120.47531833353,74309.21019417282,74452.15432933615,25837.054797484274,100289.20912682042,100289.20912682042,100289.20912682042,126119.6397702041,123324.1970342531,2795.4427359509937,0.0,90382.8575350025,58530.62702371804,35391.36723476051,25830.43064338368,61221.79787814419,19685.691305224052,1450.0,0.0,0.8866969157287172,2.854098387309634,0.001494314312251686,1.0,1.0,-5.2891999574967485,350675.8673314699,1539700.8816082142,4.390666781050093,1539700.8816082142,4.390666781050093,0.7621123928209239,0.09153710092198579,4.222184454585269,101325.0,128351.07116782667,1.2667265844345095,1.0,0.0,4.222184454585269,1.280767678192674,1.2810105297115848,3.2966044712678166,6985.109292923524,16243.107769423557,6474.037303879253,0.00019018923268234857,21406.65774012957,2182.8715963279583,19351.330743871462,1973.2865702223964,0.9039865530990796,0.9039865530990796,37619.575548896915,35405.22815468563,1.0787805739135485,0.8,4540.284225844702,4273.035954225843,1.0787805739135485,0.8,17887.489023156744,17887.489023156744,1.0,0.8,4632.441516551485,4632.441516551485,5.577416294446406,4.7446077308462975,-2.6006814795259188,7.345289210372217,3.5,3.5,1.0,0.6,0.0001896041574162268,1.0081616175246866,0.00018806920846853607,200.63536944159026,0.0,2.0600877215902435e-05,58.3828860298675,0.00875547595001902,6.515067586501884e-05,0.00012445348155120794,0.0005254655551245247,0.09155611512743221,0.09155611512743221,0.09155611512743221,0.09139087721035963,0.0,0.0,0.0,0.0,0.0,0.0,1.0,1.0,0.0,1.0,1.0,503877.2526738393,590.3481137565942,0.0,0.09155611512743221,0.09153710092198579,0.09153710092198579,0.375,0.375,0.5,6.2432686271488445,3.410605131648481e-13,3.410605131648481e-13,3.410605131648481e-13,3.410605131648481e-13,3.410605131648481e-13,3.410605131648481e-13,25830.43064338368,19685.691305224052,0.7621123928209239,1.1126833526503168,0.6906595687537652,41059.97430708969,25750.0,0.0,0.0,0.0,0.0,0.0,0.0,0.0,0.0,0.0,0.0,0.0,0.0,0.0,0.0,0.0,0.0,0.0,0.0,0.0,0.0,41118.357193119555,25750.0,1.0,0.0,0.0,6.0,0.9,167190.3635292044,27865.060588200733,260.210104061432,260.210104061432,-12.939895938567986,243.02427834365542,277.39593224967626,145716.1934415931,146157.18229125818,-440.9888496651223,0.0,nan,277.39593224967626,4.245932249676287,270.52160275561573,-2.628397244384246,263.6472675960729,-9.502732403927098,256.7729366131911,-16.377063386808857,249.8986068103804,-23.25139318961959,243.02427834365542,-30.125721656344552,1.0,1.0,26022.01252070864,26022.01252070864,276.5726568027656,3.42265680276563,276.5726568027656,276.5726568027656,74436.78102073108,74452.15432933615,-15.373308605063357,0.0,8546.071908451686,8546.071908451686,0.8665485689274213,4243.295376858196,276.5726568027656,3.42265680276563,1.0,0.002,0.4417493787037887,0.0037650153128959882,0.000684067316236009,0.0013191610105792511,0.34203365811800446,0.34203365811800446,0.0,3.2283268152598354e-06,0.9983937007542742,0.9983937007542742,0.0,0.09139006494581889,0.0001470359761669077,0.0,0.0,0.0,1601546.3770626155,267.86080004250323,0.0,1.0,1280232.8804829717,2615.5105151974444,,,,,,,,,,,,,,,,,11.0,16243.107769423557
1050.0,-32.14568317561332,4.735515945516487,34.8846798426009,23.571248666290217,6.0929729411545654,-28.32174615410979,-41.7587387264706,2.26934832341085,-5.292912681334428,-5.292912681334763,39.76162480182432,42283.33742128147,25823.203714141968,25823.203714141968,68106.54113542344,74216.78621792502,74262.94263776114,25823.203714141968,100086.14635190311,100086.14635190311,100086.14635190311,125954.56677815974,123229.5894260316,2724.977352128148,0.0,90452.7773971479,58541.38737196644,35457.1000279794,25868.420426256635,61325.52045423604,19722.286676740252,1450.0,0.0,0.8862894279451585,2.8537072244288813,0.001494314312251686,1.0,1.0,-5.292912681334428,350624.99983357236,1544280.8307403135,4.40436600776705,1544280.8307403135,4.40436600776705,0.7624078452320957,0.09159720122451492,4.224927036849048,101325.0,128351.07116782667,1.2667265844345095,1.0,0.0,4.224927036849048,1.2812260027776181,1.281466974482411,3.297565790648699,6987.146213336448,16243.107769423557,6471.72105611064,0.00018966925195039908,21409.31112140758,2183.142165918798,19344.40732428778,1972.5805779025231,0.9035511331770473,0.9035511331770473,37639.1233600646,35405.22815468563,1.0794813117662758,0.8,4542.643439562547,4273.035954225843,1.0794813117662758,0.8,17887.489023156744,17887.489023156744,1.0,0.8,4632.441516551485,4632.441516551485,5.574426276484427,4.735515945516487,-2.6058355012900423,7.341351446806529,3.5,3.5,1.0,0.6,0.00018806920846853607,1.009264601288907,0.0001863428165699634,200.70842395347,0.0,2.053100327959385e-05,58.184863294368974,0.009063440999212928,6.452710771431121e-05,0.00012354210075422487,0.0005219563616656539,0.09170093204802711,0.09170093204802711,0.09170093204802711,0.09133635825000208,0.0,0.0,0.0,0.0,0.0,0.0,1.0,1.0,0.0,1.0,1.0,505194.26497482863,589.9196109839448,0.0,0.09170093204802711,0.09159720122451492,0.09159720122451492,0.375,0.375,0.5,6.079262956653352,3.410605131648481e-13,3.410605131648481e-13,3.410605131648481e-13,3.410605131648481e-13,3.410605131648481e-13,3.410605131648481e-13,25868.420426256635,19722.286676740252,0.7624078452320957,1.110574205175278,0.6894900704974084,41059.97430708969,25750.0,0.0,0.0,0.0,0.0,0.0,0.0,0.0,0.0,0.0,0.0,0.0,0.0,0.0,0.0,0.0,0.0,0.0,0.0,0.0,0.0,41118.15917038405,25750.0,1.0,0.0,0.0,6.0,0.9,167190.3635292044,27865.060588200733,260.1435978393911,260.1435978393911,-13.0064021606089,242.94118238632518,277.3460137937089,145756.31853672155,146497.63899691388,-741.3204601923209,0.0,nan,277.3460137937089,4.196013793708914,270.4650479275909,-2.6849520724090894,263.58408066786535,-9.565919332134627,256.70311417115397,-16.446885828846007,249.82214808970224,-23.32785191029774,242.94118238632518,-30.208817613674796,1.0,1.0,26022.01252070864,26022.01252070864,276.5468038847426,3.39680388474261,276.5468038847426,276.5468038847426,74215.09848305697,74262.94263776114,-47.84415470417298,0.0,8546.071908451686,8546.071908451686,0.8663739823344336,4246.0516720332935,276.5468038847426,3.39680388474261,1.0,0.002,0.44568836067398326,0.003738033940351126,0.0006901616924825678,0.0013098869808199146,0.3450808462412839,0.3450808462412839,0.0,4.867330248223278e-08,0.9971326445292967,0.9971326445292967,0.0,0.09133455948848271,0.00026264173603222116,0.0,0.0,0.0,1601542.0894424412,267.85708731866555,0.0,1.0,1280245.641822569,2615.4583820165763,,,,,,,,,,,,,,,,,15.0,16243.107769423557
1065.0,-32.22769871052501,4.72733175884134,34.8818470433748,23.563914151769154,6.088501876075674,-28.395978268366854,-41.830336838588096,2.261721359375647,-5.299167027486817,-5.299167027487215,39.71025780557443,42228.280640471414,25818.234374796026,25818.234374796026,68046.51501526745,74208.47803397232,74241.96808744852,25818.234374796026,100060.20246224455,100060.20246224455,100060.20246224455,125907.60482104206,123240.3167435233,2667.288077518745,0.0,90458.71314030376,58518.85899104883,35488.72683250548,25847.402358797506,61336.129191302985,19702.54482763201,1450.0,0.0,0.8864442775032417,2.8530483786031375,0.001494314312251686,1.0,1.0,-5.299167027486817,350539.3230294554,1542078.2720995883,4.399159155020133,1542078.2720995883,4.399159155020133,0.7622640199635375,0.09152860435136886,4.2251597863306785,101325.0,128351.07116782667,1.2667265844345095,1.0,0.0,4.2251597863306785,1.2812650391640514,1.2815038061300281,3.2976469794940644,6987.318242757385,16243.107769423557,6471.524700912574,0.00018962530745045042,21409.53661278269,2183.1651596399065,19343.82040546067,1972.5207288381528,0.9035142028207807,0.9035142028207807,37640.78216990715,35405.22815468563,1.0795407799449097,0.8,4542.8436403370615,4273.035954225843,1.0795407799449097,0.8,17887.489023156744,17887.489023156744,1.0,0.8,4632.441516551485,4632.441516551485,5.573353550724549,4.72733175884134,-2.6126069404610126,7.339938699302353,3.5,3.5,1.0,0.6,0.0001863428165699634,1.0087291168967651,0.0001847302843237289,200.7772701568444,0.0,2.3100093139237234e-05,65.46566395659832,0.009409942396301487,6.399835305777172e-05,0.0001223444635121917,0.0005169249073119133,0.09161031009386868,0.09161031009386868,0.09161031009386868,0.09133122539307036,0.0,0.0,0.0,0.0,0.0,0.0,1.0,1.0,0.0,1.0,1.0,505548.6199523303,589.8002078593843,0.0,0.09161031009386868,0.09152860435136886,0.09152860435136886,0.375,0.375,0.5,5.954840672050549,3.979039320256561e-13,3.979039320256561e-13,3.979039320256561e-13,3.979039320256561e-13,3.979039320256561e-13,3.979039320256561e-13,25847.402358797506,19702.54482763201,0.7622640199635375,1.1094034774029389,0.6884731918567022,41059.97430708969,25750.0,0.0,0.0,0.0,0.0,0.0,0.0,0.0,0.0,0.0,0.0,0.0,0.0,0.0,0.0,0.0,0.0,0.0,0.0,0.0,0.0,41125.43997104629,25750.0,1.0,0.0,0.0,6.0,0.9,167190.3635292044,27865.060588200733,260.0949840835357,260.0949840835357,-13.0550159164643,242.86190081521505,277.3280671801458,146160.48236480218,146702.27205442238,-541.7896896202222,0.0,nan,277.3280671801458,4.178067180145831,270.43483423466904,-2.715165765330937,263.5416008164279,-9.60839918357209,256.64836744085846,-16.501632559141513,249.75513401389782,-23.39486598610216,242.86190081521505,-30.288099184784926,1.0,1.0,26022.01252070864,26022.01252070864,276.53809524724585,3.3880952472458716,276.53809524724585,276.53809524724585,74222.97283102258,74241.96808744852,-18.995256425943808,0.0,8546.071908451686,8546.071908451686,0.8663591659596768,4246.285585262332,276.53809524724585,3.3880952472458716,1.0,0.002,0.4486625820940888,0.0037240803296493706,0.0006947583729796156,0.0013052986965025434,0.34737918648980776,0.34737918648980776,0.0,5.706948215909724e-08,0.9978333611684792,0.9978333611684792,0.0,0.09133029492298629,0.000198309428382579,0.0,0.0,0.0,1601534.8661926927,267.85083297251316,0.0,1.0,1280267.1385937496,2615.3705657920723,,,,,,,,,,,,,,,,,12.0,16243.107769423557
1080.0,-32.3071604459893,4.722048495177431,34.87928732884282,23.543718095775716,6.0796369133188115,-28.468480964682712,-41.900173493754096,2.240883453562536,-5.29436328837528,-5.294363288375652,39.75356078016121,42180.78905515095,25792.260342649184,25792.260342649184,67973.04939780013,74170.64207476744,74173.45539069414,25792.260342649184,99965.71573334333,99965.71573334333,99965.71573334333,125830.67586913166,123225.4436828324,2605.2321862992676,0.0,90473.9795111408,58502.430654607226,35523.94317392619,25864.960135788337,61388.90330971453,19719.06122580521,1450.0,0.0,0.8863113445876672,2.853554403765765,0.001494314312251686,1.0,1.0,-5.29436328837528,350605.12684785214,1543934.8973647582,4.403628980687327,1543934.8973647582,4.403628980687327,0.7623851389015177,0.09160489168790044,4.225758130598209,101325.0,128351.07116782667,1.2667265844345095,1.0,0.0,4.225758130598209,1.2813653094309314,1.2816020287320735,3.297855888165815,6987.760895164471,16243.107769423557,6471.018926320251,0.0001895122121514659,21410.117833301803,2183.2244276385723,19342.30861135778,1972.3665687424127,0.9034190639190363,0.9034190639190363,37645.04649664455,35405.22815468563,1.0796936586690078,0.8,4543.358299397861,4273.035954225843,1.0796936586690078,0.8,17887.489023156744,17887.489023156744,1.0,0.8,4632.441516551485,4632.441516551485,5.567746565281982,4.722048495177431,-2.6105059732374056,7.332554468414836,3.5,3.5,1.0,0.6,0.0001847302843237289,1.0084618355091612,0.00018318024323692986,200.8440133873343,0.0,2.1583988162589955e-05,61.169022452779934,0.009733702218740337,6.348647091811534e-05,0.00012124381340561355,0.0005123470302835036,0.09165582574274682,0.09165582574274682,0.09165582574274682,0.09133372553319556,0.0,0.0,0.0,0.0,0.0,0.0,1.0,1.0,0.0,1.0,1.0,506464.1345065945,589.5004372111595,0.0,0.09165582574274682,0.09160489168790044,0.09160489168790044,0.375,0.375,0.5,5.809891085698113,3.979039320256561e-13,3.979039320256561e-13,3.979039320256561e-13,3.979039320256561e-13,3.979039320256561e-13,3.979039320256561e-13,25864.960135788337,19719.06122580521,0.7623851389015177,1.10725303325371,0.6871077146034635,41059.97430708969,25750.0,0.0,0.0,0.0,0.0,0.0,0.0,0.0,0.0,0.0,0.0,0.0,0.0,0.0,0.0,0.0,0.0,0.0,0.0,0.0,0.0,41121.143329542465,25750.0,1.0,0.0,0.0,6.0,0.9,167190.3635292044,27865.060588200733,260.04979496808267,260.04979496808267,-13.100205031917312,242.78519205180328,277.31439784459695,146470.10940461373,146973.78837252478,-503.6789679110634,0.0,nan,277.31439784459695,4.1643978445969765,270.4085567618245,-2.7414432381754636,263.5027155696189,-9.647284430381092,256.5968743874027,-16.553125612597285,249.69103319324972,-23.458966806750254,242.78519205180328,-30.3648079481967,1.0,1.0,26022.01252070864,26022.01252070864,276.53488212229536,3.38488212229538,276.53488212229536,276.53488212229536,74167.73716235365,74173.45539069414,-5.718228340498172,0.0,8546.071908451686,8546.071908451686,0.8663210764920917,4246.8869212512,276.53488212229536,3.38488212229538,1.0,0.002,0.4527471449324928,0.0037068862919668677,0.0007010903259124401,0.0012990417449462261,0.35054516295622,0.35054516295622,0.0,1.3207085866606683e-07,0.9970273148166864,0.9970273148166864,0.0,0.09133257918366076,0.00027231250423967034,0.0,0.0,0.0,1601540.4141622325,267.8556367116247,0.0,1.0,1280250.6277623482,2615.4380136372074,,,,,,,,,,,,,,,,,14.0,16243.107769423557
1095.0,-32.37732364719471,4.72302580550071,34.87862452809374,23.61079113269227,6.130035654977466,-28.526400212811065,-41.95633042892439,2.309724197852152,-5.287719388008497,-5.287719388008922,39.67937196336397,42090.89875646864,25777.6688732873,25777.6688732873,67868.56762975594,74207.96764284039,74291.95524075946,25777.6688732873,100069.62411404676,100069.62411404676,100069.62411404676,125909.63151019899,123335.95309192935,2573.678418269639,0.0,90425.66195888113,58454.85727743418,35523.116312718834,25840.00739615222,61363.123708871055,19694.755117805835,1450.0,0.0,0.8866150365535215,2.8542543880516296,0.001494314312251686,1.0,1.0,-5.287719388008497,350696.1540177375,1540755.06583423,4.393418770587093,1540755.06583423,4.393418770587093,0.7621807074536108,0.09145823272668512,4.2238639807827,101325.0,128351.07116782667,1.2667265844345095,1.0,0.0,4.2238639807827,1.281048272355728,1.2812829473066392,3.2971934562742193,6986.357281475827,16243.107769423557,6472.620076694774,0.00018987072456433095,21408.27980500567,2183.0370009132243,19347.09455697621,1972.8545993765672,0.9037201836484072,0.9037201836484072,37631.54670750748,35405.22815468563,1.0792096978077448,0.8,4541.729017866185,4273.035954225843,1.0792096978077448,0.8,17887.489023156744,17887.489023156744,1.0,0.8,4632.441516551485,4632.441516551485,5.56459672101309,4.72302580550071,-2.6053804129178544,7.328406218418564,3.5,3.5,1.0,0.6,0.00018318024323692986,1.0074725926503107,0.00018182156474852204,200.90297979343387,0.0,2.075443151919897e-05,58.81805892540988,0.010045018691528322,6.307760735927022e-05,0.00012010263587765963,0.0005072971976807065,0.09153155043696294,0.09153155043696294,0.09153155043696294,0.0913874328408609,0.0,0.0,0.0,0.0,0.0,0.0,1.0,1.0,0.0,1.0,1.0,506397.2295971634,589.5187665294254,0.0,0.09153155043696294,0.09145823272668514,0.09145823272668509,0.375,0.375,0.5,5.749282168689881,3.979039320256561e-13,3.979039320256561e-13,3.979039320256561e-13,3.979039320256561e-13,3.979039320256561e-13,3.979039320256561e-13,25840.00739615222,19694.755117805835,0.7621807074536108,1.10601552736704,0.6859314880409796,41059.97430708969,25750.0,0.0,0.0,0.0,0.0,0.0,0.0,0.0,0.0,0.0,0.0,0.0,0.0,0.0,0.0,0.0,0.0,0.0,0.0,0.0,0.0,41118.7923660151,25750.0,1.0,0.0,0.0,6.0,0.9,167190.3635292044,27865.060588200733,260.03175663970376,260.03175663970376,-13.11824336029622,242.71816138883213,277.345352949336,147016.46144271613,147217.11350155232,-200.6520588361763,0.0,nan,277.345352949336,4.195352949336041,270.4199139779603,-2.7300860220397,263.49447531736456,-9.655524682635416,256.5690370457178,-16.5809629542822,249.64359915901167,-23.506400840988306,242.71816138883213,-30.431838611167848,1.0,1.0,26022.01252070864,26022.01252070864,276.55539202464934,3.405392024649359,276.55539202464934,276.55539202464934,74316.07122115868,74291.95524075946,24.115980399219552,0.0,8546.071908451686,8546.071908451686,0.8664416542619301,4244.983300686614,276.55539202464934,3.405392024649359,1.0,0.002,0.453828171364913,0.003703413016276317,0.0007027739826469785,0.0012975062880797882,0.3513869913234893,0.3513869913234893,0.0,2.802707267665974e-07,0.9992233333359645,0.9992233333359645,0.0,0.0913872001661747,7.103256051041969e-05,0.0,0.0,0.0,1601548.0868352223,267.8622806119915,0.0,1.0,1280227.7914082953,2615.5313057169797,,,,,,,,,,,,,,,,,13.0,16243.107769423557
1110.0,-32.43944930340352,4.7266031230408645,34.87862771010837,23.62831412991511,6.1483860194049536,-28.578879336397144,-42.00715081589294,2.327658525550584,-5.283666226716605,-5.283666226716978,39.65116413350417,42028.065293292675,25776.443575626443,25776.443575626443,67804.50886891912,74195.79137603227,74334.50977652712,25776.443575626443,100110.95335215356,100110.95335215356,100110.95335215356,125941.97185398915,123380.13853659591,2561.833317393237,0.0,90413.35807853573,58429.097598869936,35538.06719962866,25831.01850183559,61369.08570146425,19685.910206903707,1450.0,0.0,0.8867381851290169,2.8546814853159828,0.001494314312251686,1.0,1.0,-5.283666226716605,350751.69493647525,1539547.3405855966,4.389279831889122,1539547.3405855966,4.389279831889122,0.7621035231539475,0.09142991674358719,4.2233814333414506,101325.0,128351.07116782667,1.2667265844345095,1.0,0.0,4.2233814333414506,1.2809676702401542,1.2812005899117556,3.2970242196273825,6985.998689329021,16243.107769423557,6473.027911525549,0.00018996226802609043,21407.81255625367,2182.9893548004334,19348.313602577706,1972.9789074329874,0.9037968522816526,0.9037968522816526,37628.10735167211,35405.22815468563,1.0790864055140967,0.8,4541.313924053496,4273.035954225843,1.0790864055140967,0.8,17887.489023156744,17887.489023156744,1.0,0.8,4632.441516551485,4632.441516551485,5.564332217369281,4.7266031230408645,-2.601454752048387,7.328057875089252,3.5,3.5,1.0,0.6,0.00018182156474852204,1.0066173786146675,0.00018062629218536792,200.95521749173344,0.0,1.8197503793491224e-05,51.571725750754126,0.01031798124843069,6.270969891959066e-05,0.00011911186582893138,0.0005030548426325668,0.091483317666987,0.091483317666987,0.091483317666987,0.09141380301005778,0.0,0.0,0.0,0.0,0.0,0.0,1.0,1.0,0.0,1.0,1.0,506378.8085217128,589.5234219135735,0.0,0.091483317666987,0.09142991674358722,0.09142991674358716,0.375,0.375,0.5,5.724794275419148,3.979039320256561e-13,3.979039320256561e-13,3.979039320256561e-13,3.979039320256561e-13,3.979039320256561e-13,3.979039320256561e-13,25831.01850183559,19685.910206903707,0.7621035231539475,1.1048642503615027,0.6848409881441315,41059.97430708969,25750.0,0.0,0.0,0.0,0.0,0.0,0.0,0.0,0.0,0.0,0.0,0.0,0.0,0.0,0.0,0.0,0.0,0.0,0.0,0.0,0.0,41111.546032840444,25750.0,1.0,0.0,0.0,6.0,0.9,167190.3635292044,27865.060588200733,260.0107804101744,260.0107804101744,-13.139219589825586,242.65801612922985,277.36354541342564,147290.14554814683,147524.65983648584,-234.51428833900542,0.0,nan,277.36354541342564,4.213545413425663,270.4224391375784,-2.7275608624215693,263.48133303859953,-9.668666961400447,256.5402271810095,-16.60977281899045,249.5991215612031,-23.55087843879687,242.65801612922985,-30.491983870770127,1.0,1.0,26022.01252070864,26022.01252070864,276.564424612305,3.4144246123050266,276.564424612305,276.564424612305,74341.44106493187,74334.50977652712,6.931288404754014,0.0,8546.071908451686,8546.071908451686,0.8664723721498017,4244.4983405081575,276.564424612305,3.4144246123050266,1.0,0.002,0.45405943201432625,0.00370246866714249,0.000703137996980734,0.0012969813571802621,0.351568998490367,0.351568998490367,0.0,1.1935416099635027e-07,0.9998230624068147,0.9998230624068147,0.0,0.09141373935417345,1.6177389413739645e-05,0.0,0.0,0.0,1601552.7672939615,267.8663337732834,0.0,1.0,1280213.8594956002,2615.5882232914155,,,,,,,,,,,,,,,,,17.0,16243.107769423557
1125.0,-32.507419798898745,4.7230640871580825,34.87726715715983,23.549523890856676,6.096308621791842,-28.646910591579726,-42.07225822666658,2.2466326948962156,-5.290209370722096,-5.290209370722511,39.70734349106001,42028.40203944635,25784.179154042526,25784.179154042526,67812.58119348888,74122.01890127664,74203.98716891534,25784.179154042526,99988.16632295787,99988.16632295787,99988.16632295787,125837.59955456595,123313.87821794831,2523.7213366176456,0.0,90471.19853499996,58439.19740917164,35591.11236203147,25849.433231608087,61440.54559363956,19703.92876761426,1450.0,0.0,0.8865006621448133,2.8539920339790226,0.001494314312251686,1.0,1.0,-5.290209370722096,350662.036931988,1541953.3808183835,4.397263514206558,1541953.3808183835,4.397263514206558,0.762257670838243,0.09142510669595415,4.225649118215397,101325.0,128351.07116782667,1.2667265844345095,1.0,0.0,4.225649118215397,1.2813470120029116,1.2815784690119547,3.2978179046206693,6987.680412590206,16243.107769423557,6471.110942434479,0.0001895327772418582,21410.012048801706,2183.213640621589,19342.583653680926,1972.3946152540293,0.9034363740474172,0.9034363740474172,37644.26958766311,35405.22815468563,1.0796658056838628,0.8,4543.264534714398,4273.035954225843,1.0796658056838628,0.8,17887.489023156744,17887.489023156744,1.0,0.8,4632.441516551485,4632.441516551485,5.566002088081831,4.7230640871580825,-2.607192957345834,7.330257044503917,3.5,3.5,1.0,0.6,0.00018062629218536792,1.0072461114349935,0.0001793268697042027,201.01239797786036,0.0,1.601308385936927e-05,45.38107965745252,0.010558177506321228,6.224126197118546e-05,0.00011838503021418246,0.0005002535985344633,0.09156175634105045,0.09156175634105045,0.09156175634105045,0.09136724479049303,0.0,0.0,0.0,0.0,0.0,0.0,1.0,1.0,0.0,1.0,1.0,507071.5618356771,589.297639327597,0.0,0.09156175634105045,0.09142510669595416,0.09142510669595413,0.375,0.375,0.5,5.638631634318027,3.979039320256561e-13,3.979039320256561e-13,3.979039320256561e-13,3.979039320256561e-13,3.979039320256561e-13,3.979039320256561e-13,25849.433231608087,19703.92876761426,0.762257670838243,1.1037105959636686,0.6840499483422102,41059.97430708969,25750.0,0.0,0.0,0.0,0.0,0.0,0.0,0.0,0.0,0.0,0.0,0.0,0.0,0.0,0.0,0.0,0.0,0.0,0.0,0.0,0.0,41105.35538674714,25750.0,1.0,0.0,0.0,6.0,0.9,167190.3635292044,27865.060588200733,259.95975000059394,259.95975000059394,-13.190249999406035,242.59244350892934,277.3270572843577,147262.9685680152,147831.6234599232,-568.65489190801,0.0,nan,277.3270572843577,4.177057284357716,270.3801340775007,-2.769865922499264,263.43321106925566,-9.716788930744315,256.4862882937829,-16.6637117062171,249.5393657697373,-23.61063423026269,242.59244350892934,-30.557556491070642,1.0,1.0,26022.01252070864,26022.01252070864,276.54260864951095,3.3926086495109757,276.54260864951095,276.54260864951095,74159.35137219702,74203.98716891534,-44.63579671831394,0.0,8546.071908451686,8546.071908451686,0.8663280160197758,4246.777363806475,276.54260864951095,3.3926086495109757,1.0,0.002,0.454937834061781,0.003700989282587326,0.0007044887175119152,0.0012967763184073865,0.3522443587559576,0.3522443587559576,0.0,1.265035919301681e-06,0.9993660268352262,0.9993660268352262,0.0,0.09136714563172234,5.7961064231812736e-05,0.0,0.0,0.0,1601545.2113666038,267.8597906292779,0.0,1.0,1280236.3500553067,2615.496341003846,,,,,,,,,,,,,,,,,17.0,16243.107769423557
1140.0,-32.57055944369101,4.721202334590719,34.87610334213647,23.5586091055535,6.103850529268085,-28.70283383825287,-42.12622015094382,2.255901043446615,-5.290907035941871,-5.290907035942293,39.678189296374356,41977.15079541241,25781.181629122504,25781.181629122504,67758.33242453492,74124.15258117285,74204.93652421788,25781.181629122504,99986.11815334039,99986.11815334039,99986.11815334039,125824.58864211851,123327.14517774491,2497.4434643735995,0.0,90465.02567083533,58416.411068244786,35609.57178065615,25838.470488778126,61448.04226943428,19693.48362110661,1450.0,0.0,0.8866030536216771,2.853918528727236,0.001494314312251686,1.0,1.0,-5.290907035941871,350652.4781746334,1540704.415273534,4.393821550310635,1540704.415273534,4.393821550310635,0.7621768335575305,0.09142230610442555,4.225407288345354,101325.0,128351.07116782667,1.2667265844345095,1.0,0.0,4.225407288345354,1.2813065665443502,1.2815363512022624,3.2977332659280485,6987.50107335691,16243.107769423557,6471.315891116049,0.00018957859885098294,21409.776501394004,2183.1896214705334,19343.196259005304,1972.4570836121718,0.9034749268749188,0.9034749268749189,37642.54610127468,35405.22815468563,1.0796040174392232,0.8,4543.056528165981,4273.035954225843,1.0796040174392232,0.8,17887.489023156744,17887.489023156744,1.0,0.8,4632.441516551485,4632.441516551485,5.565355015709883,4.721202334590719,-2.6082025350958498,7.329404869686568,3.5,3.5,1.0,0.6,0.0001793268697042027,1.00673304723337,0.00017812752864030407,201.06554094025924,0.0,1.7413335261690813e-05,49.34939213163176,0.01081937753524659,6.185547069203888e-05,0.00011747139901216382,0.0004963645055581223,0.09151034310468874,0.09151034310468874,0.09151034310468874,0.09137544431712225,0.0,0.0,0.0,0.0,0.0,0.0,1.0,1.0,0.0,1.0,1.0,507214.2091486912,589.2490754615261,0.0,0.09151034310468874,0.09142230610442556,0.09142230610442553,0.375,0.375,0.5,5.580073588767111,3.979039320256561e-13,3.979039320256561e-13,3.979039320256561e-13,3.979039320256561e-13,3.979039320256561e-13,3.979039320256561e-13,25838.470488778126,19693.48362110661,0.7621768335575305,1.1026931033446372,0.6831324358773403,41059.97430708969,25750.0,0.0,0.0,0.0,0.0,0.0,0.0,0.0,0.0,0.0,0.0,0.0,0.0,0.0,0.0,0.0,0.0,0.0,0.0,0.0,0.0,41109.32369922132,25750.0,1.0,0.0,0.0,6.0,0.9,167190.3635292044,27865.060588200733,259.92658533083005,259.92658533083005,-13.223414669169927,242.5314632982452,277.32170653054186,147624.33996627937,147993.63702762613,-369.2970613467543,0.0,nan,277.32170653054186,4.171706530541883,270.3636585098381,-2.786341490161874,263.40561008761705,-9.744389912382928,256.4475613195462,-16.70243868045378,249.4895122391917,-23.66048776080828,242.5314632982452,-30.618536701754778,1.0,1.0,26022.01252070864,26022.01252070864,276.5420220710352,3.3920220710352282,276.5420220710352,276.5420220710352,74192.0071327952,74204.93652421788,-12.92939142267278,0.0,8546.071908451686,8546.071908451686,0.8663434104563683,4246.5343247870815,276.5420220710352,3.3920220710352282,1.0,0.002,0.4556225653210996,0.0037000907990048996,0.0007055480317671651,0.0012964948935157697,0.35277401588358254,0.35277401588358254,0.0,2.0429252829347495e-06,0.9994867495551435,0.9994867495551435,0.0,0.09137538356514764,4.692253927790404e-05,0.0,0.0,0.0,1601544.4056765034,267.8590929640581,0.0,1.0,1280238.7480704542,2615.4865444907828,,,,,,,,,,,,,,,,,15.0,16243.107769423557
1155.0,-32.63499041153296,4.713057223447486,34.873021797563894,23.45426377085971,6.032046603901021,-28.767223444322287,-42.18794707031918,2.148604449298525,-5.303813703467597,-5.303813703467922,39.71632546867469,41985.94237928417,25793.442636807173,25793.442636807173,67779.38501609134,74038.17884538596,74021.55953332175,25793.442636807173,99815.00217012892,99815.00217012892,99815.00217012892,125663.02293864166,123213.59826328594,2449.424675355724,0.0,90541.41616181936,58437.18421109407,35671.36883413921,25848.020768512743,61519.38960265195,19703.427452655087,1450.0,0.0,0.8863984497843105,2.852558965882534,0.001494314312251686,1.0,1.0,-5.303813703467597,350475.67995898967,1542338.3228635145,4.40069999448746,1542338.3228635145,4.40069999448746,0.7622799296361287,0.0915160660418707,4.228398893046875,101325.0,128351.07116782667,1.2667265844345095,1.0,0.0,4.228398893046875,1.2818084220429484,1.2820367592962103,3.298776026379703,6989.710557626141,16243.107769423557,6468.78212749398,0.0001890137287718319,21412.695077255958,2183.487233383057,19335.622669979475,1971.684792460165,0.9029980859587031,0.9029980859587031,37663.86544675227,35405.22815468563,1.0803683812588387,0.8,4545.629547307343,4273.035954225843,1.0803683812588387,0.8,17887.489023156744,17887.489023156744,1.0,0.8,4632.441516551485,4632.441516551485,5.568001785807437,4.713057223447486,-2.6198333627094925,7.332890586156979,3.5,3.5,1.0,0.6,0.00017812752864030407,1.0068748657915665,0.00017691128728321867,201.1197970742203,0.0,1.6076410652309558e-05,45.56054778864529,0.011060523695031233,6.141687831490213e-05,0.00011671065032540194,0.0004934991846427105,0.09156106737811785,0.09156106737811785,0.09156106737811785,0.09131083754402311,0.0,0.0,0.0,0.0,0.0,0.0,1.0,1.0,0.0,1.0,1.0,507955.1890143756,589.0063054213243,0.0,0.09156106737811785,0.0915160660418707,0.0915160660418707,0.375,0.375,0.5,5.465964549130816,3.410605131648481e-13,3.410605131648481e-13,3.410605131648481e-13,3.410605131648481e-13,3.410605131648481e-13,3.410605131648481e-13,25848.020768512743,19703.427452655087,0.7622799296361287,1.1017564617248663,0.6824830781070406,41059.97430708969,25750.0,0.0,0.0,0.0,0.0,0.0,0.0,0.0,0.0,0.0,0.0,0.0,0.0,0.0,0.0,0.0,0.0,0.0,0.0,0.0,0.0,41105.53485487833,25750.0,1.0,0.0,0.0,6.0,0.9,167190.3635292044,27865.060588200733,259.86654629845776,259.86654629845776,-13.283453701542214,242.46755493340783,277.2655385231088,147550.72045106257,148220.15818179274,-669.4377307301448,0.0,nan,277.2655385231088,4.115538523108796,270.30594135226886,-2.844058647731117,263.3463443555933,-9.80365564440666,256.386747574273,-16.76325242572699,249.42715105209453,-23.722848947905447,242.46755493340783,-30.68244506659215,1.0,1.0,26022.01252070864,26022.01252070864,276.5076579441223,3.357657944122309,276.5076579441223,276.5076579441223,73970.6313313345,74021.55953332175,-50.92820198724803,0.0,8546.071908451686,8546.071908451686,0.8661529697627315,4249.540887512109,276.5076579441223,3.357657944122309,1.0,0.002,0.4587269318830952,0.0036782228593945183,0.0007103362879290078,0.0012894467400629307,0.35516814396450386,0.35516814396450386,0.0,-2.169720080616444e-07,0.9977415328477113,0.9977415328477113,0.0,0.09130938001280844,0.00020668602906225044,0.0,0.0,0.0,1601529.4993026643,267.8461862965324,0.0,1.0,1280283.1091578836,2615.3053273149653,,,,,,,,,,,,,,,,,12.0,16243.107769423557
1170.0,-32.69608654161044,4.712499310250115,34.87150442951858,23.499931871797912,6.068402250902197,-28.819690651529722,-42.23857879461718,2.1954733653784153,-5.29110955290156,-5.291109552901946,39.74004359887868,41919.16560146668,25759.292822616557,25759.292822616557,67678.45842408323,74055.08938297088,74043.88637753324,25759.292822616557,99803.1792001498,99803.1792001498,99803.1792001498,125664.30965533787,123258.51293436458,2405.796720973285,0.0,90508.61362281653,58401.1914943449,35674.913476079586,25861.130455188075,61536.04393126766,19715.186606094074,1450.0,0.0,0.8863771597937615,2.8538971920397507,0.001494314312251686,1.0,1.0,-5.29110955290156,350649.7035146689,1543355.1637260574,4.401415852506185,1543355.1637260574,4.401415852506185,0.7623482136736585,0.09157080229751957,4.22711474086938,101325.0,128351.07116782667,1.2667265844345095,1.0,0.0,4.22711474086938,1.2815927399252809,1.281819479950378,3.298329187722949,6988.763760131647,16243.107769423557,6469.8702253077145,0.0001892558750007218,21411.43999422212,2183.3592505312336,19338.875067160236,1972.0164446737915,0.903202917336659,0.9032029173366589,37654.71444561103,35405.22815468563,1.0800402765921833,0.8,4544.525118415575,4273.035954225843,1.0800402765921833,0.8,17887.489023156744,17887.489023156744,1.0,0.8,4632.441516551485,4632.441516551485,5.560629903384613,4.712499310250115,-2.610682728873284,7.323182039123399,3.5,3.5,1.0,0.6,0.00017691128728321867,1.0065212781172332,0.00017576507435008559,201.17126957328287,0.0,1.6307347662019285e-05,46.215023274162654,0.011305133909961523,6.105927127203444e-05,0.00011585201601118423,0.0004897197646403123,0.09157786767236083,0.09157786767236083,0.09157786767236083,0.09135148018146236,0.0,0.0,0.0,0.0,0.0,0.0,1.0,1.0,0.0,1.0,1.0,508564.7386799263,588.8061055136128,0.0,0.09157786767236083,0.09157080229751957,0.09157080229751957,0.375,0.375,0.5,5.364461797458412,3.979039320256561e-13,3.979039320256561e-13,3.979039320256561e-13,3.979039320256561e-13,3.979039320256561e-13,3.979039320256561e-13,25861.130455188075,19715.186606094074,0.7623482136736585,1.0998181569760368,0.6812132032453704,41059.97430708969,25750.0,0.0,0.0,0.0,0.0,0.0,0.0,0.0,0.0,0.0,0.0,0.0,0.0,0.0,0.0,0.0,0.0,0.0,0.0,0.0,0.0,41106.18933036385,25750.0,1.0,0.0,0.0,6.0,0.9,167190.3635292044,27865.060588200733,259.843167630143,259.843167630143,-13.306832369856977,242.4095379345406,277.27679763050156,148082.90799041442,148343.34508233226,-260.43709191783273,0.0,nan,277.27679763050156,4.126797630501585,270.3033455187071,-2.8466544812928873,263.329893485946,-9.820106514053975,256.35644153577914,-16.793558464220837,249.38298967538373,-23.76701032461625,242.4095379345406,-30.740462065459383,1.0,1.0,26022.01252070864,26022.01252070864,276.52297462175926,3.3729746217592833,276.52297462175926,276.52297462175926,74066.83856291979,74043.88637753324,22.952185386544443,0.0,8546.071908451686,8546.071908451686,0.8662347169972384,4248.250314573727,276.52297462175926,3.3729746217592833,1.0,0.002,0.46202666686576876,0.003666043840286757,0.0007154647150022384,0.0012845745987319697,0.3577323575011192,0.3577323575011192,0.0,3.931373420817258e-08,0.9975960227928444,0.9975960227928444,0.0,0.09135066817595539,0.00022013412156418613,0.0,0.0,0.0,1601544.1718009666,267.8588904470984,0.0,1.0,1280239.4441600402,2615.483700794219,,,,,,,,,,,,,,,,,12.0,16243.107769423557
1185.0,-32.75493784251599,4.710825146966326,34.870193383403304,23.480290069151692,6.05787964458207,-28.873585538911435,-42.2904487006366,2.1752274590446197,-5.293095964852796,-5.2930959648531495,39.73183602396227,41886.30821014529,25760.096862935145,25760.096862935145,67646.40507308043,74026.26518558075,74022.74159240625,25760.096862935145,99782.83845534139,99782.83845534139,99782.83845534139,125640.267725107,123279.54910466149,2360.7186204455015,0.0,90523.307385946,58391.017930718255,35702.54383914194,25857.429269765602,61559.973108907536,19711.76582637814,1450.0,0.0,0.8863968510754605,2.8536879152531216,0.001494314312251686,1.0,1.0,-5.293095964852796,350622.4888423566,1543003.2322281932,4.400753748918664,1543003.2322281932,4.400753748918664,0.7623250409284337,0.09144537847061254,4.227690079604289,101325.0,128351.07116782667,1.2667265844345095,1.0,0.0,4.227690079604289,1.2816893426388456,1.2819146305895597,3.2985294789921396,6989.188153296769,16243.107769423557,6469.3829312980315,0.00018914735200186355,21412.00175070992,2183.416533751069,19337.41851275558,1971.8679174596402,0.9031111961362718,0.9031111961362718,37658.81443763908,35405.22815468563,1.080187277334883,0.8,4545.019944017922,4273.035954225843,1.080187277334883,0.8,17887.489023156744,17887.489023156744,1.0,0.8,4632.441516551485,4632.441516551485,5.560803470674286,4.710825146966326,-2.61258547504793,7.323410622014256,3.5,3.5,1.0,0.6,0.00017576507435008559,1.0062840505812076,0.0001746674552265511,201.22087348491306,0.0,1.5372340730646624e-05,43.56521363065253,0.011535719020921223,6.069491761219717e-05,0.00011507015673788842,0.00048648096009928156,0.09155466580922317,0.09155466580922317,0.09155466580922317,0.09134681062812772,0.0,0.0,0.0,0.0,0.0,0.0,1.0,1.0,0.0,1.0,1.0,508981.1284470743,588.6680536482402,0.0,0.09155466580922317,0.09144537847061254,0.09144537847061254,0.375,0.375,0.5,5.270676493520864,3.410605131648481e-13,3.410605131648481e-13,3.410605131648481e-13,3.410605131648481e-13,3.410605131648481e-13,3.410605131648481e-13,25857.429269765602,19711.76582637814,0.7623250409284337,1.098869958136681,0.6804146606114172,41059.97430708969,25750.0,0.0,0.0,0.0,0.0,0.0,0.0,0.0,0.0,0.0,0.0,0.0,0.0,0.0,0.0,0.0,0.0,0.0,0.0,0.0,0.0,41103.53952072034,25750.0,1.0,0.0,0.0,6.0,0.9,167190.3635292044,27865.060588200733,259.81108961013365,259.81108961013365,-13.338910389866328,242.3527436880263,277.2694349689898,148239.42170081308,148596.78958330557,-357.3678824924783,0.0,nan,277.2694349689898,4.119434968989822,270.28609706115185,-2.8639029388481276,263.30275893865695,-9.847241061343027,256.3194208338874,-16.830579166112557,249.3360821700894,-23.813917829910565,242.3527436880263,-30.797256311973683,1.0,1.0,26022.01252070864,26022.01252070864,276.5185139988076,3.3685139988076003,276.5185139988076,276.5185139988076,74017.91581096743,74022.74159240625,-4.825781438819831,0.0,8546.071908451686,8546.071908451686,0.8661980918164656,4248.828530002311,276.5185139988076,3.3685139988076003,1.0,0.002,0.46351257154780656,0.0036589934482186776,0.0007177627413861204,0.0012821981789463218,0.3588813706930602,0.3588813706930602,0.0,-3.9079667557995884e-08,0.9989169731972867,0.9989169731972867,0.0,0.0913463406747446,9.903779586793763e-05,0.0,0.0,0.0,1601541.8777732505,267.8569040351472,0.0,1.0,1280246.2717959862,2615.4558084597616,,,,,,,,,,,,,,,,,13.0,16243.107769423557
1200.0,-32.80864157197486,4.710833502020612,34.8693335667559,23.49236678509044,6.0692944428217315,-28.920589101171288,-42.33582374928517,2.187581219175535,-5.290721187608142,-5.290721187608549,39.70997298919618,41839.41697216835,25754.003325795085,25754.003325795085,67593.42029796343,74023.1614136224,74037.76296077941,25754.003325795085,99791.7662865745,99791.7662865745,99791.7662865745,125641.9886542886,123311.29789239283,2330.6907618957584,0.0,90514.89599033691,58370.05394018255,35716.491166838176,25850.222367714105,61566.713534552284,19704.716132145848,1450.0,0.0,0.8864884875476035,2.853938109360252,0.001494314312251686,1.0,1.0,-5.290721187608142,350655.02447496867,1542066.066119524,4.397672807992528,1542066.066119524,4.397672807992528,0.7622648599246191,0.0914171961012337,4.227360806961501,101325.0,128351.07116782667,1.2667265844345095,1.0,0.0,4.227360806961501,1.2816340974145464,1.2818579688352425,3.298414746837182,6988.945049627895,16243.107769423557,6469.6621527229745,0.00018920952019918933,21411.679798251305,2183.3837037368835,19338.253124280232,1971.9530241499629,0.903163754852134,0.9031637548521341,37656.46798107279,35405.22815468563,1.0801031472040512,0.8,4544.736751568803,4273.035954225843,1.0801031472040512,0.8,17887.489023156744,17887.489023156744,1.0,0.8,4632.441516551485,4632.441516551485,5.5594880655864305,4.710833502020612,-2.6108447711265343,7.321678273147146,3.5,3.5,1.0,0.6,0.0001746674552265511,1.005735510819239,0.00017367136125508062,201.26615808418487,0.0,1.4724258586090227e-05,41.728548832979705,0.011756582899712577,6.0377836926742815e-05,0.00011428961829980829,0.00048314345304319953,0.09151188048958236,0.09151188048958236,0.09151188048958236,0.09136426370447169,0.0,0.0,0.0,0.0,0.0,0.0,1.0,1.0,0.0,1.0,1.0,509193.69069534383,588.5966648844872,0.0,0.09151188048958236,0.0914171961012337,0.09141719610123371,0.375,0.375,0.5,5.20509158580968,3.979039320256561e-13,3.979039320256561e-13,3.979039320256561e-13,3.979039320256561e-13,3.979039320256561e-13,3.979039320256561e-13,25850.222367714105,19704.716132145848,0.7622648599246191,1.097889044540746,0.6795785347335027,41059.97430708969,25750.0,0.0,0.0,0.0,0.0,0.0,0.0,0.0,0.0,0.0,0.0,0.0,0.0,0.0,0.0,0.0,0.0,0.0,0.0,0.0,0.0,41101.70285592267,25750.0,1.0,0.0,0.0,6.0,0.9,167190.3635292044,27865.060588200733,259.7874262327743,259.7874262327743,-13.362573767225683,242.3008393322551,277.2740120365636,148523.64559583235,148787.4273069631,-263.781711130756,0.0,nan,277.2740120365636,4.124012036563613,270.27937818978785,-2.8706218102121284,263.28474395148237,-9.865256048517608,256.29010941297406,-16.859890587025916,249.2954744735831,-23.854525526416865,242.3008393322551,-30.849160667744883,1.0,1.0,26022.01252070864,26022.01252070864,276.5226464687716,3.37264646877162,276.5226464687716,276.5226464687716,74043.17780663185,74037.76296077941,5.41484585244325,0.0,8546.071908451686,8546.071908451686,0.8662190528145414,4248.497610996309,276.5226464687716,3.37264646877162,1.0,0.002,0.46430838098739396,0.003657510378486147,0.0007189986081353632,0.0012815661161292757,0.3594993040676816,0.3594993040676816,0.0,5.64724264638921e-07,0.9994198965682148,0.9994198965682148,0.0,0.09136416467205119,5.3031429182502764e-05,0.0,0.0,0.0,1601544.6203018532,267.85927881239184,0.0,1.0,1280238.109273422,2615.4891541370607,,,,,,,,,,,,,,,,,21.0,16243.107769423557
1215.0,-32.86166313755876,4.711297070944165,34.868364438693334,23.477024759072833,6.062669975732386,-28.969113134107886,-42.38248266102744,2.171760382913165,-5.288259162895599,-5.288259162896026,39.720375334964544,41808.91597536017,25748.857302138487,25748.857302138487,67557.77327749867,73993.88843607376,74003.77913818025,25748.857302138487,99752.63644031875,99752.63644031875,99752.63644031875,125607.53338589014,123304.5541008232,2302.9792850669446,0.0,90526.4291810733,58360.183984978336,35740.27244010551,25854.896945571392,61595.1693856769,19709.03728556383,1450.0,0.0,0.886463254568818,2.8541975136945483,0.001494314312251686,1.0,1.0,-5.288259162895599,350688.7579435489,1542511.9123869867,4.398521131479464,1542511.9123869867,4.398521131479464,0.7622941730169894,0.09148107563483815,4.227812219427281,101325.0,128351.07116782667,1.2667265844345095,1.0,0.0,4.227812219427281,1.2817097962398363,1.2819324041134743,3.298572135307425,6989.278536910239,16243.107769423557,6469.2790602418345,0.00018912423617773675,21412.121561382028,2183.4287510395525,19337.108035217556,1971.8362575617114,0.9030916427306822,0.9030916427306822,37659.68481887412,35405.22815468563,1.08021848441969,0.8,4545.124989812147,4273.035954225843,1.08021848441969,0.8,17887.489023156744,17887.489023156744,1.0,0.8,4632.441516551485,4632.441516551485,5.558377199180841,4.711297070944165,-2.608918224617594,7.320215295561759,3.5,3.5,1.0,0.6,0.00017367136125508062,1.0056649630767567,0.0001726930614384199,201.3108856575709,0.0,1.3365333781912157e-05,37.87735593793905,0.01195706290644126,6.005338350125275e-05,0.00011361797775382787,0.00048035547469425045,0.09151817950965864,0.09151817950965864,0.09151817950965864,0.09136996729358182,0.0,0.0,0.0,0.0,0.0,0.0,1.0,1.0,0.0,1.0,1.0,509565.7751910074,588.4741421575415,0.0,0.09151817950965864,0.09148107563483814,0.09148107563483816,0.375,0.375,0.5,5.139086196102285,3.979039320256561e-13,3.979039320256561e-13,3.979039320256561e-13,3.979039320256561e-13,3.979039320256561e-13,3.979039320256561e-13,25854.896945571392,19709.03728556383,0.7622941730169894,1.096803108933544,0.6787693968917351,41059.97430708969,25750.0,0.0,0.0,0.0,0.0,0.0,0.0,0.0,0.0,0.0,0.0,0.0,0.0,0.0,0.0,0.0,0.0,0.0,0.0,0.0,0.0,41097.85166302763,25750.0,1.0,0.0,0.0,6.0,0.9,167190.3635292044,27865.060588200733,259.75902261225986,259.75902261225986,-13.390977387740122,242.2498525032327,277.26819229005014,148690.57696679624,149007.09407870303,-316.51711190680436,0.0,nan,277.26819229005014,4.11819229005016,270.26452463480297,-2.88547536519701,263.260856795983,-9.889143204016989,256.2571888059428,-16.892811194057174,249.25352064354752,-23.89647935645246,242.2498525032327,-30.90014749676729,1.0,1.0,26022.01252070864,26022.01252070864,276.52113195046377,3.3711319504637913,276.52113195046377,276.52113195046377,73997.73703678627,74003.77913818025,-6.042101393977646,0.0,8546.071908451686,8546.071908451686,0.8661903165754523,4248.951280524418,276.52113195046377,3.3711319504637913,1.0,0.002,0.4659831052632584,0.0036483879683146068,0.0007215956559573121,0.0012782535023625739,0.36079782797865606,0.36079782797865606,0.0,-1.5084168011403679e-07,0.9987788003246565,0.9987788003246565,0.0,0.09136935897497281,0.00011171665986533938,0.0,0.0,0.0,1601547.463502853,267.8617408371044,0.0,1.0,1280229.6467498215,2615.523726018426,,,,,,,,,,,,,,,,,13.0,16243.107769423557
1230.0,-32.90783572242047,4.7140296826150605,34.868167030603104,23.50609606308865,6.085272352852044,-29.007345588834635,-42.41951397908849,2.2015865298625545,-5.283426432267504,-5.283426432267907,39.693056408910564,41754.83351256333,25743.44949582364,25743.44949582364,67498.28300838696,74006.95972007417,74049.50312339811,25743.44949582364,99792.95261922176,99792.95261922176,99792.95261922176,125639.47935667433,123350.0245449761,2289.4548116982332,0.0,90505.59292549125,58335.0413267843,35745.057331896605,25846.526737452565,61591.58406934917,19700.72370933792,1450.0,0.0,0.8865872410417228,2.8547067549648326,0.001494314312251686,1.0,1.0,-5.283426432267504,350754.98108273477,1541341.2267034685,4.394353066478343,1541341.2267034685,4.394353066478343,0.7622193848116099,0.09146603041826157,4.226996535783972,101325.0,128351.07116782667,1.2667265844345095,1.0,0.0,4.226996535783972,1.2815729764520154,1.2817943067348576,3.29828781774585,6988.676102114436,16243.107769423557,6469.970787404372,0.00018927828691953313,21411.324130339126,2183.3474357032346,19339.175653996757,1972.0470960008524,0.9032218435567839,0.9032218435567838,37653.87207601255,35405.22815468563,1.0800100748444272,0.8,4544.423453329127,4273.035954225843,1.0800100748444272,0.8,17887.489023156744,17887.489023156744,1.0,0.8,4632.441516551485,4632.441516551485,5.557209822043855,4.7140296826150605,-2.60464821243075,7.318677895045811,3.5,3.5,1.0,0.6,0.0001726930614384199,1.0049334323754653,0.00017184527439813345,201.34985035642018,0.0,1.3129493502040383e-05,37.20898458478244,0.012154005308971866,5.979702683589837e-05,0.00011289603460252154,0.0004772111471686059,0.09147034204888406,0.09147034204888406,0.09147034204888406,0.09139905124781787,0.0,0.0,0.0,0.0,0.0,0.0,1.0,1.0,0.0,1.0,1.0,509574.61345647066,588.4698315447016,0.0,0.09147034204888406,0.09146603041826157,0.09146603041826157,0.375,0.375,0.5,5.109887386357106,3.979039320256561e-13,3.979039320256561e-13,3.979039320256561e-13,3.979039320256561e-13,3.979039320256561e-13,3.979039320256561e-13,25846.526737452565,19700.72370933792,0.7622193848116099,1.0959010720098892,0.6779308268082437,41059.97430708969,25750.0,0.0,0.0,0.0,0.0,0.0,0.0,0.0,0.0,0.0,0.0,0.0,0.0,0.0,0.0,0.0,0.0,0.0,0.0,0.0,0.0,41097.18329167447,25750.0,1.0,0.0,0.0,6.0,0.9,167190.3635292044,27865.060588200733,259.7433945651965,259.7433945651965,-13.406605434803453,242.20522915034104,277.2815575283311,148996.19694962868,149169.93560168237,-173.73865205370515,0.0,nan,277.2815575283311,4.131557528331143,270.26629369129324,-2.883706308706735,263.25102867037936,-9.898971329620622,256.2357627617791,-16.914237238220892,249.22049558905553,-23.929504410944446,242.20522915034104,-30.944770849658937,1.0,1.0,26022.01252070864,26022.01252070864,276.5313149736833,3.381314973683345,276.5313149736833,276.5313149736833,74057.40269528888,74049.50312339811,7.899571890768129,0.0,8546.071908451686,8546.071908451686,0.8662422417443838,4248.131518462891,276.5313149736833,3.381314973683345,1.0,0.002,0.4669855392762113,0.003645682990010182,0.0007231552005415606,0.0012770779288169278,0.3615776002707803,0.3615776002707803,0.0,2.3312935848842156e-07,0.9992657329080773,0.9992657329080773,0.0,0.09139886992209664,6.716049616493035e-05,0.0,0.0,0.0,1601553.0441933544,267.8665735677325,0.0,1.0,1280213.0352411866,2615.591590763449,,,,,,,,,,,,,,,,,11.0,16243.107769423557
1245.0,-32.937904569442395,4.719372062083319,34.86853820607105,23.524599393736594,6.10076203177162,-29.025887331414683,-42.43798874141646,2.220556988806259,-5.279246455276791,-5.27924645527719,39.68022064132361,41695.34493493291,25746.442682203306,25746.442682203306,67441.78761713621,74010.61195710578,74086.61359050452,25746.442682203306,99833.05627270782,99833.05627270782,99833.05627270782,125676.30402858737,123389.37971077915,2286.924317808228,0.0,90492.42039264229,58318.88915423363,35748.368042676295,25843.24775587955,61591.615798555846,19697.32657831241,1450.0,0.0,0.8866552176264381,2.855147271235004,0.001494314312251686,1.0,1.0,-5.279246455276791,350812.2674244872,1540791.4132864592,4.392068226685136,1540791.4132864592,4.392068226685136,0.7621846435238043,0.09142315992000405,4.226480619795538,101325.0,128351.07116782667,1.2667265844345095,1.0,0.0,4.226480619795538,1.2814864343837415,1.281706663236439,3.2981079677429634,6988.295021539727,16243.107769423557,6470.407616882493,0.00018937570592207493,21410.821090437177,2183.2961399088554,19340.481366539494,1972.180241625784,0.9033040482122207,0.9033040482122207,37650.19542824057,35405.22815468563,1.0798782567886127,0.8,4543.979720893565,4273.035954225843,1.0798782567886127,0.8,17887.489023156744,17887.489023156744,1.0,0.8,4632.441516551485,4632.441516551485,5.5578559578599185,4.719372062083319,-2.600156774363961,7.3195288364472795,3.5,3.5,1.0,0.6,0.00017184527439813345,1.003211044486774,0.00017129523776928377,201.37523261703623,0.0,1.1380119579719395e-05,32.25125888892477,0.012324707102667656,5.9669510566048614e-05,0.00011217576383208484,0.0004741086918470678,0.0914481862589447,0.0914481862589447,0.0914481862589447,0.09142016408932872,0.0,0.0,0.0,0.0,0.0,0.0,1.0,1.0,0.0,1.0,1.0,509527.18263881863,588.4848679929453,0.0,0.0914481862589447,0.09142315992000405,0.09142315992000405,0.375,0.375,0.5,5.106763563619556,3.979039320256561e-13,3.979039320256561e-13,3.979039320256561e-13,3.979039320256561e-13,3.979039320256561e-13,3.979039320256561e-13,25843.24775587955,19697.32657831241,0.7621846435238043,1.0949832496311542,0.6769646224463972,41059.97430708969,25750.0,0.0,0.0,0.0,0.0,0.0,0.0,0.0,0.0,0.0,0.0,0.0,0.0,0.0,0.0,0.0,0.0,0.0,0.0,0.0,0.0,41092.22556597861,25750.0,1.0,0.0,0.0,6.0,0.9,167190.3635292044,27865.060588200733,259.73420064365956,259.73420064365956,-13.415799356340415,242.1736323802307,277.29476393310193,149187.54078016704,149290.52679299004,-102.98601282297821,0.0,nan,277.29476393310193,4.144763933101956,270.27054303330567,-2.879456966694306,263.2463183762422,-9.903681623757791,256.22208760183133,-16.927912398168644,249.19785853724557,-23.952141462754412,242.1736323802307,-30.976367619769263,1.0,1.0,26022.01252070864,26022.01252070864,276.5398373511949,3.389837351194899,276.5398373511949,276.5398373511949,74087.89716377531,74086.61359050452,1.2835732707899297,0.0,8546.071908451686,8546.071908451686,0.8662750841040427,4247.613022894516,276.5398373511949,3.389837351194899,1.0,0.002,0.46702196881281494,0.003645654674922674,0.0007232178686515294,0.0012768709732250462,0.3616089343257647,0.3616089343257647,0.0,8.884187657548157e-08,0.9999671908934785,0.9999671908934785,0.0,0.0914201604078117,2.99951219234579e-06,0.0,0.0,0.0,1601557.8708317927,267.8707535447232,0.0,1.0,1280198.6670697322,2615.65029257485,,,,,,,,,,,,,,,,,19.0,16243.107769423557
1260.0,-32.985245107845984,4.718828096476629,34.867841701756255,23.46884182132783,6.065424706123671,-29.0799842413396,-42.48923905016852,2.1632266694582256,-5.2843580250903415,-5.284358025090734,39.7161630581859,41721.53943161258,25758.204263035954,25758.204263035954,67479.74369464854,73951.72376646202,73991.6984503373,25758.204263035954,99749.90271337325,99749.90271337325,99749.90271337325,125604.6031171127,123339.50748969338,2265.0956274193145,0.0,90533.1956387851,58326.39458907172,35785.33449968152,25854.70040373945,61640.03490342097,19708.604658212145,1450.0,0.0,0.8864985064749665,2.854608584276592,0.001494314312251686,1.0,1.0,-5.2843580250903415,350742.21465796925,1542331.3617665176,4.397335984408212,1542331.3617665176,4.397335984408212,0.7622832347870341,0.091430427145482,4.228077216169829,101325.0,128351.07116782667,1.2667265844345095,1.0,0.0,4.228077216169829,1.2817544201439233,1.2819739900025209,3.2986640418178346,6989.47327577732,16243.107769423557,6469.05515239959,0.00018907442704533167,21412.379909371233,2183.455095202871,19336.438759693174,1971.7680104513952,0.9030494901330649,0.9030494901330649,37661.573196263445,35405.22815468563,1.080286191868544,0.8,4545.352896957512,4273.035954225843,1.080286191868544,0.8,17887.489023156744,17887.489023156744,1.0,0.8,4632.441516551485,4632.441516551485,5.56039491723817,4.718828096476629,-2.604044472972115,7.3228725694487435,3.5,3.5,1.0,0.6,0.00017129523776928377,1.005061773106338,0.00017043254688700642,201.415206387202,0.0,7.384250272166305e-06,20.92696527131931,0.01243547085675015,5.9317087262186444e-05,0.00011197815050709734,0.0004734522668678942,0.09149941385110438,0.09149941385110438,0.09149941385110438,0.09138676071092866,0.0,0.0,0.0,0.0,0.0,0.0,1.0,1.0,0.0,1.0,1.0,509945.37557520455,588.3483541819353,0.0,0.09149941385110438,0.091430427145482,0.091430427145482,0.375,0.375,0.5,5.05690152389927,3.979039320256561e-13,3.979039320256561e-13,3.979039320256561e-13,3.979039320256561e-13,3.979039320256561e-13,3.979039320256561e-13,25854.70040373945,19708.604658212145,0.7622832347870341,1.0947388949467234,0.6768578164659195,41059.97430708969,25750.0,0.0,0.0,0.0,0.0,0.0,0.0,0.0,0.0,0.0,0.0,0.0,0.0,0.0,0.0,0.0,0.0,0.0,0.0,0.0,0.0,41080.90127236101,25750.0,1.0,0.0,0.0,6.0,0.9,167190.3635292044,27865.060588200733,259.7002669903489,259.7002669903489,-13.449733009651084,242.13028824490712,277.2702444832918,149152.25549808846,149530.3728976697,-378.1173995812536,0.0,nan,277.2702444832918,4.120244483291799,270.24225450830824,-2.907745491691742,263.2142636710188,-9.935736328981193,256.18627142711586,-16.963728572884122,249.1582796074516,-23.991720392548388,242.13028824490712,-31.019711755092857,1.0,1.0,26022.01252070864,26022.01252070864,276.52361949288013,3.3736194928801524,276.52361949288013,276.52361949288013,73961.6606160504,73991.6984503373,-30.037834286893485,0.0,8546.071908451686,8546.071908451686,0.8661734472648718,4249.217602250677,276.52361949288013,3.3736194928801524,1.0,0.002,0.46767885699501016,0.0036427056807843933,0.0007242274487987259,0.0012760788644890588,0.3621137243993629,0.3621137243993629,0.0,3.063132877848679e-07,0.9995202562724482,0.9995202562724482,0.0,0.09138656397155157,4.3863173930424395e-05,0.0,0.0,0.0,1601551.9684445045,267.86564197490964,0.0,1.0,1280216.2374336866,2615.5785083156093,,,,,,,,,,,,,,,,,12.0,16243.107769423557
1275.0,-33.02987220134903,4.718745764769309,34.86693755068603,23.46425416124987,6.063954220070443,-29.120458707589023,-42.52820833409203,2.1584655044025416,-5.283115515179759,-5.283115515180154,39.71987605376151,41692.315901270325,25754.792795869867,25754.792795869867,67447.1086971402,73940.85835267327,73960.7191746268,25754.792795869867,99715.51197049668,99715.51197049668,99715.51197049668,125572.00710849185,123326.27336004352,2245.7337484483355,0.0,90536.84742920405,58314.713396461375,35802.37114749186,25856.49513799516,61658.86628548702,19710.245126684345,1450.0,0.0,0.8864913597568707,2.854739519812943,0.001494314312251686,1.0,1.0,-5.283115515179759,350759.24193054537,1542490.510885787,4.397576247445588,1542490.510885787,4.397576247445588,0.7622937687993478,0.09151236334204743,4.228220076619665,101325.0,128351.07116782667,1.2667265844345095,1.0,0.0,4.228220076619665,1.281778364160484,1.2819968322847153,3.298713876629512,6989.578869763251,16243.107769423557,6468.933679603781,0.00018904741645335365,21412.520112147413,2183.4693919072683,19336.07566937754,1971.7309855432325,0.9030266203186472,0.9030266203186472,37662.591215724126,35405.22815468563,1.080322693134588,0.8,4545.475761121487,4273.035954225843,1.080322693134588,0.8,17887.489023156744,17887.489023156744,1.0,0.8,4632.441516551485,4632.441516551485,5.55965848761377,4.718745764769309,-2.60315694905297,7.321902713822279,3.5,3.5,1.0,0.6,0.00017043254688700642,1.004772778380019,0.00016962297402383093,201.45290220251857,0.0,1.1583937473483344e-05,32.8288787998518,0.0126092299188524,5.9050404672882123e-05,0.0001113821422141243,0.0004709482098866671,0.0914983981073014,0.0914983981073014,0.0914983981073014,0.0913902156802153,0.0,0.0,0.0,0.0,0.0,0.0,1.0,1.0,0.0,1.0,1.0,510197.4667451245,588.2651287508963,0.0,0.0914983981073014,0.09151236334204743,0.09151236334204742,0.375,0.375,0.5,5.008856383093859,3.979039320256561e-13,3.979039320256561e-13,3.979039320256561e-13,3.979039320256561e-13,3.979039320256561e-13,3.979039320256561e-13,25856.49513799516,19710.245126684345,0.7622937687993478,1.0938752649919479,0.6761771406602017,41059.97430708969,25750.0,0.0,0.0,0.0,0.0,0.0,0.0,0.0,0.0,0.0,0.0,0.0,0.0,0.0,0.0,0.0,0.0,0.0,0.0,0.0,0.0,41092.80318588954,25750.0,1.0,0.0,0.0,6.0,0.9,167190.3635292044,27865.060588200733,259.67470896501385,259.67470896501385,-13.475291034986128,242.08761986671436,277.26179781658647,149368.96406419014,149653.85479600672,-284.89073181660785,0.0,nan,277.26179781658647,4.111797816586488,270.22696249607924,-2.923037503920739,263.19212698878977,-9.95787301121021,256.1572911677059,-16.992708832294056,249.12245545420714,-24.027544545792836,242.08761986671436,-31.062380133285615,1.0,1.0,26022.01252070864,26022.01252070864,276.52123703028377,3.371237030283794,276.52123703028377,276.52123703028377,73955.2665424891,73960.7191746268,-5.452632137705223,0.0,8546.071908451686,8546.071908451686,0.8661643529696734,4249.361177002763,276.52123703028377,3.371237030283794,1.0,0.002,0.4695181257730811,0.0036348093452036523,0.0007270775308136708,0.0012732542916706543,0.3635387654068354,0.3635387654068354,0.0,3.3182248432512065e-07,0.9986594791072252,0.9986594791072252,0.0,0.09138968910704022,0.00012267423500721423,0.0,0.0,0.0,1601553.4032194149,267.8668844848202,0.0,1.0,1280211.966512597,2615.5959570380974,,,,,,,,,,,,,,,,,15.0,16243.107769423557
1290.0,-33.072593322452,4.718299464638418,34.8661432083165,23.455153998825722,6.0592992296418515,-29.159324043066423,-42.56560691921038,2.1490710556600052,-5.284271401579019,-5.284271401579423,39.718219179943596,41666.084020710674,25756.619980510943,25756.619980510943,67422.70400122162,73926.57568075306,73943.44399941216,25756.619980510943,99700.06397992311,99700.06397992311,99700.06397992311,125555.5499617161,123331.71907741176,2223.8308843043305,0.0,90543.740090391,58305.44767107595,35820.32491035006,25855.485981792983,61675.81089214304,19709.351351779856,1450.0,0.0,0.8864914751892439,2.8546177124973875,0.001494314312251686,1.0,1.0,-5.284271401579019,350743.4017197238,1542419.4912203779,4.397572366743802,1542419.4912203779,4.397572366743802,0.7622889535187567,0.09146321588961848,4.228489903472529,101325.0,128351.07116782667,1.2667265844345095,1.0,0.0,4.228489903472529,1.2818237722985348,1.2820412103784269,3.2988075231980645,6989.777295604734,16243.107769423557,6468.705296433659,0.0001889966552201967,21412.783796890348,2183.496280268017,19335.393016798644,1971.6613743529792,0.9029836195145542,0.9029836195145542,37664.51397535802,35405.22815468563,1.0803916346908657,0.8,4545.707817839526,4273.035954225843,1.0803916346908657,0.8,17887.489023156744,17887.489023156744,1.0,0.8,4632.441516551485,4632.441516551485,5.5600529199308415,4.718299464638418,-2.604122704661067,7.322422169299486,3.5,3.5,1.0,0.6,0.00016962297402383093,1.0045701332719839,0.00016885130107477134,201.48900012576797,0.0,1.0872720188740298e-05,30.813289014890003,0.012772320721683505,5.8795514673873055e-05,0.00011082745934995788,0.00046863279288880905,0.0914906596465164,0.0914906596465164,0.0914906596465164,0.09138632810085683,0.0,0.0,0.0,0.0,0.0,0.0,1.0,1.0,0.0,1.0,1.0,510415.5711129279,588.1928625840939,0.0,0.0914906596465164,0.09146321588961848,0.09146321588961848,0.375,0.375,0.5,4.962412937613386,3.979039320256561e-13,3.979039320256561e-13,3.979039320256561e-13,3.979039320256561e-13,3.979039320256561e-13,3.979039320256561e-13,25855.485981792983,19709.351351779856,0.7622889535187567,1.0931790441981961,0.6755660512283361,41059.97430708969,25750.0,0.0,0.0,0.0,0.0,0.0,0.0,0.0,0.0,0.0,0.0,0.0,0.0,0.0,0.0,0.0,0.0,0.0,0.0,0.0,0.0,41090.78759610458,25750.0,1.0,0.0,0.0,6.0,0.9,167190.3635292044,27865.060588200733,259.6505885243921,259.6505885243921,-13.499411475607872,242.04637673019414,277.2548004781359,149532.12788168952,149800.95403989463,-268.8261582051291,0.0,nan,277.2548004781359,4.104800478135928,270.2131156677898,-2.936884332210184,263.171430869139,-9.97856913086099,256.1297460591048,-17.020253940895202,249.08806134198898,-24.061938658011,242.04637673019414,-31.103623269805837,1.0,1.0,26022.01252070864,26022.01252070864,276.51805972686395,3.368059726863976,276.51805972686395,276.51805972686395,73936.71845674922,73943.44399941216,-6.725542662941734,0.0,8546.071908451686,8546.071908451686,0.8661471761626063,4249.632352989892,276.51805972686395,3.368059726863976,1.0,0.002,0.47067769115746594,0.0036306391859149624,0.0007288714455848378,0.0012718477749297877,0.36443572279241887,0.36443572279241887,0.0,7.192205146253766e-07,0.9991563174212382,0.9991563174212382,0.0,0.09138604996777488,7.716592184359809e-05,0.0,0.0,0.0,1601552.0684727926,267.86572859842096,0.0,1.0,1280215.9396807582,2615.579724771109,,,,,,,,,,,,,,,,,23.0,16243.107769423557
1305.0,-33.11377978794643,4.717759255626848,34.865424182637106,23.446925763878994,6.055683688214597,-29.196816541792664,-42.601668695546664,2.140573517179409,-5.284226111986584,-5.284226111987006,39.724040576312596,41640.696286366045,25755.11232160567,25755.11232160567,67395.80860797172,73911.14888015745,73923.75804151683,25755.11232160567,99678.8703631225,99678.8703631225,99678.8703631225,125536.5109081587,123335.16868504566,2201.3422231130353,0.0,90550.00016339144,58296.329007587934,35837.412395337225,25857.640545036193,61695.05294037342,19711.4115501896,1450.0,0.0,0.8864705447041106,2.8546224850376385,0.001494314312251686,1.0,1.0,-5.284226111986584,350744.0223555189,1542669.0284524772,4.398276036444627,1542669.0284524772,4.398276036444627,0.7623051111665924,0.0914333987293722,4.228734845817075,101325.0,128351.07116782667,1.2667265844345095,1.0,0.0,4.228734845817075,1.281864929054354,1.282081384883753,3.298892691398196,6989.957756800908,16243.107769423557,6468.49745530857,0.00018895048453306104,21413.023862907958,2183.520760189051,19334.771765767025,1971.5980243780523,0.9029444832058063,0.9029444832058063,37666.25938918284,35405.22815468563,1.0804542181819157,0.8,4545.9184707972145,4273.035954225843,1.0804542181819157,0.8,17887.489023156744,17887.489023156744,1.0,0.8,4632.441516551485,4632.441516551485,5.5597274632791205,4.717759255626848,-2.6042342970684387,7.321993552695286,3.5,3.5,1.0,0.6,0.00016885130107477134,1.0044071385568916,0.00016811041518220677,201.52381248859987,0.0,1.036557406200799e-05,29.376036891730646,0.012927804332613625,5.8550700185218325e-05,0.00011030060088955301,0.0004664319944962147,0.09149336873853495,0.09149336873853495,0.09149336873853495,0.09138432320835885,0.0,0.0,0.0,0.0,0.0,0.0,1.0,1.0,0.0,1.0,1.0,510682.3423347236,588.1048535763928,0.0,0.09149336873853495,0.09143339872937219,0.0914333987293722,0.375,0.375,0.5,4.913478870207535,3.979039320256561e-13,3.979039320256561e-13,3.979039320256561e-13,3.979039320256561e-13,3.979039320256561e-13,3.979039320256561e-13,25857.640545036193,19711.4115501896,0.7623051111665924,1.092402152132164,0.6749438456047787,41059.97430708969,25750.0,0.0,0.0,0.0,0.0,0.0,0.0,0.0,0.0,0.0,0.0,0.0,0.0,0.0,0.0,0.0,0.0,0.0,0.0,0.0,0.0,41089.350343981416,25750.0,1.0,0.0,0.0,6.0,0.9,167190.3635292044,27865.060588200733,259.6277906100261,259.6277906100261,-13.522209389973852,242.0066207481439,277.24896060314046,149691.87554067216,149945.95510365267,-254.07956298049504,0.0,nan,277.24896060314046,4.098960603140483,270.20049256444423,-2.949507435555745,263.15202455241376,-9.997975447586214,256.10355656448286,-17.04644343551712,249.05508862753163,-24.094911372468346,242.0066207481439,-31.14337925185609,1.0,1.0,26022.01252070864,26022.01252070864,276.5158015069486,3.3658015069486282,276.5158015069486,276.5158015069486,73917.69490052028,73923.75804151683,-6.063140996557195,0.0,8546.071908451686,8546.071908451686,0.8661315834587227,4249.878520046161,276.5158015069486,3.3658015069486282,1.0,0.002,0.4714179763412401,0.0036279009721956394,0.0007300178881281983,0.0012708864276138444,0.3650089440640991,0.3650089440640991,0.0,9.043157420426766e-07,0.9994612675199088,0.9994612675199088,0.0,0.09138414058771156,4.925814166064e-05,0.0,0.0,0.0,1601552.1207707953,267.8657738880134,0.0,1.0,1280215.7840057702,2615.5803607742123,,,,,,,,,,,,,,,,,19.0,16243.107769423557
1320.0,-33.1533966027097,4.717563992610972,34.86458091451665,23.43764123450967,6.051480133345208,-29.232908928955478,-42.63638873873276,2.1309924885320717,-5.28304265337664,-5.283042653377003,39.72765187554719,41616.81803512071,25751.562113419033,25751.562113419033,67368.38014853974,73894.24585877259,73897.2594046005,25751.562113419033,99648.82151801953,99648.82151801953,99648.82151801953,125508.19870775077,123326.42817478384,2181.770532966927,0.0,90557.00862166351,58288.11410922326,35854.32723604472,25859.377189731247,61713.70442577597,19713.000379015935,1450.0,0.0,0.886463465347126,2.8547471981277153,0.001494314312251686,1.0,1.0,-5.28304265337664,350760.24044395576,1542823.8440394546,4.398514045054562,1542823.8440394546,4.398514045054562,0.7623153579601276,0.0914923344814212,4.229009093550095,101325.0,128351.07116782667,1.2667265844345095,1.0,0.0,4.229009093550095,1.2819110704246468,1.2821265842462093,3.298987887006226,6990.159464871165,16243.107769423557,6468.264991528804,0.00018889887205452837,21413.292480211785,2183.548151531031,19334.07691597283,1971.5271694179796,0.9029007068314984,0.9029007068314984,37668.213603790166,35405.22815468563,1.0805242892861044,0.8,4546.154323797311,4273.035954225843,1.0805242892861044,0.8,17887.489023156744,17887.489023156744,1.0,0.8,4632.441516551485,4632.441516551485,5.558961083784863,4.717563992610972,-2.603420261381646,7.320984253992618,3.5,3.5,1.0,0.6,0.00016811041518220677,1.0042402481760382,0.00016740059511410646,201.55730848084963,0.0,9.953743312575429e-06,28.208908547838767,0.013077110482302257,5.831588598023984e-05,0.00010979452920196693,0.0004643220624171696,0.09149233395883245,0.09149233395883245,0.09149233395883245,0.09138758579023004,0.0,0.0,0.0,0.0,0.0,0.0,1.0,1.0,0.0,1.0,1.0,510929.5984285345,588.0231752910362,0.0,0.09149233395883245,0.0914923344814212,0.0914923344814212,0.375,0.375,0.5,4.866342193841652,3.410605131648481e-13,3.410605131648481e-13,3.410605131648481e-13,3.410605131648481e-13,3.410605131648481e-13,3.410605131648481e-13,25859.377189731247,19713.000379015935,0.7623153579601276,1.091627552994566,0.6743529402804511,41059.97430708969,25750.0,0.0,0.0,0.0,0.0,0.0,0.0,0.0,0.0,0.0,0.0,0.0,0.0,0.0,0.0,0.0,0.0,0.0,0.0,0.0,0.0,41088.183215637524,25750.0,1.0,0.0,0.0,6.0,0.9,167190.3635292044,27865.060588200733,259.605676114099,259.605676114099,-13.544323885900951,241.968333429638,277.2430188288476,149840.8478626487,150087.33657032196,-246.48870767328043,0.0,nan,277.2430188288476,4.093018828847619,270.188081733376,-2.961918266623968,263.1331446440695,-10.016855355930488,256.07820756032294,-17.07179243967704,249.02327048834022,-24.12672951165976,241.968333429638,-31.181666570361983,1.0,1.0,26022.01252070864,26022.01252070864,276.51388428524604,3.3638842852460584,276.51388428524604,276.51388428524604,73893.8787546582,73897.2594046005,-3.3806499422935303,0.0,8546.071908451686,8546.071908451686,0.8661141252011098,4250.154139017845,276.51388428524604,3.3638842852460584,1.0,0.002,0.47299862255610203,0.0036184851274763245,0.0007324674033513892,0.001267532596178571,0.3662337016756946,0.3662337016756946,0.0,-4.700398056889377e-13,0.9988482487019656,0.9988482487019656,0.0,0.09138695806642204,0.00010537641499917012,0.0,0.0,0.0,1601553.4873551035,267.86695734662334,0.0,1.0,1280211.7160613367,2615.59698025447,,,,,,,,,,,,,,,,,5.0,16243.107769423557
1335.0,-33.18989775241425,4.718133458661761,34.864203897405496,23.448133665975206,6.060583358314927,-29.26468310542898,-42.667029274720676,2.1417379683435556,-5.282310915637538,-5.282310915637936,39.71181440687624,41583.667187076084,25751.144263821716,25751.144263821716,67334.8114508978,73895.01073186156,73915.5560659776,25751.144263821716,99666.7003297993,99666.7003297993,99666.7003297993,125520.51116255748,123353.5405869259,2166.9705756315852,0.0,90549.6352685328,58273.19246507943,35862.7142260593,25853.810832758172,61716.525058817475,19707.624846951534,1450.0,0.0,0.8865247732678739,2.8548243109406104,0.001494314312251686,1.0,1.0,-5.282310915637538,350770.26845490956,1542144.9824905703,4.396452952764462,1542144.9824905703,4.396452952764462,0.7622715650870668,0.09142924926736376,4.228720535339955,101325.0,128351.07116782667,1.2667265844345095,1.0,0.0,4.228720535339955,1.2818624960912568,1.2820770918074487,3.298887788849787,6989.9473688891185,16243.107769423557,6468.509422780724,0.0001889531423957811,21413.01003738554,2183.5193503781147,19334.807537342156,1971.6016720635648,0.9029467367541979,0.9029467367541979,37666.15741592696,35405.22815468563,1.0804505618128282,0.8,4545.906163705537,4273.035954225843,1.0804505618128282,0.8,17887.489023156744,17887.489023156744,1.0,0.8,4632.441516551485,4632.441516551485,5.558870883056839,4.718133458661761,-2.602732003689829,7.320865462351589,3.5,3.5,1.0,0.6,0.00016740059511410646,1.0039073602233322,0.0001667490465224461,201.58817917722413,0.0,9.537961495466121e-06,27.030582878150987,0.013220179904734248,5.810938594230645e-05,0.00010929120917180002,0.00046216198055692515,0.0914640996756552,0.0914640996756552,0.0914640996756552,0.09139637491115365,0.0,0.0,0.0,0.0,0.0,0.0,1.0,1.0,0.0,1.0,1.0,510996.8198712873,588.0001099055532,0.0,0.0914640996756552,0.09142924926736377,0.09142924926736376,0.375,0.375,0.5,4.836669923682678,3.979039320256561e-13,3.979039320256561e-13,3.979039320256561e-13,3.979039320256561e-13,3.979039320256561e-13,3.979039320256561e-13,25853.810832758172,19707.624846951534,0.7622715650870668,1.0910337447989165,0.6737849732700562,41059.97430708969,25750.0,0.0,0.0,0.0,0.0,0.0,0.0,0.0,0.0,0.0,0.0,0.0,0.0,0.0,0.0,0.0,0.0,0.0,0.0,0.0,0.0,41087.00488996784,25750.0,1.0,0.0,0.0,6.0,0.9,167190.3635292044,27865.060588200733,259.59003288416216,259.59003288416216,-13.559967115837821,241.9331692116984,277.24689663118187,150041.16460039525,150215.41712990333,-174.2525295080885,0.0,nan,277.24689663118187,4.096896631181892,270.1841510206615,-2.965848979338489,263.12140551690635,-10.028594483093627,256.0586601073008,-17.09133989269918,248.99591481722396,-24.154085182776015,241.9331692116984,-31.216830788301564,1.0,1.0,26022.01252070864,26022.01252070864,276.5167569669852,3.3667569669852355,276.5167569669852,276.5167569669852,73918.45172625303,73915.5560659776,2.895660275433329,0.0,8546.071908451686,8546.071908451686,0.8661324944449351,4249.864138016655,276.5167569669852,3.3667569669852355,1.0,0.002,0.4734911931749351,0.003617688693838319,0.000733231289297073,0.0012672193801818786,0.3666156446485365,0.3666156446485365,0.0,4.506694789513724e-07,0.9996398562001897,0.9996398562001897,0.0,0.0913963215901188,3.292767724495225e-05,0.0,0.0,0.0,1601554.3323101606,267.86768908436244,0.0,1.0,1280209.2008194511,2615.6072562838867,,,,,,,,,,,,,,,,,22.0,16243.107769423557
1350.0,-33.22620410929642,4.718065358280418,34.863530020229675,23.42872725510972,6.04939961994979,-29.298644451470093,-42.69963676398618,2.121759492506405,-5.282146890997581,-5.282146890997984,39.72516791011824,41568.279187689935,25750.546541891883,25750.546541891883,67318.82572958182,73869.76886890105,73877.68415287044,25750.546541891883,99628.23069476231,99628.23069476231,99628.23069476231,125487.00571446554,123336.3779550714,2150.627759394156,0.0,90563.96295581234,58269.894760363444,35882.29799494322,25858.775019703233,61741.07301464645,19712.367480547637,1450.0,0.0,0.886477073823947,2.8548415965961884,0.001494314312251686,1.0,1.0,-5.282146890997581,350772.51634153957,1542717.3557387018,4.39805652913979,1542717.3557387018,4.39805652913979,0.7623086347101784,0.09147615026181634,4.229281197414864,101325.0,128351.07116782667,1.2667265844345095,1.0,0.0,4.229281197414864,1.2819568728004305,1.2821706490154827,3.299082275814797,6990.359463430179,16243.107769423557,6468.034339152092,0.0001888476909468989,21413.55911996802,2183.5753412192767,19333.387480583577,1971.4568665735576,0.902857267783911,0.9028572677839111,37670.152516727336,35405.22815468563,1.0805938126256358,0.8,4546.388330047926,4273.035954225843,1.0805938126256358,0.8,17887.489023156744,17887.489023156744,1.0,0.8,4632.441516551485,4632.441516551485,5.558741853488371,4.718065358280418,-2.602630176017203,7.320695534297621,3.5,3.5,1.0,0.6,0.0001667490465224461,1.0038876449268062,0.00016610329588686575,201.61889369469873,0.0,8.75629961588641e-06,24.815353111422084,0.013351524398972544,5.78903730942526e-05,0.0001088586734281935,0.0004603939407053839,0.09147942013524153,0.09147942013524153,0.09147942013524153,0.09139201069690815,0.0,0.0,0.0,0.0,0.0,0.0,1.0,1.0,0.0,1.0,1.0,511253.56150480657,587.9157656743204,0.0,0.09147942013524153,0.09147615026181634,0.09147615026181634,0.375,0.375,0.5,4.797358820564666,3.979039320256561e-13,3.979039320256561e-13,3.979039320256561e-13,3.979039320256561e-13,3.979039320256561e-13,3.979039320256561e-13,25858.775019703233,19712.367480547637,0.7623086347101784,1.0903410394829418,0.6732678451802895,41059.97430708969,25750.0,0.0,0.0,0.0,0.0,0.0,0.0,0.0,0.0,0.0,0.0,0.0,0.0,0.0,0.0,0.0,0.0,0.0,0.0,0.0,0.0,41084.78966020111,25750.0,1.0,0.0,0.0,6.0,0.9,167190.3635292044,27865.060588200733,259.5681597026541,259.5681597026541,-13.581840297345877,241.8980975637304,277.23822185884086,150122.39983472152,150366.19858119386,-243.79874647236363,0.0,nan,277.23822185884086,4.088221858840882,270.17019697056355,-2.9798030294364253,263.10217210694765,-10.047827893052329,256.03414726505656,-17.115852734943417,248.9661224507853,-24.183877549214685,241.8980975637304,-31.251902436269575,1.0,1.0,26022.01252070864,26022.01252070864,276.5124894921582,3.362489492158204,276.5124894921582,276.5124894921582,73869.47507701932,73877.68415287044,-8.209075851118541,0.0,8546.071908451686,8546.071908451686,0.8660968034073413,4250.4276034019385,276.5124894921582,3.362489492158204,1.0,0.002,0.4747601592786665,0.003610804170249765,0.0007351966136889971,0.0012648001817526081,0.36759830684449857,0.36759830684449857,0.0,-3.2045583946843648e-09,0.9990751848203405,0.9990751848203405,0.0,0.0913915517294774,8.459853233893901e-05,0.0,0.0,0.0,1601554.5217122724,267.8678531090024,0.0,1.0,1280208.6370072104,2615.609559748579,,,,,,,,,,,,,,,,,18.0,16243.107769423557
1365.0,-33.25424117370497,4.718210061437888,34.86293375523068,23.425647988356673,6.047438316580153,-29.321961613809606,-42.72230212865395,2.1185592125948682,-5.284575542677715,-5.284575542678119,39.70232319744091,41542.19912402024,25757.172930598714,25757.172930598714,67299.37205461896,73866.62477102606,73876.0475036707,25757.172930598714,99633.22043426942,99633.22043426942,99633.22043426942,125482.7579710073,123342.4599690106,2140.298001996713,0.0,90566.44852486308,58262.453053366364,35893.328301663016,25849.53753673789,61742.8658384009,19703.67641655633,1450.0,0.0,0.8865476968402222,2.8545856627887525,0.001494314312251686,1.0,1.0,-5.284575542677715,350739.23387826275,1541738.2569377692,4.395682341807497,1541738.2569377692,4.395682341807497,0.7622448327577644,0.09144755571237548,4.229378304647767,101325.0,128351.07116782667,1.2667265844345095,1.0,0.0,4.229378304647767,1.281973107551907,1.2821860585961824,3.299116244898702,6990.431439842796,16243.107769423557,6467.951292179361,0.0001888292701778383,21413.655152422143,2183.585133804321,19333.139247624582,1971.4315538562694,0.9028416265234275,0.9028416265234275,37670.8444614251,35405.22815468563,1.0806186238098863,0.8,4546.471840442463,4273.035954225843,1.0806186238098863,0.8,17887.489023156744,17887.489023156744,1.0,0.8,4632.441516551485,4632.441516551485,5.56017228465154,4.718210061437888,-2.6043693076022585,7.322579369040146,3.5,3.5,1.0,0.6,0.00016610329588686575,1.0030016541656437,0.00016560620333676352,201.64261839135338,0.0,8.679701916557251e-06,24.59827523152325,0.013481719927720903,5.773858822428051e-05,0.00010836470766258525,0.0004583153435776357,0.09144321277428855,0.09144321277428855,0.09144321277428855,0.09139109777037648,0.0,0.0,0.0,0.0,0.0,0.0,1.0,1.0,0.0,1.0,1.0,511246.37335681776,587.9169822667808,0.0,0.09144321277428855,0.09144755571237546,0.09144755571237548,0.375,0.375,0.5,4.775936607243195,3.979039320256561e-13,3.979039320256561e-13,3.979039320256561e-13,3.979039320256561e-13,3.979039320256561e-13,3.979039320256561e-13,25849.53753673789,19703.67641655633,0.7622448327577644,1.089994303645721,0.6728258975336243,41059.97430708969,25750.0,0.0,0.0,0.0,0.0,0.0,0.0,0.0,0.0,0.0,0.0,0.0,0.0,0.0,0.0,0.0,0.0,0.0,0.0,0.0,0.0,41084.57258232121,25750.0,1.0,0.0,0.0,6.0,0.9,167190.3635292044,27865.060588200733,259.55158085771455,259.55158085771455,-13.598419142285422,241.86946805104608,277.23369413452775,150254.946560115,150440.05550541446,-185.10894529948123,0.0,nan,277.23369413452775,4.083694134527775,270.16084890696794,-2.989151093032035,263.0880035823465,-10.06199641765346,256.0151578002073,-17.134842199792672,248.94231267119153,-24.207687328808447,241.86946805104608,-31.280531948953893,1.0,1.0,26022.01252070864,26022.01252070864,276.50986933153484,3.359869331534867,276.50986933153484,276.50986933153484,73868.95379339416,73876.0475036707,-7.0937102765456075,0.0,8546.071908451686,8546.071908451686,0.8660906216787345,4250.5251961710055,276.50986933153484,3.359869331534867,1.0,0.002,0.4756053395282941,0.0036077633651456177,0.000736501728724116,0.0012638483448491286,0.36825086436205795,0.36825086436205795,0.0,3.5007357324437494e-07,0.9993804000620129,0.9993804000620129,0.0,0.09139089481252702,5.6660899848460003e-05,0.0,0.0,0.0,1601551.7172661251,267.86542445732226,0.0,1.0,1280216.9851110992,2615.575453718452,,,,,,,,,,,,,,,,,8.0,16243.107769423557
1380.0,-33.28591874610422,4.719545688785726,34.8628811903579,23.44346340922641,6.062261966004542,-29.35097490647125,-42.750076996721305,2.136843974039407,-5.2802253132906,-5.280225313290984,39.709576250896745,41516.15733383818,25749.410330347528,25749.410330347528,67265.56766418571,73870.53003132035,73894.73371300776,25749.410330347528,99644.14404335529,99644.14404335529,99644.14404335529,125497.85395320857,123366.39768550293,2131.456267705635,0.0,90553.65223509812,58246.49644167342,35896.83977047189,25853.709909853278,61750.549680325166,19707.397676843022,1450.0,0.0,0.8865435631526307,2.855044107269364,0.001494314312251686,1.0,1.0,-5.2802253132906,350798.851573765,1542049.063778804,4.395821300043641,1542049.063778804,4.395821300043641,0.7622657539501596,0.0914280391807078,4.228877769488879,101325.0,128351.07116782667,1.2667265844345095,1.0,0.0,4.228877769488879,1.2818889822059867,1.2821012820254003,3.29894228610301,6990.062842029208,16243.107769423557,6468.376367122385,0.00018892359639384365,21413.16376851508,2183.535026590638,19334.409825075298,1971.561116698903,0.9029216809850263,0.9029216809850262,37667.27782748112,35405.22815468563,1.0804907356013587,0.8,4546.041385510452,4273.035954225843,1.0804907356013587,0.8,17887.489023156744,17887.489023156744,1.0,0.8,4632.441516551485,4632.441516551485,5.55849658076549,4.719545688785726,-2.6008268287260083,7.320372517511735,3.5,3.5,1.0,0.6,0.00016560620333676352,1.003392910811568,0.00016504621624525658,201.66942978947426,0.0,6.682336225696593e-06,18.937740863624146,0.013581954971106352,5.755308833311131e-05,0.00010805311500365221,0.00045694341596297003,0.091449598808527,0.091449598808527,0.091449598808527,0.09140534892157383,0.0,0.0,0.0,0.0,0.0,0.0,1.0,1.0,0.0,1.0,1.0,511373.8954358102,587.8751142127268,0.0,0.091449598808527,0.0914280391807078,0.09142803918070778,0.375,0.375,0.5,4.75703519491637,3.979039320256561e-13,3.979039320256561e-13,3.979039320256561e-13,3.979039320256561e-13,3.979039320256561e-13,3.979039320256561e-13,25853.709909853278,19707.397676843022,0.7622657539501596,1.0893112371049505,0.6723204497573237,41059.97430708969,25750.0,0.0,0.0,0.0,0.0,0.0,0.0,0.0,0.0,0.0,0.0,0.0,0.0,0.0,0.0,0.0,0.0,0.0,0.0,0.0,0.0,41078.91204795331,25750.0,1.0,0.0,0.0,6.0,0.9,167190.3635292044,27865.060588200733,259.5412645648491,259.5412645648491,-13.60873543515089,241.84025830186414,277.2422714278942,150450.11900791142,150565.03284211992,-114.913834208492,0.0,nan,277.2422714278942,4.092271427894218,270.1618685205822,-2.9881314794178024,263.0814657160669,-10.068534283933104,256.00106294450586,-17.148937055494116,248.92066047818142,-24.22933952181856,241.84025830186414,-31.309741698135838,1.0,1.0,26022.01252070864,26022.01252070864,276.5164060870286,3.366406087028622,276.5164060870286,276.5164060870286,73904.44613846426,73894.73371300776,9.71242545649875,0.0,8546.071908451686,8546.071908451686,0.8661224851233083,4250.022158336323,276.5164060870286,3.366406087028622,1.0,0.002,0.4759526605817836,0.003606740198485263,0.0007370462089587558,0.001263287032694861,0.36852310447937786,0.36852310447937786,0.0,3.332416536167525e-07,0.9997510744062893,0.9997510744062893,0.0,0.09140528040177294,2.2758778934863074e-05,0.0,0.0,0.0,1601556.7405626168,267.8697746867094,0.0,1.0,1280202.031807801,2615.6365456189565,,,,,,,,,,,,,,,,,12.0,16243.107769423557
1395.0,-33.316214149410854,4.719365270256722,34.86236745334486,23.41758826458829,6.046432396734506,-29.379721645666937,-42.77769177043808,2.110220616874669,-5.2812638305825885,-5.2812638305829385,39.72379827794109,41507.814327305714,25751.61993466212,25751.61993466212,67259.43426196784,73840.74587532517,73851.79714597612,25751.61993466212,99603.41708063823,99603.41708063823,99603.41708063823,125461.99478724926,123343.93967076782,2118.0551164814397,0.0,90572.66724176101,58247.348577873134,35917.0207376532,25858.577706611035,61775.59844426424,19712.123121150853,1450.0,0.0,0.8864865657892597,2.854934658901832,0.001494314312251686,1.0,1.0,-5.2812638305825885,350784.61849627725,1542658.6415961161,4.397737415651501,1542658.6415961161,4.397737415651501,0.7623050016440475,0.09146729013755309,4.229621631949441,101325.0,128351.07116782667,1.2667265844345095,1.0,0.0,4.229621631949441,1.2820141213799012,1.2822257239754828,3.29920050131497,6990.609969078375,16243.107769423557,6467.74521514814,0.00018878357620913389,21413.89351652618,2183.609440178469,19332.52326958759,1971.3687415771533,0.9028028113928795,0.9028028113928795,37672.57829397241,35405.22815468563,1.0806807946527217,0.8,4546.6810956626505,4273.035954225843,1.0806807946527217,0.8,17887.489023156744,17887.489023156744,1.0,0.8,4632.441516551485,4632.441516551485,5.558973565592324,4.719365270256722,-2.6016354219002427,7.321000692156964,3.5,3.5,1.0,0.6,0.00016504621624525658,1.0032454666486024,0.000164512297071825,201.69507743766175,0.0,7.528818495578053e-06,21.3366716164682,0.013694887248540023,5.736920454000701e-05,0.00010767701170524957,0.00045543301797219674,0.0914677525894211,0.0914677525894211,0.0914677525894211,0.09139596851250821,0.0,0.0,0.0,0.0,0.0,0.0,1.0,1.0,0.0,1.0,1.0,511600.6339382738,587.800728984169,0.0,0.0914677525894211,0.09146729013755309,0.09146729013755309,0.375,0.375,0.5,4.724760541748662,3.410605131648481e-13,3.410605131648481e-13,3.410605131648481e-13,3.410605131648481e-13,3.410605131648481e-13,3.410605131648481e-13,25858.577706611035,19712.123121150853,0.7623050016440475,1.0887702580922995,0.671912783892418,41059.97430708969,25750.0,0.0,0.0,0.0,0.0,0.0,0.0,0.0,0.0,0.0,0.0,0.0,0.0,0.0,0.0,0.0,0.0,0.0,0.0,0.0,0.0,41081.310978706155,25750.0,1.0,0.0,0.0,6.0,0.9,167190.3635292044,27865.060588200733,259.5211475482958,259.5211475482958,-13.628852451704176,241.81077349096375,277.23152168405187,150477.21810055018,150701.5661915926,-224.3480910424346,0.0,nan,277.23152168405187,4.081521684051893,270.1473721196885,-3.002627880311479,263.063222308953,-10.086777691046962,255.9790727265185,-17.17092727348148,248.8949229595989,-24.25507704040109,241.81077349096375,-31.339226509036223,1.0,1.0,26022.01252070864,26022.01252070864,276.5103434408162,3.360343440816223,276.5103434408162,276.5103434408162,73840.46526935327,73851.79714597612,-11.33187662284763,0.0,8546.071908451686,8546.071908451686,0.8660751317513993,4250.769740109188,276.5103434408162,3.360343440816223,1.0,0.002,0.47702752528604414,0.003600902410362983,0.0007387091253359362,0.0012612906565602775,0.3693545626679681,0.3693545626679681,0.0,-2.1810378633344008e-10,0.9992159942149288,0.9992159942149288,0.0,0.09139557925294046,7.171088461262816e-05,0.0,0.0,0.0,1601555.5413908535,267.8687361694174,0.0,1.0,1280205.6015989124,2615.621961011124,,,,,,,,,,,,,,,,,6.0,16243.107769423557
1410.0,-33.345313715572296,4.7201871406024445,34.86221188399522,23.431525064539187,6.057555554941452,-29.40488220832087,-42.801922699995316,2.1245165450471553,-5.279840380560813,-5.27984038056122,39.712133347845246,41479.0473164134,25750.070866996433,25750.070866996433,67229.11818340984,73845.83689308482,73869.99799234654,25750.070866996433,99620.06885934298,99620.06885934298,99620.06885934298,125474.85215733925,123365.50781932562,2109.344338013624,0.0,90562.71655845623,58233.495450572875,35921.356786537064,25854.783297996277,61776.14008453334,19708.401047022748,1450.0,0.0,0.8865362369014863,2.85508467581204,0.001494314312251686,1.0,1.0,-5.279840380560813,350804.1272653725,1542158.6514344888,4.3960675818044,1542158.6514344888,4.3960675818044,0.7622729156097832,0.09143501669671242,4.229232410971454,101325.0,128351.07116782667,1.2667265844345095,1.0,0.0,4.229232410971454,1.281948642308624,1.2821595496039768,3.2990654004322297,6990.32370651951,16243.107769423557,6468.07558814541,0.0001888568418465136,21413.511426687943,2183.570477858182,19333.510776584986,1971.4694392667209,0.9028650365343339,0.9028650365343339,37669.80488415372,35405.22815468563,1.0805813475455361,0.8,4546.34637447912,4273.035954225843,1.0805813475455361,0.8,17887.489023156744,17887.489023156744,1.0,0.8,4632.441516551485,4632.441516551485,5.558639170077528,4.7201871406024445,-2.6003731627369824,7.320560303339427,3.5,3.5,1.0,0.6,0.000164512297071825,1.00311793070213,0.00016400095346384146,201.71971832294878,0.0,7.179257935382398e-06,20.346016988873714,0.013802576117570759,5.720830139092851e-05,0.00010730399568089648,0.0004538135363603883,0.09144701003408548,0.09144701003408548,0.09144701003408548,0.091405892369665,0.0,0.0,0.0,0.0,0.0,0.0,1.0,1.0,0.0,1.0,1.0,511630.1321583054,587.7903613678258,0.0,0.09144701003408548,0.09143501669671242,0.09143501669671242,0.375,0.375,0.5,4.707015787655534,3.979039320256561e-13,3.979039320256561e-13,3.979039320256561e-13,3.979039320256561e-13,3.979039320256561e-13,3.979039320256561e-13,25854.783297996277,19708.401047022748,0.7622729156097832,1.0882699710829253,0.6714412273031988,41059.97430708969,25750.0,0.0,0.0,0.0,0.0,0.0,0.0,0.0,0.0,0.0,0.0,0.0,0.0,0.0,0.0,0.0,0.0,0.0,0.0,0.0,0.0,41080.32032407856,25750.0,1.0,0.0,0.0,6.0,0.9,167190.3635292044,27865.060588200733,259.5095898429584,259.5095898429584,-13.640410157041572,241.78312593185535,277.2360538406835,150664.95896536577,150793.84130830172,-128.88234293597566,0.0,nan,277.2360538406835,4.086053840683519,270.14546825764114,-3.004531742358836,263.0548826163443,-10.09511738365569,255.96429702693968,-17.1857029730603,248.87371138428662,-24.276288615713355,241.78312593185535,-31.366874068144625,1.0,1.0,26022.01252070864,26022.01252070864,276.51389662325363,3.363896623253652,276.51389662325363,276.51389662325363,73874.00728240395,73869.99799234654,4.009290057409089,0.0,8546.071908451686,8546.071908451686,0.866099909092557,4250.378573026311,276.51389662325363,3.363896623253652,1.0,0.002,0.477464629223148,0.0035992138007088278,0.0007393881877506221,0.0012606329441648323,0.36969409387531105,0.36969409387531105,0.0,2.1131915454476735e-08,0.9996802412231486,0.9996802412231486,0.0,0.09140577954761209,2.9237149100329913e-05,0.0,0.0,0.0,1601557.1850389445,267.87015961943916,0.0,1.0,1280200.7086377335,2615.641951543335,,,,,,,,,,,,,,,,,17.0,16243.107769423557
1425.0,-33.36924082590496,4.722165295585856,34.86230211078169,23.43987295115369,6.065079664195226,-29.425087702484696,-42.821494897920616,2.1330687498525056,-5.2784080345612665,-5.278408034561677,39.70208678892946,41454.757514951525,25751.476325129894,25751.476325129894,67206.23384008142,73845.24723254536,73886.56544930105,25751.476325129894,99638.04177443095,99638.04177443095,99638.04177443095,125489.62620399364,123382.67996502791,2106.9462389657215,0.0,90556.83126468807,58222.98898808154,35926.4914184517,25851.58442956269,61778.075848014385,19705.249732446075,1450.0,0.0,0.8865800613964201,2.8552356365504674,0.001494314312251686,1.0,1.0,-5.2784080345612665,350823.75881593983,1541728.1271899706,4.394594403735468,1541728.1271899706,4.394594403735468,0.7622453388161405,0.09141797023412573,4.229002120920687,101325.0,128351.07116782667,1.2667265844345095,1.0,0.0,4.229002120920687,1.2819098697439548,1.2821201151298685,3.2989855377003816,6990.154486973989,16243.107769423557,6468.270730372056,0.00018890014585830548,21413.28584743607,2183.5474751761376,19334.09406975935,1971.5289186174027,0.9029017875869026,0.9029017875869026,37668.163919047205,35405.22815468563,1.0805225077587375,0.8,4546.148327375197,4273.035954225843,1.0805225077587375,0.8,17887.489023156744,17887.489023156744,1.0,0.8,4632.441516551485,4632.441516551485,5.558942564762262,4.722165295585856,-2.5987945694119823,7.320959864997838,3.5,3.5,1.0,0.6,0.00016400095346384146,1.0025635735302147,0.00016358160000404094,201.7399834087092,0.0,6.87653923791191e-06,19.48811220024235,0.013905724206139438,5.7078639110785146e-05,0.00010692231435305633,0.0004521746941728236,0.09143040487953812,0.09143040487953812,0.09143040487953812,0.09141524413894186,0.0,0.0,0.0,0.0,0.0,0.0,1.0,1.0,0.0,1.0,1.0,511602.4589220547,587.7990172329768,0.0,0.09143040487953812,0.09141797023412573,0.09141797023412573,0.375,0.375,0.5,4.702624664424041,3.979039320256561e-13,3.979039320256561e-13,3.979039320256561e-13,3.979039320256561e-13,3.979039320256561e-13,3.979039320256561e-13,25851.58442956269,19705.249732446075,0.7622453388161405,1.0878654428380274,0.6710270099207682,41059.97430708969,25750.0,0.0,0.0,0.0,0.0,0.0,0.0,0.0,0.0,0.0,0.0,0.0,0.0,0.0,0.0,0.0,0.0,0.0,0.0,0.0,0.0,41079.46241928993,25750.0,1.0,0.0,0.0,6.0,0.9,167190.3635292044,27865.060588200733,259.5006164392317,259.5006164392317,-13.649383560768285,241.75955539523758,277.2416778469332,150791.39595110406,150891.59945526306,-100.20350415901427,0.0,nan,277.2416778469332,4.091677846933237,270.14525346085617,-3.0047465391438095,263.0488283916241,-10.101171608375864,255.9524039479199,-17.197596052080087,248.85597959281895,-24.294020407181023,241.75955539523758,-31.390444604762394,1.0,1.0,26022.01252070864,26022.01252070864,276.5172675741622,3.367267574162213,276.5172675741622,276.5172675741622,73889.55572131694,73886.56544930105,2.9902720158861484,0.0,8546.071908451686,8546.071908451686,0.8661145690698728,4250.14713152529,276.5172675741622,3.367267574162213,1.0,0.002,0.47750349651743723,0.0035984217294878543,0.0007394505679957888,0.001260288882438881,0.3697252839978944,0.3697252839978944,0.0,-2.6054956533049997e-07,0.999969597185138,0.999969597185138,0.0,0.09141519087050165,2.7793636240875987e-06,0.0,0.0,0.0,1601558.8389296264,267.8715919654387,0.0,1.0,1280195.785057602,2615.6620673894304,,,,,,,,,,,,,,,,,11.0,16243.107769423557
1440.0,-33.397621390927746,4.721435361792324,34.8617356220192,23.40731267994272,6.043675967623359,-29.453491448875745,-42.84859704840926,2.0995814349846422,-5.280848233516963,-5.280848233517286,39.72251901630844,41454.61709467711,25755.880257922243,25755.880257922243,67210.49735259936,73814.03824918615,73829.83928752951,25755.880257922243,99585.71954545175,99585.71954545175,99585.71954545175,125443.9711485341,123348.1982709257,2095.772877608394,0.0,90580.66092333785,58227.35593491097,35948.11665380765,25858.251603082354,61806.368256890004,19711.78478161535,1450.0,0.0,0.8864933397948154,2.85497845789074,0.001494314312251686,1.0,1.0,-5.280848233516963,350790.3142788912,1542603.8030332013,4.397509680973616,1542603.8030332013,4.397509680973616,0.762301530829937,0.09146211707411701,4.22993421132397,101325.0,128351.07116782667,1.2667265844345095,1.0,0.0,4.22993421132397,1.2820666932182587,1.282276426657617,3.2993090247949115,6990.83991730991,16243.107769423557,6467.479598823706,0.00018872471465953183,21414.200883040707,2183.6407828402876,19331.72932461881,1971.2877817214655,0.9027527774771581,0.9027527774771581,37674.805553989914,35405.22815468563,1.0807606596043067,0.8,4546.949902351103,4273.035954225843,1.0807606596043067,0.8,17887.489023156744,17887.489023156744,1.0,0.8,4632.441516551485,4632.441516551485,5.559893236838016,4.721435361792324,-2.600776509685215,7.322211871477538,3.5,3.5,1.0,0.6,0.00016358160000404094,1.0030421079680276,0.00016308547637688522,201.76402518014544,0.0,5.640024001502898e-06,15.983828020259214,0.013990324566161982,5.689954125124938e-05,0.00010668205875279156,0.0004512580900529068,0.09145934095030435,0.09145934095030435,0.09145934095030435,0.09139806906864353,0.0,0.0,0.0,0.0,0.0,0.0,1.0,1.0,0.0,1.0,1.0,511836.6303712097,587.7224722073294,0.0,0.09145934095030435,0.09146211707411701,0.09146211707411701,0.375,0.375,0.5,4.675054369855933,3.410605131648481e-13,3.410605131648481e-13,3.410605131648481e-13,3.410605131648481e-13,3.410605131648481e-13,3.410605131648481e-13,25858.251603082354,19711.78478161535,0.762301530829937,1.0874364446273206,0.6707175694643062,41059.97430708969,25750.0,0.0,0.0,0.0,0.0,0.0,0.0,0.0,0.0,0.0,0.0,0.0,0.0,0.0,0.0,0.0,0.0,0.0,0.0,0.0,0.0,41075.95813510995,25750.0,1.0,0.0,0.0,6.0,0.9,167190.3635292044,27865.060588200733,259.4793940318903,259.4793940318903,-13.670605968109669,241.73254622805575,277.22624192157696,150783.16402129666,151019.7102807135,-236.54625941683656,0.0,nan,277.22624192157696,4.07624192157698,270.12750280582395,-3.022497194176026,263.0287635328669,-10.121236467133087,255.93002440500265,-17.219975594997322,248.8312852980158,-24.318714701984163,241.73254622805575,-31.417453771944224,1.0,1.0,26022.01252070864,26022.01252070864,276.50818968687685,3.3581896868768695,276.50818968687685,276.50818968687685,73814.32369017316,73829.83928752951,-15.515597356352373,0.0,8546.071908451686,8546.071908451686,0.8660552333055834,4251.08388238059,276.50818968687685,3.3581896868768695,1.0,0.002,0.4784680649236038,0.0035945734850245555,0.0007409405347352524,0.0012590545035776658,0.3704702673676262,0.3704702673676262,0.0,-4.961687082027932e-09,0.9992969268550502,0.9992969268550502,0.0,0.09139781251582195,6.430455829506377e-05,0.0,0.0,0.0,1601556.0212809925,267.869151766483,0.0,1.0,1280204.1730313813,2615.6277975005178,,,,,,,,,,,,,,,,,10.0,16243.107769423557
1455.0,-33.380038158742416,4.722585940960418,34.86165996806303,23.42410903600978,6.055512760479239,-29.4160063949235,-42.81428408632053,2.1168174970193947,-5.27889769283621,-5.27889769283659,39.71280461927125,41376.120144125984,25753.82035702729,25753.82035702729,67129.94050115327,73826.84158734353,73851.04762803832,25753.82035702729,99604.8679850656,99604.8679850656,99604.8679850656,125460.22439358257,123370.71955900664,2089.504834575933,0.0,90568.63389667385,58225.60761606303,35936.695867345356,25855.35640851696,61792.05227586231,19708.890624432,1450.0,0.0,0.8865386136180999,2.855184028775152,0.001494314312251686,1.0,1.0,-5.27889769283621,350817.0475254105,1542187.4206043414,4.395987684984543,1542187.4206043414,4.395987684984543,0.762274954289152,0.0914331464237042,4.229463735491962,101325.0,128351.07116782667,1.2667265844345095,1.0,0.0,4.229463735491962,1.2819874379083953,1.2821965223249985,3.2991460059799587,6990.4945000027465,16243.107769423557,6467.878515996894,0.0001888131306855563,21413.739320344142,2183.5937165437886,19332.921714745007,1971.4093716758534,0.9028279192872096,0.9028279192872095,37671.45320253293,35405.22815468563,1.0806404516424033,0.8,4546.545309045157,4273.035954225843,1.0806404516424033,0.8,17887.489023156744,17887.489023156744,1.0,0.8,4632.441516551485,4632.441516551485,5.559448568321947,4.722585940960418,-2.5990403154794657,7.321626256439883,3.5,3.5,1.0,0.6,0.00016308547637688522,0.9981198026694353,0.00016339268687057306,201.7492290660945,0.0,6.6733266667940714e-06,18.912207773694398,0.014090424466163893,5.712637776279262e-05,0.00010595909861409259,0.00044815016503372125,0.09144195497639047,0.09144195497639047,0.09144195497639047,0.09140931822593469,0.0,0.0,0.0,0.0,0.0,0.0,1.0,1.0,0.0,1.0,1.0,511849.958355977,587.7175602067537,0.0,0.09144195497639047,0.09143314642370419,0.0914331464237042,0.375,0.375,0.5,4.662583120351384,3.979039320256561e-13,3.979039320256561e-13,3.979039320256561e-13,3.979039320256561e-13,3.979039320256561e-13,3.979039320256561e-13,25855.35640851696,19708.890624432,0.762274954289152,1.0863847052928532,0.6696026207287606,41059.97430708969,25750.0,0.0,0.0,0.0,0.0,0.0,0.0,0.0,0.0,0.0,0.0,0.0,0.0,0.0,0.0,0.0,0.0,0.0,0.0,0.0,0.0,41078.886514863385,25750.0,1.0,0.0,0.0,6.0,0.9,167190.3635292044,27865.060588200733,259.4859254394413,259.4859254394413,-13.664074560558674,241.73989715999272,277.2319602409623,150896.3282170161,150829.01137909238,67.31683792370993,0.0,nan,277.2319602409623,4.081960240962303,270.13354966497707,-3.0164503350229097,263.03512924465866,-10.114870755341315,255.93671360388606,-17.213286396113915,248.83830272217102,-24.311697277828955,241.73989715999272,-31.410102840007255,1.0,1.0,26022.01252070864,26022.01252070864,276.5126218753527,3.3626218753527155,276.5126218753527,276.5126218753527,73854.18337126718,73851.04762803832,3.1357432288641576,0.0,8546.071908451686,8546.071908451686,0.8660851832536202,4250.6110541694225,276.5126218753527,3.3626218753527155,1.0,0.002,0.47880674230385756,0.003593553697591807,0.0007414679922393521,0.001258606682222655,0.37073399611967606,0.37073399611967606,0.0,7.467446200715849e-08,0.9997386475243657,0.9997386475243657,0.0,0.09140925014453133,2.3896279172868738e-05,0.0,0.0,0.0,1601558.273537965,267.87110230716377,0.0,1.0,1280197.4682250859,2615.6551905928122,,,,,,,,,,,,,,,,,11.0,16243.107769423557
1470.0,-33.40510488819174,4.723853434846017,34.86173456420159,23.432419273909204,6.06185590356639,-29.457715013406432,-42.8532283991575,2.125360983844722,-5.2774816319228535,-5.277481631923228,39.70536997481566,41434.31215170995,25753.437796930804,25753.437796930804,67187.74994864076,73831.05609472487,73866.38450683611,25753.437796930804,99619.82230376691,99619.82230376691,99619.82230376691,125472.93485703031,123385.42793968593,2087.5069173443812,0.0,90562.55586900222,58213.68934765497,35943.18502371916,25853.11255326341,61796.29757698257,19706.654234490106,1450.0,0.0,0.8865728637446222,2.855333277228743,0.001494314312251686,1.0,1.0,-5.2774816319228535,350836.45643094415,1541868.8112508545,4.394836348925282,1541868.8112508545,4.394836348925282,0.7622546103061991,0.09142037449055068,4.229226189963218,101325.0,128351.07116782667,1.2667265844345095,1.0,0.0,4.229226189963218,1.2819476499566262,1.2821567278840544,3.299063101450602,6990.318835253312,16243.107769423557,6468.081207222221,0.00018885808848483987,21413.50493003304,2183.569815383749,19333.527572381605,1971.471151961333,0.9028660948103733,0.9028660948103733,37669.760555693494,35405.22815468563,1.0805797580595942,0.8,4546.341024503588,4273.035954225843,1.0805797580595942,0.8,17887.489023156744,17887.489023156744,1.0,0.8,4632.441516551485,4632.441516551485,5.559365985499232,4.723853434846017,-2.5976640625046024,7.321517497350619,3.5,3.5,1.0,0.6,0.00016308547637688522,1.0008013774557125,0.0001629548880033412,201.7703654808336,0.0,0.0,0.0,0.014090424466163893,5.686898819350329e-05,0.00010621648818338193,0.00044921355363107757,0.09142941762716958,0.09142941762716958,0.09142941762716958,0.09141762809693038,0.0,0.0,0.0,0.0,0.0,0.0,1.0,1.0,0.0,1.0,1.0,511831.91194142523,587.7231607778332,0.0,0.09142941762716958,0.09142037449055068,0.0914203744905507,0.375,0.375,0.5,4.658834156081784,3.979039320256561e-13,3.979039320256561e-13,3.979039320256561e-13,3.979039320256561e-13,3.979039320256561e-13,3.979039320256561e-13,25853.11255326341,19706.654234490106,0.7622546103061991,1.0872455564986203,0.6704982948224895,41059.97430708969,25750.0,0.0,0.0,0.0,0.0,0.0,0.0,0.0,0.0,0.0,0.0,0.0,0.0,0.0,0.0,0.0,0.0,0.0,0.0,0.0,0.0,41059.97430708969,25750.0,1.0,0.0,0.0,6.0,0.9,167190.3635292044,27865.060588200733,259.48012472217624,259.48012472217624,-13.669875277823735,241.7232578714715,277.2369939329473,150941.85532071965,151006.8446110079,-64.9892902882282,0.0,nan,277.2369939329473,4.086993932947337,270.1342467025047,-3.01575329749528,263.03149742143967,-10.11850257856031,255.92874948684542,-17.22125051315456,248.82600291784877,-24.32399708215121,241.7232578714715,-31.426742128528474,1.0,1.0,26022.01252070864,26022.01252070864,276.51583254775096,3.3658325477509834,276.51583254775096,276.51583254775096,73870.09758321063,73866.38450683611,3.713076374522643,0.0,8546.071908451686,8546.071908451686,0.866100305114292,4250.372320913034,276.51583254775096,3.3658325477509834,1.0,0.002,0.47884800280326434,0.0035935175456908463,0.0007415340598584701,0.0012585282335862914,0.37076702992923505,0.37076702992923505,0.0,6.229344476143747e-08,0.9999699301623278,0.9999699301623278,0.0,0.09141762549472982,2.748995820860335e-06,0.0,0.0,0.0,1601559.9086055935,267.8725183680771,0.0,1.0,1280192.6005978407,2615.6750779781014,,,,,,,,,,,,,,,,,14.0,16243.107769423557
1485.0,-33.432488488320146,4.722332929948956,34.861077932289476,23.3974200434983,6.037865903339339,-29.485437098522006,-42.8792969911359,2.089380137391192,-5.281926800579015,-5.281926800579386,39.720426827270614,41434.8215643104,25760.96880611048,25760.96880611048,67195.79037042087,73801.65792585963,73806.73121568628,25760.96880611048,99567.70002179676,99567.70002179676,99567.70002179676,125424.80925013294,123348.27437595084,2076.534874182088,0.0,90588.07960332441,58220.88161829658,35963.55331669759,25857.109228336187,61820.662545033774,19710.758579763067,1450.0,0.0,0.8864954327047906,2.8548647908459936,0.001494314312251686,1.0,1.0,-5.281926800579015,350775.53260314243,1542514.119598109,4.397439320100088,1542514.119598109,4.397439320100088,0.7622955221213406,0.09143984591738122,4.230224274387555,101325.0,128351.07116782667,1.2667265844345095,1.0,0.0,4.230224274387555,1.2821155025267716,1.2823244403918468,3.2994096600896725,6991.053151423604,16243.107769423557,6467.233101704386,0.00018867012445334368,21414.486260646216,2183.6698832574034,19330.992528233575,1971.212649399497,0.9027063406026454,0.9027063406026455,37676.8723463393,35405.22815468563,1.0808347715720739,0.8,4547.199342292015,4273.035954225843,1.0808347715720739,0.8,17887.489023156744,17887.489023156744,1.0,0.8,4632.441516551485,4632.441516551485,5.56099169607815,4.722332929948956,-2.601325579250896,7.323658509199852,3.5,3.5,1.0,0.6,0.0001629548880033412,1.0029359508879703,0.00016247786098311232,201.79356900617228,0.0,1.7565909238349543e-06,4.978178678148261,0.014116773330021417,5.6697296535601924e-05,0.00010625759146773927,0.0004494934427647866,0.09145144416158744,0.09145144416158744,0.09145144416158744,0.09139464595195608,0.0,0.0,0.0,0.0,0.0,0.0,1.0,1.0,0.0,1.0,1.0,512031.10881281784,587.657918707121,0.0,0.09145144416158744,0.09143984591738122,0.09143984591738122,0.375,0.375,0.5,4.633056573936244,3.979039320256561e-13,3.979039320256561e-13,3.979039320256561e-13,3.979039320256561e-13,3.979039320256561e-13,3.979039320256561e-13,25857.109228336187,19710.758579763067,0.7622955221213406,1.086947108039671,0.6702422759401334,41059.97430708969,25750.0,0.0,0.0,0.0,0.0,0.0,0.0,0.0,0.0,0.0,0.0,0.0,0.0,0.0,0.0,0.0,0.0,0.0,0.0,0.0,0.0,41064.95248576783,25750.0,1.0,0.0,0.0,6.0,0.9,167190.3635292044,27865.060588200733,259.459021466773,259.459021466773,-13.690978533226996,241.6984695346385,277.21957402125446,150905.32235663777,151140.60598405814,-235.28362742038874,0.0,nan,277.21957402125446,4.069574021254482,270.1153531148791,-3.0346468851208783,263.01113166106506,-10.138868338934913,255.9069105952101,-17.243089404789885,248.80268987359062,-24.347310126409354,241.6984695346385,-31.451530465361486,1.0,1.0,26022.01252070864,26022.01252070864,276.5044071790931,3.35440717909313,276.5044071790931,276.5044071790931,73795.3149670485,73806.73121568628,-11.416248637775425,0.0,8546.071908451686,8546.071908451686,0.8660367682088047,4251.375395759493,276.5044071790931,3.35440717909313,1.0,0.002,0.47953576600933195,0.0035898692036979594,0.000742592285740301,0.0012574568207954111,0.3712961428701505,0.3712961428701505,0.0,4.910653571190554e-08,0.9995030307858371,0.9995030307858371,0.0,0.09139440312901248,4.5442788368734664e-05,0.0,0.0,0.0,1601554.7758539056,267.86807319942096,0.0,1.0,1280207.8804757055,2615.6126505756715,,,,,,,,,,,,,,,,,9.0,16243.107769423557
1500.0,-33.45784479979936,4.721266263394863,34.860578692310696,23.397548600938194,6.038879728310612,-29.508171706777663,-42.90118468981234,2.0894869552327586,-5.282198867896227,-5.28219886789654,39.719686239759845,41416.49893810354,25758.92271307536,25758.92271307536,67175.4216511789,73797.88038938837,73800.94954354224,25758.92271307536,99559.8722566176,99559.8722566176,99559.8722566176,125416.61511076507,123351.21530150865,2065.3998092564184,0.0,90588.15489909737,58213.26312449357,35972.101971781995,25856.742854147462,61828.84482592945,19710.424841034266,1450.0,0.0,0.8864967342776057,2.8548361190274787,0.001494314312251686,1.0,1.0,-5.282198867896227,350771.80401943845,1542482.374638802,4.397395563051936,1542482.374638802,4.397395563051936,0.7622934161590535,0.09142199811140779,4.2302272082398495,101325.0,128351.07116782667,1.2667265844345095,1.0,0.0,4.2302272082398495,1.2821159880653656,1.2823243143737557,3.2994106988892655,6991.05535251529,16243.107769423557,6467.23055631638,0.00018866956091484786,21414.489208202624,2183.6701838245094,19330.98491989849,1971.2118735652327,0.9027058610622349,0.902705861062235,37676.893250832974,35405.22815468563,1.0808355211799832,0.8,4547.201865242938,4273.035954225843,1.0808355211799832,0.8,17887.489023156744,17887.489023156744,1.0,0.8,4632.441516551485,4632.441516551485,5.560550008249431,4.721266263394863,-2.6018105562427656,7.323076819637629,3.5,3.5,1.0,0.6,0.00016247786098311232,1.002718895346954,0.00016203729852611666,201.81505906117994,0.0,6.417398994957741e-06,18.186908751710238,0.014213034314945784,5.6553511469183574e-05,0.00010592434951392874,0.00044808406532892886,0.09144743391896236,0.09144743391896236,0.09144743391896236,0.09139386224871192,0.0,0.0,0.0,0.0,0.0,0.0,1.0,1.0,0.0,1.0,1.0,512144.81725243106,587.6201952548131,0.0,0.09144743391896236,0.09142199811140779,0.09142199811140779,0.375,0.375,0.5,4.608986642314914,3.410605131648481e-13,3.410605131648481e-13,3.410605131648481e-13,3.410605131648481e-13,3.410605131648481e-13,3.410605131648481e-13,25856.742854147462,19710.424841034266,0.7622934161590535,1.086473826905581,0.6698572333787888,41059.97430708969,25750.0,0.0,0.0,0.0,0.0,0.0,0.0,0.0,0.0,0.0,0.0,0.0,0.0,0.0,0.0,0.0,0.0,0.0,0.0,0.0,0.0,41078.1612158414,25750.0,1.0,0.0,0.0,6.0,0.9,167190.3635292044,27865.060588200733,259.44478764609374,259.44478764609374,-13.705212353906234,241.67425559509675,277.2153198447977,151044.6414788623,151203.29331305154,-158.6518341892506,0.0,nan,277.2153198447977,4.0653198447977275,270.10710699003374,-3.0428930099662352,262.99889401044953,-10.151105989550445,255.89068112200684,-17.259318877993138,248.78246831417778,-24.3675316858222,241.67425559509675,-31.475744404903224,1.0,1.0,26022.01252070864,26022.01252070864,276.5034585819964,3.353458581996449,276.5034585819964,276.5034585819964,73799.31615357673,73800.94954354224,-1.6333899655146524,0.0,8546.071908451686,8546.071908451686,0.8660365814429163,4251.378344281049,276.5034585819964,3.353458581996449,1.0,0.002,0.47995901261897705,0.0035885287128486587,0.0007432472922228434,0.0012569998988492266,0.3716236461114217,0.3716236461114217,0.0,2.47191072069719e-07,0.9996912642495611,0.9996912642495611,0.0,0.09139377287221424,2.822523919354755e-05,0.0,0.0,0.0,1601554.4616936834,267.86780113210375,0.0,1.0,1280208.815670739,2615.6088298153227,,,,,,,,,,,,,,,,,13.0,16243.107769423557
