time_s,room_c,dock_c,sink_c,t2_c,t3_c,t4_c,t5_c,t6_c,t7_c,tevap_c,tcond_c,q_room_w,q_dock_w,q_dock_external_w,q_useful_w,q_cascade_w,q_cascade_refrigerant_w,q_dock_refrigerant_w,q_evap_total_w,q_evap_load_requested_w,q_map_capacity_balance_error_w,q_cond_w,refrigerant_q_condenser_stage_w,refrigerant_q_subcooler_w,refrigerant_q_oil_cooling_w,w_air_comp_w,w_air_turb_w,w_air_input_w,w_ref_comp_w,w_total_input_w,w_ref_isentropic_w,refrigerant_compressor_speed_rpm,refrigerant_compressor_map_capacity_w,refrigerant_compressor_volumetric_efficiency,refrigerant_compressor_suction_density_kg_m3,refrigerant_compressor_displacement_m3_per_rev,low_pressure_receiver_enabled,refrigerant_evaporators_series,refrigerant_evaporator_outlet_c,refrigerant_evaporating_pressure_pa,refrigerant_condensing_pressure_pa,refrigerant_pressure_ratio,refrigerant_condensing_pressure_from_tcond_pa,refrigerant_pressure_ratio_from_tcond,refrigerant_compressor_eta_is_effective,m_ref_kg_s,m_air_kg_s,air_low_pressure_pa,air_high_pressure_pa,air_pressure_ratio,air_damper_opening,air_damper_resistance_head_coefficient,air_compressor_map_mass_flow_kg_s,air_compressor_suction_density_kg_m3,air_compressor_suction_mixture_density_kg_m3,air_compressor_volumetric_flow_m3_s,air_compressor_map_volumetric_flow_cfm,air_compressor_map_speed_eval_rpm,air_compressor_map_head_eval_ft,air_compressor_map_d_q_d_speed_m3_s_per_rpm,air_compressor_actual_head_j_kg,air_compressor_actual_head_m,air_compressor_isentropic_head_j_kg,air_compressor_isentropic_head_m,air_compressor_eta_is_target,air_compressor_eta_is_effective,regenerator_ua_w_k,regenerator_ua_ref_w_k,regenerator_air_flow_ratio,regenerator_ua_flow_exponent,cascade_ua_w_k,cascade_ua_ref_w_k,cascade_air_flow_ratio,cascade_ua_flow_exponent,condenser_ua_w_k,condenser_ua_ref_w_k,condenser_sink_flow_ratio,condenser_ua_flow_exponent,dock_evaporator_ua_w_k,dock_evaporator_ua_ref_w_k,dock_evaporator_lmtd_k,dock_evaporator_air_inlet_c,dock_evaporator_air_outlet_c,dock_evaporator_air_delta_t_k,dock_air_m_dot_kg_s,dock_air_m_dot_nominal_kg_s,dock_air_flow_ratio,dock_evaporator_ua_flow_exponent,humidity_ratio_room_kg_kg_da,room_relative_humidity,room_saturation_humidity_ratio_kg_kg_da,room_dry_air_mass_kg,room_moisture_infiltration_dry_air_mass_flow_kg_s,room_moisture_deposition_rate_kg_s,room_moisture_deposition_load_w,room_moisture_cumulative_deposited_water_kg,humidity_ratio_supply_vapor_kg_kg_da,humidity_ratio_supply_ice_kg_kg_da,ice_mass_flow_kg_s,valve_flow_kg_s,cascade_valve_flow_kg_s,dock_valve_flow_kg_s,compressor_map_flow_kg_s,receiver_enabled,receiver_mass_kg,receiver_volume_m3,receiver_liquid_mass_kg,receiver_vapor_mass_kg,receiver_liquid_volume_m3,receiver_liquid_fill_fraction,receiver_liquid_fill_fraction_raw,receiver_overfill_mass_kg,receiver_liquid_feed_fraction,receiver_starvation_flow_multiplier,receiver_outlet_enthalpy_j_kg,receiver_outlet_density_kg_m3,receiver_inlet_m_dot_kg_s,receiver_outlet_m_dot_kg_s,m_ref_cascade_kg_s,m_ref_dock_kg_s,valve_opening,cascade_valve_opening,dock_valve_opening,refrigerant_subcooling_k,refrigerant_superheat_k,refrigerant_cascade_superheat_k,refrigerant_dock_superheat_k,refrigerant_raw_superheat_k,refrigerant_raw_cascade_superheat_k,refrigerant_raw_dock_superheat_k,refrigerant_compressor_work_w,refrigerant_compressor_isentropic_work_w,refrigerant_compressor_eta_is_target,cop_air_cycle,cop_vcc,cop_system,cop_room_only,base_room_load_w,base_dock_load_w,infiltration_magnitude_w,infiltration_room_w,infiltration_dock_w,infiltration_q_m3_s,infiltration_q_unprotected_m3_s,infiltration_sensible_w,infiltration_latent_w,infiltration_total_w,infiltration_cumulative_volume_m3,infiltration_velocity_m_s,infiltration_region_density_kg_m3,infiltration_indoor_density_kg_m3,infiltration_outdoor_density_kg_m3,infiltration_room_humidity_ratio_kg_kg_da,infiltration_outdoor_humidity_ratio_kg_kg_da,infiltration_stage,infiltration_door_open_fraction,infiltration_effective_length_m,infiltration_effective_volume_m3,infiltration_maximum_effective_length_m,load_w,dock_load_w,regenerator_model_transient,regenerator_model_lumped_matrix,regenerator_model_two_lump_matrix,regenerator_cell_count,regenerator_gas_effectiveness,regenerator_solid_capacitance_j_k,regenerator_solid_capacitance_per_cell_j_k,regenerator_solid_mean_k,regenerator_matrix_k,regenerator_matrix_c,regenerator_solid_min_k,regenerator_solid_max_k,regenerator_q_hot_to_solid_w,regenerator_q_solid_to_cold_w,regenerator_q_solid_net_total_w,regenerator_q_heat_leak_w,regenerator_q_hot_to_cold_w,regenerator_cell_1_k,regenerator_cell_1_c,regenerator_cell_2_k,regenerator_cell_2_c,regenerator_cell_3_k,regenerator_cell_3_c,regenerator_cell_4_k,regenerator_cell_4_c,regenerator_cell_5_k,regenerator_cell_5_c,regenerator_cell_6_k,regenerator_cell_6_c,cascade_exchanger_model_lumped,cascade_exchanger_cell_count,cascade_exchanger_solid_capacitance_j_k,cascade_exchanger_solid_capacitance_per_cell_j_k,cascade_exchanger_matrix_mean_k,cascade_exchanger_matrix_mean_c,cascade_exchanger_matrix_min_k,cascade_exchanger_matrix_max_k,cascade_exchanger_q_air_to_matrix_w,cascade_exchanger_q_matrix_to_refrigerant_w,cascade_exchanger_q_matrix_net_total_w,cascade_exchanger_q_heat_leak_w,cascade_exchanger_air_side_ua_w_k,cascade_exchanger_refrigerant_side_ua_w_k,cascade_exchanger_air_effectiveness,cascade_exchanger_air_capacity_rate_w_k,cascade_exchanger_cell_1_k,cascade_exchanger_cell_1_c,lpr_inventory_enabled,lpr_volume_m3,lpr_liquid_mass_kg,lpr_vapor_mass_kg,lpr_liquid_volume_m3,lpr_vapor_volume_m3,lpr_liquid_fill_fraction,lpr_liquid_fill_fraction_raw,lpr_overfill_mass_kg,lpr_volume_residual_m3,lpr_evaporator_outlet_quality,lpr_evaporator_outlet_quality_raw,lpr_return_superheat_k,lpr_vapor_return_m_dot_kg_s,lpr_liquid_return_m_dot_kg_s,lpr_boil_off_m_dot_kg_s,lpr_boil_off_heat_w,lpr_liquid_carryover_m_dot_kg_s,lpr_suction_enthalpy_j_kg,lpr_suction_temperature_k,lpr_suction_superheat_k,lpr_suction_vapor_quality,lpr_h_fg_j_kg,lpr_cp_vapor_j_kg_k,startup_initialization_enabled,startup_iterations,startup_newton_iterations,startup_cost,startup_solved_air_cycle_pressure_ratio,startup_solved_air_cycle_compressor_mass_flow_speed_rpm,startup_solved_air_cycle_regenerator_ua_w_k,startup_solved_vcc_cycle_cascade_ua_w_k,startup_solved_vcc_cycle_dock_evaporator_ua_w_k,startup_solved_vcc_cycle_condenser_ua_w_k,startup_solved_vcc_cycle_compressor_displacement_m3_per_rev,startup_solved_vcc_cycle_expansion_valves_cascade_opening,startup_solved_vcc_cycle_expansion_valves_cascade_flow_coefficient_m2,startup_solved_boundary_conditions_load_before_w,startup_solved_boundary_conditions_load_after_w,startup_solved_boundary_conditions_sink_m_dot_kg_s,newton_iterations,pid_open_loop_air_speed_step_output
0.0,-30.0,5.0,35.0,30.84775685509669,5.0,-26.5,-40.00001469450069,1.5,-4.99999999999244,-5.0,40.0,35353.7532153836,15450.0,15450.0,50803.7532153836,87551.70349521976,82258.3529299623,15450.0,97708.3529299623,97708.3529299623,97708.3529299623,123773.55656952303,119268.7777188418,4504.778850681241,0.0,99406.92806322286,47208.97778338671,57997.722533151275,26065.203639560725,84062.926172712,19891.006535993056,1450.0,0.0,0.8869186971918838,2.884698101094474,0.0014947306463915918,1.0,1.0,-4.99999999999244,354655.99021540873,1554533.227913749,4.3832143564516315,1554533.227913749,4.3832143564516315,0.7631249235975,0.09241955431130083,3.3699304502360934,101325.0,128351.07116782667,1.2667265844345095,1.0,0.0,3.3699304502360934,1.2847212910722052,1.2850212022149787,2.6230829002791807,5557.997904371698,14200.501253132832,6454.11178072111,0.00048155034846614024,29498.213548074422,3007.9806608856666,19291.772021735764,1967.2132707637945,0.6539979782265523,0.6539979782265523,30484.863174865135,30484.863174865135,1.0,0.8,4324.433322199387,4324.433322199387,1.0,0.8,17892.472556813074,17892.472556813074,1.0,0.8,2034.6934298245008,2034.6934298245008,7.593281510390789,5.0,0.6076759061833688,4.392324093816631,3.5,3.5,1.0,0.6,0.0002334323654385558,1.0,0.0002334323654385558,198.92221095423284,0.0,0.0,0.0,0.0,7.885554614010179e-05,0.00015457681929845402,0.0005209131302545024,0.09241955431130083,0.09241955431130083,0.09241955431130083,0.09241955431130083,0.0,0.0,0.0,0.0,0.0,0.0,1.0,1.0,0.0,1.0,1.0,487378.55335087446,595.7628554101648,0.0,0.09241955431130083,0.09241955431130083,0.09241955431130083,0.375,0.375,0.5,10.0,7.560174708487466e-12,7.560174708487466e-12,7.560174708487466e-12,7.560174708487466e-12,7.560174708487466e-12,7.560174708487466e-12,26065.203639560725,19891.006535993056,0.7631249235975,0.6095714050698375,3.9516937952822238,0.6043538516730245,0.4205629618786685,35353.7532153836,15450.0,0.0,0.0,0.0,0.0,0.0,0.0,0.0,0.0,0.0,0.0,0.0,0.0,0.0,0.0,0.0,0.0,0.0,0.0,0.0,0.0,35353.7532153836,15450.0,1.0,0.0,0.0,6.0,0.9,143955.44449186765,23992.574081977942,260.65000000000003,260.65000000000003,-12.499999999999943,244.89999999999998,276.4,106683.57322834912,106683.57322834912,0.0,0.0,nan,276.4,3.25,270.09999999999997,-3.0500000000000114,263.79999999999995,-9.350000000000023,257.5,-15.649999999999977,251.2,-21.94999999999999,244.89999999999998,-28.25,1.0,1.0,25732.562594343566,25732.562594343566,277.66088232852275,4.510882328522769,277.66088232852275,277.66088232852275,82258.35292996248,82258.3529299623,1.7462298274040222e-10,0.0,8648.866644398773,8648.866644398773,0.9222077657657849,3386.780102487274,277.66088232852275,4.510882328522769,1.0,0.002,0.1290764584623183,0.005192456612122998,0.0002000000000000031,0.0017999999999995032,0.10000000000000155,0.10000000000000155,0.0,-4.939625097843958e-16,0.955227078884129,0.955227078884129,0.0,0.08828166089655701,0.004137893414743823,0.0,0.0,0.0,1601879.7459045043,268.15000000000754,0.0,1.0,1279238.0167156027,2619.5792953992536,1.0,233.0,233.0,0.0,1.2667265844345095,14200.501253132832,30484.863174865135,4324.433322199387,2034.6934298245008,17892.472556813074,0.0014947306463915918,0.375,6.517971929379483e-06,35353.7532153836,35353.7532153836,6.175450102142607,0.0,
30.0,-29.828679856154267,5.093119203435386,34.94179542339169,29.667431290168338,5.414277117692861,-26.31053256475649,-39.823801804427035,0.7323324468346615,-5.295250431754425,-5.295250431716951,39.650282428724545,35700.78484230104,16050.031086310359,16050.031086310359,51750.815928611395,83031.54159336793,84735.43739544602,16050.031086310359,100785.46848175637,100785.46848175637,100785.46848175637,126619.36002025587,121975.69112146467,4643.668898791199,0.0,99060.34679319714,47745.28804822755,57016.7319388551,25833.891538499505,82850.6234773546,19687.98076743852,1450.0,0.0,0.8866822607649728,2.8534609303133487,0.0014947306463915918,1.0,1.0,-5.295250431754425,350592.9736215144,1539509.6017139251,4.391159314493039,1539509.6017139251,4.391159314493039,0.7620989171568707,0.09787969867047369,3.406073935751022,101325.0,128351.07116782667,1.2667265844345095,1.0,0.0,3.406073935751022,1.2883222493421522,1.288623001108894,2.6438058781413143,5601.90740777238,14200.501253132832,6436.071960059042,0.00047179511892778006,29083.43995514438,2965.6855251430793,19237.84979055204,1961.714733425996,0.6614709202289252,0.6614709202289252,30746.15106149374,30484.863174865135,1.0107252912333538,0.8,4361.4983415548095,4324.433322199387,1.0107252912333538,0.8,17892.472556813074,17892.472556813074,1.0,0.8,2034.6934298245008,2034.6934298245008,7.888181507370735,5.093119203435386,0.5302105790401166,4.562908624395269,3.5,3.5,1.0,0.6,0.0002334323654385558,0.9823392053950885,0.0002376290838811338,198.78215178566248,0.0,0.0,0.0,0.0,8.044258638361162e-05,0.00015298977905494417,0.000521094498875353,0.09200587124761903,0.09200587124761903,0.09200587124761903,0.09139441161455568,0.0,0.0,0.0,0.0,0.0,0.0,1.0,1.0,0.0,1.0,1.0,486951.4799846165,595.8846260401853,0.0,0.09200587124761903,0.09787969867047235,0.09787969867047504,0.375,0.375,0.5,9.737831268506728,-3.745981302927248e-11,-3.745981302927248e-11,-3.745981302927248e-11,-3.745981302927248e-11,-3.745981302927248e-11,-3.745981302927248e-11,25833.891538499505,19687.98076743852,0.7620989171568707,0.6261457580660122,3.8353328429834073,0.624627960014765,0.4309054457756623,35353.7532153836,15450.0,0.0,0.0,0.0,0.0,0.0,0.0,0.0,0.0,0.0,0.0,0.0,0.0,0.0,0.0,0.0,0.0,0.0,0.0,0.0,0.0,35353.7532153836,15450.0,1.0,0.0,0.0,6.0,0.9,143955.44449186765,23992.574081977942,260.90460728518286,260.90460728518286,-12.245392714817115,245.05953731186062,276.74967726511363,109187.1584367746,107965.41351907999,1221.7449176945859,0.0,nan,276.74967726511363,3.5996772651136553,270.41164920588244,-2.7383507941175367,264.0736212206875,-9.07637877931245,257.7355933410084,-15.414406658991595,251.39756536654485,-21.752434633455124,245.05953731186062,-28.090462688139354,1.0,1.0,25732.562594343566,25732.562594343566,277.6520375690551,4.502037569055119,277.6520375690551,277.6520375690551,79258.3717212457,84735.43739544602,-5477.065674200319,0.0,8648.866644398773,8648.866644398773,0.9200708760993895,3423.104305429777,277.6520375690551,4.502037569055119,1.0,0.002,0.3235810210796023,0.005066259112113621,0.000501072419091172,0.0017754786928681086,0.250536209545586,0.250536209545586,0.0,0.0002765511119592807,0.9336844284201173,0.9336844284201173,0.0,0.09138875050707455,0.006490948163399144,0.0,0.0,0.0,1601539.3896011906,267.85474956824555,0.0,1.0,1280253.6769782668,2615.425557245452,,,,,,,,,,,,,,,,,9.0,14200.501253132832
60.0,-30.079946191491157,4.8683374348326405,34.804731460055756,28.884295268822484,4.550861137593442,-26.621393046384224,-40.112941596284486,0.21416384790679988,-6.043423151046397,-6.043423151048351,38.544690906285936,36089.53609389972,16858.670105186135,16858.670105186135,52948.20619908585,83893.81705033047,79848.62654982693,16858.670105186135,96707.29665501307,96707.29665501307,96707.29665501307,121879.01797330969,117745.61463921952,4133.403334090164,0.0,98845.34781479117,48032.37140157459,56458.86268135175,25171.721318296626,81630.58399964837,19104.890565217527,1450.0,0.0,0.8868816941285488,2.7755001429471062,0.0014947306463915918,1.0,1.0,-6.043423151046397,340460.6675580933,1492735.353903042,4.384457578049994,1492735.353903042,4.384457578049994,0.758982285066485,0.10145726992714461,3.4300918324185954,101325.0,128351.07116782667,1.2667265844345095,1.0,0.0,3.4300918324185954,1.2907642963373125,1.2910656181865383,2.657411459359283,5630.7360017482615,14200.501253132832,6423.896297600483,0.00046529373179661753,28817.114131050603,2938.5278490667665,19201.45592066808,1958.0035915086273,0.6663212642787989,0.6663212642787989,30919.474044676223,30484.863174865135,1.0178524106271354,0.8,4386.085090712186,4324.433322199387,1.0178524106271354,0.8,17892.472556813074,17892.472556813074,1.0,0.8,2034.6934298245008,2034.6934298245008,8.28560699025811,4.8683374348326405,0.07553854210026412,4.792798892732376,3.5,3.5,1.0,0.6,0.0002334323654385558,1.0083583132796863,0.00023149743733387473,198.98825567683437,0.0,0.0,0.0,0.0,7.78537561563733e-05,0.0001555786092821825,0.0005336489169978581,0.09054201671381207,0.09054201671381207,0.09054201671381207,0.08891737553109193,0.0,0.0,0.0,0.0,0.0,0.0,1.0,1.0,0.0,1.0,1.0,488202.579002323,595.424640879061,0.0,0.09054201671381207,0.1014572699271414,0.10145726992714783,0.375,0.375,0.5,8.36943759175954,1.9326762412674725e-12,1.9326762412674725e-12,1.9326762412674725e-12,1.9326762412674725e-12,1.9326762412674725e-12,1.9326762412674725e-12,25171.721318296626,19104.890565217527,0.758982285066485,0.6392182622874553,4.002606173868706,0.6486319661674101,0.44210802282212236,35353.7532153836,15450.0,0.0,0.0,0.0,0.0,0.0,0.0,0.0,0.0,0.0,0.0,0.0,0.0,0.0,0.0,0.0,0.0,0.0,0.0,0.0,0.0,35353.7532153836,15450.0,1.0,0.0,0.0,6.0,0.9,143955.44449186765,23992.574081977942,260.4531725851036,260.4531725851036,-12.696827414896404,244.83523895117028,276.0711061804972,106359.59869317051,108525.8118163546,-2166.213123184077,0.0,nan,276.0711061804972,2.9211061804972474,269.82393272760635,-3.3260672723936295,263.57675941857633,-9.573240581423647,257.32958587956387,-15.820414120436112,251.0824123532073,-22.067587646792674,244.83523895117028,-28.314761048829695,1.0,1.0,25732.562594343566,25732.562594343566,276.338841587539,3.1888415875390024,276.338841587539,276.338841587539,81372.08495509048,79848.62654982693,1523.4584052635473,0.0,8648.866644398773,8648.866644398773,0.9186442153866373,3447.2422915806883,276.338841587539,3.1888415875390024,1.0,0.002,0.7019198111820343,0.0033221244715077305,0.0010852606971372089,0.0011969462371247083,0.5426303485686044,0.5426303485686044,0.0,0.0002822069342619171,0.8758312029713547,0.8758312029713547,0.0,0.08885944277048052,0.012597827156664094,0.0,0.0,0.0,1600671.2919323745,267.1065768489536,0.0,1.0,1282819.778146066,2604.97250047821,,,,,,,,,,,,,,,,,11.0,14200.501253132832
90.0,-30.215879408109934,4.7132092064489415,34.77409203731078,28.794396703038387,4.477465324597754,-26.74697665713468,-40.23241790765894,0.15445552756699,-6.217834412625166,-6.21783441261471,38.0308279507993,36040.41886877234,16888.46239145334,16888.46239145334,52928.88126022568,83904.76497146593,81100.99579473547,16888.46239145334,97989.45818618881,97989.45818618881,97989.45818618881,122912.31347547445,119699.16112862533,3213.1523468491155,0.0,98821.16684379762,48041.519346421774,56421.830552639825,24922.85528928564,81344.68584192547,18882.813490906883,1450.0,0.0,0.887864819489389,2.7575704008997644,0.0014947306463915918,1.0,1.0,-6.217834412625166,338132.06970104843,1471365.035876081,4.351450713258148,1471365.035876081,4.351450713258148,0.7576504887473557,0.08928161945871194,3.4328798849427598,101325.0,128351.07116782667,1.2667265844345095,1.0,0.0,3.4328798849427598,1.2910503023018447,1.2913491926980274,2.6589822866097435,5634.064396197885,14200.501253132832,6422.473076693361,0.00046453815776629955,28786.66605180256,2935.4230090604397,19197.20181813475,1957.5697937761365,0.6668782617476003,0.6668782617476003,30939.578022576974,30484.863174865135,1.0186797429906176,0.8,4388.936942512998,4324.433322199387,1.0186797429906176,0.8,17892.472556813074,17892.472556813074,1.0,0.8,2034.6934298245008,2034.6934298245008,8.300249140191124,4.7132092064489415,-0.08805941940844075,4.801268625857382,3.5,3.5,1.0,0.6,0.00023149743733387473,1.0142659760081114,0.000228241351686654,199.10064105713957,0.0,1.2834265613685614e-05,36.37230874918503,0.0003850279684105684,7.68066847795632e-05,0.00015469075255431154,0.0005310347728303539,0.08973434905650658,0.08973434905650658,0.08973434905650658,0.08844089880351928,0.0,0.0,0.0,0.0,0.0,0.0,1.0,1.0,0.0,1.0,1.0,490424.9447370231,594.6764373859643,0.0,0.08973434905650658,0.08928161945870879,0.08928161945871509,0.375,0.375,0.5,7.39351605212482,-1.0459189070388675e-11,-1.0459189070388675e-11,-1.0459189070388675e-11,-1.0459189070388675e-11,-1.0459189070388675e-11,-1.0459189070388675e-11,24922.85528928564,18882.813490906883,0.7576504887473557,0.6387672735138883,4.044208666823596,0.6506741124193495,0.4430580620694576,35353.7532153836,15450.0,0.0,0.0,0.0,0.0,0.0,0.0,0.0,0.0,0.0,0.0,0.0,0.0,0.0,0.0,0.0,0.0,0.0,0.0,0.0,0.0,35390.12552413278,15450.0,1.0,0.0,0.0,6.0,0.9,143955.44449186765,23992.574081977942,260.3033240534065,260.3033240534065,-12.84667594659345,244.6906030390225,275.91604908194245,107363.83215070948,108084.60411049383,-720.7719597843665,0.0,nan,275.91604908194245,2.7660490819424695,269.6709576301426,-3.479042369857382,263.42586712318956,-9.724132876810415,257.1807777608674,-15.969222239132591,250.93568968527464,-22.21431031472534,244.6906030390225,-28.45939696097747,1.0,1.0,25732.562594343566,25732.562594343566,276.3092318700824,3.159231870082408,276.3092318700824,276.3092318700824,81232.47221340169,81100.99579473547,131.47641866622143,0.0,8648.866644398773,8648.866644398773,0.9184782717061267,3450.0442843674737,276.3092318700824,3.159231870082408,1.0,0.002,0.7275142012167937,0.002433945938378197,0.001124429019856093,0.000882641445335435,0.5622145099280466,0.5622145099280466,0.0,7.070465191528173e-06,0.9902521437378304,0.9902521437378304,0.0,0.0884113150653747,0.0008703043933372451,0.0,0.0,0.0,1600467.7702791144,266.9321655873748,0.0,1.0,1283416.4176173848,2602.550625726107,,,,,,,,,,,,,,,,,13.0,14200.501253132832
120.0,-30.346553396173952,4.591319915738186,34.756732623926446,28.78684918340298,4.453057960850494,-26.85811915173906,-40.34027742510659,0.1497828666818605,-6.307967610247488,-6.307967610202914,37.44518852446823,35943.389482380386,16839.399227578997,16839.399227578997,52782.78870995938,83969.30382903531,81267.0913736604,16839.399227578997,98106.49060123939,98106.49060123939,98106.49060123939,122779.1706857241,119699.02478817973,3080.1458975443647,0.0,98818.73730453929,48011.18032139943,56452.841092377625,24672.680084484702,81125.52117686233,18658.097155786865,1450.0,0.0,0.889535234562855,2.748340494653213,0.0014947306463915918,1.0,1.0,-6.307967610247488,336933.59913553216,1447292.8704838832,4.295483959442427,1447292.8704838832,4.295483959442427,0.7562249861748874,0.08864256704992177,3.433160792567634,101325.0,128351.07116782667,1.2667265844345095,1.0,0.0,3.433160792567634,1.291079132353204,1.2913738253407276,2.6591404868500463,5634.399603523578,14200.501253132832,6422.329538690413,0.00046446200583452043,28783.603004691642,2935.110665180428,19196.772773438373,1957.526043392838,0.6669343226527046,0.6669343226527046,30941.603398949464,30484.863174865135,1.018763100089235,0.8,4389.22425248139,4324.433322199387,1.018763100089235,0.8,17892.472556813074,17892.472556813074,1.0,0.8,2034.6934298245008,2034.6934298245008,8.276135844716153,4.591319915738186,-0.19600040482442882,4.787320320562615,3.5,3.5,1.0,0.6,0.000228241351686654,1.01372535711682,0.00022515107280714084,199.2087841563044,0.0,2.160962465662005e-05,61.24167627686122,0.0010333167081091699,7.587261924117569e-05,0.0001523687324454783,0.000523106358245044,0.08886190600127501,0.08886190600127501,0.08886190600127501,0.08831071131423854,0.0,0.0,0.0,0.0,0.0,0.0,1.0,1.0,0.0,1.0,1.0,488787.22297278285,595.1825948709702,0.0,0.08886190600127501,0.0886425670499187,0.08864256704992483,0.375,0.375,0.5,7.145568802740572,-4.4565240386873484e-11,-4.4565240386873484e-11,-4.4565240386873484e-11,-4.4565240386873484e-11,-4.4565240386873484e-11,-4.4565240386873484e-11,24672.680084484702,18658.097155786865,0.7562249861748874,0.6366976185231098,4.085843236787534,0.6506311200748682,0.44305896542741396,35353.7532153836,15450.0,0.0,0.0,0.0,0.0,0.0,0.0,0.0,0.0,0.0,0.0,0.0,0.0,0.0,0.0,0.0,0.0,0.0,0.0,0.0,0.0,35414.99489166046,15450.0,1.0,0.0,0.0,6.0,0.9,143955.44449186765,23992.574081977942,260.2163483229096,260.2163483229096,-12.933651677090381,244.5626482074979,275.87004704449714,107853.55033693319,108272.49396838466,-418.9436314514669,0.0,nan,275.87004704449714,2.7200470444971643,269.6085680762354,-3.5414319237646055,263.3470887408923,-9.802911259107702,257.0856090145799,-16.06439098542006,250.82412885375493,-22.32587114624505,244.5626482074979,-28.58735179250209,1.0,1.0,25732.562594343566,25732.562594343566,276.238302989748,3.0883029897480014,276.238302989748,276.238302989748,81438.49522412814,81267.0913736604,171.40385046774463,0.0,8648.866644398773,8648.866644398773,0.9184615484117491,3450.326596530472,276.238302989748,3.0883029897480014,1.0,0.002,0.7365326967721694,0.002424002684185308,0.0011381566439634858,0.0008819877576473687,0.5690783219817429,0.5690783219817429,0.0,2.0144401610854533e-05,0.9962529333666287,0.9962529333666287,0.0,0.08831041744463262,0.00033214960528914195,0.0,0.0,0.0,1600362.4229442042,266.8420323897525,0.0,1.0,1283724.521925448,2601.3012364818724,,,,,,,,,,,,,,,,,14.0,14200.501253132832
150.0,-30.421479145250824,4.477856410176846,34.74478224627699,28.835128107480728,4.445341831285987,-26.915404228998373,-40.39779795622451,0.1823277234306502,-6.376314789521416,-6.376314789533571,37.13950827646949,35855.82682851296,16769.69450355259,16769.69450355259,52625.521332065546,84126.87468440381,81302.57169909876,16769.69450355259,98072.26620265134,98072.26620265134,98072.26620265134,122606.7375614114,119568.84312048451,3037.8944409268843,0.0,98831.14677046183,47966.325101915325,56516.468520607224,24534.47135876006,81050.93987936729,18535.62879949863,1450.0,0.0,0.8902962360881124,2.7413578209529468,0.0014947306463915918,1.0,1.0,-6.376314789521416,336027.03722351056,1434847.2081204182,4.270034994731749,1434847.2081204182,4.270034994731749,0.7554933028088443,0.08828788786203207,3.4317260623333157,101325.0,128351.07116782667,1.2667265844345095,1.0,0.0,3.4317260623333157,1.2909318193937234,1.291222489209562,2.658332539936153,5632.687660964009,14200.501253132832,6423.062213161486,0.00046485081314929464,28799.252905187914,2936.706510907182,19198.962786462987,1957.749362571621,0.6666479456834964,0.6666479456834964,30931.258480763434,30484.863174865135,1.018337355328177,0.8,4387.756773074889,4324.433322199387,1.018337355328177,0.8,17892.472556813074,17892.472556813074,1.0,0.8,2034.6934298245008,2034.6934298245008,8.241877748137734,4.477856410176846,-0.2896473577130161,4.767503767889862,3.5,3.5,1.0,0.6,0.00022515107280714084,1.0078535880923742,0.00022339660786771415,199.27083810379304,0.0,2.0520356609724047e-05,58.15469063195795,0.0016489274064008914,7.53787952321286e-05,0.00014977227757501224,0.0005139774283691891,0.08842600143777898,0.08842600143777898,0.08842600143777898,0.08816169968871959,0.0,0.0,0.0,0.0,0.0,0.0,1.0,1.0,0.0,1.0,1.0,487625.0809112357,595.5467351581188,0.0,0.08842600143777898,0.08828788786202901,0.08828788786203512,0.375,0.375,0.5,7.079958220043612,1.2164491636212915e-11,1.2164491636212915e-11,1.2164491636212915e-11,1.2164491636212915e-11,1.2164491636212915e-11,1.2164491636212915e-11,24534.47135876006,18535.62879949863,0.7554933028088443,0.6344314810724433,4.112441132828043,0.6492894642602676,0.44238631756620245,35353.7532153836,15450.0,0.0,0.0,0.0,0.0,0.0,0.0,0.0,0.0,0.0,0.0,0.0,0.0,0.0,0.0,0.0,0.0,0.0,0.0,0.0,0.0,35411.90790601556,15450.0,1.0,0.0,0.0,6.0,0.9,143955.44449186765,23992.574081977942,260.1691445522949,260.1691445522949,-12.980855447705096,244.4839090547097,275.8543884946197,108111.10499381638,108341.85627109112,-230.75127727472184,0.0,nan,275.8543884946197,2.7043884946197068,269.5802878074018,-3.5697121925981605,263.3061892423644,-9.843810757635595,257.032093103924,-16.117906896075965,250.75799961074995,-22.39200038925003,244.4839090547097,-28.66609094529028,1.0,1.0,25732.562594343566,25732.562594343566,276.1740581196443,3.0240581196443372,276.1740581196443,276.1740581196443,81768.50265013246,81302.57169909876,465.93095103370433,0.0,8648.866644398773,8648.866644398773,0.9185469550336061,3448.8846926449824,276.1740581196443,3.0240581196443372,1.0,0.002,0.7389006231437136,0.0024239614126506026,0.0011416552416550771,0.0008842192653838531,0.5708276208275386,0.5708276208275386,0.0,2.5874507038930322e-05,0.9985717466264096,0.9985717466264096,0.0,0.08816179038834594,0.00012609747368612058,0.0,0.0,0.0,1600282.4617583612,266.77368521047856,0.0,1.0,1283958.0501428468,2600.3548343954126,,,,,,,,,,,,,,,,,10.0,14200.501253132832
180.0,-30.4504183471876,4.44210029232179,34.74173437639653,28.927991107944422,4.46529345883245,-26.924457494565285,-40.408614941965766,0.24437517605912035,-6.376815871698,-6.376815871700517,37.110590260386864,35758.07630232185,16715.225473414463,16715.225473414463,52473.30177573631,84308.66797010784,81384.97189982844,16715.225473414463,98100.1973732429,98100.1973732429,98100.1973732429,122623.40945775651,119590.8664967879,3032.5429609686153,0.0,98855.71439322803,47916.57998076082,56599.03823607467,24523.212084513612,81122.25032058828,18525.494529929227,1450.0,0.0,0.8903981850066028,2.7413066798002395,0.0014947306463915918,1.0,1.0,-6.376815871698,336020.39791939955,1433674.0309665133,4.266627978074133,1433674.0309665133,4.266627978074133,0.75542691822284,0.08823901176042889,3.4289025546993286,101325.0,128351.07116782667,1.2667265844345095,1.0,0.0,3.4289025546993286,1.2906424790859863,1.2909308192482876,2.6567408172770093,5629.314991650768,14200.501253132832,6424.502805863822,0.0004656160000848377,28830.13232841679,2939.855335758571,19203.268814454732,1958.188455227293,0.6660832699517922,0.6660832699517922,30910.897454078535,30484.863174865135,1.0174995019434612,0.8,4384.868457593028,4324.433322199387,1.0174995019434612,0.8,17892.472556813074,17892.472556813074,1.0,0.8,2034.6934298245008,2034.6934298245008,8.215107607073861,4.44210029232179,-0.3099183212999481,4.752018613621738,3.5,3.5,1.0,0.6,0.00022339660786771415,1.0030273690463272,0.00022272234513412968,199.29481489717395,0.0,1.1653789963442572e-05,33.02684075639625,0.0019985411053041685,7.528626212110958e-05,0.00014811034574660457,0.0005078559429079332,0.08838137546505369,0.08838137546505369,0.08838137546505369,0.08817015031258682,0.0,0.0,0.0,0.0,0.0,0.0,1.0,1.0,0.0,1.0,1.0,487524.7126408123,595.5780595149536,0.0,0.08838137546505369,0.08823901176042584,0.08823901176043195,0.375,0.375,0.5,7.071771709037524,2.5011104298755527e-12,2.5011104298755527e-12,2.5011104298755527e-12,2.5011104298755527e-12,2.5011104298755527e-12,2.5011104298755527e-12,24523.212084513612,18525.494529929227,0.75542691822284,0.6317788679230708,4.119521255835764,0.6468422851728873,0.44079246028073626,35353.7532153836,15450.0,0.0,0.0,0.0,0.0,0.0,0.0,0.0,0.0,0.0,0.0,0.0,0.0,0.0,0.0,0.0,0.0,0.0,0.0,0.0,0.0,35386.78005613999,15450.0,1.0,0.0,0.0,6.0,0.9,143955.44449186765,23992.574081977942,260.1591947961518,260.1591947961518,-12.990805203848197,244.4511510132213,275.86728456536366,108260.96050422077,108317.17479593024,-56.21429170946314,0.0,nan,275.86728456536366,2.717284565363684,269.5840316022874,-3.565968397712595,263.3007904757658,-9.849209524234197,257.01756239576014,-16.13243760423984,250.73434872451222,-22.41565127548776,244.4511510132213,-28.69884898677867,1.0,1.0,25732.562594343566,25732.562594343566,276.18308432054437,3.03308432054439,276.18308432054437,276.18308432054437,81981.59332664346,81384.97189982844,596.6214268150216,0.0,8648.866644398773,8648.866644398773,0.9187149798182486,3446.0470674728253,276.18308432054437,3.03308432054439,1.0,0.002,0.7392250060464838,0.002424035617831853,0.00114215525968092,0.0008842628304377695,0.57107762984046,0.57107762984046,0.0,2.641809011868926e-05,0.9992197826739201,0.9992197826739201,0.0,0.08817016615461723,6.884560581165581e-05,0.0,0.0,0.0,1600281.87528304,266.773184128302,0.0,1.0,1283959.761904828,2600.3478990980007,,,,,,,,,,,,,,,,,9.0,14200.501253132832
210.0,-30.4504183471876,4.44210029232179,34.74173437639653,28.927855530660622,4.46529345883245,-26.924457494565285,-40.40953660206867,0.24437517605912035,-6.376815871698,-6.376815871700517,37.110590260386864,35761.439401114854,16715.225473414463,16715.225473414463,52476.66487452932,84308.46837074251,81384.97189982844,16715.225473414463,98100.1973732429,98100.1973732429,98100.1973732429,122623.40945775651,119590.8664967879,3032.5429609686153,0.0,98855.56096837015,47913.41098228599,56602.38887342684,24523.212084513612,81125.60095794045,18525.494529929227,1450.0,0.0,0.8903981850066028,2.7413066798002395,0.0014947306463915918,1.0,1.0,-6.376815871698,336020.39791939955,1433674.0309665133,4.266627978074133,1433674.0309665133,4.266627978074133,0.75542691822284,0.08823901176042889,3.4289177170000524,101325.0,128351.07116782667,1.2667265844345095,1.0,0.0,3.4289177170000524,1.2906438777958433,1.2909313479922535,2.6567496859443094,5629.333783292566,14200.501253132832,6424.494789657493,0.0004656117395850777,28829.96010031367,2939.837773379663,19203.244853477572,1958.186011887604,0.6660864179714435,0.6660864179714435,30911.006802211497,30484.863174865135,1.017504001235345,0.8,4384.883969183394,4324.433322199387,1.017504001235345,0.8,17892.472556813074,17892.472556813074,1.0,0.8,2034.6934298245008,2034.6934298245008,8.215107607073861,4.44210029232179,-0.3099183212999481,4.752018613621738,3.5,3.5,1.0,0.6,0.00022272234513412968,1.0,0.00022272234513412968,199.29481489717395,0.0,4.479235556059306e-06,12.694153565872073,0.0021329181719859478,7.527838270509427e-05,0.00014744396242903542,0.0005055732150376096,0.08838137546505369,0.08838137546505369,0.08838137546505369,0.08817015031258682,0.0,0.0,0.0,0.0,0.0,0.0,1.0,1.0,0.0,1.0,1.0,487524.7126408123,595.5780595149536,0.0,0.08838137546505369,0.08823901176042584,0.08823901176043195,0.375,0.375,0.5,7.071771709037524,2.5011104298755527e-12,2.5011104298755527e-12,2.5011104298755527e-12,2.5011104298755527e-12,2.5011104298755527e-12,2.5011104298755527e-12,24523.212084513612,18525.494529929227,0.75542691822284,0.6318008853139377,4.119513116634234,0.6468570248463964,0.4408157101930791,35353.7532153836,15450.0,0.0,0.0,0.0,0.0,0.0,0.0,0.0,0.0,0.0,0.0,0.0,0.0,0.0,0.0,0.0,0.0,0.0,0.0,0.0,0.0,35366.44736894947,15450.0,1.0,0.0,0.0,6.0,0.9,143955.44449186765,23992.574081977942,260.1591947961518,260.1591947961518,-12.990805203848197,244.4511510132213,275.86728456536366,108261.43934880226,108317.65364051174,-56.21429170946314,0.0,nan,275.86728456536366,2.717284565363684,269.5840316022874,-3.565968397712595,263.3007904757658,-9.849209524234197,257.01756239576014,-16.13243760423984,250.73434872451222,-22.41565127548776,244.4511510132213,-28.69884898677867,1.0,1.0,25732.562594343566,25732.562594343566,276.18308432054437,3.03308432054439,276.18308432054437,276.18308432054437,81981.4461114669,81384.97189982844,596.4742116384587,0.0,8648.866644398773,8648.866644398773,0.9187140777093513,3446.062305585053,276.18308432054437,3.03308432054439,1.0,0.002,0.7392250060464838,0.002424035617831853,0.00114215525968092,0.0008842628304377695,0.57107762984046,0.57107762984046,0.0,2.641809011868926e-05,0.9992197826739201,0.9992197826739201,0.0,0.08817016615461723,6.884560581165581e-05,0.0,0.0,0.0,1600281.87528304,266.773184128302,0.0,1.0,1283959.761904828,2600.3478990980007,,,,,,,,,,,,,,,,,9.0,14200.501253132832
240.0,-30.4504183471876,4.44210029232179,34.74173437639653,28.927855530660622,4.46529345883245,-26.924457494565285,-40.40953660206867,0.24437517605912035,-6.376815871698,-6.376815871700517,37.110590260386864,35761.439401114854,16715.225473414463,16715.225473414463,52476.66487452932,84308.46837074251,81384.97189982844,16715.225473414463,98100.1973732429,98100.1973732429,98100.1973732429,122623.40945775651,119590.8664967879,3032.5429609686153,0.0,98855.56096837015,47913.41098228599,56602.38887342684,24523.212084513612,81125.60095794045,18525.494529929227,1450.0,0.0,0.8903981850066028,2.7413066798002395,0.0014947306463915918,1.0,1.0,-6.376815871698,336020.39791939955,1433674.0309665133,4.266627978074133,1433674.0309665133,4.266627978074133,0.75542691822284,0.08823901176042889,3.4289177170000524,101325.0,128351.07116782667,1.2667265844345095,1.0,0.0,3.4289177170000524,1.2906438777958433,1.2909313479922535,2.6567496859443094,5629.333783292566,14200.501253132832,6424.494789657493,0.0004656117395850777,28829.96010031367,2939.837773379663,19203.244853477572,1958.186011887604,0.6660864179714435,0.6660864179714435,30911.006802211497,30484.863174865135,1.017504001235345,0.8,4384.883969183394,4324.433322199387,1.017504001235345,0.8,17892.472556813074,17892.472556813074,1.0,0.8,2034.6934298245008,2034.6934298245008,8.215107607073861,4.44210029232179,-0.3099183212999481,4.752018613621738,3.5,3.5,1.0,0.6,0.00022272234513412968,1.0,0.00022272234513412968,199.29481489717395,0.0,0.0,0.0,0.0021329181719859478,7.527838270509427e-05,0.00014744396242903542,0.0005055732150376096,0.08838137546505369,0.08838137546505369,0.08838137546505369,0.08817015031258682,0.0,0.0,0.0,0.0,0.0,0.0,1.0,1.0,0.0,1.0,1.0,487524.7126408123,595.5780595149536,0.0,0.08838137546505369,0.08823901176042584,0.08823901176043195,0.375,0.375,0.5,7.071771709037524,2.5011104298755527e-12,2.5011104298755527e-12,2.5011104298755527e-12,2.5011104298755527e-12,2.5011104298755527e-12,2.5011104298755527e-12,24523.212084513612,18525.494529929227,0.75542691822284,0.6318008853139377,4.119513116634234,0.6468570248463964,0.4408157101930791,35353.7532153836,15450.0,0.0,0.0,0.0,0.0,0.0,0.0,0.0,0.0,0.0,0.0,0.0,0.0,0.0,0.0,0.0,0.0,0.0,0.0,0.0,0.0,35353.7532153836,15450.0,1.0,0.0,0.0,6.0,0.9,143955.44449186765,23992.574081977942,260.1591947961518,260.1591947961518,-12.990805203848197,244.4511510132213,275.86728456536366,108261.43934880226,108317.65364051174,-56.21429170946314,0.0,nan,275.86728456536366,2.717284565363684,269.5840316022874,-3.565968397712595,263.3007904757658,-9.849209524234197,257.01756239576014,-16.13243760423984,250.73434872451222,-22.41565127548776,244.4511510132213,-28.69884898677867,1.0,1.0,25732.562594343566,25732.562594343566,276.18308432054437,3.03308432054439,276.18308432054437,276.18308432054437,81981.4461114669,81384.97189982844,596.4742116384587,0.0,8648.866644398773,8648.866644398773,0.9187140777093513,3446.062305585053,276.18308432054437,3.03308432054439,1.0,0.002,0.7392250060464838,0.002424035617831853,0.00114215525968092,0.0008842628304377695,0.57107762984046,0.57107762984046,0.0,2.641809011868926e-05,0.9992197826739201,0.9992197826739201,0.0,0.08817016615461723,6.884560581165581e-05,0.0,0.0,0.0,1600281.87528304,266.773184128302,0.0,1.0,1283959.761904828,2600.3478990980007,,,,,,,,,,,,,,,,,9.0,14200.501253132832
270.0,-30.4504183471876,4.44210029232179,34.74173437639653,28.927855530660622,4.46529345883245,-26.924457494565285,-40.40953660206867,0.24437517605912035,-6.376815871698,-6.376815871700517,37.110590260386864,35761.439401114854,16715.225473414463,16715.225473414463,52476.66487452932,84308.46837074251,81384.97189982844,16715.225473414463,98100.1973732429,98100.1973732429,98100.1973732429,122623.40945775651,119590.8664967879,3032.5429609686153,0.0,98855.56096837015,47913.41098228599,56602.38887342684,24523.212084513612,81125.60095794045,18525.494529929227,1450.0,0.0,0.8903981850066028,2.7413066798002395,0.0014947306463915918,1.0,1.0,-6.376815871698,336020.39791939955,1433674.0309665133,4.266627978074133,1433674.0309665133,4.266627978074133,0.75542691822284,0.08823901176042889,3.4289177170000524,101325.0,128351.07116782667,1.2667265844345095,1.0,0.0,3.4289177170000524,1.2906438777958433,1.2909313479922535,2.6567496859443094,5629.333783292566,14200.501253132832,6424.494789657493,0.0004656117395850777,28829.96010031367,2939.837773379663,19203.244853477572,1958.186011887604,0.6660864179714435,0.6660864179714435,30911.006802211497,30484.863174865135,1.017504001235345,0.8,4384.883969183394,4324.433322199387,1.017504001235345,0.8,17892.472556813074,17892.472556813074,1.0,0.8,2034.6934298245008,2034.6934298245008,8.215107607073861,4.44210029232179,-0.3099183212999481,4.752018613621738,3.5,3.5,1.0,0.6,0.00022272234513412968,1.0,0.00022272234513412968,199.29481489717395,0.0,0.0,0.0,0.0021329181719859478,7.527838270509427e-05,0.00014744396242903542,0.0005055732150376096,0.08838137546505369,0.08838137546505369,0.08838137546505369,0.08817015031258682,0.0,0.0,0.0,0.0,0.0,0.0,1.0,1.0,0.0,1.0,1.0,487524.7126408123,595.5780595149536,0.0,0.08838137546505369,0.08823901176042584,0.08823901176043195,0.375,0.375,0.5,7.071771709037524,2.5011104298755527e-12,2.5011104298755527e-12,2.5011104298755527e-12,2.5011104298755527e-12,2.5011104298755527e-12,2.5011104298755527e-12,24523.212084513612,18525.494529929227,0.75542691822284,0.6318008853139377,4.119513116634234,0.6468570248463964,0.4408157101930791,35353.7532153836,15450.0,0.0,0.0,0.0,0.0,0.0,0.0,0.0,0.0,0.0,0.0,0.0,0.0,0.0,0.0,0.0,0.0,0.0,0.0,0.0,0.0,35353.7532153836,15450.0,1.0,0.0,0.0,6.0,0.9,143955.44449186765,23992.574081977942,260.1591947961518,260.1591947961518,-12.990805203848197,244.4511510132213,275.86728456536366,108261.43934880226,108317.65364051174,-56.21429170946314,0.0,nan,275.86728456536366,2.717284565363684,269.5840316022874,-3.565968397712595,263.3007904757658,-9.849209524234197,257.01756239576014,-16.13243760423984,250.73434872451222,-22.41565127548776,244.4511510132213,-28.69884898677867,1.0,1.0,25732.562594343566,25732.562594343566,276.18308432054437,3.03308432054439,276.18308432054437,276.18308432054437,81981.4461114669,81384.97189982844,596.4742116384587,0.0,8648.866644398773,8648.866644398773,0.9187140777093513,3446.062305585053,276.18308432054437,3.03308432054439,1.0,0.002,0.7392250060464838,0.002424035617831853,0.00114215525968092,0.0008842628304377695,0.57107762984046,0.57107762984046,0.0,2.641809011868926e-05,0.9992197826739201,0.9992197826739201,0.0,0.08817016615461723,6.884560581165581e-05,0.0,0.0,0.0,1600281.87528304,266.773184128302,0.0,1.0,1283959.761904828,2600.3478990980007,,,,,,,,,,,,,,,,,9.0,14200.501253132832
300.0,-30.4504183471876,4.44210029232179,34.74173437639653,28.927855530660622,4.46529345883245,-26.924457494565285,-40.40953660206867,0.24437517605912035,-6.376815871698,-6.376815871700517,37.110590260386864,35761.439401114854,16715.225473414463,16715.225473414463,52476.66487452932,84308.46837074251,81384.97189982844,16715.225473414463,98100.1973732429,98100.1973732429,98100.1973732429,122623.40945775651,119590.8664967879,3032.5429609686153,0.0,98855.56096837015,47913.41098228599,56602.38887342684,24523.212084513612,81125.60095794045,18525.494529929227,1450.0,0.0,0.8903981850066028,2.7413066798002395,0.0014947306463915918,1.0,1.0,-6.376815871698,336020.39791939955,1433674.0309665133,4.266627978074133,1433674.0309665133,4.266627978074133,0.75542691822284,0.08823901176042889,3.4289177170000524,101325.0,128351.07116782667,1.2667265844345095,1.0,0.0,3.4289177170000524,1.2906438777958433,1.2909313479922535,2.6567496859443094,5629.333783292566,14200.501253132832,6424.494789657493,0.0004656117395850777,28829.96010031367,2939.837773379663,19203.244853477572,1958.186011887604,0.6660864179714435,0.6660864179714435,30911.006802211497,30484.863174865135,1.017504001235345,0.8,4384.883969183394,4324.433322199387,1.017504001235345,0.8,17892.472556813074,17892.472556813074,1.0,0.8,2034.6934298245008,2034.6934298245008,8.215107607073861,4.44210029232179,-0.3099183212999481,4.752018613621738,3.5,3.5,1.0,0.6,0.00022272234513412968,1.0,0.00022272234513412968,199.29481489717395,0.0,0.0,0.0,0.0021329181719859478,7.527838270509427e-05,0.00014744396242903542,0.0005055732150376096,0.08838137546505369,0.08838137546505369,0.08838137546505369,0.08817015031258682,0.0,0.0,0.0,0.0,0.0,0.0,1.0,1.0,0.0,1.0,1.0,487524.7126408123,595.5780595149536,0.0,0.08838137546505369,0.08823901176042584,0.08823901176043195,0.375,0.375,0.5,7.071771709037524,2.5011104298755527e-12,2.5011104298755527e-12,2.5011104298755527e-12,2.5011104298755527e-12,2.5011104298755527e-12,2.5011104298755527e-12,24523.212084513612,18525.494529929227,0.75542691822284,0.6318008853139377,4.119513116634234,0.6468570248463964,0.4408157101930791,35353.7532153836,15450.0,0.0,0.0,0.0,0.0,0.0,0.0,0.0,0.0,0.0,0.0,0.0,0.0,0.0,0.0,0.0,0.0,0.0,0.0,0.0,0.0,35353.7532153836,15450.0,1.0,0.0,0.0,6.0,0.9,143955.44449186765,23992.574081977942,260.1591947961518,260.1591947961518,-12.990805203848197,244.4511510132213,275.86728456536366,108261.43934880226,108317.65364051174,-56.21429170946314,0.0,nan,275.86728456536366,2.717284565363684,269.5840316022874,-3.565968397712595,263.3007904757658,-9.849209524234197,257.01756239576014,-16.13243760423984,250.73434872451222,-22.41565127548776,244.4511510132213,-28.69884898677867,1.0,1.0,25732.562594343566,25732.562594343566,276.18308432054437,3.03308432054439,276.18308432054437,276.18308432054437,81981.4461114669,81384.97189982844,596.4742116384587,0.0,8648.866644398773,8648.866644398773,0.9187140777093513,3446.062305585053,276.18308432054437,3.03308432054439,1.0,0.002,0.7392250060464838,0.002424035617831853,0.00114215525968092,0.0008842628304377695,0.57107762984046,0.57107762984046,0.0,2.641809011868926e-05,0.9992197826739201,0.9992197826739201,0.0,0.08817016615461723,6.884560581165581e-05,0.0,0.0,0.0,1600281.87528304,266.773184128302,0.0,1.0,1283959.761904828,2600.3478990980007,,,,,,,,,,,,,,,,,9.0,14200.501253132832
330.0,-30.4504183471876,4.44210029232179,34.74173437639653,28.927855530660622,4.46529345883245,-26.924457494565285,-40.40953660206867,0.24437517605912035,-6.376815871698,-6.376815871700517,37.110590260386864,35761.439401114854,16715.225473414463,16715.225473414463,52476.66487452932,84308.46837074251,81384.97189982844,16715.225473414463,98100.1973732429,98100.1973732429,98100.1973732429,122623.40945775651,119590.8664967879,3032.5429609686153,0.0,98855.56096837015,47913.41098228599,56602.38887342684,24523.212084513612,81125.60095794045,18525.494529929227,1450.0,0.0,0.8903981850066028,2.7413066798002395,0.0014947306463915918,1.0,1.0,-6.376815871698,336020.39791939955,1433674.0309665133,4.266627978074133,1433674.0309665133,4.266627978074133,0.75542691822284,0.08823901176042889,3.4289177170000524,101325.0,128351.07116782667,1.2667265844345095,1.0,0.0,3.4289177170000524,1.2906438777958433,1.2909313479922535,2.6567496859443094,5629.333783292566,14200.501253132832,6424.494789657493,0.0004656117395850777,28829.96010031367,2939.837773379663,19203.244853477572,1958.186011887604,0.6660864179714435,0.6660864179714435,30911.006802211497,30484.863174865135,1.017504001235345,0.8,4384.883969183394,4324.433322199387,1.017504001235345,0.8,17892.472556813074,17892.472556813074,1.0,0.8,2034.6934298245008,2034.6934298245008,8.215107607073861,4.44210029232179,-0.3099183212999481,4.752018613621738,3.5,3.5,1.0,0.6,0.00022272234513412968,1.0,0.00022272234513412968,199.29481489717395,0.0,0.0,0.0,0.0021329181719859478,7.527838270509427e-05,0.00014744396242903542,0.0005055732150376096,0.08838137546505369,0.08838137546505369,0.08838137546505369,0.08817015031258682,0.0,0.0,0.0,0.0,0.0,0.0,1.0,1.0,0.0,1.0,1.0,487524.7126408123,595.5780595149536,0.0,0.08838137546505369,0.08823901176042584,0.08823901176043195,0.375,0.375,0.5,7.071771709037524,2.5011104298755527e-12,2.5011104298755527e-12,2.5011104298755527e-12,2.5011104298755527e-12,2.5011104298755527e-12,2.5011104298755527e-12,24523.212084513612,18525.494529929227,0.75542691822284,0.6318008853139377,4.119513116634234,0.6468570248463964,0.4408157101930791,35353.7532153836,15450.0,0.0,0.0,0.0,0.0,0.0,0.0,0.0,0.0,0.0,0.0,0.0,0.0,0.0,0.0,0.0,0.0,0.0,0.0,0.0,0.0,35353.7532153836,15450.0,1.0,0.0,0.0,6.0,0.9,143955.44449186765,23992.574081977942,260.1591947961518,260.1591947961518,-12.990805203848197,244.4511510132213,275.86728456536366,108261.43934880226,108317.65364051174,-56.21429170946314,0.0,nan,275.86728456536366,2.717284565363684,269.5840316022874,-3.565968397712595,263.3007904757658,-9.849209524234197,257.01756239576014,-16.13243760423984,250.73434872451222,-22.41565127548776,244.4511510132213,-28.69884898677867,1.0,1.0,25732.562594343566,25732.562594343566,276.18308432054437,3.03308432054439,276.18308432054437,276.18308432054437,81981.4461114669,81384.97189982844,596.4742116384587,0.0,8648.866644398773,8648.866644398773,0.9187140777093513,3446.062305585053,276.18308432054437,3.03308432054439,1.0,0.002,0.7392250060464838,0.002424035617831853,0.00114215525968092,0.0008842628304377695,0.57107762984046,0.57107762984046,0.0,2.641809011868926e-05,0.9992197826739201,0.9992197826739201,0.0,0.08817016615461723,6.884560581165581e-05,0.0,0.0,0.0,1600281.87528304,266.773184128302,0.0,1.0,1283959.761904828,2600.3478990980007,,,,,,,,,,,,,,,,,9.0,14200.501253132832
360.0,-30.4504183471876,4.44210029232179,34.74173437639653,28.927855530660622,4.46529345883245,-26.924457494565285,-40.40953660206867,0.24437517605912035,-6.376815871698,-6.376815871700517,37.110590260386864,35761.439401114854,16715.225473414463,16715.225473414463,52476.66487452932,84308.46837074251,81384.97189982844,16715.225473414463,98100.1973732429,98100.1973732429,98100.1973732429,122623.40945775651,119590.8664967879,3032.5429609686153,0.0,98855.56096837015,47913.41098228599,56602.38887342684,24523.212084513612,81125.60095794045,18525.494529929227,1450.0,0.0,0.8903981850066028,2.7413066798002395,0.0014947306463915918,1.0,1.0,-6.376815871698,336020.39791939955,1433674.0309665133,4.266627978074133,1433674.0309665133,4.266627978074133,0.75542691822284,0.08823901176042889,3.4289177170000524,101325.0,128351.07116782667,1.2667265844345095,1.0,0.0,3.4289177170000524,1.2906438777958433,1.2909313479922535,2.6567496859443094,5629.333783292566,14200.501253132832,6424.494789657493,0.0004656117395850777,28829.96010031367,2939.837773379663,19203.244853477572,1958.186011887604,0.6660864179714435,0.6660864179714435,30911.006802211497,30484.863174865135,1.017504001235345,0.8,4384.883969183394,4324.433322199387,1.017504001235345,0.8,17892.472556813074,17892.472556813074,1.0,0.8,2034.6934298245008,2034.6934298245008,8.215107607073861,4.44210029232179,-0.3099183212999481,4.752018613621738,3.5,3.5,1.0,0.6,0.00022272234513412968,1.0,0.00022272234513412968,199.29481489717395,0.0,0.0,0.0,0.0021329181719859478,7.527838270509427e-05,0.00014744396242903542,0.0005055732150376096,0.08838137546505369,0.08838137546505369,0.08838137546505369,0.08817015031258682,0.0,0.0,0.0,0.0,0.0,0.0,1.0,1.0,0.0,1.0,1.0,487524.7126408123,595.5780595149536,0.0,0.08838137546505369,0.08823901176042584,0.08823901176043195,0.375,0.375,0.5,7.071771709037524,2.5011104298755527e-12,2.5011104298755527e-12,2.5011104298755527e-12,2.5011104298755527e-12,2.5011104298755527e-12,2.5011104298755527e-12,24523.212084513612,18525.494529929227,0.75542691822284,0.6318008853139377,4.119513116634234,0.6468570248463964,0.4408157101930791,35353.7532153836,15450.0,0.0,0.0,0.0,0.0,0.0,0.0,0.0,0.0,0.0,0.0,0.0,0.0,0.0,0.0,0.0,0.0,0.0,0.0,0.0,0.0,35353.7532153836,15450.0,1.0,0.0,0.0,6.0,0.9,143955.44449186765,23992.574081977942,260.1591947961518,260.1591947961518,-12.990805203848197,244.4511510132213,275.86728456536366,108261.43934880226,108317.65364051174,-56.21429170946314,0.0,nan,275.86728456536366,2.717284565363684,269.5840316022874,-3.565968397712595,263.3007904757658,-9.849209524234197,257.01756239576014,-16.13243760423984,250.73434872451222,-22.41565127548776,244.4511510132213,-28.69884898677867,1.0,1.0,25732.562594343566,25732.562594343566,276.18308432054437,3.03308432054439,276.18308432054437,276.18308432054437,81981.4461114669,81384.97189982844,596.4742116384587,0.0,8648.866644398773,8648.866644398773,0.9187140777093513,3446.062305585053,276.18308432054437,3.03308432054439,1.0,0.002,0.7392250060464838,0.002424035617831853,0.00114215525968092,0.0008842628304377695,0.57107762984046,0.57107762984046,0.0,2.641809011868926e-05,0.9992197826739201,0.9992197826739201,0.0,0.08817016615461723,6.884560581165581e-05,0.0,0.0,0.0,1600281.87528304,266.773184128302,0.0,1.0,1283959.761904828,2600.3478990980007,,,,,,,,,,,,,,,,,9.0,14200.501253132832
390.0,-30.4504183471876,4.44210029232179,34.74173437639653,28.927855530660622,4.46529345883245,-26.924457494565285,-40.40953660206867,0.24437517605912035,-6.376815871698,-6.376815871700517,37.110590260386864,35761.439401114854,16715.225473414463,16715.225473414463,52476.66487452932,84308.46837074251,81384.97189982844,16715.225473414463,98100.1973732429,98100.1973732429,98100.1973732429,122623.40945775651,119590.8664967879,3032.5429609686153,0.0,98855.56096837015,47913.41098228599,56602.38887342684,24523.212084513612,81125.60095794045,18525.494529929227,1450.0,0.0,0.8903981850066028,2.7413066798002395,0.0014947306463915918,1.0,1.0,-6.376815871698,336020.39791939955,1433674.0309665133,4.266627978074133,1433674.0309665133,4.266627978074133,0.75542691822284,0.08823901176042889,3.4289177170000524,101325.0,128351.07116782667,1.2667265844345095,1.0,0.0,3.4289177170000524,1.2906438777958433,1.2909313479922535,2.6567496859443094,5629.333783292566,14200.501253132832,6424.494789657493,0.0004656117395850777,28829.96010031367,2939.837773379663,19203.244853477572,1958.186011887604,0.6660864179714435,0.6660864179714435,30911.006802211497,30484.863174865135,1.017504001235345,0.8,4384.883969183394,4324.433322199387,1.017504001235345,0.8,17892.472556813074,17892.472556813074,1.0,0.8,2034.6934298245008,2034.6934298245008,8.215107607073861,4.44210029232179,-0.3099183212999481,4.752018613621738,3.5,3.5,1.0,0.6,0.00022272234513412968,1.0,0.00022272234513412968,199.29481489717395,0.0,0.0,0.0,0.0021329181719859478,7.527838270509427e-05,0.00014744396242903542,0.0005055732150376096,0.08838137546505369,0.08838137546505369,0.08838137546505369,0.08817015031258682,0.0,0.0,0.0,0.0,0.0,0.0,1.0,1.0,0.0,1.0,1.0,487524.7126408123,595.5780595149536,0.0,0.08838137546505369,0.08823901176042584,0.08823901176043195,0.375,0.375,0.5,7.071771709037524,2.5011104298755527e-12,2.5011104298755527e-12,2.5011104298755527e-12,2.5011104298755527e-12,2.5011104298755527e-12,2.5011104298755527e-12,24523.212084513612,18525.494529929227,0.75542691822284,0.6318008853139377,4.119513116634234,0.6468570248463964,0.4408157101930791,35353.7532153836,15450.0,0.0,0.0,0.0,0.0,0.0,0.0,0.0,0.0,0.0,0.0,0.0,0.0,0.0,0.0,0.0,0.0,0.0,0.0,0.0,0.0,35353.7532153836,15450.0,1.0,0.0,0.0,6.0,0.9,143955.44449186765,23992.574081977942,260.1591947961518,260.1591947961518,-12.990805203848197,244.4511510132213,275.86728456536366,108261.43934880226,108317.65364051174,-56.21429170946314,0.0,nan,275.86728456536366,2.717284565363684,269.5840316022874,-3.565968397712595,263.3007904757658,-9.849209524234197,257.01756239576014,-16.13243760423984,250.73434872451222,-22.41565127548776,244.4511510132213,-28.69884898677867,1.0,1.0,25732.562594343566,25732.562594343566,276.18308432054437,3.03308432054439,276.18308432054437,276.18308432054437,81981.4461114669,81384.97189982844,596.4742116384587,0.0,8648.866644398773,8648.866644398773,0.9187140777093513,3446.062305585053,276.18308432054437,3.03308432054439,1.0,0.002,0.7392250060464838,0.002424035617831853,0.00114215525968092,0.0008842628304377695,0.57107762984046,0.57107762984046,0.0,2.641809011868926e-05,0.9992197826739201,0.9992197826739201,0.0,0.08817016615461723,6.884560581165581e-05,0.0,0.0,0.0,1600281.87528304,266.773184128302,0.0,1.0,1283959.761904828,2600.3478990980007,,,,,,,,,,,,,,,,,9.0,14200.501253132832
420.0,-30.4504183471876,4.44210029232179,34.74173437639653,28.927855530660622,4.46529345883245,-26.924457494565285,-40.40953660206867,0.24437517605912035,-6.376815871698,-6.376815871700517,37.110590260386864,35761.439401114854,16715.225473414463,16715.225473414463,52476.66487452932,84308.46837074251,81384.97189982844,16715.225473414463,98100.1973732429,98100.1973732429,98100.1973732429,122623.40945775651,119590.8664967879,3032.5429609686153,0.0,98855.56096837015,47913.41098228599,56602.38887342684,24523.212084513612,81125.60095794045,18525.494529929227,1450.0,0.0,0.8903981850066028,2.7413066798002395,0.0014947306463915918,1.0,1.0,-6.376815871698,336020.39791939955,1433674.0309665133,4.266627978074133,1433674.0309665133,4.266627978074133,0.75542691822284,0.08823901176042889,3.4289177170000524,101325.0,128351.07116782667,1.2667265844345095,1.0,0.0,3.4289177170000524,1.2906438777958433,1.2909313479922535,2.6567496859443094,5629.333783292566,14200.501253132832,6424.494789657493,0.0004656117395850777,28829.96010031367,2939.837773379663,19203.244853477572,1958.186011887604,0.6660864179714435,0.6660864179714435,30911.006802211497,30484.863174865135,1.017504001235345,0.8,4384.883969183394,4324.433322199387,1.017504001235345,0.8,17892.472556813074,17892.472556813074,1.0,0.8,2034.6934298245008,2034.6934298245008,8.215107607073861,4.44210029232179,-0.3099183212999481,4.752018613621738,3.5,3.5,1.0,0.6,0.00022272234513412968,1.0,0.00022272234513412968,199.29481489717395,0.0,0.0,0.0,0.0021329181719859478,7.527838270509427e-05,0.00014744396242903542,0.0005055732150376096,0.08838137546505369,0.08838137546505369,0.08838137546505369,0.08817015031258682,0.0,0.0,0.0,0.0,0.0,0.0,1.0,1.0,0.0,1.0,1.0,487524.7126408123,595.5780595149536,0.0,0.08838137546505369,0.08823901176042584,0.08823901176043195,0.375,0.375,0.5,7.071771709037524,2.5011104298755527e-12,2.5011104298755527e-12,2.5011104298755527e-12,2.5011104298755527e-12,2.5011104298755527e-12,2.5011104298755527e-12,24523.212084513612,18525.494529929227,0.75542691822284,0.6318008853139377,4.119513116634234,0.6468570248463964,0.4408157101930791,35353.7532153836,15450.0,0.0,0.0,0.0,0.0,0.0,0.0,0.0,0.0,0.0,0.0,0.0,0.0,0.0,0.0,0.0,0.0,0.0,0.0,0.0,0.0,35353.7532153836,15450.0,1.0,0.0,0.0,6.0,0.9,143955.44449186765,23992.574081977942,260.1591947961518,260.1591947961518,-12.990805203848197,244.4511510132213,275.86728456536366,108261.43934880226,108317.65364051174,-56.21429170946314,0.0,nan,275.86728456536366,2.717284565363684,269.5840316022874,-3.565968397712595,263.3007904757658,-9.849209524234197,257.01756239576014,-16.13243760423984,250.73434872451222,-22.41565127548776,244.4511510132213,-28.69884898677867,1.0,1.0,25732.562594343566,25732.562594343566,276.18308432054437,3.03308432054439,276.18308432054437,276.18308432054437,81981.4461114669,81384.97189982844,596.4742116384587,0.0,8648.866644398773,8648.866644398773,0.9187140777093513,3446.062305585053,276.18308432054437,3.03308432054439,1.0,0.002,0.7392250060464838,0.002424035617831853,0.00114215525968092,0.0008842628304377695,0.57107762984046,0.57107762984046,0.0,2.641809011868926e-05,0.9992197826739201,0.9992197826739201,0.0,0.08817016615461723,6.884560581165581e-05,0.0,0.0,0.0,1600281.87528304,266.773184128302,0.0,1.0,1283959.761904828,2600.3478990980007,,,,,,,,,,,,,,,,,9.0,14200.501253132832
450.0,-30.4504183471876,4.44210029232179,34.74173437639653,28.927855530660622,4.46529345883245,-26.924457494565285,-40.40953660206867,0.24437517605912035,-6.376815871698,-6.376815871700517,37.110590260386864,35761.439401114854,16715.225473414463,16715.225473414463,52476.66487452932,84308.46837074251,81384.97189982844,16715.225473414463,98100.1973732429,98100.1973732429,98100.1973732429,122623.40945775651,119590.8664967879,3032.5429609686153,0.0,98855.56096837015,47913.41098228599,56602.38887342684,24523.212084513612,81125.60095794045,18525.494529929227,1450.0,0.0,0.8903981850066028,2.7413066798002395,0.0014947306463915918,1.0,1.0,-6.376815871698,336020.39791939955,1433674.0309665133,4.266627978074133,1433674.0309665133,4.266627978074133,0.75542691822284,0.08823901176042889,3.4289177170000524,101325.0,128351.07116782667,1.2667265844345095,1.0,0.0,3.4289177170000524,1.2906438777958433,1.2909313479922535,2.6567496859443094,5629.333783292566,14200.501253132832,6424.494789657493,0.0004656117395850777,28829.96010031367,2939.837773379663,19203.244853477572,1958.186011887604,0.6660864179714435,0.6660864179714435,30911.006802211497,30484.863174865135,1.017504001235345,0.8,4384.883969183394,4324.433322199387,1.017504001235345,0.8,17892.472556813074,17892.472556813074,1.0,0.8,2034.6934298245008,2034.6934298245008,8.215107607073861,4.44210029232179,-0.3099183212999481,4.752018613621738,3.5,3.5,1.0,0.6,0.00022272234513412968,1.0,0.00022272234513412968,199.29481489717395,0.0,0.0,0.0,0.0021329181719859478,7.527838270509427e-05,0.00014744396242903542,0.0005055732150376096,0.08838137546505369,0.08838137546505369,0.08838137546505369,0.08817015031258682,0.0,0.0,0.0,0.0,0.0,0.0,1.0,1.0,0.0,1.0,1.0,487524.7126408123,595.5780595149536,0.0,0.08838137546505369,0.08823901176042584,0.08823901176043195,0.375,0.375,0.5,7.071771709037524,2.5011104298755527e-12,2.5011104298755527e-12,2.5011104298755527e-12,2.5011104298755527e-12,2.5011104298755527e-12,2.5011104298755527e-12,24523.212084513612,18525.494529929227,0.75542691822284,0.6318008853139377,4.119513116634234,0.6468570248463964,0.4408157101930791,35353.7532153836,15450.0,0.0,0.0,0.0,0.0,0.0,0.0,0.0,0.0,0.0,0.0,0.0,0.0,0.0,0.0,0.0,0.0,0.0,0.0,0.0,0.0,35353.7532153836,15450.0,1.0,0.0,0.0,6.0,0.9,143955.44449186765,23992.574081977942,260.1591947961518,260.1591947961518,-12.990805203848197,244.4511510132213,275.86728456536366,108261.43934880226,108317.65364051174,-56.21429170946314,0.0,nan,275.86728456536366,2.717284565363684,269.5840316022874,-3.565968397712595,263.3007904757658,-9.849209524234197,257.01756239576014,-16.13243760423984,250.73434872451222,-22.41565127548776,244.4511510132213,-28.69884898677867,1.0,1.0,25732.562594343566,25732.562594343566,276.18308432054437,3.03308432054439,276.18308432054437,276.18308432054437,81981.4461114669,81384.97189982844,596.4742116384587,0.0,8648.866644398773,8648.866644398773,0.9187140777093513,3446.062305585053,276.18308432054437,3.03308432054439,1.0,0.002,0.7392250060464838,0.002424035617831853,0.00114215525968092,0.0008842628304377695,0.57107762984046,0.57107762984046,0.0,2.641809011868926e-05,0.9992197826739201,0.9992197826739201,0.0,0.08817016615461723,6.884560581165581e-05,0.0,0.0,0.0,1600281.87528304,266.773184128302,0.0,1.0,1283959.761904828,2600.3478990980007,,,,,,,,,,,,,,,,,9.0,14200.501253132832
480.0,-30.4504183471876,4.44210029232179,34.74173437639653,28.927855530660622,4.46529345883245,-26.924457494565285,-40.40953660206867,0.24437517605912035,-6.376815871698,-6.376815871700517,37.110590260386864,35761.439401114854,16715.225473414463,16715.225473414463,52476.66487452932,84308.46837074251,81384.97189982844,16715.225473414463,98100.1973732429,98100.1973732429,98100.1973732429,122623.40945775651,119590.8664967879,3032.5429609686153,0.0,98855.56096837015,47913.41098228599,56602.38887342684,24523.212084513612,81125.60095794045,18525.494529929227,1450.0,0.0,0.8903981850066028,2.7413066798002395,0.0014947306463915918,1.0,1.0,-6.376815871698,336020.39791939955,1433674.0309665133,4.266627978074133,1433674.0309665133,4.266627978074133,0.75542691822284,0.08823901176042889,3.4289177170000524,101325.0,128351.07116782667,1.2667265844345095,1.0,0.0,3.4289177170000524,1.2906438777958433,1.2909313479922535,2.6567496859443094,5629.333783292566,14200.501253132832,6424.494789657493,0.0004656117395850777,28829.96010031367,2939.837773379663,19203.244853477572,1958.186011887604,0.6660864179714435,0.6660864179714435,30911.006802211497,30484.863174865135,1.017504001235345,0.8,4384.883969183394,4324.433322199387,1.017504001235345,0.8,17892.472556813074,17892.472556813074,1.0,0.8,2034.6934298245008,2034.6934298245008,8.215107607073861,4.44210029232179,-0.3099183212999481,4.752018613621738,3.5,3.5,1.0,0.6,0.00022272234513412968,1.0,0.00022272234513412968,199.29481489717395,0.0,0.0,0.0,0.0021329181719859478,7.527838270509427e-05,0.00014744396242903542,0.0005055732150376096,0.08838137546505369,0.08838137546505369,0.08838137546505369,0.08817015031258682,0.0,0.0,0.0,0.0,0.0,0.0,1.0,1.0,0.0,1.0,1.0,487524.7126408123,595.5780595149536,0.0,0.08838137546505369,0.08823901176042584,0.08823901176043195,0.375,0.375,0.5,7.071771709037524,2.5011104298755527e-12,2.5011104298755527e-12,2.5011104298755527e-12,2.5011104298755527e-12,2.5011104298755527e-12,2.5011104298755527e-12,24523.212084513612,18525.494529929227,0.75542691822284,0.6318008853139377,4.119513116634234,0.6468570248463964,0.4408157101930791,35353.7532153836,15450.0,0.0,0.0,0.0,0.0,0.0,0.0,0.0,0.0,0.0,0.0,0.0,0.0,0.0,0.0,0.0,0.0,0.0,0.0,0.0,0.0,35353.7532153836,15450.0,1.0,0.0,0.0,6.0,0.9,143955.44449186765,23992.574081977942,260.1591947961518,260.1591947961518,-12.990805203848197,244.4511510132213,275.86728456536366,108261.43934880226,108317.65364051174,-56.21429170946314,0.0,nan,275.86728456536366,2.717284565363684,269.5840316022874,-3.565968397712595,263.3007904757658,-9.849209524234197,257.01756239576014,-16.13243760423984,250.73434872451222,-22.41565127548776,244.4511510132213,-28.69884898677867,1.0,1.0,25732.562594343566,25732.562594343566,276.18308432054437,3.03308432054439,276.18308432054437,276.18308432054437,81981.4461114669,81384.97189982844,596.4742116384587,0.0,8648.866644398773,8648.866644398773,0.9187140777093513,3446.062305585053,276.18308432054437,3.03308432054439,1.0,0.002,0.7392250060464838,0.002424035617831853,0.00114215525968092,0.0008842628304377695,0.57107762984046,0.57107762984046,0.0,2.641809011868926e-05,0.9992197826739201,0.9992197826739201,0.0,0.08817016615461723,6.884560581165581e-05,0.0,0.0,0.0,1600281.87528304,266.773184128302,0.0,1.0,1283959.761904828,2600.3478990980007,,,,,,,,,,,,,,,,,9.0,14200.501253132832
510.0,-30.4504183471876,4.44210029232179,34.74173437639653,28.927855530660622,4.46529345883245,-26.924457494565285,-40.40953660206867,0.24437517605912035,-6.376815871698,-6.376815871700517,37.110590260386864,35761.439401114854,16715.225473414463,16715.225473414463,52476.66487452932,84308.46837074251,81384.97189982844,16715.225473414463,98100.1973732429,98100.1973732429,98100.1973732429,122623.40945775651,119590.8664967879,3032.5429609686153,0.0,98855.56096837015,47913.41098228599,56602.38887342684,24523.212084513612,81125.60095794045,18525.494529929227,1450.0,0.0,0.8903981850066028,2.7413066798002395,0.0014947306463915918,1.0,1.0,-6.376815871698,336020.39791939955,1433674.0309665133,4.266627978074133,1433674.0309665133,4.266627978074133,0.75542691822284,0.08823901176042889,3.4289177170000524,101325.0,128351.07116782667,1.2667265844345095,1.0,0.0,3.4289177170000524,1.2906438777958433,1.2909313479922535,2.6567496859443094,5629.333783292566,14200.501253132832,6424.494789657493,0.0004656117395850777,28829.96010031367,2939.837773379663,19203.244853477572,1958.186011887604,0.6660864179714435,0.6660864179714435,30911.006802211497,30484.863174865135,1.017504001235345,0.8,4384.883969183394,4324.433322199387,1.017504001235345,0.8,17892.472556813074,17892.472556813074,1.0,0.8,2034.6934298245008,2034.6934298245008,8.215107607073861,4.44210029232179,-0.3099183212999481,4.752018613621738,3.5,3.5,1.0,0.6,0.00022272234513412968,1.0,0.00022272234513412968,199.29481489717395,0.0,0.0,0.0,0.0021329181719859478,7.527838270509427e-05,0.00014744396242903542,0.0005055732150376096,0.08838137546505369,0.08838137546505369,0.08838137546505369,0.08817015031258682,0.0,0.0,0.0,0.0,0.0,0.0,1.0,1.0,0.0,1.0,1.0,487524.7126408123,595.5780595149536,0.0,0.08838137546505369,0.08823901176042584,0.08823901176043195,0.375,0.375,0.5,7.071771709037524,2.5011104298755527e-12,2.5011104298755527e-12,2.5011104298755527e-12,2.5011104298755527e-12,2.5011104298755527e-12,2.5011104298755527e-12,24523.212084513612,18525.494529929227,0.75542691822284,0.6318008853139377,4.119513116634234,0.6468570248463964,0.4408157101930791,35353.7532153836,15450.0,0.0,0.0,0.0,0.0,0.0,0.0,0.0,0.0,0.0,0.0,0.0,0.0,0.0,0.0,0.0,0.0,0.0,0.0,0.0,0.0,35353.7532153836,15450.0,1.0,0.0,0.0,6.0,0.9,143955.44449186765,23992.574081977942,260.1591947961518,260.1591947961518,-12.990805203848197,244.4511510132213,275.86728456536366,108261.43934880226,108317.65364051174,-56.21429170946314,0.0,nan,275.86728456536366,2.717284565363684,269.5840316022874,-3.565968397712595,263.3007904757658,-9.849209524234197,257.01756239576014,-16.13243760423984,250.73434872451222,-22.41565127548776,244.4511510132213,-28.69884898677867,1.0,1.0,25732.562594343566,25732.562594343566,276.18308432054437,3.03308432054439,276.18308432054437,276.18308432054437,81981.4461114669,81384.97189982844,596.4742116384587,0.0,8648.866644398773,8648.866644398773,0.9187140777093513,3446.062305585053,276.18308432054437,3.03308432054439,1.0,0.002,0.7392250060464838,0.002424035617831853,0.00114215525968092,0.0008842628304377695,0.57107762984046,0.57107762984046,0.0,2.641809011868926e-05,0.9992197826739201,0.9992197826739201,0.0,0.08817016615461723,6.884560581165581e-05,0.0,0.0,0.0,1600281.87528304,266.773184128302,0.0,1.0,1283959.761904828,2600.3478990980007,,,,,,,,,,,,,,,,,9.0,14200.501253132832
540.0,-30.4504183471876,4.44210029232179,34.74173437639653,28.927855530660622,4.46529345883245,-26.924457494565285,-40.40953660206867,0.24437517605912035,-6.376815871698,-6.376815871700517,37.110590260386864,35761.439401114854,16715.225473414463,16715.225473414463,52476.66487452932,84308.46837074251,81384.97189982844,16715.225473414463,98100.1973732429,98100.1973732429,98100.1973732429,122623.40945775651,119590.8664967879,3032.5429609686153,0.0,98855.56096837015,47913.41098228599,56602.38887342684,24523.212084513612,81125.60095794045,18525.494529929227,1450.0,0.0,0.8903981850066028,2.7413066798002395,0.0014947306463915918,1.0,1.0,-6.376815871698,336020.39791939955,1433674.0309665133,4.266627978074133,1433674.0309665133,4.266627978074133,0.75542691822284,0.08823901176042889,3.4289177170000524,101325.0,128351.07116782667,1.2667265844345095,1.0,0.0,3.4289177170000524,1.2906438777958433,1.2909313479922535,2.6567496859443094,5629.333783292566,14200.501253132832,6424.494789657493,0.0004656117395850777,28829.96010031367,2939.837773379663,19203.244853477572,1958.186011887604,0.6660864179714435,0.6660864179714435,30911.006802211497,30484.863174865135,1.017504001235345,0.8,4384.883969183394,4324.433322199387,1.017504001235345,0.8,17892.472556813074,17892.472556813074,1.0,0.8,2034.6934298245008,2034.6934298245008,8.215107607073861,4.44210029232179,-0.3099183212999481,4.752018613621738,3.5,3.5,1.0,0.6,0.00022272234513412968,1.0,0.00022272234513412968,199.29481489717395,0.0,0.0,0.0,0.0021329181719859478,7.527838270509427e-05,0.00014744396242903542,0.0005055732150376096,0.08838137546505369,0.08838137546505369,0.08838137546505369,0.08817015031258682,0.0,0.0,0.0,0.0,0.0,0.0,1.0,1.0,0.0,1.0,1.0,487524.7126408123,595.5780595149536,0.0,0.08838137546505369,0.08823901176042584,0.08823901176043195,0.375,0.375,0.5,7.071771709037524,2.5011104298755527e-12,2.5011104298755527e-12,2.5011104298755527e-12,2.5011104298755527e-12,2.5011104298755527e-12,2.5011104298755527e-12,24523.212084513612,18525.494529929227,0.75542691822284,0.6318008853139377,4.119513116634234,0.6468570248463964,0.4408157101930791,35353.7532153836,15450.0,0.0,0.0,0.0,0.0,0.0,0.0,0.0,0.0,0.0,0.0,0.0,0.0,0.0,0.0,0.0,0.0,0.0,0.0,0.0,0.0,35353.7532153836,15450.0,1.0,0.0,0.0,6.0,0.9,143955.44449186765,23992.574081977942,260.1591947961518,260.1591947961518,-12.990805203848197,244.4511510132213,275.86728456536366,108261.43934880226,108317.65364051174,-56.21429170946314,0.0,nan,275.86728456536366,2.717284565363684,269.5840316022874,-3.565968397712595,263.3007904757658,-9.849209524234197,257.01756239576014,-16.13243760423984,250.73434872451222,-22.41565127548776,244.4511510132213,-28.69884898677867,1.0,1.0,25732.562594343566,25732.562594343566,276.18308432054437,3.03308432054439,276.18308432054437,276.18308432054437,81981.4461114669,81384.97189982844,596.4742116384587,0.0,8648.866644398773,8648.866644398773,0.9187140777093513,3446.062305585053,276.18308432054437,3.03308432054439,1.0,0.002,0.7392250060464838,0.002424035617831853,0.00114215525968092,0.0008842628304377695,0.57107762984046,0.57107762984046,0.0,2.641809011868926e-05,0.9992197826739201,0.9992197826739201,0.0,0.08817016615461723,6.884560581165581e-05,0.0,0.0,0.0,1600281.87528304,266.773184128302,0.0,1.0,1283959.761904828,2600.3478990980007,,,,,,,,,,,,,,,,,9.0,14200.501253132832
570.0,-30.4504183471876,4.44210029232179,34.74173437639653,28.927855530660622,4.46529345883245,-26.924457494565285,-40.40953660206867,0.24437517605912035,-6.376815871698,-6.376815871700517,37.110590260386864,35761.439401114854,16715.225473414463,16715.225473414463,52476.66487452932,84308.46837074251,81384.97189982844,16715.225473414463,98100.1973732429,98100.1973732429,98100.1973732429,122623.40945775651,119590.8664967879,3032.5429609686153,0.0,98855.56096837015,47913.41098228599,56602.38887342684,24523.212084513612,81125.60095794045,18525.494529929227,1450.0,0.0,0.8903981850066028,2.7413066798002395,0.0014947306463915918,1.0,1.0,-6.376815871698,336020.39791939955,1433674.0309665133,4.266627978074133,1433674.0309665133,4.266627978074133,0.75542691822284,0.08823901176042889,3.4289177170000524,101325.0,128351.07116782667,1.2667265844345095,1.0,0.0,3.4289177170000524,1.2906438777958433,1.2909313479922535,2.6567496859443094,5629.333783292566,14200.501253132832,6424.494789657493,0.0004656117395850777,28829.96010031367,2939.837773379663,19203.244853477572,1958.186011887604,0.6660864179714435,0.6660864179714435,30911.006802211497,30484.863174865135,1.017504001235345,0.8,4384.883969183394,4324.433322199387,1.017504001235345,0.8,17892.472556813074,17892.472556813074,1.0,0.8,2034.6934298245008,2034.6934298245008,8.215107607073861,4.44210029232179,-0.3099183212999481,4.752018613621738,3.5,3.5,1.0,0.6,0.00022272234513412968,1.0,0.00022272234513412968,199.29481489717395,0.0,0.0,0.0,0.0021329181719859478,7.527838270509427e-05,0.00014744396242903542,0.0005055732150376096,0.08838137546505369,0.08838137546505369,0.08838137546505369,0.08817015031258682,0.0,0.0,0.0,0.0,0.0,0.0,1.0,1.0,0.0,1.0,1.0,487524.7126408123,595.5780595149536,0.0,0.08838137546505369,0.08823901176042584,0.08823901176043195,0.375,0.375,0.5,7.071771709037524,2.5011104298755527e-12,2.5011104298755527e-12,2.5011104298755527e-12,2.5011104298755527e-12,2.5011104298755527e-12,2.5011104298755527e-12,24523.212084513612,18525.494529929227,0.75542691822284,0.6318008853139377,4.119513116634234,0.6468570248463964,0.4408157101930791,35353.7532153836,15450.0,0.0,0.0,0.0,0.0,0.0,0.0,0.0,0.0,0.0,0.0,0.0,0.0,0.0,0.0,0.0,0.0,0.0,0.0,0.0,0.0,35353.7532153836,15450.0,1.0,0.0,0.0,6.0,0.9,143955.44449186765,23992.574081977942,260.1591947961518,260.1591947961518,-12.990805203848197,244.4511510132213,275.86728456536366,108261.43934880226,108317.65364051174,-56.21429170946314,0.0,nan,275.86728456536366,2.717284565363684,269.5840316022874,-3.565968397712595,263.3007904757658,-9.849209524234197,257.01756239576014,-16.13243760423984,250.73434872451222,-22.41565127548776,244.4511510132213,-28.69884898677867,1.0,1.0,25732.562594343566,25732.562594343566,276.18308432054437,3.03308432054439,276.18308432054437,276.18308432054437,81981.4461114669,81384.97189982844,596.4742116384587,0.0,8648.866644398773,8648.866644398773,0.9187140777093513,3446.062305585053,276.18308432054437,3.03308432054439,1.0,0.002,0.7392250060464838,0.002424035617831853,0.00114215525968092,0.0008842628304377695,0.57107762984046,0.57107762984046,0.0,2.641809011868926e-05,0.9992197826739201,0.9992197826739201,0.0,0.08817016615461723,6.884560581165581e-05,0.0,0.0,0.0,1600281.87528304,266.773184128302,0.0,1.0,1283959.761904828,2600.3478990980007,,,,,,,,,,,,,,,,,9.0,14200.501253132832
600.0,-30.4504183471876,4.44210029232179,34.74173437639653,28.927855530660622,4.46529345883245,-26.924457494565285,-40.40953660206867,0.24437517605912035,-6.376815871698,-6.376815871700517,37.110590260386864,35761.439401114854,16715.225473414463,16715.225473414463,52476.66487452932,84308.46837074251,81384.97189982844,16715.225473414463,98100.1973732429,98100.1973732429,98100.1973732429,122623.40945775651,119590.8664967879,3032.5429609686153,0.0,98855.56096837015,47913.41098228599,56602.38887342684,24523.212084513612,81125.60095794045,18525.494529929227,1450.0,0.0,0.8903981850066028,2.7413066798002395,0.0014947306463915918,1.0,1.0,-6.376815871698,336020.39791939955,1433674.0309665133,4.266627978074133,1433674.0309665133,4.266627978074133,0.75542691822284,0.08823901176042889,3.4289177170000524,101325.0,128351.07116782667,1.2667265844345095,1.0,0.0,3.4289177170000524,1.2906438777958433,1.2909313479922535,2.6567496859443094,5629.333783292566,14200.501253132832,6424.494789657493,0.0004656117395850777,28829.96010031367,2939.837773379663,19203.244853477572,1958.186011887604,0.6660864179714435,0.6660864179714435,30911.006802211497,30484.863174865135,1.017504001235345,0.8,4384.883969183394,4324.433322199387,1.017504001235345,0.8,17892.472556813074,17892.472556813074,1.0,0.8,2034.6934298245008,2034.6934298245008,8.215107607073861,4.44210029232179,-0.3099183212999481,4.752018613621738,3.5,3.5,1.0,0.6,0.00022272234513412968,1.0,0.00022272234513412968,199.29481489717395,0.0,0.0,0.0,0.0021329181719859478,7.527838270509427e-05,0.00014744396242903542,0.0005055732150376096,0.08838137546505369,0.08838137546505369,0.08838137546505369,0.08817015031258682,0.0,0.0,0.0,0.0,0.0,0.0,1.0,1.0,0.0,1.0,1.0,487524.7126408123,595.5780595149536,0.0,0.08838137546505369,0.08823901176042584,0.08823901176043195,0.375,0.375,0.5,7.071771709037524,2.5011104298755527e-12,2.5011104298755527e-12,2.5011104298755527e-12,2.5011104298755527e-12,2.5011104298755527e-12,2.5011104298755527e-12,24523.212084513612,18525.494529929227,0.75542691822284,0.6318008853139377,4.119513116634234,0.6468570248463964,0.4408157101930791,35353.7532153836,15450.0,0.0,0.0,0.0,0.0,0.0,0.0,0.0,0.0,0.0,0.0,0.0,0.0,0.0,0.0,0.0,0.0,0.0,0.0,0.0,0.0,35353.7532153836,15450.0,1.0,0.0,0.0,6.0,0.9,143955.44449186765,23992.574081977942,260.1591947961518,260.1591947961518,-12.990805203848197,244.4511510132213,275.86728456536366,108261.43934880226,108317.65364051174,-56.21429170946314,0.0,nan,275.86728456536366,2.717284565363684,269.5840316022874,-3.565968397712595,263.3007904757658,-9.849209524234197,257.01756239576014,-16.13243760423984,250.73434872451222,-22.41565127548776,244.4511510132213,-28.69884898677867,1.0,1.0,25732.562594343566,25732.562594343566,276.18308432054437,3.03308432054439,276.18308432054437,276.18308432054437,81981.4461114669,81384.97189982844,596.4742116384587,0.0,8648.866644398773,8648.866644398773,0.9187140777093513,3446.062305585053,276.18308432054437,3.03308432054439,1.0,0.002,0.7392250060464838,0.002424035617831853,0.00114215525968092,0.0008842628304377695,0.57107762984046,0.57107762984046,0.0,2.641809011868926e-05,0.9992197826739201,0.9992197826739201,0.0,0.08817016615461723,6.884560581165581e-05,0.0,0.0,0.0,1600281.87528304,266.773184128302,0.0,1.0,1283959.761904828,2600.3478990980007,,,,,,,,,,,,,,,,,9.0,14200.501253132832
630.0,-30.4504183471876,4.44210029232179,34.74173437639653,28.927855530660622,4.46529345883245,-26.924457494565285,-40.40953660206867,0.24437517605912035,-6.376815871698,-6.376815871700517,37.110590260386864,35761.439401114854,16715.225473414463,16715.225473414463,52476.66487452932,84308.46837074251,81384.97189982844,16715.225473414463,98100.1973732429,98100.1973732429,98100.1973732429,122623.40945775651,119590.8664967879,3032.5429609686153,0.0,98855.56096837015,47913.41098228599,56602.38887342684,24523.212084513612,81125.60095794045,18525.494529929227,1450.0,0.0,0.8903981850066028,2.7413066798002395,0.0014947306463915918,1.0,1.0,-6.376815871698,336020.39791939955,1433674.0309665133,4.266627978074133,1433674.0309665133,4.266627978074133,0.75542691822284,0.08823901176042889,3.4289177170000524,101325.0,128351.07116782667,1.2667265844345095,1.0,0.0,3.4289177170000524,1.2906438777958433,1.2909313479922535,2.6567496859443094,5629.333783292566,14200.501253132832,6424.494789657493,0.0004656117395850777,28829.96010031367,2939.837773379663,19203.244853477572,1958.186011887604,0.6660864179714435,0.6660864179714435,30911.006802211497,30484.863174865135,1.017504001235345,0.8,4384.883969183394,4324.433322199387,1.017504001235345,0.8,17892.472556813074,17892.472556813074,1.0,0.8,2034.6934298245008,2034.6934298245008,8.215107607073861,4.44210029232179,-0.3099183212999481,4.752018613621738,3.5,3.5,1.0,0.6,0.00022272234513412968,1.0,0.00022272234513412968,199.29481489717395,0.0,0.0,0.0,0.0021329181719859478,7.527838270509427e-05,0.00014744396242903542,0.0005055732150376096,0.08838137546505369,0.08838137546505369,0.08838137546505369,0.08817015031258682,0.0,0.0,0.0,0.0,0.0,0.0,1.0,1.0,0.0,1.0,1.0,487524.7126408123,595.5780595149536,0.0,0.08838137546505369,0.08823901176042584,0.08823901176043195,0.375,0.375,0.5,7.071771709037524,2.5011104298755527e-12,2.5011104298755527e-12,2.5011104298755527e-12,2.5011104298755527e-12,2.5011104298755527e-12,2.5011104298755527e-12,24523.212084513612,18525.494529929227,0.75542691822284,0.6318008853139377,4.119513116634234,0.6468570248463964,0.4408157101930791,35353.7532153836,15450.0,0.0,0.0,0.0,0.0,0.0,0.0,0.0,0.0,0.0,0.0,0.0,0.0,0.0,0.0,0.0,0.0,0.0,0.0,0.0,0.0,35353.7532153836,15450.0,1.0,0.0,0.0,6.0,0.9,143955.44449186765,23992.574081977942,260.1591947961518,260.1591947961518,-12.990805203848197,244.4511510132213,275.86728456536366,108261.43934880226,108317.65364051174,-56.21429170946314,0.0,nan,275.86728456536366,2.717284565363684,269.5840316022874,-3.565968397712595,263.3007904757658,-9.849209524234197,257.01756239576014,-16.13243760423984,250.73434872451222,-22.41565127548776,244.4511510132213,-28.69884898677867,1.0,1.0,25732.562594343566,25732.562594343566,276.18308432054437,3.03308432054439,276.18308432054437,276.18308432054437,81981.4461114669,81384.97189982844,596.4742116384587,0.0,8648.866644398773,8648.866644398773,0.9187140777093513,3446.062305585053,276.18308432054437,3.03308432054439,1.0,0.002,0.7392250060464838,0.002424035617831853,0.00114215525968092,0.0008842628304377695,0.57107762984046,0.57107762984046,0.0,2.641809011868926e-05,0.9992197826739201,0.9992197826739201,0.0,0.08817016615461723,6.884560581165581e-05,0.0,0.0,0.0,1600281.87528304,266.773184128302,0.0,1.0,1283959.761904828,2600.3478990980007,,,,,,,,,,,,,,,,,9.0,14200.501253132832
660.0,-31.19486630720535,4.184840212091054,34.66695315661342,24.541412537824385,4.9037460519401765,-27.59953989913477,-41.03816816406322,1.2882547804148072,-6.475639531796389,-6.475639531781726,39.27496642490692,40126.285248491,16470.441204283445,16470.441204283445,56596.72645277445,77041.81859460998,77464.48617065666,16470.441204283445,93934.9273749401,93934.9273749401,93934.9273749401,119223.68968530622,117806.64334979696,1417.0463355092684,0.0,91225.98975920581,54416.763001294756,40899.140842123394,25288.762310366114,66187.90315248951,19235.663651591145,1450.0,0.0,0.8819231588770863,2.7312353159567784,0.0014947306463915918,1.0,1.0,-6.475639531796389,334713.0049739031,1523508.6625731552,4.55168648942081,1523508.6625731552,4.55168648942081,0.7606407706124176,0.08868131669109329,3.9032327632263977,101325.0,128351.07116782667,1.2667265844345095,1.0,0.0,3.9032327632263977,1.285734661252415,1.2860210379996806,3.035799594470228,6432.495054716779,15200.501253132832,6449.025704109843,0.00033482377434327384,23371.90613346839,2383.2711612496,19276.56939838444,1965.6630346126801,0.8247752360591822,0.8247752360591822,34286.80837861244,30484.863174865135,1.1582532105233632,0.8,4863.758640274517,4324.433322199387,1.1582532105233632,0.8,17892.472556813074,17892.472556813074,1.0,0.8,2034.6934298245008,2034.6934298245008,8.094802373104473,4.184840212091054,-0.49758799097460127,4.682428203065656,3.5,3.5,1.0,0.6,0.00022272234513412968,1.0811308900612049,0.0002060086777480948,199.91337591075936,0.0,0.0,0.0,0.0021329181719859478,7.007821249843798e-05,0.0001526441326356917,0.0005958055796179076,0.09124508804506394,0.09124508804506394,0.09124508804506394,0.08701007786531821,0.0,0.0,0.0,0.0,0.0,0.0,1.0,1.0,0.0,1.0,1.0,516562.96140680596,586.1304398687677,0.0,0.09124508804506394,0.08868131669109172,0.08868131669109486,0.375,0.375,0.5,3.2579085929112392,-1.4665602066088468e-11,-1.4665602066088468e-11,-1.4665602066088468e-11,-1.4665602066088468e-11,-1.4665602066088468e-11,-1.4665602066088468e-11,25288.762310366114,19235.663651591145,0.7606407706124176,0.9811033782686115,3.6977792211112614,0.8550916973813467,0.6062480202166933,35353.7532153836,15450.0,0.0,0.0,0.0,0.0,0.0,0.0,0.0,0.0,0.0,0.0,0.0,0.0,0.0,0.0,0.0,0.0,0.0,0.0,0.0,0.0,35353.7532153836,15450.0,1.0,0.0,0.0,6.0,0.9,143955.44449186765,23992.574081977942,260.02456904724096,260.02456904724096,-13.125430952759018,243.8500943121539,276.1990547841456,127123.24646336344,127767.18075584892,-643.9342924854824,0.0,nan,276.1990547841456,3.0490547841455964,269.72925635154536,-3.420743648454618,263.2594607036735,-9.890539296326494,256.7896684726212,-16.360331527378776,250.31987965930642,-22.830120340693554,243.8500943121539,-29.299905687846064,1.0,1.0,25732.562594343566,25732.562594343566,275.63096592366537,2.4809659236653943,275.63096592366537,275.63096592366537,76994.84502484991,77464.48617065666,-469.64114580674504,0.0,8648.866644398773,8648.866644398773,0.8897271359349176,3922.74892704253,275.63096592366537,2.4809659236653943,1.0,0.002,0.7896952261650734,0.0020955460065351277,0.0012198874218253754,0.0007672520863158132,0.6099437109126877,0.6099437109126877,0.0,-1.2860491858811447e-05,0.9810310901984336,0.9810310901984336,0.0,0.0869991287936958,0.0016821878973974937,0.0,0.0,0.0,1600166.14041963,266.6743604682036,0.0,1.0,1284297.261865929,2598.981020163855,,,,,,,,,,,,,,,,,21.0,15200.501253132832
690.0,-31.64269885122842,4.048461915439255,34.64338776476165,25.291996215842687,5.396471215042315,-27.918738554134325,-41.358421091549076,1.9702317012344246,-6.395145875388721,-6.395145875375958,38.350733370765596,39304.17427106057,16135.374036809502,16135.374036809502,55439.54830787007,77571.43279333918,78461.05978385157,16135.374036809502,94596.43382066107,94596.43382066107,94596.43382066107,119579.89537170998,118911.37439570247,668.5209760075055,0.0,90930.1306933333,53928.29599244834,41113.14966764995,24983.46155104891,66096.61121869886,18946.314584981497,1450.0,0.0,0.8857800328149807,2.739436411677346,0.0014947306463915918,1.0,1.0,-6.395145875388721,335777.5974949677,1484641.7292604668,4.421503222181811,1484641.7292604668,4.421503222181811,0.7583542635302294,0.08792905616366703,3.8792489075962497,101325.0,128351.07116782667,1.2667265844345095,1.0,0.0,3.8792489075962497,1.2825819954007045,1.2828462321774021,3.024562111044054,6408.684175797764,15200.501253132832,6464.878977173811,0.00034091770171120383,23440.138248225358,2390.2289006159453,19323.955892473674,1970.4951122425778,0.8243959863989574,0.8243959863989574,34118.161219067035,30484.863174865135,1.1511361925361023,0.8,4839.835180547995,4324.433322199387,1.1511361925361023,0.8,17892.472556813074,17892.472556813074,1.0,0.8,2034.6934298245008,2034.6934298245008,7.930125393977036,4.048461915439255,-0.5387090971576187,4.587171012596873,3.5,3.5,1.0,0.6,0.0002060086777480948,1.0482868532637493,0.00019651937549984992,200.28713474390054,0.0,0.00011137618903305964,315.64011971969103,0.005474203842977737,6.75586867105116e-05,0.0001384499910375832,0.0005370819764892552,0.08959843818674688,0.08959843818674688,0.08959843818674688,0.08765300326565387,0.0,0.0,0.0,0.0,0.0,0.0,1.0,1.0,0.0,1.0,1.0,520385.0395995945,584.8098858200377,0.0,0.08959843818674688,0.08792905616366563,0.08792905616366845,0.375,0.375,0.5,1.5502146501377807,-1.2789769243681803e-11,-1.2789769243681803e-11,-1.2789769243681803e-11,-1.2789769243681803e-11,-1.2789769243681803e-11,-1.2789769243681803e-11,24983.46155104891,18946.314584981497,0.7583542635302294,0.9560000775612484,3.750753539043291,0.8387653661158669,0.5946473434320539,35353.7532153836,15450.0,0.0,0.0,0.0,0.0,0.0,0.0,0.0,0.0,0.0,0.0,0.0,0.0,0.0,0.0,0.0,0.0,0.0,0.0,0.0,0.0,35669.39333510329,15450.0,1.0,0.0,0.0,6.0,0.9,143955.44449186765,23992.574081977942,260.02673211455306,260.02673211455306,-13.123267885446921,243.42361318289994,276.62986419123985,129964.78705108128,129959.85842121384,4.928629867419886,0.0,nan,276.62986419123985,3.4798641912398693,269.9886097033583,-3.1613902966416845,263.3473522392508,-9.802647760749153,256.70609996736584,-16.443900032634133,250.06485340320373,-23.08514659679625,243.42361318289994,-29.726386817100035,1.0,1.0,25732.562594343566,25732.562594343566,275.8266854997401,2.676685499740131,275.8266854997401,275.8266854997401,78578.04952245181,78461.05978385157,116.98973860024125,0.0,8648.866644398773,8648.866644398773,0.8912201092390144,3898.645152134231,275.8266854997401,2.676685499740131,1.0,0.002,0.7976702328612569,0.0020598709874870558,0.0012324108326848618,0.0007519323926499297,0.6162054163424309,0.6162054163424309,0.0,-1.565677466520846e-05,0.9968469441695992,0.9968469441695992,0.0,0.08765181094046853,0.00027724522319849145,0.0,0.0,0.0,1600260.4190670936,266.75485412461126,0.0,1.0,1284022.3762594725,2600.0942319242426,,,,,,,,,,,,,,,,,20.0,15200.501253132832
720.0,-32.118553609484444,3.9522583490618732,34.62094743341725,25.121796572953485,5.333245905029819,-28.36044259576178,-41.78321388373149,1.8158648344205413,-6.386049495966574,-6.386049495967197,38.0789763412814,39090.65105391206,15972.685620569911,15972.685620569911,55063.336674481965,77265.86314993998,78213.28215089647,15972.685620569911,94185.96777146638,94185.96777146638,94185.96777146638,119072.07717345489,118871.6835353936,200.39363806128208,0.0,90999.73831455962,53870.92760972603,41254.23411648177,24886.1094019885,66140.34351847027,18856.14066694204,1450.0,0.0,0.8868261684037915,2.740364417969308,0.0014947306463915918,1.0,1.0,-6.386049495966574,335898.0714900641,1473357.5214935876,4.3863232526393645,1473357.5214935876,4.3863232526393645,0.7576974111282883,0.08900855334926194,3.8849240915914205,101325.0,128351.07116782667,1.2667265844345095,1.0,0.0,3.8849240915914205,1.283321615486155,1.2835738261782599,3.0272412189673217,6414.36088400303,15200.501253132832,6461.153849809118,0.00033947470391783194,23423.813739764086,2388.56426402126,19312.82123749508,1969.3596934218192,0.8244951676980672,0.8244951676980673,34158.08617090118,30484.863174865135,1.1528202581508016,0.8,4845.4987385934555,4324.433322199387,1.1528202581508016,0.8,17892.472556813074,17892.472556813074,1.0,0.8,2034.6934298245008,2034.6934298245008,7.850168180838729,3.9522583490618732,-0.5886615146395942,4.540919863701467,3.5,3.5,1.0,0.6,0.00019651937549984992,1.0515858013733723,0.00018687906896726388,200.68566000754942,0.0,6.33528386006607e-05,179.54194459427242,0.007374789000997558,6.434590487820527e-05,0.00013217347062164465,0.0005134839002872781,0.0890491926144497,0.0890491926144497,0.0890491926144497,0.08778625260288246,0.0,0.0,0.0,0.0,0.0,0.0,1.0,1.0,0.0,1.0,1.0,524399.3467282836,583.4538991410973,0.0,0.0890491926144497,0.08900855334926132,0.08900855334926258,0.375,0.375,0.5,0.4587235345227284,6.252776074688882e-13,6.252776074688882e-13,6.252776074688882e-13,6.252776074688882e-13,6.252776074688882e-13,6.252776074688882e-13,24886.1094019885,18856.14066694204,0.7576974111282883,0.9475548847553245,3.746610097400752,0.8325226895609492,0.5910258243971117,35353.7532153836,15450.0,0.0,0.0,0.0,0.0,0.0,0.0,0.0,0.0,0.0,0.0,0.0,0.0,0.0,0.0,0.0,0.0,0.0,0.0,0.0,0.0,35533.295159977875,15450.0,1.0,0.0,0.0,6.0,0.9,143955.44449186765,23992.574081977942,259.79258680437823,259.79258680437823,-13.357413195621746,242.97196989508734,276.6132121496708,131038.72063571184,132166.0727214535,-1127.3520857416718,0.0,nan,276.6132121496708,3.4632121496708237,269.88495850838353,-3.2650414916164436,263.15670778586474,-9.993292214135238,256.4284592732085,-16.72154072679149,249.70021321405437,-23.449786785945605,242.97196989508734,-30.178030104912636,1.0,1.0,25732.562594343566,25732.562594343566,275.80713331244726,2.657133312447286,275.80713331244726,275.80713331244726,78137.83780927653,78213.28215089647,-75.44434161993559,0.0,8648.866644398773,8648.866644398773,0.8908670111025142,3904.348712049378,275.80713331244726,2.657133312447286,1.0,0.002,0.8343255117483586,0.00191067349152416,0.0012890678292929792,0.0006972333562346848,0.6445339146464896,0.6445339146464896,0.0,-1.3698814472336285e-05,0.9862116549346365,0.9862116549346365,0.0,0.08778127270191351,0.0012272806473484423,0.0,0.0,0.0,1600271.0674475145,266.7639505040334,0.0,1.0,1283991.3043019995,2600.220108117455,,,,,,,,,,,,,,,,,16.0,15200.501253132832
750.0,-32.55822832948621,3.930144672720544,34.62245516393848,25.546729936637007,5.60528838199615,-28.7328647561516,-42.14383423151446,2.2010450373466024,-6.368862255461238,-6.36886225551216,37.54007090867734,38579.814369904205,15911.965704119528,15911.965704119528,54491.78007402373,77587.34176228098,79009.83377826204,15911.965704119528,94921.79948238157,94921.79948238157,94921.79948238157,119611.33891098535,119438.80325775154,172.53565323380352,0.0,90832.4319497138,53557.11338001852,41417.02063299476,24689.53942860378,66106.56006159855,18675.75497578967,1450.0,0.0,0.888882107648283,2.742118526023951,0.0014947306463915918,1.0,1.0,-6.368862255461238,336125.7949529685,1451172.540734978,4.317349523674698,1451172.540734978,4.317349523674698,0.7564237895079197,0.08811191868449315,3.8712474730417212,101325.0,128351.07116782667,1.2667265844345095,1.0,0.0,3.8712474730417212,1.281546273926924,1.2817857805697466,3.020762926631915,6400.634159918075,15200.501253132832,6470.1047728704125,0.00034295353119910636,23463.349367935094,2392.595776124884,19339.576145521063,1972.0879347709017,0.8242461825143532,0.8242461825143532,34061.85122801589,30484.863174865135,1.1487618306100371,0.8,4831.8473211215805,4324.433322199387,1.1487618306100371,0.8,17892.472556813074,17892.472556813074,1.0,0.8,2034.6934298245008,2034.6934298245008,7.820325888353603,3.930144672720544,-0.593512954605548,4.523657627326092,3.5,3.5,1.0,0.6,0.00018687906896726388,1.0477564295161967,0.00017836117603549863,201.0551601653024,0.0,6.448904263890399e-05,182.7619468386539,0.009309460280164676,6.173002164910247e-05,0.0001251490473181614,0.00048448293318401113,0.08822501870956606,0.08822501870956606,0.08822501870956606,0.08804609075206234,0.0,0.0,0.0,0.0,0.0,0.0,1.0,1.0,0.0,1.0,1.0,522043.1602014049,584.2153195102173,0.0,0.08822501870956606,0.08811191868449264,0.08811191868449367,0.375,0.375,0.5,0.3994420394904749,5.093170329928398e-11,5.093170329928398e-11,5.093170329928398e-11,5.093170329928398e-11,5.093170329928398e-11,5.093170329928398e-11,24689.53942860378,18675.75497578967,0.7564237895079197,0.9314966113030761,3.787000876900845,0.8243021573539436,0.583600392063288,35353.7532153836,15450.0,0.0,0.0,0.0,0.0,0.0,0.0,0.0,0.0,0.0,0.0,0.0,0.0,0.0,0.0,0.0,0.0,0.0,0.0,0.0,0.0,35536.515162222255,15450.0,1.0,0.0,0.0,6.0,0.9,143955.44449186765,23992.574081977942,259.689028542155,259.689028542155,-13.460971457845005,242.5614582916032,276.81659885894834,133383.30822062245,133879.107275144,-495.7990545215455,0.0,nan,276.81659885894834,3.666598858948362,269.96557020674345,-3.184429793256527,263.11454323342343,-10.035456766576544,256.26351430099623,-16.886485699003742,249.41248636121497,-23.737513638785003,242.5614582916032,-30.588541708396775,1.0,1.0,25732.562594343566,25732.562594343566,275.91641951339227,2.766419513392293,275.91641951339227,275.91641951339227,79032.19534788824,79009.83377826204,22.361569626198616,0.0,8648.866644398773,8648.866644398773,0.8917177497655193,3890.6037104069296,275.91641951339227,2.766419513392293,1.0,0.002,0.8361957054192992,0.0019066695605390617,0.001292003030261517,0.0006953271827565383,0.6460015151307584,0.6460015151307584,0.0,-1.2669786981944764e-05,0.9992512783419278,0.9992512783419278,0.0,0.08804594738263978,6.597130185337305e-05,0.0,0.0,0.0,1600291.1839117906,266.78113774453874,0.0,1.0,1283932.5907446821,2600.4579876865237,,,,,,,,,,,,,,,,,12.0,15200.501253132832
780.0,-32.8216052990368,3.907577087101387,34.62328786737316,25.532392307091527,5.6321269316890215,-28.921200790690076,-42.33129818513987,2.188086839103888,-6.373663723382435,-6.373663723421228,37.4892844657769,38250.072825599156,15884.517052257443,15884.517052257443,54134.5898778566,77437.97644161672,79065.6238410491,15884.517052257443,94950.14089330655,94950.14089330655,94950.14089330655,119618.9125986115,119447.7539095231,171.15868908838797,0.0,90839.78243203649,53481.985375459175,41508.663396197015,24668.77170530494,66177.43510150195,18657.07029231882,1450.0,0.0,0.8890422917253885,2.7416284050366726,0.0014947306463915918,1.0,1.0,-6.373663723382435,336062.1653817529,1449094.942971173,4.31198478211631,1449094.942971173,4.31198478211631,0.7563031720913237,0.08807378955683288,3.8718505581317593,101325.0,128351.07116782667,1.2667265844345095,1.0,0.0,3.8718505581317593,1.281624134465615,1.2818527383542073,3.021049974020787,6401.242378890351,15200.501253132832,6469.712233577427,0.0003428001403062243,23461.593124056006,2392.4166890891393,19338.4028193056,1971.9682887943998,0.8242578718781568,0.8242578718781568,34066.09624200885,30484.863174865135,1.1489407913034235,0.8,4832.449498007173,4324.433322199387,1.1489407913034235,0.8,17892.472556813074,17892.472556813074,1.0,0.8,2034.6934298245008,2034.6934298245008,7.806835575041659,3.907577087101387,-0.6082770855375443,4.515854172638932,3.5,3.5,1.0,0.6,0.00017836117603549863,1.028423173011354,0.00017343169690861243,201.27709226677905,0.0,5.7085544255565285e-05,161.780432420272,0.011022026607831635,6.0409392605866976e-05,0.00011795178342963166,0.00045669167850465573,0.08815103704823413,0.08815103704823413,0.08815103704823413,0.08804621737785753,0.0,0.0,0.0,0.0,0.0,0.0,1.0,1.0,0.0,1.0,1.0,521808.4260876001,584.29126679495,0.0,0.08815103704823413,0.08807378955683237,0.0880737895568334,0.375,0.375,0.5,0.3964707043217177,3.8767211663071066e-11,3.8767211663071066e-11,3.8767211663071066e-11,3.8767211663071066e-11,3.8767211663071066e-11,3.8767211663071066e-11,24668.77170530494,18657.07029231882,0.7563031720913237,0.9214961334819466,3.783021490032496,0.8180218800385023,0.5779926763092551,35353.7532153836,15450.0,0.0,0.0,0.0,0.0,0.0,0.0,0.0,0.0,0.0,0.0,0.0,0.0,0.0,0.0,0.0,0.0,0.0,0.0,0.0,0.0,35515.53364780387,15450.0,1.0,0.0,0.0,6.0,0.9,143955.44449186765,23992.574081977942,259.5729428442247,259.5729428442247,-13.577057155775265,242.29198599886288,276.8539177385824,134385.56120098778,134951.2110200232,-565.6498190354234,0.0,nan,276.8539177385824,3.7039177385824473,269.94152095177986,-3.208479048220113,263.02912920125044,-10.120870798749536,256.1167422119151,-17.03325778808488,249.20436096295742,-23.945639037042554,242.29198599886288,-30.858014001137093,1.0,1.0,25732.562594343566,25732.562594343566,275.91806860890165,2.7680686089016717,275.91806860890165,275.91806860890165,78985.7139196252,79065.6238410491,-79.90992142391042,0.0,8648.866644398773,8648.866644398773,0.891680249471463,3891.209810922418,275.91806860890165,2.7680686089016717,1.0,0.002,0.8365987662111017,0.0019062656247739818,0.0012926130318767872,0.0006953041521673921,0.6463065159383936,0.6463065159383936,0.0,-1.208281595582077e-05,0.9996867090931493,0.9996867090931493,0.0,0.08804619683943285,2.7592717400040285e-05,0.0,0.0,0.0,1600285.5645528655,266.77633627661754,0.0,1.0,1283948.9936750978,2600.3915276138955,,,,,,,,,,,,,,,,,15.0,15200.501253132832
810.0,-33.136294052406896,3.8959073969062676,34.62010029974516,25.533935625012987,5.660343265107253,-29.22371871335983,-42.620449292566605,2.189499933411444,-6.31377281547509,-6.313772815489598,37.72160931896343,38109.488800884814,15773.95592815161,15773.95592815161,53883.444729036426,77334.04197641237,78887.67964253966,15773.95592815161,94661.63557069127,94661.63557069127,94661.63557069127,119437.31599436366,119335.77718028102,101.53881408263778,0.0,90840.12276106149,53397.491653592806,41602.92345274298,24775.680423672387,66378.60387641536,18752.04249752884,1450.0,0.0,0.8885019967892561,2.74774686190058,0.0014947306463915918,1.0,1.0,-6.31377281547509,336856.5238672122,1458617.4454975573,4.330085191024947,1458617.4454975573,4.330085191024947,0.7568729567407502,0.08951594276077722,3.8718787862024406,101325.0,128351.07116782667,1.2667265844345095,1.0,0.0,3.8718787862024406,1.2816277120801542,1.2818499985209233,3.0210635660477116,6401.271178764407,15200.501253132832,6469.693637144454,0.0003427928753466084,23461.509974117234,2392.408210155072,19338.347233322973,1971.9626206016299,0.8242584238890447,0.8242584238890447,34066.29493138635,30484.863174865135,1.1489491677583974,0.8,4832.47768310874,4324.433322199387,1.1489491677583974,0.8,17892.472556813074,17892.472556813074,1.0,0.8,2034.6934298245008,2034.6934298245008,7.752497598378823,3.8959073969062676,-0.5885150418006582,4.484422438706925,3.5,3.5,1.0,0.6,0.00017343169690861243,1.0341370576495932,0.0001677066841631141,201.54284703878363,0.0,3.3073040834981196e-05,93.72899772633671,0.01201421783288107,5.8423577217454775e-05,0.00011500811969115765,0.0004452974988732245,0.08844743715983101,0.08844743715983101,0.08844743715983101,0.08818908151922987,0.0,0.0,0.0,0.0,0.0,0.0,1.0,1.0,0.0,1.0,1.0,523759.14368781546,583.650279034452,0.0,0.08844743715983101,0.08951594276077708,0.08951594276077736,0.375,0.375,0.5,0.23124324113062264,1.4495071809506044e-11,1.4495071809506044e-11,1.4495071809506044e-11,1.4495071809506044e-11,1.4495071809506044e-11,1.4495071809506044e-11,24775.680423672387,18752.04249752884,0.7568729567407502,0.916029106564437,3.7580399937513804,0.811759235390931,0.5741230844782094,35353.7532153836,15450.0,0.0,0.0,0.0,0.0,0.0,0.0,0.0,0.0,0.0,0.0,0.0,0.0,0.0,0.0,0.0,0.0,0.0,0.0,0.0,0.0,35447.482213109935,15450.0,1.0,0.0,0.0,6.0,0.9,143955.44449186765,23992.574081977942,259.4331254834346,259.4331254834346,-13.716874516565383,241.99786041394165,276.86839912697815,135532.751180536,136207.77032272657,-675.0191421905661,0.0,nan,276.86839912697815,3.71839912697817,269.89428650355524,-3.2557134964447414,262.9201760940657,-10.229823905934268,255.9460680489929,-17.203931951007064,248.97196271307385,-24.178037286926127,241.99786041394165,-31.152139586058325,1.0,1.0,25732.562594343566,25732.562594343566,275.95738523747093,2.807385237470953,275.95738523747093,275.95738523747093,78855.07096964594,78887.67964253966,-32.60867289372254,0.0,8648.866644398773,8648.866644398773,0.8916784941964686,3891.2381801334527,275.95738523747093,2.807385237470953,1.0,0.002,0.8764217825072954,0.001729731180766776,0.0013543096786035975,0.0006295089241012609,0.6771548393017988,0.6771548393017988,0.0,-1.618139729514176e-05,0.985111556492238,0.985111556492238,0.0,0.08818318970393933,0.0013327530568378858,0.0,0.0,0.0,1600355.6338688466,266.8362271845249,0.0,1.0,1283744.3606146418,2601.2208184635515,,,,,,,,,,,,,,,,,18.0,15200.501253132832
840.0,-33.49644101624593,3.859412820048966,34.60137938496907,25.06945413714277,5.390139535432614,-29.596340010642347,-42.976280430424936,1.7683936254988146,-6.37385518571466,-6.373855185717875,37.63844990860442,38197.83059364184,15810.399068909768,15810.399068909768,54008.22966255161,76877.71187498802,78158.97546634213,15810.399068909768,93969.3745352519,93969.3745352519,93969.3745352519,118694.52393495754,118694.16584851261,0.35808644493548053,0.0,91026.14866231183,53503.7012740172,41691.60820921625,24725.14939970563,66416.75760892188,18708.352523043206,1450.0,0.0,0.8884987407961603,2.7416088625090387,0.0014947306463915918,1.0,1.0,-6.37385518571466,336059.62829852535,1455203.4922707924,4.330194315926933,1455203.4922707924,4.330194315926933,0.7566527595285608,0.09127334914415261,3.8870712599278576,101325.0,128351.07116782667,1.2667265844345095,1.0,0.0,3.8870712599278576,1.2836026578879252,1.2838179378405743,3.028251177294811,6416.500864507302,15200.501253132832,6459.740854470297,0.00033892913764356323,23417.66913323869,2387.9376885316283,19308.597699869697,1968.9290124425465,0.8245311516705718,0.8245311516705717,34173.188470272784,30484.863174865135,1.153457413239948,0.8,4847.641076785029,4324.433322199387,1.153457413239948,0.8,17892.472556813074,17892.472556813074,1.0,0.8,2034.6934298245008,2034.6934298245008,7.770408473906297,3.859412820048966,-0.6353701419722899,4.494782962021256,3.5,3.5,1.0,0.6,0.0001677066841631141,1.0392757124212826,0.0001613688092184841,201.847778282403,0.0,3.846117893536857e-05,108.99898110283452,0.013168053200942127,5.606275224450676e-05,0.00011164393191860733,0.00043396791910616097,0.08832559448644015,0.08832559448644015,0.08832559448644015,0.0879917596479864,0.0,0.0,0.0,0.0,0.0,0.0,1.0,1.0,0.0,1.0,1.0,524480.8077748122,583.4044236086097,0.0,0.08832559448644015,0.09127334914415253,0.09127334914415268,0.375,0.375,0.5,0.0007997262525484743,3.240074875066057e-12,3.240074875066057e-12,3.240074875066057e-12,3.240074875066057e-12,3.240074875066057e-12,3.240074875066057e-12,24725.14939970563,18708.352523043206,0.7566527595285608,0.9161994999559149,3.748738155046347,0.8131717296493949,0.5751233870608381,35353.7532153836,15450.0,0.0,0.0,0.0,0.0,0.0,0.0,0.0,0.0,0.0,0.0,0.0,0.0,0.0,0.0,0.0,0.0,0.0,0.0,0.0,0.0,35462.752196486435,15450.0,1.0,0.0,0.0,6.0,0.9,143955.44449186765,23992.574081977942,259.14080041281215,259.14080041281215,-14.009199587187823,241.6500892794541,276.6315045492955,136016.61492044182,137422.61665323068,-1406.0017327888736,0.0,nan,276.6315045492955,3.4815045492955505,269.6352253504455,-3.514774649554454,262.6389445090293,-10.511055490970705,255.64266178328748,-17.507338216712498,248.64637700536116,-24.503622994638818,241.6500892794541,-31.49991072054587,1.0,1.0,25732.562594343566,25732.562594343566,275.81304857056324,2.6630485705632623,275.81304857056324,275.81304857056324,77966.58088417078,78158.97546634213,-192.3945821713569,0.0,8648.866644398773,8648.866644398773,0.8907333897139618,3906.506616227497,275.81304857056324,2.6630485705632623,1.0,0.002,0.9749214790381265,0.0015077249145721587,0.0015063322628150761,0.0005499416515786391,0.7531661314075381,0.7531661314075381,0.0,5.627391439371517e-05,0.9639654037579429,0.9639654037579429,0.0,0.08798435086008277,0.0032889982840698445,0.0,0.0,0.0,1600285.3404696693,266.7761448142853,0.0,1.0,1283949.6477457166,2600.388877553944,,,,,,,,,,,,,,,,,14.0,15200.501253132832
870.0,-33.39078941176537,3.843563451544431,34.597144181864564,25.088144663628213,5.407610180467872,-29.363330050461414,-42.76748589528722,1.7853719840270141,-6.451561327008733,-6.451561327016,37.342698831407915,37774.281706933485,15905.967782875863,15905.967782875863,53680.24948980935,76871.57523589757,78365.38358606686,15905.967782875863,94271.35136894272,94271.35136894272,94271.35136894272,118859.98467294616,118856.93616110802,3.048511838130495,0.0,91019.92859814929,53505.41674157196,41682.79095175259,24588.63330400344,66271.42425575604,18587.329944669065,1450.0,0.0,0.8891794269827323,2.7336864882486047,0.0014947306463915918,1.0,1.0,-6.451561327008733,335031.17986254755,1443110.9694007423,4.307393031277877,1443110.9694007423,4.307393031277877,0.755931804540057,0.08930409673547092,3.8865656525835877,101325.0,128351.07116782667,1.2667265844345095,1.0,0.0,3.8865656525835877,1.2835364665290856,1.283743600063301,3.0280134253556215,6415.997096677611,15200.501253132832,6460.073916663691,0.0003390576467379657,23419.115160873185,2388.085142313959,19309.593245054275,1969.030529799093,0.8245227504288986,0.8245227504288986,34169.63238628691,30484.863174865135,1.153307378290641,0.8,4847.136628134666,4324.433322199387,1.153307378290641,0.8,17892.472556813074,17892.472556813074,1.0,0.8,2034.6934298245008,2034.6934298245008,7.8173780628209,3.843563451544431,-0.6783890098275274,4.521952461371958,3.5,3.5,1.0,0.6,0.0001613688092184841,0.9887505090017717,0.00016320477992107406,201.75883262069493,0.0,4.264286588684237e-05,120.84988192331129,0.014447339177547397,5.7437100928910384e-05,0.00010393170828957373,0.0004039374076525942,0.08792419388611512,0.08792419388611512,0.08792419388611512,0.08780470797024229,0.0,0.0,0.0,0.0,0.0,0.0,1.0,1.0,0.0,1.0,1.0,522997.6070036365,583.8862580233056,0.0,0.08792419388611512,0.08930409673547082,0.08930409673547102,0.375,0.375,0.5,0.006963290829331503,7.275957614183426e-12,7.275957614183426e-12,7.275957614183426e-12,7.275957614183426e-12,7.275957614183426e-12,7.275957614183426e-12,24588.63330400344,18587.329944669065,0.755931804540057,0.9062320647064357,3.7731882806055634,0.810005973051755,0.5699935097388914,35353.7532153836,15450.0,0.0,0.0,0.0,0.0,0.0,0.0,0.0,0.0,0.0,0.0,0.0,0.0,0.0,0.0,0.0,0.0,0.0,0.0,0.0,0.0,35474.603097306914,15450.0,1.0,0.0,0.0,6.0,0.9,143955.44449186765,23992.574081977942,259.15695519273714,259.15695519273714,-13.993044807262834,241.69432867245084,276.61965343757544,136415.11674162082,136368.56501814892,46.55172347192375,0.0,nan,276.61965343757544,3.4696534375754595,269.63454781628036,-3.515452183719617,262.6494602649869,-10.500539735013092,255.66439287513856,-17.485607124861417,248.67934808999098,-24.470651910008996,241.69432867245084,-31.45567132754914,1.0,1.0,25732.562594343566,25732.562594343566,275.7592077665644,2.6092077665643956,275.7592077665644,275.7592077665644,78211.55350076004,78365.38358606686,-153.83008530682127,0.0,8648.866644398773,8648.866644398773,0.8907648558149333,3905.9984808465056,275.7592077665644,2.6092077665643956,1.0,0.002,1.0190651407116786,0.0014800417292916413,0.0015742861879002932,0.0005414087266677869,0.7871430939501466,0.7871430939501466,0.0,0.00011569491456808008,0.983199897424141,0.983199897424141,0.0,0.08780377874987058,0.0015003179856003424,0.0,0.0,0.0,1600194.3518259912,266.69843867299124,0.0,1.0,1284215.047942823,2599.3138920827123,,,,,,,,,,,,,,,,,28.0,15200.501253132832
900.0,-33.67582438281988,3.910626360661905,34.609190425566666,25.40791220907124,5.6492561404946695,-29.70300215310299,-43.08467380525542,2.0753803122444854,-6.381426471300017,-6.381426471303069,37.55296033753436,37787.63435306561,15901.221625385882,15901.221625385882,53688.855978451495,76970.45906737863,78772.96013382447,15901.221625385882,94674.18175921035,94674.18175921035,94674.18175921035,119364.62364109707,119361.6359908629,2.9876502341723206,0.0,90892.60348312081,53297.75613352343,41772.052610663755,24690.441881886727,66462.49449255048,18677.060104473363,1450.0,0.0,0.8887713553182639,2.7408361508736805,0.0014947306463915918,1.0,1.0,-6.381426471300017,335959.31263248244,1451700.186618269,4.321059521294872,1451700.186618269,4.321059521294872,0.7564490013512124,0.08812707308026876,3.8761787061405215,101325.0,128351.07116782667,1.2667265844345095,1.0,0.0,3.8761787061405215,1.2821839885546997,1.2823909038297927,3.023106465796549,6405.599838190943,15200.501253132832,6466.889023237284,0.00034169916769642814,23449.022961488226,2391.1348892321257,19329.964054669676,1971.1077742827242,0.8243398493155328,0.824339849315533,34096.55746562081,30484.863174865135,1.1502251347261367,0.8,4836.770577936806,4324.433322199387,1.1502251347261367,0.8,17892.472556813074,17892.472556813074,1.0,0.8,2034.6934298245008,2034.6934298245008,7.81504544729248,3.910626360661905,-0.6099768022054395,4.520603162867344,3.5,3.5,1.0,0.6,0.0001613688092184841,1.0194173821715535,0.0001582951321417904,201.99997480648435,0.0,0.0,0.0,0.014447339177547397,5.5361336199742844e-05,0.00010600747301874126,0.00041090390960701076,0.08820227605937844,0.08820227605937844,0.08820227605937844,0.08799395006893798,0.0,0.0,0.0,0.0,0.0,0.0,1.0,1.0,0.0,1.0,1.0,524030.73257427104,583.5508937126235,0.0,0.08820227605937844,0.08812707308026867,0.08812707308026886,0.375,0.375,0.5,0.006912056141323656,3.069544618483633e-12,3.069544618483633e-12,3.069544618483633e-12,3.069544618483633e-12,3.069544618483633e-12,3.069544618483633e-12,24690.441881886727,18677.060104473363,0.7564490013512124,0.9046152149923083,3.7614426318103504,0.8078068147813692,0.5685557642935156,35353.7532153836,15450.0,0.0,0.0,0.0,0.0,0.0,0.0,0.0,0.0,0.0,0.0,0.0,0.0,0.0,0.0,0.0,0.0,0.0,0.0,0.0,0.0,35353.7532153836,15450.0,1.0,0.0,0.0,6.0,0.9,143955.44449186765,23992.574081977942,259.1396878319885,259.1396878319885,-14.010312168011467,241.47369682485788,276.8056691769979,137826.33890896608,137921.41198382943,-95.07307486332589,0.0,nan,276.8056691769979,3.6556691769979466,269.7392801228317,-3.410719877168276,262.6728887151735,-10.477111284826492,255.6064946135248,-17.543505386475175,248.5400975385454,-24.609902461454567,241.47369682485788,-31.676303175142095,1.0,1.0,25732.562594343566,25732.562594343566,275.87646747279416,2.7264674727941838,275.87646747279416,275.87646747279416,78762.33762601957,78772.96013382447,-10.622507804902853,0.0,8648.866644398773,8648.866644398773,0.8914110838739948,3895.559599671224,275.87646747279416,2.7264674727941838,1.0,0.002,1.0224923590179338,0.001450401505284818,0.0015798085040532987,0.0005291821243723728,0.7899042520266494,0.7899042520266494,0.0,0.00010899062842567152,0.998478115790053,0.998478115790053,0.0,0.08799295387927905,0.00013411920098970929,0.0,0.0,0.0,1600276.4787888632,266.76857352869996,0.0,1.0,1283975.512086533,2600.284087624686,,,,,,,,,,,,,,,,,16.0,15200.501253132832
930.0,-33.977444605966994,3.8996062176793593,34.61066530664026,25.48447820534932,5.676501680395971,-30.004364018476252,-43.37045402554793,2.1447507289673267,-6.304640484481922,-6.304640484477872,37.668203247512274,37666.286289522934,15765.561154832923,15765.561154832923,53431.84744435586,77113.4433597022,78748.51414181071,15765.561154832923,94514.07529664363,94514.07529664363,94514.07529664363,119272.48778677406,119272.11792864867,0.36985812538515495,0.0,90862.7264664604,53189.26416854961,41859.402553234206,24758.412490130428,66617.81504336464,18735.930249534635,1450.0,0.0,0.888742724617048,2.748680767875176,0.0014947306463915918,1.0,1.0,-6.304640484481922,336977.7793782509,1456424.2640722187,4.322018700341102,1456424.2640722187,4.322018700341102,0.7567500645287105,0.0901696590523959,3.8737319922885507,101325.0,128351.07116782667,1.2667265844345095,1.0,0.0,3.8737319922885507,1.281867229565551,1.2820701534719203,3.021944787215936,6403.138380676232,15200.501253132832,6468.4861743854735,0.0003423215284906446,23456.121034532356,2391.858691248526,19334.738046332972,1971.5945859526926,0.8242939238703688,0.8242939238703688,34079.33848930075,30484.863174865135,1.1494990918928791,0.8,4834.327978324484,4324.433322199387,1.1494990918928791,0.8,17892.472556813074,17892.472556813074,1.0,0.8,2034.6934298245008,2034.6934298245008,7.748371781095669,3.8996062176793593,-0.5824296472340516,4.482035864913411,3.5,3.5,1.0,0.6,0.0001582951321417904,1.0329314087880077,0.00015324844495485555,202.25635749657675,0.0,2.0696089735179895e-05,58.652718309499825,0.015068221869602794,5.355079138531493e-05,0.00010474434075647547,0.00040575150379953257,0.08833394400487692,0.08833394400487692,0.08833394400487692,0.08824295706368085,0.0,0.0,0.0,0.0,0.0,0.0,1.0,1.0,0.0,1.0,1.0,524626.8560892713,583.3569866538782,0.0,0.08833394400487692,0.09016965905239617,0.09016965905239564,0.375,0.375,0.5,0.0008360691684438179,-4.035882739117369e-12,-4.035882739117369e-12,-4.035882739117369e-12,-4.035882739117369e-12,-4.035882739117369e-12,-4.035882739117369e-12,24758.412490130428,18735.930249534635,0.7567500645287105,0.899828568781441,3.751411951455286,0.802065444649822,0.5654086112701864,35353.7532153836,15450.0,0.0,0.0,0.0,0.0,0.0,0.0,0.0,0.0,0.0,0.0,0.0,0.0,0.0,0.0,0.0,0.0,0.0,0.0,0.0,0.0,35412.4059336931,15450.0,1.0,0.0,0.0,6.0,0.9,143955.44449186765,23992.574081977942,259.01786646010527,259.01786646010527,-14.13213353989471,241.19679922275859,276.8389282849319,138645.80775424186,139232.43971886463,-586.6319646227785,0.0,nan,276.8389282849319,3.688928284931933,269.7105054810035,-3.4394945189964687,262.5820813643792,-10.5679186356208,255.45365578179218,-17.6963442182078,248.32522862576624,-24.824771374233734,241.19679922275859,-31.953200777241392,1.0,1.0,25732.562594343566,25732.562594343566,275.95042696303676,2.8004269630367844,275.95042696303676,275.95042696303676,78735.1050886349,78748.51414181071,-13.409053175812005,0.0,8648.866644398773,8648.866644398773,0.8915632521025534,3893.1006522499933,275.95042696303676,2.8004269630367844,1.0,0.002,1.0802217167355703,0.0011783066811471594,0.0016692672927872453,0.0004286808013816879,0.8346336463936226,0.8346336463936226,0.0,9.794809416893311e-05,0.9785318152753629,0.9785318152753629,0.0,0.08823388015530152,0.0019357788970943788,0.0,0.0,0.0,1600366.3137367894,266.84535951551806,0.0,1.0,1283713.1515238339,2601.347329101579,,,,,,,,,,,,,,,,,18.0,15200.501253132832
960.0,-34.205597064290785,3.920885254284938,34.61897361124762,25.528417154587828,5.749777370691261,-30.201183216965383,-43.5613724408671,2.1845503885972746,-6.329712237385252,-6.329712237449512,37.64597266501145,37479.89868605254,15837.173124729728,15837.173124729728,53317.07181078227,76971.59021019062,78988.81286333165,15837.173124729728,94825.98598806138,94825.98598806138,94825.98598806138,119568.01808613204,119567.99159233652,0.02649379551631122,0.0,90846.21420823538,53104.62006691412,41935.10460146807,24742.032098070653,66677.13669953872,18721.99733210066,1450.0,0.0,0.8886960686494636,2.746117438044556,0.0014947306463915918,1.0,1.0,-6.329712237385252,336644.96862134815,1455512.075840446,4.323581848857448,1455512.075840446,4.323581848857448,0.7566879413094194,0.08822074012765628,3.872377438033293,101325.0,128351.07116782667,1.2667265844345095,1.0,0.0,3.872377438033293,1.2816923328928862,1.2818887604755018,3.0213003063637083,6401.772803085944,15200.501253132832,6469.369597972288,0.000342666312280826,23460.061851402184,2392.26054273398,19337.378658552665,1971.8638534619536,0.8242680168977001,0.8242680168977001,34069.804752331074,30484.863174865135,1.149097138714539,0.8,4832.975569110761,4324.433322199387,1.149097138714539,0.8,17892.472556813074,17892.472556813074,1.0,0.8,2034.6934298245008,2034.6934298245008,7.7835672404445395,3.920885254284938,-0.5815093796112176,4.502394633896156,3.5,3.5,1.0,0.6,0.00015324844495485555,1.024866990163698,0.00014953008187957909,202.4506890026078,0.0,3.402415226180299e-05,96.42444750994967,0.016088946437456883,5.237194559058049e-05,0.00010087649936427506,0.0003906318801659985,0.08831367188195985,0.08831367188195985,0.08831367188195985,0.08815603643178427,0.0,0.0,0.0,0.0,0.0,0.0,1.0,1.0,0.0,1.0,1.0,524521.4014086879,583.3912016103568,0.0,0.08831367188195985,0.0882207401276568,0.08822074012765577,0.375,0.375,0.5,6.121571936679985e-05,6.423306331271306e-11,6.423306331271306e-11,6.423306331271306e-11,6.423306331271306e-11,6.423306331271306e-11,6.423306331271306e-11,24742.032098070653,18721.99733210066,0.7566879413094194,0.893759513473121,3.7510566216651804,0.7996304947982436,0.5621102006066171,35353.7532153836,15450.0,0.0,0.0,0.0,0.0,0.0,0.0,0.0,0.0,0.0,0.0,0.0,0.0,0.0,0.0,0.0,0.0,0.0,0.0,0.0,0.0,35450.17766289355,15450.0,1.0,0.0,0.0,6.0,0.9,143955.44449186765,23992.574081977942,258.93485259135474,258.93485259135474,-14.215147408645237,240.97555342628968,276.8941411562611,139742.17591979046,140150.44757697545,-408.27165718500316,0.0,nan,276.8941411562611,3.7441411562611506,269.71042961044355,-3.4395703895564225,262.52671538792515,-10.623284612074826,255.3429982284946,-17.807001771505384,248.1592777387142,-24.990722261285782,240.97555342628968,-32.1744465737103,1.0,1.0,25732.562594343566,25732.562594343566,275.9531390494283,2.803139049428296,275.9531390494283,275.9531390494283,78858.06917597268,78988.81286333165,-130.74368735897588,0.0,8648.866644398773,8648.866644398773,0.8916474866099685,3891.739325223459,275.9531390494283,2.803139049428296,1.0,0.002,1.0808671864665165,0.0011738809542839663,0.0016701785783582487,0.0004274693176682665,0.8350892891791243,0.8350892891791243,0.0,9.764789602651532e-05,0.9992648487514608,0.9992648487514608,0.0,0.08815588454040438,6.485558725189693e-05,0.0,0.0,0.0,1600336.9905509797,266.8202877626147,0.0,1.0,1283798.8286005922,2601.0000456820667,,,,,,,,,,,,,,,,,15.0,15200.501253132832
990.0,-34.43578945512561,3.916080779493694,34.597574955756656,25.180107133369916,5.529893123769474,-30.411719576255216,-43.76331477016208,1.8688508033537656,-6.247800798092612,-6.2478007981267005,37.78638346435308,37452.64113136811,15703.197037423508,15703.197037423508,53155.83816879162,76696.26371585847,78005.0763940086,15703.197037423508,93708.27343143211,93708.27343143211,93708.27343143211,118529.48541685312,118528.31933813625,1.1660787168599134,0.0,90985.58733546712,53199.378586874875,41984.67638732472,24821.211985421003,66805.88837274571,18790.9472829829,1450.0,0.0,0.8886020919731923,2.754499041980722,0.0014947306463915918,1.0,1.0,-6.247800798092612,337733.2457405332,1461280.8231256476,4.326730760312209,1461280.8231256476,4.326730760312209,0.7570519640225448,0.09478276617057146,3.8837704659602914,101325.0,128351.07116782667,1.2667265844345095,1.0,0.0,3.8837704659602914,1.283171282587709,1.28336316528375,3.026696839823348,6413.207409920657,15200.501253132832,6461.913483484204,0.00033976840845896934,23427.127873008903,2388.9022115614307,19315.091833384602,1969.5912297659856,0.8244754516253825,0.8244754516253825,34149.971353092646,30484.863174865135,1.152477928940106,0.8,4844.347610299604,4324.433322199387,1.152477928940106,0.8,17892.472556813074,17892.472556813074,1.0,0.8,2034.6934298245008,2034.6934298245008,7.71772140571465,3.916080779493694,-0.5482254145144108,4.464306194008104,3.5,3.5,1.0,0.6,0.00014953008187957909,1.0251406945318635,0.00014586298512699554,202.64710699311735,0.0,2.509283888505251e-05,71.11310540023882,0.01684173160400846,5.115120701493762e-05,9.837887486464146e-05,0.00038208096867369776,0.08848149397852223,0.08848149397852223,0.08848149397852223,0.08841575255091655,0.0,0.0,0.0,0.0,0.0,0.0,1.0,1.0,0.0,1.0,1.0,525199.5632359971,583.171005836868,0.0,0.08848149397852223,0.09478276617057119,0.09478276617057174,0.375,0.375,0.5,0.0025069605556631474,3.410605131648481e-11,3.410605131648481e-11,3.410605131648481e-11,3.410605131648481e-11,3.410605131648481e-11,3.410605131648481e-11,24821.211985421003,18790.9472829829,0.7570519640225448,0.8920550151644174,3.7226006855569245,0.7956759420996967,0.560618862253576,35353.7532153836,15450.0,0.0,0.0,0.0,0.0,0.0,0.0,0.0,0.0,0.0,0.0,0.0,0.0,0.0,0.0,0.0,0.0,0.0,0.0,0.0,0.0,35424.86632078384,15450.0,1.0,0.0,0.0,6.0,0.9,143955.44449186765,23992.574081977942,258.72815980586347,258.72815980586347,-14.421840194136507,240.74698263716306,276.70934419470035,139896.68926493629,140891.83634727207,-995.147082335759,0.0,nan,276.70934419470035,3.5593441947003726,269.5168675389936,-3.633132461006369,262.32439319278996,-10.825606807210022,255.13192077141727,-18.018079228582707,247.9394505001166,-25.21054949988337,240.74698263716306,-32.40301736283692,1.0,1.0,25732.562594343566,25732.562594343566,275.92130882643045,2.77130882643047,275.92130882643045,275.92130882643045,77926.65870262541,78005.0763940086,-78.41769138319069,0.0,8648.866644398773,8648.866644398773,0.890938796336336,3903.189318290093,275.92130882643045,2.77130882643047,1.0,0.002,1.2724533141425947,0.0003998900776794056,0.001966552922757569,0.00014517706097043163,0.9832764613787844,0.9832764613787844,0.0,0.00011172998372800062,0.932552945030138,0.932552945030138,0.0,0.08838994773046935,0.0063928184401021125,0.0,0.0,0.0,1600432.7585506628,266.90219920190737,0.0,1.0,1283518.869774623,2602.1350777832868,,,,,,,,,,,,,,,,,21.0,15200.501253132832
1020.0,-34.26613449901086,3.954182150183693,34.6069271750538,25.250054674129956,5.626261601752639,-30.174540640228706,-43.5467608977109,1.9323141824681909,-6.395489311142853,-6.395489311138444,37.523742286602776,37233.600167729375,15990.242407742704,15990.242407742704,53223.84257547208,76548.99948438462,78621.2876369663,15990.242407742704,94611.530044709,94611.530044709,94611.530044709,119286.463962355,119285.40752862701,1.0564337279875387,0.0,90958.44510715538,53194.19530527603,41960.27755764372,24674.93391764601,66635.21147528973,18663.503674122552,1450.0,0.0,0.8888061172827981,2.73940137946393,0.0014947306463915918,1.0,1.0,-6.395489311142853,335773.04963881196,1450504.3153608418,4.31989499133756,1450504.3153608418,4.31989499133756,0.7563750215669495,0.088214537959384,3.8815585607394287,101325.0,128351.07116782667,1.2667265844345095,1.0,0.0,3.8815585607394287,1.282882808443939,1.2830699433018724,3.025653267150356,6410.996204651875,15200.501253132832,6463.365826368274,0.0003403307313628748,23433.485205444893,2389.5504790570576,19319.43298345587,1970.0339038770499,0.8244370316271563,0.8244370316271563,34134.41105084208,30484.863174865135,1.1518215636965123,0.8,4842.140302063714,4324.433322199387,1.1518215636965123,0.8,17892.472556813074,17892.472556813074,1.0,0.8,2034.6934298245008,2034.6934298245008,7.858796894587661,3.954182150183693,-0.5917289820814675,4.545911132265161,3.5,3.5,1.0,0.6,0.00014586298512699554,0.9818619380030247,0.0001485575308313318,202.50318732750247,0.0,2.4770884932497006e-05,70.20068789869651,0.01758485815198337,5.246131006908327e-05,9.340167505791227e-05,0.0003625440714084418,0.08816532741442969,0.08816532741442969,0.08816532741442969,0.08795132689539703,0.0,0.0,0.0,0.0,0.0,0.0,1.0,1.0,0.0,1.0,1.0,523909.0987643495,583.590165085437,0.0,0.08816532741442969,0.08821453795938364,0.08821453795938436,0.375,0.375,0.5,0.002441832921556131,-4.433786671143025e-12,-4.433786671143025e-12,-4.433786671143025e-12,-4.433786671143025e-12,-4.433786671143025e-12,-4.433786671143025e-12,24674.93391764601,18663.503674122552,0.7563750215669495,0.8873535242129659,3.75033393001101,0.7987345038322423,0.5587676446639127,35353.7532153836,15450.0,0.0,0.0,0.0,0.0,0.0,0.0,0.0,0.0,0.0,0.0,0.0,0.0,0.0,0.0,0.0,0.0,0.0,0.0,0.0,0.0,35423.953903282294,15450.0,1.0,0.0,0.0,6.0,0.9,143955.44449186765,23992.574081977942,258.81782946709876,258.81782946709876,-14.332170532901216,240.86293241669424,276.7727815154344,140252.69023831378,139861.32067401425,391.36956429951795,0.0,nan,276.7727815154344,3.62278151543444,269.59078054504425,-3.5592194549557234,262.4087934219434,-10.741206578056563,255.22682166498552,-17.923178335014455,248.0448672384905,-25.10513276150948,240.86293241669424,-32.28706758330574,1.0,1.0,25732.562594343566,25732.562594343566,275.8448679425352,2.694867942535211,275.8448679425352,275.8448679425352,78403.16291426674,78621.2876369663,-218.12472269956197,0.0,8648.866644398773,8648.866644398773,0.891076420939252,3900.966353543126,275.8448679425352,2.694867942535211,1.0,0.002,1.2796222998255355,0.00039335560785266134,0.0019770316168139126,0.0001435918111602711,0.9885158084069563,0.9885158084069563,0.0,0.0001206234279741837,0.9970135936075524,0.9970135936075524,0.0,0.08795109349931528,0.0002634444600687182,0.0,0.0,0.0,1600260.0170121086,266.7545106888571,0.0,1.0,1284023.549356658,2600.089479740107,,,,,,,,,,,,,,,,,16.0,15200.501253132832
1050.0,-34.471267971925826,3.913246450376774,34.61127780981013,25.37744779782372,5.6168088492214245,-30.44252919959361,-43.797222956176824,2.047810166548793,-6.394055480052089,-6.3940554800461555,37.46723994673465,37381.050982987545,15924.781482503422,15924.781482503422,53305.83246549097,77000.54264804011,78781.51753313835,15924.781482503422,94706.29901564177,94706.29901564177,94706.29901564177,119360.27858217077,119360.24995371954,0.028628451226223966,0.0,90907.72632025875,53085.83501975362,42024.32366722792,24653.979566528997,66678.30323375692,18644.417824277054,1450.0,0.0,0.8890188426185377,2.7395476399551666,0.0014947306463915918,1.0,1.0,-6.394055480052089,335792.0370845226,1448193.8356066225,4.312770035228965,1448193.8356066225,4.312770035228965,0.7562437445023801,0.08802216019402412,3.877415859257139,101325.0,128351.07116782667,1.2667265844345095,1.0,0.0,3.877415859257139,1.282344403678539,1.2825314599990576,3.023693048555728,6406.842736669641,15200.501253132832,6466.080205190786,0.00034138447593957933,23445.441402221804,2390.769671826955,19327.54644340259,1970.8612465421515,0.8243626601788362,0.8243626601788362,34105.263218243206,30484.863174865135,1.1505922500523689,0.8,4838.005533347929,4324.433322199387,1.1505922500523689,0.8,17892.472556813074,17892.472556813074,1.0,0.8,2034.6934298245008,2034.6934298245008,7.826624517029573,3.913246450376774,-0.6140546107471554,4.5273010611239295,3.5,3.5,1.0,0.6,0.00014586298512699554,1.003838507846517,0.00014530522986203016,202.67741128825213,0.0,0.0,0.0,0.01758485815198337,5.094883412375972e-05,9.491415100323583e-05,0.00036802163436787345,0.08807966513057557,0.08807966513057557,0.08807966513057557,0.08797707398442633,0.0,0.0,0.0,0.0,0.0,0.0,1.0,1.0,0.0,1.0,1.0,523643.15742788825,583.6763878226814,0.0,0.08807966513057557,0.08802216019402377,0.08802216019402448,0.375,0.375,0.5,6.632468692976238e-05,-5.9117155615240335e-12,-5.9117155615240335e-12,-5.9117155615240335e-12,-5.9117155615240335e-12,-5.9117155615240335e-12,-5.9117155615240335e-12,24653.979566528997,18644.417824277054,0.7562437445023801,0.8895098771604653,3.7691815181311266,0.7994479445377378,0.5606179097260353,35353.7532153836,15450.0,0.0,0.0,0.0,0.0,0.0,0.0,0.0,0.0,0.0,0.0,0.0,0.0,0.0,0.0,0.0,0.0,0.0,0.0,0.0,0.0,35353.7532153836,15450.0,1.0,0.0,0.0,6.0,0.9,143955.44449186765,23992.574081977942,258.7353518390482,258.7353518390482,-14.4146481609518,240.70681673322082,276.7638976362215,140392.56188106773,140795.042122616,-402.48024154829835,0.0,nan,276.7638976362215,3.613897636221509,269.55247539721194,-3.5975246027880416,262.3410558529112,-10.808944147088766,255.1296393004107,-18.020360699589276,247.91822611431272,-25.23177388568726,240.70681673322082,-32.44318326677916,1.0,1.0,25732.562594343566,25732.562594343566,275.86482788840755,2.7148278884075694,275.86482788840755,275.86482788840755,78715.2895319276,78781.51753313835,-66.22800121075124,0.0,8648.866644398773,8648.866644398773,0.8913341336744328,3896.8029385534246,275.86482788840755,2.7148278884075694,1.0,0.002,1.2804406549508143,0.00034447626929526434,0.001978301818981325,0.00012574202480515598,0.9891509094906625,0.9891509094906625,0.0,0.00010404384378648107,0.9994692151487046,0.9994692151487046,0.0,0.08797543936481483,4.672082920928756e-05,0.0,0.0,0.0,1600261.6955650994,266.7559445199479,0.0,1.0,1284018.6517058904,2600.109320070386,,,,,,,,,,,,,,,,,14.0,15200.501253132832
1080.0,-34.704292866953665,3.895109063512545,34.607886582537034,25.402747734356694,5.642579239475089,-30.660391632440223,-44.00166386095805,2.070737887261549,-6.322397348920504,-6.322397348898543,37.61875322917146,37235.25612240124,15786.04740717513,15786.04740717513,53021.30352957637,76982.4426799389,78617.80163965143,15786.04740717513,94403.84904682657,94403.84904682657,94403.84904682657,119137.90648085502,119137.36606615211,0.5404147028976821,0.0,90897.76288814387,53029.48485559998,42075.86448060432,24734.057434028444,66809.92191463277,18714.44579235136,1450.0,0.0,0.8888322239353966,2.746865115291951,0.0014947306463915918,1.0,1.0,-6.322397348920504,336742.04217585723,1454395.7687688614,4.319020456641795,1454395.7687688614,4.319020456641795,0.7566266004785989,0.09048595458281697,3.8766007136443803,101325.0,128351.07116782667,1.2667265844345095,1.0,0.0,3.8766007136443803,1.282238725479748,1.2824250511722937,3.023306531468198,6406.023753341945,15200.501253132832,6466.613337187392,0.00034159186862366885,23447.801205889777,2391.0103048329224,19329.14001061764,1971.0237451747173,0.8243476580551364,0.8243476580551364,34099.527162850565,30484.863174865135,1.1503503620891613,0.8,4837.191844635086,4324.433322199387,1.1503503620891613,0.8,17892.472556813074,17892.472556813074,1.0,0.8,2034.6934298245008,2034.6934298245008,7.758440252366046,3.895109063512545,-0.5927508958833698,4.487859959395915,3.5,3.5,1.0,0.6,0.00014530522986203016,1.025511490583179,0.00014169049415467712,202.876659882901,0.0,3.7681464411859066e-06,10.678927014320859,0.017697902545218944,4.97443004423716e-05,9.556092941965856e-05,0.0003704515671847686,0.0882692024146578,0.0882692024146578,0.0882692024146578,0.08819354829551095,0.0,0.0,0.0,0.0,0.0,0.0,1.0,1.0,0.0,1.0,1.0,524381.9618876167,583.4365488082692,0.0,0.0882692024146578,0.09048595458281725,0.09048595458281669,0.375,0.375,0.5,0.0012174847222324577,-2.1941559680271894e-11,-2.1941559680271894e-11,-2.1941559680271894e-11,-2.1941559680271894e-11,-2.1941559680271894e-11,-2.1941559680271894e-11,24734.057434028444,18714.44579235136,0.7566266004785989,0.8849552250926548,3.750637772817883,0.7936142119328476,0.5573312324774016,35353.7532153836,15450.0,0.0,0.0,0.0,0.0,0.0,0.0,0.0,0.0,0.0,0.0,0.0,0.0,0.0,0.0,0.0,0.0,0.0,0.0,0.0,0.0,35364.43214239792,15450.0,1.0,0.0,0.0,6.0,0.9,143955.44449186765,23992.574081977942,258.6342680514254,258.6342680514254,-14.515731948574569,240.49477599439132,276.77376162160533,141229.7581250988,141713.60405569166,-483.84593059285214,0.0,nan,276.77376162160533,3.623761621605354,269.5179624836741,-3.632037516325852,262.26216495140955,-10.887835048590432,255.00636892460844,-18.14363107539154,247.7505743328638,-25.39942566713617,240.49477599439132,-32.65522400560866,1.0,1.0,25732.562594343566,25732.562594343566,275.9175568464949,2.7675568464949265,275.9175568464949,275.9175568464949,78607.96186959776,78617.80163965143,-9.83977005367342,0.0,8648.866644398773,8648.866644398773,0.8913848358610676,3895.983717212602,275.9175568464949,2.7675568464949265,1.0,0.002,1.3494252306062804,4.5284677917057006e-05,0.0020851914653501656,1.6485948801196324e-05,1.0,1.0425957326750828,0.055131394256176414,0.00010167741415136175,0.9745553206676042,0.9745553206676042,0.0,0.08818356848437146,0.0023023860984455083,0.0,0.0,0.0,1600345.5467560191,266.8276026510795,0.0,1.0,1283773.832866801,2601.101356483625,,,,,,,,,,,,,,,,,12.0,15200.501253132832
1110.0,-34.89377169232727,3.910979162725298,34.61638082117125,25.49497748203578,5.74862298340097,-30.824698632211238,-44.160334405582375,2.154295600515835,-6.34585926236349,-6.345859262298221,37.60294118205707,37065.14171673471,15846.815366661338,15846.815366661338,52911.957083396046,76869.57834837567,78953.00983222405,15846.815366661338,94799.82519888539,94799.82519888539,94799.82519888539,119520.45305130008,119520.43504110674,0.018010193337682723,0.0,90861.75246891683,52937.12335677524,42138.47679126843,24720.627852414687,66859.10464368312,18703.14050434947,1450.0,0.0,0.8887704472798794,2.744467569956334,0.0014947306463915918,1.0,1.0,-6.34585926236349,336430.76444546494,1453747.5922666653,4.32108994153035,1453747.5922666653,4.32108994153035,0.7565803189146171,0.08814751845738937,3.873651114227696,101325.0,128351.07116782667,1.2667265844345095,1.0,0.0,3.873651114227696,1.2818570011030934,1.282038637510701,3.0219058061033732,6403.055784376317,15200.501253132832,6468.539661453154,0.0003423423925405642,23456.359333752822,2391.882991006391,19334.89792275762,1971.6108888109213,0.8242923655648227,0.8242923655648227,34078.76926529197,30484.863174865135,1.1494750919729848,0.8,4834.2472309956465,4324.433322199387,1.1494750919729848,0.8,17892.472556813074,17892.472556813074,1.0,0.8,2034.6934298245008,2034.6934298245008,7.788306156779687,3.910979162725298,-0.5941566913362051,4.505135854061503,3.5,3.5,1.0,0.6,0.00014169049415467712,1.020732066722169,0.0001388126216213442,203.0389415715072,0.0,2.4444850222241344e-05,69.27670552983197,0.018431248051886184,4.882766968490961e-05,9.28628244697675e-05,0.0003597181834776458,0.08825766030804487,0.08825766030804487,0.08825766030804487,0.08811044597022198,0.0,0.0,0.0,0.0,0.0,0.0,1.0,1.0,0.0,1.0,1.0,524310.0267358621,583.4598527230405,0.0,0.08825766030804487,0.08814751845738934,0.0881475184573894,0.375,0.375,0.5,4.165250449802805e-05,-6.52562448522076e-11,-6.52562448522076e-11,-6.52562448522076e-11,-6.52562448522076e-11,-6.52562448522076e-11,-6.52562448522076e-11,24720.627852414687,18703.14050434947,0.7565803189146171,0.8796032637899011,3.7505679171486155,0.7913949396328805,0.5543768782766169,35353.7532153836,15450.0,0.0,0.0,0.0,0.0,0.0,0.0,0.0,0.0,0.0,0.0,0.0,0.0,0.0,0.0,0.0,0.0,0.0,0.0,0.0,0.0,35423.02992091343,15450.0,1.0,0.0,0.0,6.0,0.9,143955.44449186765,23992.574081977942,258.5850404295833,258.5850404295833,-14.564959570416704,240.31535537900368,276.8547142924496,142277.6678899553,142521.26558375914,-243.59769380386427,0.0,nan,276.8547142924496,3.704714292449637,269.5468487661658,-3.6031512338341827,262.23898031926683,-10.911019680733148,254.93110920889447,-18.21889079110551,247.62323461171934,-25.526765388280637,240.31535537900368,-32.8346446209963,1.0,1.0,25732.562594343566,25732.562594343566,275.93285240345,2.782852403450022,275.93285240345,275.93285240345,78831.34664911627,78953.00983222405,-121.66318310778297,0.0,8648.866644398773,8648.866644398773,0.8915682817808489,3893.0193697988343,275.93285240345,2.782852403450022,1.0,0.002,1.349438174628863,4.501407829862779e-05,0.0020851108187472274,1.64017525768608e-05,1.0,1.0425554093736136,0.05508186272825144,0.00010151257132408808,0.9995792438338036,0.9995792438338036,0.0,0.08811042984546351,3.7088611925858626e-05,0.0,0.0,0.0,1600318.1007186563,266.8041407376365,0.0,1.0,1283854.0010102922,2600.7764451826765,,,,,,,,,,,,,,,,,13.0,15200.501253132832
1140.0,-35.03321654617998,3.887427036413228,34.61749254678701,25.49296935265886,5.701938900669568,-30.956420058935304,-44.2875347105786,2.152490456469492,-6.363488496599359,-6.363488496598137,37.525263051557495,37003.37182894535,15837.664498502554,15837.664498502554,52841.03632744791,77045.3181146595,78955.19136724596,15837.664498502554,94792.85586574851,94792.85586574851,94792.85586574851,119478.48352524929,119478.47283072729,0.010694521999138604,0.0,90863.1122350515,52897.04619137112,42184.517826311545,24685.627659500784,66870.14548581233,18671.992300549013,1450.0,0.0,0.8889632336118314,2.742667146999316,0.0014947306463915918,1.0,1.0,-6.363488496599359,336197.0198129731,1450566.540642135,4.314632358874232,1450566.540642135,4.314632358874232,0.7563912312905159,0.08808841225613742,3.8737634023164986,101325.0,128351.07116782667,1.2667265844345095,1.0,0.0,3.8737634023164986,1.2818713363143148,1.2820492854988248,3.021959609031036,6403.1697863238605,15200.501253132832,6468.465835147217,0.00034231359500167593,23456.03042785619,2391.849451938857,19334.67725098872,1971.588386552872,0.8242945160928431,0.8242945160928431,34079.55955407417,30484.863174865135,1.149508412568309,0.8,4834.359337490082,4324.433322199387,1.149508412568309,0.8,17892.472556813074,17892.472556813074,1.0,0.8,2034.6934298245008,2034.6934298245008,7.783808738139295,3.887427036413228,-0.6151072915192684,4.502534327932496,3.5,3.5,1.0,0.6,0.0001388126216213442,1.0152372337212892,0.00013672924614135273,203.15852468456413,0.0,1.9477339771520926e-05,55.19878091249031,0.01901556824503181,4.810416139588414e-05,9.070846022546006e-05,0.00035138311350186896,0.08815053782550758,0.08815053782550758,0.08815053782550758,0.08807174365028975,0.0,0.0,0.0,0.0,0.0,0.0,1.0,1.0,0.0,1.0,1.0,523928.4249742382,583.5837694983869,0.0,0.08815053782550758,0.08808841225613741,0.08808841225613744,0.375,0.375,0.5,2.4754469441427338e-05,-1.1937117960769683e-12,-1.1937117960769683e-12,-1.1937117960769683e-12,-1.1937117960769683e-12,-1.1937117960769683e-12,-1.1937117960769683e-12,24685.627659500784,18671.992300549013,0.7563912312905159,0.8771789683907545,3.762634027148752,0.7902036991778201,0.5533616169086437,35353.7532153836,15450.0,0.0,0.0,0.0,0.0,0.0,0.0,0.0,0.0,0.0,0.0,0.0,0.0,0.0,0.0,0.0,0.0,0.0,0.0,0.0,0.0,35408.95199629609,15450.0,1.0,0.0,0.0,6.0,0.9,143955.44449186765,23992.574081977942,258.49750020588453,258.49750020588453,-14.652499794115442,240.17466724176285,276.8203400057294,142518.4521045176,142938.7709285245,-420.3188240068629,0.0,nan,276.8203400057294,3.670340005729429,269.49120164054733,-3.6587983594526463,262.1620641486988,-10.987935851301188,254.83293026226812,-18.317069737731856,247.50379793630086,-25.64620206369912,240.17466724176285,-32.97533275823713,1.0,1.0,25732.562594343566,25732.562594343566,275.91547540277924,2.765475402779259,275.91547540277924,275.91547540277924,78886.35916739654,78955.19136724596,-68.83219984942116,0.0,8648.866644398773,8648.866644398773,0.891561298756472,3893.132219328081,275.91547540277924,2.765475402779259,1.0,0.002,1.3498794828280207,1.2903682028341784e-05,0.0020857170746601764,4.704793276736885e-06,1.0,1.0428585373300883,0.05547623012611247,9.042186793691313e-05,0.9997985415030218,0.9997985415030218,0.0,0.0880706660970031,1.7746159134314723e-05,0.0,0.0,0.0,1600297.4726570335,266.7865115034006,0.0,1.0,1283914.2322085102,2600.5323742263977,,,,,,,,,,,,,,,,,3.0,15200.501253132832
1170.0,-35.1699152912272,3.873534257771956,34.61776268964245,25.49729172550144,5.7146674084505245,-31.06957125620505,-44.39627555022014,2.1564055031325378,-6.364617984424569,-6.364617984373165,37.52382927447236,36877.89402735614,15817.94521411421,15817.94521411421,52695.83924147035,77010.12993624769,78969.39385931856,15817.94521411421,94787.33907343277,94787.33907343277,94787.33907343277,119472.06630538813,119472.05590287298,0.010402515148812823,0.0,90861.79123125495,52861.96588473644,42222.028162798335,24684.72723195536,66906.7553947537,18671.217542682913,1450.0,0.0,0.888962706907842,2.742551827463706,0.0014947306463915918,1.0,1.0,-6.364617984424569,336182.0483741294,1450507.8745976358,4.314649998751267,1450507.8745976358,4.314649998751267,0.7563874361355016,0.0881007301953656,3.8736544222720366,101325.0,128351.07116782667,1.2667265844345095,1.0,0.0,3.8736544222720366,1.281857400196246,1.282032676716836,3.0219074459288526,6403.059258969734,15200.501253132832,6468.537411542318,0.00034234151487469585,23456.349309023095,2391.8819687684477,19334.89119762357,1971.6102030380987,0.8242924311408468,0.8242924311408468,34078.792547527126,30484.863174865135,1.1494760736087752,0.8,4834.250533699448,4324.433322199387,1.1494760736087752,0.8,17892.472556813074,17892.472556813074,1.0,0.8,2034.6934298245008,2034.6934298245008,7.774117212084655,3.873534257771956,-0.6233940191617213,4.496928276933677,3.5,3.5,1.0,0.6,0.00013672924614135273,1.0149523302588865,0.00013471494381068797,203.2758796967046,0.0,1.4108516295968778e-05,39.98353518277552,0.019438823733910874,4.7493533020199864e-05,8.923571312115286e-05,0.0003456683147563526,0.08814898227044342,0.08814898227044342,0.08814898227044342,0.08806798836266957,0.0,0.0,0.0,0.0,0.0,0.0,1.0,1.0,0.0,1.0,1.0,523921.38381346234,583.5860556725742,0.0,0.08814898227044342,0.08810073019536466,0.08810073019536654,0.375,0.375,0.5,2.4075278218672553e-05,-5.1386450650170445e-11,-5.1386450650170445e-11,-5.1386450650170445e-11,-5.1386450650170445e-11,-5.1386450650170445e-11,-5.1386450650170445e-11,24684.72723195536,18671.217542682913,0.7563874361355016,0.8734278203113205,3.7605469275833143,0.78760117615272,0.5511834165290851,35353.7532153836,15450.0,0.0,0.0,0.0,0.0,0.0,0.0,0.0,0.0,0.0,0.0,0.0,0.0,0.0,0.0,0.0,0.0,0.0,0.0,0.0,0.0,35393.73675056638,15450.0,1.0,0.0,0.0,6.0,0.9,143955.44449186765,23992.574081977942,258.43225166833975,258.43225166833975,-14.717748331660232,240.04408334039468,276.82042661697926,143090.18660487898,143406.10833555332,-315.9217306743464,0.0,nan,276.82042661697926,3.6704266169792845,269.4651541699878,-3.6848458300121933,262.1098833509815,-11.0401166490185,254.7546146321914,-18.395385367808586,247.39934789950368,-25.750652100496296,240.04408334039468,-33.1059166596053,1.0,1.0,25732.562594343566,25732.562594343566,275.9159880367592,2.765988036759211,275.9159880367592,275.9159880367592,78897.96271771008,78969.39385931856,-71.431141608482,0.0,8648.866644398773,8648.866644398773,0.8915680760592759,3893.022694383397,275.9159880367592,2.765988036759211,1.0,0.002,1.3507451457483963,1.2548966589261077e-05,0.0020870497732082805,4.575653371739792e-06,1.0,1.0435248866041402,0.05633888568878387,9.162542658002013e-05,0.9996281289280937,0.9996281289280937,0.0,0.08806796808239212,3.276211297347678e-05,0.0,0.0,0.0,1600296.1508862306,266.7853820155754,0.0,1.0,1283918.0909583832,2600.51673879019,,,,,,,,,,,,,,,,,13.0,15200.501253132832
1200.0,-35.183704149545214,3.883299478472969,34.6176364935817,25.43551158104094,5.7139869983901335,-31.06977773883995,-44.39928646953774,2.1004489972092877,-6.371460933019819,-6.371460933012969,37.52409577472805,36853.20864131099,15843.604835745773,15843.604835745773,52696.813477056756,76812.54893850618,78912.35788383838,15843.604835745773,94755.96271958416,94755.96271958416,94755.96271958416,119438.62825561906,119438.6178583554,0.010397263664017989,0.0,90886.76836616459,52878.59222742831,42231.306820818085,24682.66553603489,66913.97235685297,18669.60741009119,1450.0,0.0,0.8889269750715513,2.74185325138741,0.0014947306463915918,1.0,1.0,-6.371460933019819,336091.35582209856,1450518.7788873867,4.3158467296468705,1450518.7788873867,4.3158467296468705,0.7563853823986282,0.08808738448578592,3.875700704198709,101325.0,128351.07116782667,1.2667265844345095,1.0,0.0,3.875700704198709,1.282122144424047,1.2822948744287246,3.02287946671395,6405.118854374058,15200.501253132832,6467.201600921214,0.00034182087059975646,23450.40943633835,2391.2762703204817,19330.89837028464,1971.203047960786,0.8243309534856059,0.8243309534856059,34093.19365339041,30484.863174865135,1.1500832914599712,0.8,4836.293404015593,4324.433322199387,1.1500832914599712,0.8,17892.472556813074,17892.472556813074,1.0,0.8,2034.6934298245008,2034.6934298245008,7.78672826260236,3.883299478472969,-0.6209236446956945,4.504223123168663,3.5,3.5,1.0,0.6,0.00013471494381068797,1.0014991488113136,0.00013451328837431572,203.28772433167336,0.0,1.3648635941366714e-05,38.68023425783327,0.019848282812151875,4.7476727934500625e-05,8.723821587618735e-05,0.0003381092147043783,0.08815296848788333,0.08815296848788333,0.08815296848788333,0.0880420169114643,0.0,0.0,0.0,0.0,0.0,0.0,1.0,1.0,0.0,1.0,1.0,523922.6932334611,583.5856305147843,0.0,0.08815296848788333,0.08808738448578497,0.08808738448578686,0.375,0.375,0.5,2.4066754959687847e-05,-6.87805368215777e-12,-6.87805368215777e-12,-6.87805368215777e-12,-6.87805368215777e-12,-6.87805368215777e-12,-6.87805368215777e-12,24682.66553603489,18669.60741009119,0.7563853823986282,0.8726513910089104,3.753895771061709,0.7875307894743425,0.5507550567282481,35353.7532153836,15450.0,0.0,0.0,0.0,0.0,0.0,0.0,0.0,0.0,0.0,0.0,0.0,0.0,0.0,0.0,0.0,0.0,0.0,0.0,0.0,0.0,35392.43344964143,15450.0,1.0,0.0,0.0,6.0,0.9,143955.44449186765,23992.574081977942,258.4178057402268,258.4178057402268,-14.732194259773166,240.01620008828502,276.81944449261704,143327.15592778244,143412.3876535345,-85.23172575207599,0.0,nan,276.81944449261704,3.6694444926170604,269.45877615175124,-3.6912238482487396,262.09811756795307,-11.05188243204691,254.73746788573004,-18.412532114269936,247.37682825502444,-25.773171744975542,240.01620008828502,-33.13379991171496,1.0,1.0,25732.562594343566,25732.562594343566,275.9025504696769,2.752550469676919,275.9025504696769,275.9025504696769,78760.51655926372,78912.35788383838,-151.8413245746633,0.0,8648.866644398773,8648.866644398773,0.8914408138676514,3895.0792077197025,275.9025504696769,2.752550469676919,1.0,0.002,1.350745878203909,1.2548832930621027e-05,0.002087021528612521,4.576770420341381e-06,1.0,1.0435107643062604,0.05632139845079154,9.15982990328623e-05,0.9994849252123885,0.9994849252123885,0.0,0.08804201289493065,4.5371590855266985e-05,0.0,0.0,0.0,1600288.1426114475,266.77853906698016,0.0,1.0,1283941.4684863882,2600.4220172638256,,,,,,,,,,,,,,,,,11.0,15200.501253132832
1230.0,-35.18827242268211,3.8877566962463286,34.61752332023203,25.424063333217077,5.713112854881005,-31.070080233531126,-44.399850781168766,2.0900784642900976,-6.374403228801157,-6.374403228807768,37.52372479936385,36840.476124483066,15855.037084208581,15855.037084208581,52695.51320869165,76778.79295940975,78887.74133067885,15855.037084208581,94742.77841488743,94742.77841488743,94742.77841488743,119424.37334176448,119424.36294640186,0.010395362623650473,0.0,90891.36493638506,52882.539881699144,42232.0278385399,24681.594926877053,66913.62276541695,18668.74766125979,1450.0,0.0,0.8889133733541339,2.7415529244529155,0.0014947306463915918,1.0,1.0,-6.374403228801157,336052.3662174093,1450503.5998460609,4.316302295897707,1450503.5998460609,4.316302295897707,0.7563833583919017,0.08808224230573372,3.876077178888168,101325.0,128351.07116782667,1.2667265844345095,1.0,0.0,3.876077178888168,1.2821708680284765,1.282343346027107,3.0230582175433436,6405.4976059320325,15200.501253132832,6466.955480811773,0.0003417250390867216,23449.31763264238,2391.164937327465,19330.162700807163,1971.1280305514283,0.8243379617110397,0.8243379617110397,34095.843001376736,30484.863174865135,1.1501950073232563,0.8,4836.669227539828,4324.433322199387,1.1501950073232563,0.8,17892.472556813074,17892.472556813074,1.0,0.8,2034.6934298245008,2034.6934298245008,7.792346921558659,3.8877566962463286,-0.6197165330951302,4.507473229341459,3.5,3.5,1.0,0.6,0.00013451328837431572,1.0004964600737714,0.00013444654103463537,203.29164876282277,0.0,1.3664691586407992e-06,3.8725735955880247,0.0198892768869111,4.747357890942438e-05,8.703970946489134e-05,0.0003373726315139218,0.08815395490726141,0.08815395490726141,0.08815395490726141,0.08803102628444008,0.0,0.0,0.0,0.0,0.0,0.0,1.0,1.0,0.0,1.0,1.0,523920.87055937626,583.5862223210771,0.0,0.08815395490726141,0.08808224230573278,0.08808224230573466,0.375,0.375,0.5,2.4063780482679557e-05,6.59383658785373e-12,6.59383658785373e-12,6.59383658785373e-12,6.59383658785373e-12,6.59383658785373e-12,6.59383658785373e-12,24681.594926877053,18668.74766125979,0.7563833583919017,0.87233500284027,3.7531541344090615,0.7875154719006835,0.5505676512783788,35353.7532153836,15450.0,0.0,0.0,0.0,0.0,0.0,0.0,0.0,0.0,0.0,0.0,0.0,0.0,0.0,0.0,0.0,0.0,0.0,0.0,0.0,0.0,35357.62578897919,15450.0,1.0,0.0,0.0,6.0,0.9,143955.44449186765,23992.574081977942,258.41361679240094,258.41361679240094,-14.736383207599033,240.00884920726548,276.81842879586765,143377.51032357488,143415.78891765332,-38.2785940784363,0.0,nan,276.81842879586765,3.668428795867669,269.4564878693145,-3.6935121306854626,262.0945579493142,-11.05544205068577,254.7326402800985,-18.41735971990147,247.37073665254533,-25.779263347454645,240.00884920726548,-33.14115079273449,1.0,1.0,25732.562594343566,25732.562594343566,275.8967619566641,2.746761956664102,275.8967619566641,275.8967619566641,78746.4448388003,78887.74133067885,-141.2964918785583,0.0,8648.866644398773,8648.866644398773,0.8914173985698098,3895.4575647826086,275.8967619566641,2.746761956664102,1.0,0.002,1.350746156365989,1.2548797316280738e-05,0.0020870093277753957,4.577258797960676e-06,1.0,1.043504663887698,0.0563138427301042,9.158658657335613e-05,0.9994185233032472,0.9994185233032472,0.0,0.0880310245344352,5.1217771298517054e-05,0.0,0.0,0.0,1600284.6990495084,266.7755967711988,0.0,1.0,1283951.519958015,2600.381292041624,,,,,,,,,,,,,,,,,11.0,15200.501253132832
1260.0,-35.191508561404504,3.8906566187295937,34.617431833056735,25.41943771010267,5.712059312702153,-31.070381122115272,-44.40022597610948,2.0858868656476055,-6.375657953128439,-6.375657953135733,37.52319104582599,36830.2700083655,15861.456013531932,15861.456013531932,52691.72602189743,76767.8722551948,78876.35827874522,15861.456013531932,94737.81429227715,94737.81429227715,94737.81429227715,119418.81036795082,119418.79997394362,0.010394007196900019,0.0,90893.21847795976,52884.17853095378,42232.26660778442,24680.996075673676,66913.2626834581,18668.251697918742,1450.0,0.0,0.8889089377801433,2.741424859741672,0.0014947306463915918,1.0,1.0,-6.375657953128439,336035.7404163454,1450481.7606900944,4.316450859938172,1450481.7606900944,4.316450859938172,0.7563816160693257,0.08807849829046323,3.8762288000681204,101325.0,128351.07116782667,1.2667265844345095,1.0,0.0,3.8762288000681204,1.2821905319298852,1.282362926986447,3.0231301070628143,6405.649931197285,15200.501253132832,6466.856455654037,0.00034168649019763716,23448.87857919079,2391.12016633517,19329.86670798393,1971.0978476833507,0.8243407735983507,0.8243407735983506,34096.90998358311,30484.863174865135,1.1502399996998622,0.8,4836.820584407693,4324.433322199387,1.1502399996998622,0.8,17892.472556813074,17892.472556813074,1.0,0.8,2034.6934298245008,2034.6934298245008,7.795501661840051,3.8906566187295937,-0.6186414661408914,4.509298084870485,3.5,3.5,1.0,0.6,0.00013444654103463537,1.0003516755362074,0.00013439927609714802,203.29442889267676,0.0,4.5230589113839717e-07,1.2818348954862175,0.019902846063645254,4.747148531820995e-05,8.697505571642541e-05,0.00033713521585553756,0.08815381302728877,0.08815381302728877,0.08815381302728877,0.08802647489365702,0.0,0.0,0.0,0.0,0.0,0.0,1.0,1.0,0.0,1.0,1.0,523918.24811632815,583.5870738042996,0.0,0.08815381302728877,0.08807849829046228,0.08807849829046417,0.375,0.375,0.5,2.4061694859470227e-05,7.275957614183426e-12,7.275957614183426e-12,7.275957614183426e-12,7.275957614183426e-12,7.275957614183426e-12,7.275957614183426e-12,24680.996075673676,18668.251697918742,0.7563816160693257,0.8720884045938656,3.7530628012223928,0.7874631113291023,0.5504180865099328,35353.7532153836,15450.0,0.0,0.0,0.0,0.0,0.0,0.0,0.0,0.0,0.0,0.0,0.0,0.0,0.0,0.0,0.0,0.0,0.0,0.0,0.0,0.0,35355.03505027909,15450.0,1.0,0.0,0.0,6.0,0.9,143955.44449186765,23992.574081977942,258.41120994138754,258.41120994138754,-14.738790058612437,240.00515266359645,276.8173073785554,143394.96275727625,143424.85960757214,-29.89685029586794,0.0,nan,276.8173073785554,3.6673073785554493,269.45485383155096,-3.695146168449014,262.09241018108526,-11.057589818914721,254.72997768965897,-18.42002231034101,247.36755790387832,-25.782442096121656,240.00515266359645,-33.14484733640353,1.0,1.0,25732.562594343566,25732.562594343566,275.8941911001304,2.744191100130422,275.8941911001304,275.8941911001304,78741.55674038322,78876.35827874522,-134.80153836199315,0.0,8648.866644398773,8648.866644398773,0.8914079681659465,3895.609944068461,275.8941911001304,2.744191100130422,1.0,0.002,1.3507463560127,1.2548774458635544e-05,0.0020870042500757487,4.577464285147109e-06,1.0,1.0435021250378744,0.056310701687919185,9.158171436089583e-05,0.9994093410476016,0.9994093410476016,0.0,0.08802647393693416,5.2024353529069634e-05,0.0,0.0,0.0,1600283.2305257148,266.77434204687154,0.0,1.0,1283955.806296844,2600.363925500733,,,,,,,,,,,,,,,,,10.0,15200.501253132832
1290.0,-35.194065738654906,3.8929300180666537,34.61735654934563,25.40867527658122,5.711071493518447,-31.07067628848838,-44.40056945951653,2.076133188252246,-6.376603815466808,-6.376603815468792,37.522728251770985,36824.586876056,15866.429772812262,15866.429772812262,52691.01664886826,76736.73668586602,78867.71522578145,15866.429772812262,94734.1449985937,94734.1449985937,94734.1449985937,119414.66674599588,119414.65635306331,0.01039293256369142,0.0,90897.51009434936,52888.65031740092,42232.0664188316,24680.52174740218,66912.58816623378,18667.857013957782,1450.0,0.0,0.8889058136259103,2.741328322465892,0.0014947306463915918,1.0,1.0,-6.376603815466808,336023.2076371816,1450462.8251267904,4.316555500216866,1450462.8251267904,4.316555500216866,0.756380161044315,0.0880755684282741,3.8765797568328835,101325.0,128351.07116782667,1.2667265844345095,1.0,0.0,3.8765797568328835,1.2822360686163954,1.2824084091875632,3.02329645196764,6406.002396089769,15200.501253132832,6466.627230904164,0.0003415972752655977,23447.862754308833,2391.016581025002,19329.18153986684,1971.0279799795894,0.8243472653521424,0.8243472653521424,34099.379689782894,30484.863174865135,1.1503441433223927,0.8,4837.170924828286,4324.433322199387,1.1503441433223927,0.8,17892.472556813074,17892.472556813074,1.0,0.8,2034.6934298245008,2034.6934298245008,7.797946137851735,3.8929300180666537,-0.617782070863627,4.510712088930281,3.5,3.5,1.0,0.6,0.00013439927609714802,1.0002778883734158,0.00013436193847661575,203.2966257844181,0.0,3.2028994910462005e-07,0.9077017157624933,0.019912454762118392,4.746956875260173e-05,8.692970734454629e-05,0.000336989943759275,0.08815361555399621,0.08815361555399621,0.08815361555399621,0.08802306573913704,0.0,0.0,0.0,0.0,0.0,0.0,1.0,1.0,0.0,1.0,1.0,523915.9743138779,583.5878120860269,0.0,0.08815361555399621,0.08807556842827316,0.08807556842827505,0.375,0.375,0.5,2.4060033784433757e-05,1.9895196601282805e-12,1.9895196601282805e-12,1.9895196601282805e-12,1.9895196601282805e-12,1.9895196601282805e-12,1.9895196601282805e-12,24680.52174740218,18667.857013957782,0.756380161044315,0.8719579693508824,3.7520749118047108,0.7874604479199898,0.5503387013602151,35353.7532153836,15450.0,0.0,0.0,0.0,0.0,0.0,0.0,0.0,0.0,0.0,0.0,0.0,0.0,0.0,0.0,0.0,0.0,0.0,0.0,0.0,0.0,35354.66091709936,15450.0,1.0,0.0,0.0,6.0,0.9,143955.44449186765,23992.574081977942,258.4093762261379,258.4093762261379,-14.740623773862069,240.00251336603785,276.816275085808,143414.42911580668,143442.36762718137,-27.938511374712128,0.0,nan,276.816275085808,3.6662750858080244,269.4535024607533,-3.69649753924665,262.0907387265162,-11.059261273483799,254.72798502038546,-18.422014979614517,247.36524269732638,-25.784757302673597,240.00251336603785,-33.14748663396213,1.0,1.0,25732.562594343566,25732.562594343566,275.8922459099872,2.7422459099872185,275.8922459099872,275.8922459099872,78716.1370769288,78867.71522578145,-151.57814885264088,0.0,8648.866644398773,8648.866644398773,0.8913861393471787,3895.962655617048,275.8922459099872,2.7422459099872185,1.0,0.002,1.350746512410893,1.2548756463097013e-05,0.0020870004314412507,4.577618918355495e-06,1.0,1.0435002157206252,0.05630833974785432,9.157805035960595e-05,0.9994038539650929,0.9994038539650929,0.0,0.0880230625273834,5.250590089070429e-05,0.0,0.0,0.0,1600282.1234777903,266.77339618453317,0.0,1.0,1283959.0374937123,2600.3508340860517,,,,,,,,,,,,,,,,,8.0,15200.501253132832
1320.0,-35.36172337024164,3.8677509587816283,34.6144309812869,25.378074345085793,5.650843635313097,-31.256403834139356,-44.57435142304746,2.0484002272465203,-6.397672873645945,-6.397672873629034,37.454473057107,36841.768722384586,15860.079821074474,15860.079821074474,52701.84854345906,76871.90786430739,78823.69563248285,15860.079821074474,94683.77545355732,94683.77545355732,94683.77545355732,119331.7724479741,119331.76883594273,0.0036120313712134015,0.0,90909.69663497488,52865.894606207694,42270.89114307465,24647.996994416786,66918.88813749143,18639.12536189728,1450.0,0.0,0.8890468671842623,2.7391786531336404,0.0014947306463915918,1.0,1.0,-6.397672873645945,335744.135528504,1447672.161183685,4.311831564548,1447672.161183685,4.311831564548,0.7562125784955012,0.08810691255051878,3.8775763715528035,101325.0,128351.07116782667,1.2667265844345095,1.0,0.0,3.8775763715528035,1.2823653621895013,1.2825376722555721,3.023768799347682,6407.003243507946,15200.501253132832,6465.975639941335,0.0003413438156379208,23444.979008516457,2390.7225207911424,19327.233890874475,1970.829375054119,0.8243655873547083,0.8243655873547083,34106.39269037219,30484.863174865135,1.1506398807966927,0.8,4838.16575473003,4324.433322199387,1.1506398807966927,0.8,17892.472556813074,17892.472556813074,1.0,0.8,2034.6934298245008,2034.6934298245008,7.794825298296883,3.8677509587816283,-0.6411558844520533,4.508906843233682,3.5,3.5,1.0,0.6,0.00013436193847661575,1.018396988623171,0.00013193473662787174,203.44075812746718,0.0,2.530204089676251e-07,0.7170598390142495,0.01992004537438742,4.6509036982492255e-05,8.785290149412349e-05,0.00034065633500596925,0.088062435236995,0.088062435236995,0.088062435236995,0.08796799737407762,0.0,0.0,0.0,0.0,0.0,0.0,1.0,1.0,0.0,1.0,1.0,523580.7236729391,583.696652826005,0.0,0.088062435236995,0.08810691255051863,0.08810691255051895,0.375,0.375,0.5,8.36033537243533e-06,-1.688249540165998e-11,-1.688249540165998e-11,-1.688249540165998e-11,-1.688249540165998e-11,-1.688249540165998e-11,-1.688249540165998e-11,24647.996994416786,18639.12536189728,0.7562125784955012,0.8715635683592743,3.762252474567703,0.7875481797482637,0.5505436469101153,35353.7532153836,15450.0,0.0,0.0,0.0,0.0,0.0,0.0,0.0,0.0,0.0,0.0,0.0,0.0,0.0,0.0,0.0,0.0,0.0,0.0,0.0,0.0,35354.470275222615,15450.0,1.0,0.0,0.0,6.0,0.9,143955.44449186765,23992.574081977942,258.30962099827565,258.30962099827565,-14.84037900172433,239.86034060647916,276.75890774308465,143601.15751379132,144082.95609646317,-481.7985826718655,0.0,nan,276.75890774308465,3.6089077430846714,269.37918994796127,-3.770810052038712,261.999475675389,-11.150524324610956,254.6197617921723,-18.530238207827665,247.24005022456743,-25.90994977543255,239.86034060647916,-33.28965939352082,1.0,1.0,25732.562594343566,25732.562594343566,275.86608721463995,2.7160872146399697,275.86608721463995,275.86608721463995,78715.46839944589,78823.69563248285,-108.22723303695966,0.0,8648.866644398773,8648.866644398773,0.8913241495082764,3896.9642534105674,275.86608721463995,2.7160872146399697,1.0,0.002,1.3545557303352729,7.194012848161223e-07,0.002092795256582522,2.6263393949218396e-07,1.0,1.0463976282912608,0.060061463803700255,9.305789052201389e-05,0.9984187705556496,0.9984187705556496,0.0,0.08796759530614309,0.00013931724437568182,0.0,0.0,0.0,1600257.460709563,266.75232712635403,0.0,1.0,1284031.007848484,2600.059265889464,,,,,,,,,,,,,,,,,13.0,15200.501253132832
1350.0,-35.324091752861115,3.8606842814762965,34.613649881436245,25.388326914422237,5.656181958363327,-31.16502581511627,-44.492269890010334,2.0577019916690635,-6.4019967325779135,-6.401996732592019,37.4491960712876,36660.60572246393,15855.842166735547,15855.842166735547,52516.44788919948,76884.87166765418,78840.09419018631,15855.842166735547,94695.93635692185,94695.93635692185,94695.93635692185,119340.56941563531,119340.56581666817,0.0035989671478017394,0.0,90906.08786250172,52866.10449457964,42266.64818658009,24644.633058713465,66911.28124529356,18636.236566289957,1450.0,0.0,0.8890440857533948,2.7387376558717484,0.0014947306463915918,1.0,1.0,-6.4019967325779135,335686.88599866844,1447456.5771149395,4.311924705693391,1447456.5771149395,4.311924705693391,0.7561985817314024,0.0879701593435342,3.877281846021571,101325.0,128351.07116782667,1.2667265844345095,1.0,0.0,3.877281846021571,1.2823270227597643,1.2824962150456485,3.023629524453962,6406.708136720683,15200.501253132832,6466.167872569646,0.0003414185696396641,23445.829184633378,2390.809214628174,19327.808487064704,1970.8879675592282,0.8243602021860815,0.8243602021860815,34104.32020410454,30484.863174865135,1.1505524826929094,0.8,4837.871761982737,4324.433322199387,1.1505524826929094,0.8,17892.472556813074,17892.472556813074,1.0,0.8,2034.6934298245008,2034.6934298245008,7.792742599116353,3.8606842814762965,-0.6470178270483791,4.507702108524676,3.5,3.5,1.0,0.6,0.00013193473662787174,0.9959143651901574,0.00013247598512416321,203.40856733368074,0.0,1.6459726141229065e-05,46.64686388424317,0.02041383715862429,4.696045459706623e-05,8.49742820308055e-05,0.0003294692410967592,0.08805679987529838,0.08805679987529838,0.08805679987529838,0.08795355969545,0.0,0.0,0.0,0.0,0.0,0.0,1.0,1.0,0.0,1.0,1.0,523554.8008092439,583.7050679470154,0.0,0.08805679987529838,0.08797015934353405,0.08797015934353433,0.375,0.375,0.5,8.343148896909494e-06,1.4097167877480388e-11,1.4097167877480388e-11,1.4097167877480388e-11,1.4097167877480388e-11,1.4097167877480388e-11,1.4097167877480388e-11,24644.633058713465,18636.236566289957,0.7561985817314024,0.8673648679363198,3.763120092453554,0.7848668701571666,0.5478987255985713,35353.7532153836,15450.0,0.0,0.0,0.0,0.0,0.0,0.0,0.0,0.0,0.0,0.0,0.0,0.0,0.0,0.0,0.0,0.0,0.0,0.0,0.0,0.0,35400.40007926784,15450.0,1.0,0.0,0.0,6.0,0.9,143955.44449186765,23992.574081977942,258.31554463730873,258.31554463730873,-14.834455362691244,239.87374767549937,276.75737831333623,143725.88346531492,143709.87352638086,16.009938934059587,0.0,nan,276.75737831333623,3.6073783133362554,269.38063401889127,-3.769365981108706,262.0038938554833,-11.146106144516693,254.6271649528982,-18.52283504710178,247.25044900774432,-25.899550992255655,239.87374767549937,-33.276252324500604,1.0,1.0,25732.562594343566,25732.562594343566,275.86365939112045,2.7136593911204727,275.86365939112045,275.86365939112045,78755.14962450293,78840.09419018631,-84.94456568338501,0.0,8648.866644398773,8648.866644398773,0.8913424694798153,3896.668255251679,275.86365939112045,2.7136593911204727,1.0,0.002,1.3545558505365036,7.193291102087889e-07,0.00209277683229793,2.626498761194864e-07,1.0,1.046388416148965,0.0600500727282105,9.303948217404944e-05,0.9998112312888144,0.9998112312888144,0.0,0.08795355332993213,1.6606013602067362e-05,0.0,0.0,0.0,1600252.398555705,266.74800326742206,0.0,1.0,1284045.7767752525,2599.999439449466,,,,,,,,,,,,,,,,,24.0,15200.501253132832
1380.0,-35.32763005170793,3.861498802957256,34.61355572308187,25.38085877839478,5.655772072366922,-31.166537581115374,-44.49368587285278,2.0509315189613826,-6.402884352953549,-6.4028843529654615,37.44890181647923,36654.71670002272,15858.4719759006,15858.4719759006,52513.18867592332,76862.1800716792,78833.59605409189,15858.4719759006,94692.06802999249,94692.06802999249,94692.06802999249,119336.30986919957,119336.30627055884,0.0035986407363128607,0.0,90909.05894070116,52869.12647245881,42266.59163138038,24644.24183920708,66910.83347058746,18635.915163168756,1450.0,0.0,0.8890406472906813,2.7386471329928868,0.0014947306463915918,1.0,1.0,-6.402884352953549,335675.1345179061,1447444.5564508021,4.312039849271559,1447444.5564508021,4.312039849271559,0.7561975444308642,0.08796887363571641,3.8775245168822754,101325.0,128351.07116782667,1.2667265844345095,1.0,0.0,3.8775245168822754,1.2823585704731464,1.2825277669214865,3.023744377090724,6406.951495676043,15200.501253132832,6466.009354937543,0.00034135692515932856,23445.128082335534,2390.7377220901667,19327.33466725435,1970.8396513849632,0.8243646440906548,0.8243646440906548,34106.027807166494,30484.863174865135,1.1506244933365377,0.8,4838.113994186302,4324.433322199387,1.1506244933365377,0.8,17892.472556813074,17892.472556813074,1.0,0.8,2034.6934298245008,2034.6934298245008,7.794035083343462,3.861498802957256,-0.6469509414352386,4.508449744392495,3.5,3.5,1.0,0.6,0.00013193473662787174,0.996297748681932,0.00013242500728564017,203.41159362720973,0.0,0.0,0.0,0.02041383715862429,4.6952632952532055e-05,8.498210367533968e-05,0.00032952019049736097,0.08805682460922847,0.08805682460922847,0.08805682460922847,0.087950312428723,0.0,0.0,0.0,0.0,0.0,0.0,1.0,1.0,0.0,1.0,1.0,523553.35530810675,583.705537184004,0.0,0.08805682460922847,0.08796887363571627,0.08796887363571655,0.375,0.375,0.5,8.342519267563702e-06,1.1937117960769683e-11,1.1937117960769683e-11,1.1937117960769683e-11,1.1937117960769683e-11,1.1937117960769683e-11,1.1937117960769683e-11,24644.24183920708,18635.915163168756,0.7561975444308642,0.8672266980905272,3.762365775037495,0.7848234127737621,0.5478143792086424,35353.7532153836,15450.0,0.0,0.0,0.0,0.0,0.0,0.0,0.0,0.0,0.0,0.0,0.0,0.0,0.0,0.0,0.0,0.0,0.0,0.0,0.0,0.0,35353.7532153836,15450.0,1.0,0.0,0.0,6.0,0.9,143955.44449186765,23992.574081977942,258.3145376123859,258.3145376123859,-14.835462387614086,239.8723360951933,276.75676133179184,143730.3822056194,143745.30885149425,-14.926645874860142,0.0,nan,276.75676133179184,3.6067613317918585,269.37986535651225,-3.7701346434877223,262.0029716599814,-11.14702834001855,254.62608501760556,-18.523914982394416,247.2492062132311,-25.900793786768872,239.8723360951933,-33.27766390480667,1.0,1.0,25732.562594343566,25732.562594343566,275.86202044269885,2.712020442698872,275.86202044269885,275.86202044269885,78738.49773142752,78833.59605409189,-95.09832266437297,0.0,8648.866644398773,8648.866644398773,0.8913273749760583,3896.9121394666868,275.86202044269885,2.712020442698872,1.0,0.002,1.354555863652033,7.193271733020811e-07,0.0020927730322951254,2.6265785046417785e-07,1.0,1.0463865161475627,0.0600477227797247,9.303569014558954e-05,0.9997889216899432,0.9997889216899432,0.0,0.08795030531453178,1.8568321184631143e-05,0.0,0.0,0.0,1600251.3593420105,266.7471156470464,0.0,1.0,1284048.8085595616,2599.9871584462226,,,,,,,,,,,,,,,,,10.0,15200.501253132832
1410.0,-35.447035491743776,3.8416391732135287,34.61162237574728,25.355043494515144,5.632024569782279,-31.327307534154308,-44.64408023105932,2.0275317881146164,-6.417913300605221,-6.417913300609988,37.40677294235289,36779.09261518123,15851.008572057332,15851.008572057332,52630.101187238564,76870.76824191201,78813.82442168967,15851.008572057332,94664.832993747,94664.832993747,94664.832993747,119288.35899347551,119288.35788853095,0.0011049445617438525,0.0,90919.33404162772,52849.242582344225,42300.1016214261,24623.52599972852,66923.62762115462,18617.692119984473,1450.0,0.0,0.8891174242135108,2.737114782838357,0.0014947306463915918,1.0,1.0,-6.417913300605221,335476.2107067466,1445724.320844247,4.309468971878943,1445724.320844247,4.309468971878943,0.7560936691272296,0.08792261863301885,3.8783643396685594,101325.0,128351.07116782667,1.2667265844345095,1.0,0.0,3.8783643396685594,1.2824676158781365,1.2826368267141024,3.02414212386404,6407.794273360394,15200.501253132832,6465.459922751731,0.0003411433572988179,23442.70060233629,2390.490188018976,19325.692377682954,1970.6721844547276,0.8243799511630057,0.8243799511630057,34111.93722671694,30484.863174865135,1.1508737040542916,0.8,4838.952275489131,4324.433322199387,1.1508737040542916,0.8,17892.472556813074,17892.472556813074,1.0,0.8,2034.6934298245008,2034.6934298245008,7.790367010436819,3.8416391732135287,-0.6646887790415761,4.506327952255105,3.5,3.5,1.0,0.6,0.00013193473662787174,1.0093292739387654,0.00013071525817636795,203.51417242277455,0.0,0.0,0.0,0.02041383715862429,4.6128714914998996e-05,8.580602171287275e-05,0.0003327870147400318,0.08800161938729462,0.08800161938729462,0.08800161938729462,0.08790869283052465,0.0,0.0,0.0,0.0,0.0,0.0,1.0,1.0,0.0,1.0,1.0,523346.4384401714,583.7727017850764,0.0,0.08800161938729462,0.08792261863301874,0.08792261863301896,0.375,0.375,0.5,2.563125913380796e-06,4.774847184307873e-12,4.774847184307873e-12,4.774847184307873e-12,4.774847184307873e-12,4.774847184307873e-12,4.774847184307873e-12,24623.52599972852,18617.692119984473,0.7560936691272296,0.8694800060847055,3.7655767421364272,0.7864203280367627,0.5495681259746196,35353.7532153836,15450.0,0.0,0.0,0.0,0.0,0.0,0.0,0.0,0.0,0.0,0.0,0.0,0.0,0.0,0.0,0.0,0.0,0.0,0.0,0.0,0.0,35353.7532153836,15450.0,1.0,0.0,0.0,6.0,0.9,143955.44449186765,23992.574081977942,258.2520356338728,258.2520356338728,-14.897964366127155,239.77224846249274,276.73183896822144,143951.93322877862,144257.15379557505,-305.22056679644504,0.0,nan,276.73183896822144,3.5818389682214615,269.3399119377797,-3.810088062220302,261.94798852189484,-11.202011478105135,254.5560697428478,-18.59393025715218,247.16415617000038,-25.985843829999595,239.77224846249274,-33.37775153750724,1.0,1.0,25732.562594343566,25732.562594343566,275.84470545767914,2.694705457679163,275.84470545767914,275.84470545767914,78721.40589403492,78813.82442168967,-92.4185276547505,0.0,8648.866644398773,8648.866644398773,0.8912751350977137,3897.7561613669022,275.84470545767914,2.694705457679163,1.0,0.002,1.3546700429298029,1.4772234362105589e-09,0.002092884752610255,5.397009423604335e-10,1.0,1.0464423763051276,0.06012189235414178,9.28852923111974e-05,0.9998412734051031,0.9998412734051031,0.0,0.08790866297514882,1.3955657870038469e-05,0.0,0.0,0.0,1600233.7619531748,266.73208669939476,0.0,1.0,1284100.1396060383,2599.779241849996,,,,,,,,,,,,,,,,,11.0,15200.501253132832
1440.0,-35.564078537525916,3.8220127655451575,34.60982571214578,25.335518724191957,5.620126827651737,-31.433723831334166,-44.745352829899616,2.0098353570947456,-6.429451864820464,-6.429451864826543,37.37924107686775,36711.51375824902,15838.512853924276,15838.512853924276,52550.0266121733,76853.83352770405,78800.79567099953,15838.512853924276,94639.3085249238,94639.3085249238,94639.3085249238,119248.75636105658,119248.75581905268,0.0005420039086449212,0.0,90927.34222534647,52830.579665707686,42329.73617737642,24609.44783613277,66939.18401350919,18605.363513712826,1450.0,0.0,0.8891588831572428,2.7359387714543333,0.0014947306463915918,1.0,1.0,-6.429451864820464,335323.54864405695,1444600.9569633726,4.308080845514384,1444600.9569633726,4.308080845514384,0.7560252321628906,0.08788888020385635,3.879018724091533,101325.0,128351.07116782667,1.2667265844345095,1.0,0.0,3.879018724091533,1.282552609805854,1.2827202677293588,3.0244519362669404,6408.450728665672,15200.501253132832,6465.031454749569,0.00034097691219958664,23440.810342219134,2390.297435130155,19324.411658151414,1970.5415874076687,0.8243917926056638,0.8243917926056638,34116.54163038642,30484.863174865135,1.1510678874158289,0.8,4839.60543363332,4324.433322199387,1.1510678874158289,0.8,17892.472556813074,17892.472556813074,1.0,0.8,2034.6934298245008,2034.6934298245008,7.784225683222657,3.8220127655451575,-0.6807627437439052,4.502775509289062,3.5,3.5,1.0,0.6,0.00013071525817636795,1.012832309691634,0.00012905913143328277,203.6149726218571,0.0,8.272704928173332e-06,23.444845766443223,0.020662018306469493,4.558147005100506e-05,8.513378812536289e-05,0.00033023555819112403,0.08796644715870901,0.08796644715870901,0.08796644715870901,0.08787501990055915,0.0,0.0,0.0,0.0,0.0,0.0,1.0,1.0,0.0,1.0,1.0,523211.21333872667,583.8165910233553,0.0,0.08796644715870901,0.0878888802038563,0.0878888802038564,0.375,0.375,0.5,1.257842313450933e-06,6.0822458181064576e-12,6.0822458181064576e-12,6.0822458181064576e-12,6.0822458181064576e-12,6.0822458181064576e-12,6.0822458181064576e-12,24609.44783613277,18605.363513712826,0.7560252321628906,0.8672748066374645,3.7665349909043053,0.7850413384418912,0.5484308525607388,35353.7532153836,15450.0,0.0,0.0,0.0,0.0,0.0,0.0,0.0,0.0,0.0,0.0,0.0,0.0,0.0,0.0,0.0,0.0,0.0,0.0,0.0,0.0,35377.19806115004,15450.0,1.0,0.0,0.0,6.0,0.9,143955.44449186765,23992.574081977942,258.187758318612,258.187758318612,-14.96224168138798,239.66183615391182,276.71368827615544,144342.06915371827,144653.46632705614,-311.39717333787576,0.0,nan,276.71368827615544,3.5636882761554602,269.30331348901467,-3.8466865109853075,261.8929405698702,-11.2570594301298,254.4825698376794,-18.667430162320585,247.07220158504043,-26.077798414959545,239.66183615391182,-33.488163846088156,1.0,1.0,25732.562594343566,25732.562594343566,275.8316604821343,2.681660482134305,275.8316604821343,275.8316604821343,78708.57890708034,78800.79567099953,-92.21676391919027,0.0,8648.866644398773,8648.866644398773,0.8912344284090956,3898.4138177119903,275.8316604821343,2.681660482134305,1.0,0.002,1.3548001219394212,6.269606605434211e-10,0.0020930360545315875,2.2915741516228087e-10,1.0,1.0465180272657937,0.06022125502867448,9.303628368900274e-05,0.9998421995210874,0.9998421995210874,0.0,0.08787501129646909,1.3868907387257322e-05,0.0,0.0,0.0,1600220.2492692063,266.7205481351795,0.0,1.0,1284139.5463710772,2599.6196408625733,,,,,,,,,,,,,,,,,10.0,15200.501253132832
1470.0,-35.6726230175839,3.805418404528856,34.607691130532054,25.287888140324526,5.598395359425383,-31.538513483408728,-44.84572496786711,1.9666540119868186,-6.44730661353168,-6.447306613569593,37.34448724842175,36683.59966756476,15840.460152962101,15840.460152962101,52524.05982052686,76783.79767688292,78752.37457373911,15840.460152962101,94592.83472670121,94592.83472670121,94592.83472670121,119183.48121307301,119183.48110126077,0.00011181224216980874,0.0,90946.62533223182,52822.28487131455,42360.378289908076,24590.646486371803,66951.02477627988,18588.99573863038,1450.0,0.0,0.88919452569895,2.7341198005999363,0.0014947306463915918,1.0,1.0,-6.44730661353168,335087.42732162325,1443183.8639164558,4.306887535148434,1443183.8639164558,4.306887535148434,0.7559376590173197,0.08783638345376135,3.8805934516581635,101325.0,128351.07116782667,1.2667265844345095,1.0,0.0,3.8805934516581635,1.2827573297976362,1.282922889963243,3.0251968642193248,6410.02914160787,15200.501253132832,6463.999410375315,0.00034057636949256175,23436.26727849336,2389.834171556379,19321.32680845236,1970.227020282396,0.8244199717837687,0.8244199717837688,34127.621149567356,30484.863174865135,1.1515351752693572,0.8,4841.177119937607,4324.433322199387,1.1515351752693572,0.8,17892.472556813074,17892.472556813074,1.0,0.8,2034.6934298245008,2034.6934298245008,7.785182731104802,3.805418404528856,-0.6979107078981803,4.5033291124270365,3.5,3.5,1.0,0.6,0.00012905913143328277,1.0119063541857407,0.00012754058801926773,203.70853678599553,0.0,1.1240406715053831e-05,31.855312630462556,0.02099923050792111,4.504502855672516e-05,8.40141028765576e-05,0.0003260245774697047,0.08792377968701053,0.08792377968701053,0.08792377968701053,0.08782011696124828,0.0,0.0,0.0,0.0,0.0,0.0,1.0,1.0,0.0,1.0,1.0,523040.52545878,583.8719851104219,0.0,0.08792377968701053,0.0878363834537613,0.08783638345376141,0.375,0.375,0.5,2.596614135501642e-07,3.7914560380158946e-11,3.7914560380158946e-11,3.7914560380158946e-11,3.7914560380158946e-11,3.7914560380158946e-11,3.7914560380158946e-11,24590.646486371803,18588.99573863038,0.7559376590173197,0.8659884814178879,3.766645902586482,0.7845146507620843,0.5479169256952348,35353.7532153836,15450.0,0.0,0.0,0.0,0.0,0.0,0.0,0.0,0.0,0.0,0.0,0.0,0.0,0.0,0.0,0.0,0.0,0.0,0.0,0.0,0.0,35385.60852801406,15450.0,1.0,0.0,0.0,6.0,0.9,143955.44449186765,23992.574081977942,258.1228080238748,258.1228080238748,-15.027191976125152,239.55693163970912,276.6886930950087,144702.4409598136,145019.84201585507,-317.4010560414981,0.0,nan,276.6886930950087,3.538693095008739,269.2623358890296,-3.887664110970377,261.8359808548395,-11.3140191451605,254.40962825994646,-18.74037174005352,246.98327840471546,-26.166721595284514,239.55693163970912,-33.59306836029086,1.0,1.0,25732.562594343566,25732.562594343566,275.80820718513615,2.6582071851361775,275.80820718513615,275.80820718513615,78647.84992419335,78752.37457373911,-104.52464954576863,0.0,8648.866644398773,8648.866644398773,0.8911364646364491,3899.9964189164543,275.80820718513615,2.6582071851361775,1.0,0.002,1.3549050417974509,2.6695313738460885e-11,0.0020931213005511177,9.763768792371747e-12,1.0,1.046560650275559,0.06027864681431727,9.312131031488646e-05,0.9998147190885123,0.9998147190885123,0.0,0.08782010904857325,1.6274405188098538e-05,0.0,0.0,0.0,1600199.3360341354,266.7026933864683,0.0,1.0,1284200.519259004,2599.3727229520987,,,,,,,,,,,,,,,,,12.0,15200.501253132832
1500.0,-35.77963686256628,3.788487669281338,34.60527451615256,25.247245968226366,5.57386165836052,-31.637797219699646,-44.94076279280705,1.9298007850823773,-6.464401540098493,-6.464401540089814,37.30450782278524,36638.6901715151,15840.713828478432,15840.713828478432,52479.403999993534,76747.34790487848,78713.00526579256,15840.713828478432,94553.71909427099,94553.71909427099,94553.71909427099,119123.82041285065,119123.82038289325,2.9957399949219557e-05,0.0,90963.10270299048,52812.663422566395,42389.37697824898,24570.101318579666,66959.47829682865,18571.02846279559,1450.0,0.0,0.889253018411091,2.7323791325507614,0.0014947306463915918,1.0,1.0,-6.464401540098493,334861.476790223,1441554.998150425,4.30492934561565,1441554.998150425,4.30492934561565,0.7558384974486192,0.08778908484565995,3.881938118073027,101325.0,128351.07116782667,1.2667265844345095,1.0,0.0,3.881938118073027,1.2829323162252035,1.2830959506857382,3.0258323599602885,6411.375680825573,15200.501253132832,6463.116943170806,0.00034023429430795075,23432.393803367497,2389.439187017738,19318.689054923376,1969.9580442784618,0.8244436832632551,0.8244436832632551,34137.081285317225,30484.863174865135,1.1519341943098744,0.8,4842.519088442914,4324.433322199387,1.1519341943098744,0.8,17892.472556813074,17892.472556813074,1.0,0.8,2034.6934298245008,2034.6934298245008,7.78530740616032,3.788487669281338,-0.7149135612740087,4.503401230555347,3.5,3.5,1.0,0.6,0.00012754058801926773,1.0117481581071335,0.00012605961967638446,203.8008600353108,0.0,1.0311341897167094e-05,29.222342936571543,0.02130857076483612,4.4542490922906874e-05,8.299809709636085e-05,0.0003221934768458894,0.08787289769783939,0.08787289769783939,0.08787289769783939,0.08776997986039338,0.0,0.0,0.0,0.0,0.0,0.0,1.0,1.0,0.0,1.0,1.0,522844.1843227321,583.9356975245296,0.0,0.08787289769783939,0.08778908484565989,0.08778908484566,0.375,0.375,0.5,6.961397263021243e-08,-8.697043085703626e-12,-8.697043085703626e-12,-8.697043085703626e-12,-8.697043085703626e-12,-8.697043085703626e-12,-8.697043085703626e-12,24570.101318579666,18571.02846279559,0.7558384974486192,0.8643366046713851,3.7683223415665257,0.7837486989870869,0.5471770554886536,35353.7532153836,15450.0,0.0,0.0,0.0,0.0,0.0,0.0,0.0,0.0,0.0,0.0,0.0,0.0,0.0,0.0,0.0,0.0,0.0,0.0,0.0,0.0,35382.97555832017,15450.0,1.0,0.0,0.0,6.0,0.9,143955.44449186765,23992.574081977942,258.0571335760079,258.0571335760079,-15.092866423992064,239.4537520568593,276.66052206761725,145040.65351285515,145361.2319904735,-320.57847761834813,0.0,nan,276.66052206761725,3.5105220676172735,269.2191641239944,-3.930835876005574,261.7778079202351,-11.372192079764886,254.33645366923687,-18.813546330763103,246.89510161810477,-26.254898381895202,239.4537520568593,-33.69624794314069,1.0,1.0,25732.562594343566,25732.562594343566,275.7865602971203,2.6365602971202975,275.7865602971203,275.7865602971203,78601.68289557294,78713.00526579256,-111.32237021961191,0.0,8648.866644398773,8648.866644398773,0.8910528061131292,3901.347808663392,275.7865602971203,2.6365602971202975,1.0,0.002,1.354975778305378,2.154716144645934e-12,0.002093157008475063,7.885860737574164e-13,1.0,1.0465785042375315,0.060303880479113614,9.315700926364927e-05,0.9997822895202443,0.9997822895202443,0.0,0.08776997224188088,1.9112603779063993e-05,0.0,0.0,0.0,1600179.3085228847,266.6855984599015,0.0,1.0,1284258.8916487964,2599.1363677992967,,,,,,,,,,,,,,,,,12.0,15200.501253132832
1530.0,-35.80458483136378,3.791833220389325,34.60437956576864,25.24599287370222,5.576109236554746,-31.63929756670753,-44.944243133626856,1.9286639819212725,-6.4659844514543465,-6.465984451466451,37.30126164134937,36551.84702979796,15848.328303017171,15848.328303017171,52400.17533281513,76734.7346427146,78702.61412201838,15848.328303017171,94550.94242503555,94550.94242503555,94550.94242503555,119119.31466100161,119119.31463106824,2.9933381670756495e-05,0.0,90963.88559432424,52804.951513842905,42398.81564497926,24568.37223596606,66967.18788094532,18569.522016470783,1450.0,0.0,0.8892567792194067,2.7322179990021294,0.0014947306463915918,1.0,1.0,-6.4659844514543465,334840.5608720654,1441422.8013957746,4.304803449264642,1441422.8013957746,4.304803449264642,0.7558303756602377,0.08777865157015169,3.882001529920073,101325.0,128351.07116782667,1.2667265844345095,1.0,0.0,3.882001529920073,1.282940672429636,1.2831024078625441,3.0258620786948236,6411.438651257903,15200.501253132832,6463.075628954685,0.0003402182888581183,23432.212711208565,2389.4207207566874,19318.565563966644,1969.9454517053882,0.8244447847098025,0.8244447847098025,34137.52739069556,30484.863174865135,1.1519530112700411,0.8,4842.582370766086,4324.433322199387,1.1519530112700411,0.8,17892.472556813074,17892.472556813074,1.0,0.8,2034.6934298245008,2034.6934298245008,7.789049726466236,3.791833220389325,-0.7137327506176891,4.505565971007014,3.5,3.5,1.0,0.6,0.00012605961967638446,1.0027280892309902,0.00012571665342801138,203.8223944255588,0.0,1.0060754065489346e-05,28.512177021596806,0.021610393386800802,4.452418663701039e-05,8.153543303937406e-05,0.0003165206758015458,0.08786886884600124,0.08786886884600124,0.08786886884600124,0.0877651750720942,0.0,0.0,0.0,0.0,0.0,0.0,1.0,1.0,0.0,1.0,1.0,522828.24283060536,583.9408701837823,0.0,0.08786886884600124,0.08777865157015163,0.08777865157015174,0.375,0.375,0.5,6.956695174096392e-08,1.2107648217352107e-11,1.2107648217352107e-11,1.2107648217352107e-11,1.2107648217352107e-11,1.2107648217352107e-11,1.2107648217352107e-11,24568.37223596606,18569.522016470783,0.7558303756602377,0.8620959447513794,3.7683840857066566,0.7824753732525321,0.5458172604586601,35353.7532153836,15450.0,0.0,0.0,0.0,0.0,0.0,0.0,0.0,0.0,0.0,0.0,0.0,0.0,0.0,0.0,0.0,0.0,0.0,0.0,0.0,0.0,35382.2653924052,15450.0,1.0,0.0,0.0,6.0,0.9,143955.44449186765,23992.574081977942,258.03880785103075,258.03880785103075,-15.111192148969224,239.42004680985178,276.6575923381079,145250.09024515524,145347.52083943793,-97.43059428270537,0.0,nan,276.6575923381079,3.5075923381079406,269.21007002238986,-3.93992997761012,261.76255349728206,-11.387446502717921,254.31504350751163,-18.834956492488345,246.86754093104148,-26.282459068958502,239.42004680985178,-33.729953190148194,1.0,1.0,25732.562594343566,25732.562594343566,275.7837759400281,2.6337759400281016,275.7837759400281,275.7837759400281,78607.94203238109,78702.61412201838,-94.67208963728626,0.0,8648.866644398773,8648.866644398773,0.8910488607848585,3901.4115375696733,275.7837759400281,2.6337759400281016,1.0,0.002,1.3549758251332251,9.999752300815717e-11,0.0020931502691204262,3.659939377640705e-11,1.0,1.046575134560213,0.06029971408401047,9.315030571981986e-05,0.9998463724187655,0.9998463724187655,0.0,0.08776516634822694,1.3485221924747866e-05,0.0,0.0,0.0,1600177.4538572107,266.68401554854563,0.0,1.0,1284264.2963783029,2599.114485122676,,,,,,,,,,,,,,,,,12.0,15200.501253132832
1560.0,-35.94424883785289,3.7734495935307697,34.602432933801275,25.214845581818395,5.552357880780956,-31.791560097213846,-45.08722855299709,1.9004052565793892,-6.480012644356236,-6.48001264436934,37.26667119611823,36561.57410571882,15841.59915755567,15841.59915755567,52403.17326327449,76725.89828972786,78676.90969600745,15841.59915755567,94518.50885356312,94518.50885356312,94518.50885356312,119069.34516270063,119069.34516270063,0.0,0.0,90976.3507013846,52786.99499096593,42432.61745602074,24550.836309137514,66983.45376515825,18554.173628179138,1450.0,0.0,0.8893112611952263,2.7307903174165786,0.0014947306463915918,1.0,1.0,-6.480012644356236,334655.2431599241,1440014.7178275168,4.302979700035259,1440014.7178275168,4.302979700035259,0.7557450750169967,0.08774917546555497,3.883016989168517,101325.0,128351.07116782667,1.2667265844345095,1.0,0.0,3.883016989168517,1.2830731893685268,1.283234501433632,3.026340992347888,6412.453411820684,15200.501253132832,6462.409288160525,0.0003399602591678516,23429.295044332437,2389.1232015349215,19316.573826741373,1969.742351031328,0.8244624428601434,0.8244624428601434,34144.6709965817,30484.863174865135,1.1522543407079744,0.8,4843.5957276953095,4324.433322199387,1.1522543407079744,0.8,17892.472556813074,17892.472556813074,1.0,0.8,2034.6934298245008,2034.6934298245008,7.785742522853707,3.7734495935307697,-0.7302033297259953,4.503652923256765,3.5,3.5,1.0,0.6,0.00012571665342801138,1.0153792334526985,0.00012381251190308877,203.94302696124106,0.0,2.3301400650183983e-06,6.603616944262141,0.021680297588751354,4.377817244713922e-05,8.193848098087217e-05,0.000318168513715388,0.08782445236640407,0.08782445236640407,0.08782445236640407,0.08772468891786056,0.0,0.0,0.0,0.0,0.0,0.0,1.0,1.0,0.0,1.0,1.0,522658.38193061197,583.9959831592736,0.0,0.08782445236640407,0.087749175465555,0.08774917546555495,0.375,0.375,0.5,3.6560235299301075e-12,1.3130829756846651e-11,1.3130829756846651e-11,1.3130829756846651e-11,1.3130829756846651e-11,1.3130829756846651e-11,1.3130829756846651e-11,24550.836309137514,18554.173628179138,0.7557450750169967,0.8616384351875781,3.7704417186322514,0.7823301176287246,0.5458299333728368,35353.7532153836,15450.0,0.0,0.0,0.0,0.0,0.0,0.0,0.0,0.0,0.0,0.0,0.0,0.0,0.0,0.0,0.0,0.0,0.0,0.0,0.0,0.0,35360.35683232786,15450.0,1.0,0.0,0.0,6.0,0.9,143955.44449186765,23992.574081977942,257.96517206917713,257.96517206917713,-15.184827930822848,239.2988031093114,276.6315414912019,145566.09439839123,145921.74584787982,-355.65144948858614,0.0,nan,276.6315414912019,3.481541491201938,269.1649926225539,-3.9850073774460952,261.6984460610786,-11.451553938921393,254.23189838384693,-18.918101616153052,246.76535074707004,-26.384649252929933,239.2988031093114,-33.851196890688584,1.0,1.0,25732.562594343566,25732.562594343566,275.76677574777915,2.6167757477791724,275.76677574777915,275.76677574777915,78573.73950093023,78676.90969600745,-103.1701950772258,0.0,8648.866644398773,8648.866644398773,0.8909856795200813,3902.4320741143597,275.76677574777915,2.6167757477791724,1.0,0.002,1.355302807443221,9.622508000904242e-16,0.0020935950092782958,3.523708094228988e-16,1.0,1.0467975046391478,0.06058935862732873,9.35950092786483e-05,0.9997208556414499,0.9997208556414499,0.0,0.08772468077825633,2.4494687298636284e-05,0.0,0.0,0.0,1600161.0157442584,266.66998735564374,0.0,1.0,1284312.1924602883,2598.9205750121946,,,,,,,,,,,,,,,,,13.0,15200.501253132832
1590.0,-36.005546779758745,3.771554533707158,34.601352045947166,25.206781143229477,5.553704257334564,-31.818895815165845,-45.11548607898874,1.8930951255062758,-6.483455152657825,-6.483455152657241,37.25945037057217,36427.72691098965,15843.989965432995,15843.989965432995,52271.716876422644,76694.67604573678,78668.71864439652,15843.989965432995,94512.70860982951,94512.70860982951,94512.70860982951,119059.72379883291,119059.72379883291,0.0,0.0,90979.93190702799,52774.95654178722,42449.972628045296,24547.01518900341,66996.9878170487,18550.844049925716,1450.0,0.0,0.8893200266774146,2.730440055449088,0.0014947306463915918,1.0,1.0,-6.483455152657825,334609.77864934166,1439720.908958381,4.302686295570441,1439720.908958381,4.302686295570441,0.7557270774915289,0.08772603021389852,3.8833091727954896,101325.0,128351.07116782667,1.2667265844345095,1.0,0.0,3.8833091727954896,1.2831112186227531,1.2832700921164684,3.026479011666423,6412.745858194795,15200.501253132832,6462.217055152158,0.00033988586061700323,23428.454408005327,2389.0374804857242,19315.99922941513,1969.6837584103778,0.824467499777322,0.824467499777322,34146.72639603503,30484.863174865135,1.1523410438703354,0.8,4843.887296590844,4324.433322199387,1.1523410438703354,0.8,17892.472556813074,17892.472556813074,1.0,0.8,2034.6934298245008,2034.6934298245008,7.7869175440349245,3.771554533707158,-0.7327780790669696,4.504332612774128,3.5,3.5,1.0,0.6,0.00012381251190308877,1.006726681662108,0.00012298522941566823,203.99601417243466,0.0,1.2944546211843711e-05,36.68484396436508,0.022068633975106666,4.3632118187025845e-05,8.018039371606292e-05,0.00031136525839594095,0.0878154508180032,0.0878154508180032,0.0878154508180032,0.08771430154835895,0.0,0.0,0.0,0.0,0.0,0.0,1.0,1.0,0.0,1.0,1.0,522622.92468010733,584.0074868850321,0.0,0.0878154508180032,0.08772603021389853,0.08772603021389849,0.375,0.375,0.5,9.974158743421921e-11,-5.684341886080801e-13,-5.684341886080801e-13,-5.684341886080801e-13,-5.684341886080801e-13,-5.684341886080801e-13,-5.684341886080801e-13,24547.01518900341,18550.844049925716,0.7557270774915288,0.8581331071795099,3.769854106442453,0.7802099553962495,0.5437218612046301,35353.7532153836,15450.0,0.0,0.0,0.0,0.0,0.0,0.0,0.0,0.0,0.0,0.0,0.0,0.0,0.0,0.0,0.0,0.0,0.0,0.0,0.0,0.0,35390.438059347965,15450.0,1.0,0.0,0.0,6.0,0.9,143955.44449186765,23992.574081977942,257.9295777846927,257.9295777846927,-15.22042221530728,239.23259266997636,276.6265713013227,145886.9645727854,146062.87959445504,-175.91502166961752,0.0,nan,276.6265713013227,3.4765713013227355,269.1477707118938,-4.00222928810615,261.6689724943331,-11.481027505666873,254.19017646165378,-18.9598235383462,246.7113830689767,-26.43861693102329,239.23259266997636,-33.91740733002362,1.0,1.0,25732.562594343566,25732.562594343566,275.7623861730203,2.6123861730202975,275.7623861730203,275.7623861730203,78565.2702790169,78668.71864439652,-103.44836537961964,0.0,8648.866644398773,8648.866644398773,0.8909674993677263,3902.725718659467,275.7623861730203,2.6123861730202975,1.0,0.002,1.3553028074456115,9.998924375084918e-11,0.0020935801934866597,3.662019350019093e-11,1.0,1.04679009674333,0.06058019623435129,9.358023010685307e-05,0.999866186299477,0.999866186299477,0.0,0.0877142912691634,1.1738944735115242e-05,0.0,0.0,0.0,1600156.98141521,266.66654484734215,0.0,1.0,1284323.945545106,2598.872995145564,,,,,,,,,,,,,,,,,12.0,15200.501253132832
1620.0,-36.132244010316164,3.752441137944383,34.59907318248949,25.14813506221401,5.517697988793585,-31.962330629888772,-45.25090920561922,1.8398816779510005,-6.504645440715592,-6.50464544067703,37.211194462557785,36468.66645093841,15847.198763970082,15847.198763970082,52315.865214908496,76643.98609646785,78616.20611864363,15847.198763970082,94463.40488261372,94463.40488261372,94463.40488261372,118985.45319684062,118985.45319684062,0.0,0.0,91003.44743136238,52768.155474328305,42483.65773003786,24522.048314226904,67005.70604426476,18529.048920962687,1450.0,0.0,0.8893878224230704,2.7282848065471685,0.0014947306463915918,1.0,1.0,-6.504645440715592,334330.0297035977,1437758.5845515805,4.300417123242665,1437758.5845515805,4.300417123242665,0.7556077161063551,0.08766584917933111,3.885224181040656,101325.0,128351.07116782667,1.2667265844345095,1.0,0.0,3.885224181040656,1.2833612209284828,1.2835190636196867,3.027381626998036,6414.658391771612,15200.501253132832,6460.957697223622,0.00033939890958833876,23422.959188673416,2388.4771240610626,19312.234924290504,1969.29990611376,0.8245002165921578,0.8245002165921578,34160.19697705281,30484.863174865135,1.1529093073029033,0.8,4845.798167211733,4324.433322199387,1.1529093073029033,0.8,17892.472556813074,17892.472556813074,1.0,0.8,2034.6934298245008,2034.6934298245008,7.788494586792351,3.752441137944383,-0.7528037132198193,4.5052448511642025,3.5,3.5,1.0,0.6,0.00012298522941566823,1.0139644367850371,0.00012129146245564171,204.10561545486806,0.0,5.625411000948233e-06,15.942414776687292,0.022237396305135115,4.2938401849170436e-05,8.004682756649779e-05,0.000310999870076949,0.08775434864035153,0.08775434864035153,0.08775434864035153,0.08765174650114595,0.0,0.0,0.0,0.0,0.0,0.0,1.0,1.0,0.0,1.0,1.0,522385.9825654762,584.0843538811209,0.0,0.08775434864035153,0.08766584917933191,0.0876658491793303,0.375,0.375,0.5,5.690920445711379e-17,-3.8539837987627834e-11,-3.8539837987627834e-11,-3.8539837987627834e-11,-3.8539837987627834e-11,-3.8539837987627834e-11,-3.8539837987627834e-11,24522.048314226904,18529.048920962687,0.7556077161063551,0.8584163511220791,3.7717560815169557,0.7807673152544354,0.5442621024968647,35353.7532153836,15450.0,0.0,0.0,0.0,0.0,0.0,0.0,0.0,0.0,0.0,0.0,0.0,0.0,0.0,0.0,0.0,0.0,0.0,0.0,0.0,0.0,35369.695630160284,15450.0,1.0,0.0,0.0,6.0,0.9,143955.44449186765,23992.574081977942,257.8541209738287,257.8541209738287,-15.295879026171292,239.1175206213379,276.59071658551227,146183.36539632358,146547.86008880896,-364.49469248540066,0.0,nan,276.59071658551227,3.440716585512291,269.09608009592034,-4.053919904079635,261.601442431223,-11.548557568776971,254.10680338580647,-19.043196614193505,246.61216272317216,-26.537837276827815,239.1175206213379,-34.03247937866209,1.0,1.0,25732.562594343566,25732.562594343566,275.7351242772498,2.585124277249804,275.7351242772498,275.7351242772498,78484.33257846365,78616.20611864363,-131.8735401799786,0.0,8648.866644398773,8648.866644398773,0.8908483370554628,3904.650301945859,275.7351242772498,2.585124277249804,1.0,0.002,1.355302813854341,6.4296501099419484e-18,0.0020934890134073855,2.3566638120921628e-18,1.0,1.0467445067036927,0.060523806011892,9.34890134073876e-05,0.9998390055738621,0.9998390055738621,0.0,0.08765173546625059,1.411371308052057e-05,0.0,0.0,0.0,1600132.1444717858,266.6453545592844,0.0,1.0,1284396.2863914864,2598.5801662824706,,,,,,,,,,,,,,,,,14.0,15200.501253132832
1650.0,-36.21741740527458,3.73334491103377,34.596571133023744,25.120485328976088,5.493395011772998,-32.04134306786985,-45.327256923168875,1.81478638433434,-6.522053538588295,-6.522053538583363,37.169988620324844,36434.56222219214,15844.590604658471,15844.590604658471,52279.15282685061,76648.86672095189,78580.87678150814,15844.590604658471,94425.46738616661,94425.46738616661,94425.46738616661,118926.41277148666,118926.41277148666,0.0,0.0,91014.78535113862,52755.661013844256,42510.13815254929,24500.945385320054,67011.08353786934,18510.618886467655,1450.0,0.0,0.8894492018540426,2.7265152469637144,0.0014947306463915918,1.0,1.0,-6.522053538588295,334100.3498669238,1436084.5541249246,4.298362916102705,1436084.5541249246,4.298362916102705,0.755506311913925,0.08761078560992852,3.8861463127794047,101325.0,128351.07116782667,1.2667265844345095,1.0,0.0,3.8861463127794047,1.2834818445067753,1.2836375280013514,3.0278155701320406,6415.577865200818,15200.501253132832,6460.350885158107,0.000339164554040683,23420.318749152826,2388.207874162209,19310.42112241882,1969.1149497961912,0.8245157262480609,0.8245157262480608,34166.68297689254,30484.863174865135,1.1531829425462314,0.8,4846.718239369308,4324.433322199387,1.1531829425462314,0.8,17892.472556813074,17892.472556813074,1.0,0.8,2034.6934298245008,2034.6934298245008,7.7872127429168145,3.73334491103377,-0.771158459160536,4.504503370194306,3.5,3.5,1.0,0.6,0.00012129146245564171,1.009374756299285,0.0001201649453770153,204.17935784517246,0.0,1.1523578260444458e-05,32.65782079009959,0.02258310365294845,4.255182163667669e-05,7.873964081896501e-05,0.00030599376483819555,0.0877018223247224,0.0877018223247224,0.0877018223247224,0.08760094096656167,0.0,0.0,0.0,0.0,0.0,0.0,1.0,1.0,0.0,1.0,1.0,522183.67694281344,584.1499756393134,0.0,0.0877018223247224,0.08761078560992837,0.08761078560992867,0.375,0.375,0.5,2.721111823172564e-11,-4.945377440890297e-12,-4.945377440890297e-12,-4.945377440890297e-12,-4.945377440890297e-12,-4.945377440890297e-12,-4.945377440890297e-12,24500.945385320054,18510.618886467655,0.755506311913925,0.8570793651962572,3.775097485872059,0.7801568049158104,0.5437094924991358,35353.7532153836,15450.0,0.0,0.0,0.0,0.0,0.0,0.0,0.0,0.0,0.0,0.0,0.0,0.0,0.0,0.0,0.0,0.0,0.0,0.0,0.0,0.0,35386.4110361737,15450.0,1.0,0.0,0.0,6.0,0.9,143955.44449186765,23992.574081977942,257.7967303065589,257.7967303065589,-15.353269693441064,239.03125665951285,276.562208679099,146474.4915520724,146754.13310640253,-279.6415543301336,0.0,nan,276.562208679099,3.412208679099024,269.05601560481756,-4.093984395182417,261.5498237137584,-11.600176286241549,254.04363314052443,-19.106366859475543,246.53744404164132,-26.612555958358655,239.03125665951285,-34.11874334048713,1.0,1.0,25732.562594343566,25732.562594343566,275.713631327699,2.5636313276989995,275.713631327699,275.713631327699,78476.48370864916,78580.87678150814,-104.39307285897667,0.0,8648.866644398773,8648.866644398773,0.8907909524537615,3905.5770443433016,275.713631327699,2.5636313276989995,1.0,0.002,1.355302813747107,1.06407802092366e-11,0.0020934141102196386,3.902703335110687e-12,1.0,1.0467070551098192,0.060477478300304144,9.341411412234178e-05,0.9998875283183017,0.9998875283183017,0.0,0.08760093187753606,9.853732392454052e-06,0.0,0.0,0.0,1600111.735817446,266.6279464614117,0.0,1.0,1284455.7088761255,2598.339665351633,,,,,,,,,,,,,,,,,12.0,15200.501253132832
1680.0,-36.21893018366429,3.7358634932841275,34.59628771507772,25.091136793512874,5.495720525930711,-32.040272587737505,-45.32783873202277,1.7881430005539665,-6.526127122132209,-6.526127122129812,37.17017876406551,36439.72603462307,15854.775500814536,15854.775500814536,52294.50153543761,76544.06587597933,78550.80661044994,15854.775500814536,94405.58211126448,94405.58211126448,94405.58211126448,118905.33287596106,118905.33287596106,0.0,0.0,91026.69050497131,52762.714648080466,42515.528729878715,24499.750764696582,67015.2794945753,18509.68534047646,1450.0,0.0,0.8894278530100965,2.72610129191878,0.0014947306463915918,1.0,1.0,-6.526127122132209,334046.6215262935,1436092.2755229026,4.2990773831546285,1436092.2755229026,4.2990773831546285,0.7555050464900389,0.08760884387916361,3.887113928267621,101325.0,128351.07116782667,1.2667265844345095,1.0,0.0,3.887113928267621,1.2836085471854783,1.2837627999665764,3.028270524367225,6416.541858632163,15200.501253132832,6459.713739788091,0.00033891867808022056,23417.551475147884,2387.92569074535,19308.516652270067,1968.92074788741,0.8245318334310667,0.8245318334310668,34173.48856492367,30484.863174865135,1.1534700747296711,0.8,4847.683646741819,4324.433322199387,1.1534700747296711,0.8,17892.472556813074,17892.472556813074,1.0,0.8,2034.6934298245008,2034.6934298245008,7.792218359982646,3.7358634932841275,-0.7715353697761529,4.50739886306028,3.5,3.5,1.0,0.6,0.0001201649453770153,1.000165805081507,0.00012014502472139871,204.18066804610697,0.0,7.667051123851974e-06,21.728422884996494,0.02281311518666401,4.254888811332386e-05,7.761605726369144e-05,0.00030170245724691225,0.08770424481118429,0.08770424481118429,0.08770424481118429,0.08758553858715258,0.0,0.0,0.0,0.0,0.0,0.0,1.0,1.0,0.0,1.0,1.0,522184.61043723224,584.1496728607176,0.0,0.08770424481118429,0.08760884387916346,0.08760884387916376,0.375,0.375,0.5,9.998537710138484e-11,-2.3874235921539366e-12,-2.3874235921539366e-12,-2.3874235921539366e-12,-2.3874235921539366e-12,-2.3874235921539366e-12,-2.3874235921539366e-12,24499.750764696582,18509.68534047646,0.7555050464900389,0.8570921525201275,3.7714196468454637,0.7803369907555292,0.5437525040475697,35353.7532153836,15450.0,0.0,0.0,0.0,0.0,0.0,0.0,0.0,0.0,0.0,0.0,0.0,0.0,0.0,0.0,0.0,0.0,0.0,0.0,0.0,0.0,35375.4816382686,15450.0,1.0,0.0,0.0,6.0,0.9,143955.44449186765,23992.574081977942,257.7898407771974,257.7898407771974,-15.360159222802565,239.0192995942008,276.56041710195467,146641.1904661222,146687.43554690664,-46.24508078442902,0.0,nan,276.56041710195467,3.4104171019546925,269.05217406231304,-4.097825937686935,261.5439393321066,-11.60606066789336,254.03571423019233,-19.11428576980765,246.52750034241686,-26.62249965758312,239.0192995942008,-34.13070040579919,1.0,1.0,25732.562594343566,25732.562594343566,275.7060809682587,2.556080968258698,275.7060809682587,275.7060809682587,78414.86649281041,78550.80661044994,-135.94011763953313,0.0,8648.866644398773,8648.866644398773,0.8907307342411496,3906.549497908959,275.7060809682587,2.556080968258698,1.0,0.002,1.355302813718816,9.999947091562373e-11,0.0020933965838850657,3.668222843824575e-11,1.0,1.0466982919425327,0.06046663776255823,9.33966205672941e-05,0.9997338626170865,0.9997338626170865,0.0,0.08758552789073354,2.3315988430076106e-05,0.0,0.0,0.0,1600106.9594657945,266.62387287786777,0.0,1.0,1284469.6131984682,2598.2833949561095,,,,,,,,,,,,,,,,,11.0,15200.501253132832
1710.0,-36.21963215571088,3.736643045359258,34.59622987541911,25.084804684761934,5.495741037463637,-32.04013757974407,-45.327743772044755,1.7823922711385323,-6.527215947197362,-6.527215947269356,37.170197894860614,36438.42514452896,15857.66214361121,15857.66214361121,52296.087288140174,76523.2825545212,78542.64316006874,15857.66214361121,94400.30530367994,94400.30530367994,94400.30530367994,118899.72466371342,118899.72466371342,0.0,0.0,91029.2151579001,52765.42532979937,42515.322031223026,24499.419360033477,67014.74139125651,18509.424878544218,1450.0,0.0,0.8894222612166287,2.725990654595267,0.0014947306463915918,1.0,1.0,-6.527215947197362,334032.26166904625,1436093.0523913868,4.2992645237789775,1436093.0523913868,4.2992645237789775,0.755504634886944,0.08760827957762865,3.8873188683273,101325.0,128351.07116782667,1.2667265844345095,1.0,0.0,3.8873188683273,1.2836354373851018,1.2837896678254368,3.0283667426992906,6416.7457337319265,15200.501253132832,6459.578864737918,0.00033886665501868405,23416.966356832378,2387.866025282067,19308.113501719265,1968.8796379721175,0.8245352197845955,0.8245352197845955,34174.92993865058,30484.863174865135,1.1535308890588407,0.8,4847.888112956368,4324.433322199387,1.1535308890588407,0.8,17892.472556813074,17892.472556813074,1.0,0.8,2034.6934298245008,2034.6934298245008,7.79363707139851,3.736643045359258,-0.7715764695266571,4.508219514885916,3.5,3.5,1.0,0.6,0.00012014502472139871,1.000076935555147,0.00012013578200831688,204.1812760218164,0.0,1.355804257237295e-07,0.3842349265010494,0.02281718259943572,4.254936689577745e-05,7.759565782562126e-05,0.00030163906476580646,0.0877048448362447,0.0877048448362447,0.0877048448362447,0.08758143335212966,0.0,0.0,0.0,0.0,0.0,0.0,1.0,1.0,0.0,1.0,1.0,522184.7043582417,584.1496423974609,0.0,0.0877048448362447,0.0876082795776285,0.0876082795776288,0.375,0.375,0.5,9.999715883054943e-11,7.202061169664375e-11,7.202061169664375e-11,7.202061169664375e-11,7.202061169664375e-11,7.202061169664375e-11,7.202061169664375e-11,24499.419360033477,18509.424878544218,0.755504634886944,0.8570657213361521,3.7707401690031794,0.7803669193143123,0.5437374581778678,35353.7532153836,15450.0,0.0,0.0,0.0,0.0,0.0,0.0,0.0,0.0,0.0,0.0,0.0,0.0,0.0,0.0,0.0,0.0,0.0,0.0,0.0,0.0,35354.1374503101,15450.0,1.0,0.0,0.0,6.0,0.9,143955.44449186765,23992.574081977942,257.7888531973885,257.7888531973885,-15.361146802611472,239.01759691266668,276.5601621687029,146661.8097398767,146687.3620395974,-25.55229972069183,0.0,nan,276.5601621687029,3.410162168702925,269.0516192794083,-4.098380720591649,261.5430896220229,-11.606910377977101,254.03457474352834,-19.11542525647164,246.5260764580018,-26.62392354199818,239.01759691266668,-34.1324030873333,1.0,1.0,25732.562594343566,25732.562594343566,275.7040482679599,2.5540482679598995,275.7040482679599,275.7040482679599,78402.9166994955,78542.64316006874,-139.72646057323436,0.0,8648.866644398773,8648.866644398773,0.8907179796679152,3906.7554626689366,275.7040482679599,2.5540482679598995,1.0,0.002,1.3553028137188132,9.999991167353442e-11,0.002093391899385798,3.6683878914000765e-11,1.0,1.046695949692899,0.060463740235764396,9.339193606967703e-05,0.9996934419110496,0.9996934419110496,0.0,0.0875814225508651,2.6857026763551503e-05,0.0,0.0,0.0,1600105.6827583835,266.6227840528026,0.0,1.0,1284473.3296202146,2598.2683550014904,,,,,,,,,,,,,,,,,8.0,15200.501253132832
1740.0,-36.22045478753408,3.7375846678419378,34.59616150097695,25.079190206620865,5.495369818146736,-32.03854241758246,-45.32626185156403,1.7772946072970832,-6.528425104639723,-6.528425104695971,37.17016800940144,36430.92364684489,15860.985098571065,15860.985098571065,52291.90874541595,76506.37781402681,78533.53148271331,15860.985098571065,94394.51658128438,94394.51658128438,94394.51658128438,118893.54843638338,118893.54843638338,0.0,0.0,91031.45316439618,52768.1502917015,42514.78096966075,24499.031855099,67013.81282475975,18509.11804760267,1450.0,0.0,0.8894162368933869,2.7258677942548712,0.0014947306463915918,1.0,1.0,-6.528425104639723,334016.3153892331,1436091.8387933923,4.299466141705976,1436091.8387933923,4.299466141705976,0.7555040606125157,0.087607537642081,3.887500723839034,101325.0,128351.07116782667,1.2667265844345095,1.0,0.0,3.887500723839034,1.283659257448454,1.283813478885688,3.0284522168026653,6416.926843100367,15200.501253132832,6459.459013845626,0.00033882043446024213,23416.446614703047,2387.813026334482,19307.75525938178,1968.843107420147,0.824538222091244,0.824538222091244,34176.2089426138,30484.863174865135,1.1535848532324102,0.8,4848.0695461918085,4324.433322199387,1.1535848532324102,0.8,17892.472556813074,17892.472556813074,1.0,0.8,2034.6934298245008,2034.6934298245008,7.795270219130326,3.7375846678419378,-0.7715795392855869,4.509164207127524,3.5,3.5,1.0,0.6,0.00012013578200831688,1.0000901609409891,0.0001201249514296597,204.181988504877,0.0,6.290629836505455e-08,0.1782764495665646,0.022819069788386673,4.255683929563547e-05,7.75789427126814e-05,0.0003015881959502159,0.0877054346392532,0.0877054346392532,0.0877054346392532,0.08757689287027381,0.0,0.0,0.0,0.0,0.0,0.0,1.0,1.0,0.0,1.0,1.0,522184.5576381253,584.1496899860938,0.0,0.0877054346392532,0.08760753764208085,0.08760753764208115,0.375,0.375,0.5,9.99966938964182e-11,5.6274984672199935e-11,5.6274984672199935e-11,5.6274984672199935e-11,5.6274984672199935e-11,5.6274984672199935e-11,5.6274984672199935e-11,24499.031855099,18509.11804760267,0.7555040606125157,0.8569001842639762,3.7702454308770323,0.7803153788929846,0.5436330528172048,35353.7532153836,15450.0,0.0,0.0,0.0,0.0,0.0,0.0,0.0,0.0,0.0,0.0,0.0,0.0,0.0,0.0,0.0,0.0,0.0,0.0,0.0,0.0,35353.931491833166,15450.0,1.0,0.0,0.0,6.0,0.9,143955.44449186765,23992.574081977942,257.7880666866893,257.7880666866893,-15.361933313310658,239.0163440833308,276.55983301714934,146673.29113133185,146692.77858404684,-19.487452715022016,0.0,nan,276.55983301714934,3.409833017149367,269.05111065535647,-4.09888934464351,261.5423990036891,-11.60760099631085,254.03369950389694,-19.116300496103037,246.52501385671334,-26.624986143286634,239.0163440833308,-34.13365591666917,1.0,1.0,25732.562594343566,25732.562594343566,275.7017855993936,2.551785599393611,275.7017855993936,275.7017855993936,78393.92415884139,78533.53148271331,-139.60732387192547,0.0,8648.866644398773,8648.866644398773,0.890706661655608,3906.938227458229,275.7017855993936,2.551785599393611,1.0,0.002,1.3553028137188134,9.999990333822518e-11,0.002093386697219709,3.668552927230182e-11,1.0,1.0466933486098544,0.06046052249872269,9.338673390523822e-05,0.9996500952337436,0.9996500952337436,0.0,0.08757688334710005,3.065429498095144e-05,0.0,0.0,0.0,1600104.2649348604,266.62157489536025,0.0,1.0,1284477.456738573,2598.2516531496854,,,,,,,,,,,,,,,,,9.0,15200.501253132832
1770.0,-36.22063157906874,3.737807086490103,34.59614653516486,25.07752765612679,5.495300875254999,-32.038523766087955,-45.326259860862024,1.7757888345563633,-6.528714965279164,-6.528714965312741,37.170166164196125,36430.71125070106,15861.77657003539,15861.77657003539,52292.48782073645,76501.22747145325,78531.34491425076,15861.77657003539,94393.12148428615,94393.12148428615,94393.12148428615,118892.06246869764,118892.06246869764,0.0,0.0,91032.12019549527,52768.83706396636,42514.75903503212,24498.940984411485,67013.70001944361,18509.046317181655,1450.0,0.0,0.8894147733704649,2.7258383426799058,0.0014947306463915918,1.0,1.0,-6.528714965279164,334012.49281725514,1436091.7638631342,4.299515122174932,1436091.7638631342,4.299515122174932,0.7555039350051432,0.08760737123774655,3.8875554429591266,101325.0,128351.07116782667,1.2667265844345095,1.0,0.0,3.8875554429591266,1.2836663104193022,1.283820518800322,3.028478204502601,6416.981907918091,15200.501253132832,6459.422567321369,0.0003388063802368363,23416.288598627292,2387.7969131790464,19307.646318281775,1968.8319985195533,0.8245391338153232,0.8245391338153232,34176.59378410081,30484.863174865135,1.1536010906951415,0.8,4848.124137919534,4324.433322199387,1.1536010906951415,0.8,17892.472556813074,17892.472556813074,1.0,0.8,2034.6934298245008,2034.6934298245008,7.795659207197385,3.737807086490103,-0.7715821302932344,4.509389216783338,3.5,3.5,1.0,0.6,0.0001201249514296597,1.0000193758538811,0.0001201226239512502,204.1821416249846,0.0,7.371363622940881e-08,0.20890444507414457,0.022821281197473554,4.255684933432029e-05,7.75681020953394e-05,0.0003015502975007459,0.08770558398221803,0.08770558398221803,0.08770558398221803,0.08757580254269043,0.0,0.0,0.0,0.0,0.0,0.0,1.0,1.0,0.0,1.0,1.0,522184.5485792483,584.1496929243375,0.0,0.08770558398221803,0.0876073712377464,0.0876073712377467,0.375,0.375,0.5,9.999927923791766e-11,3.359446054673754e-11,3.359446054673754e-11,3.359446054673754e-11,3.359446054673754e-11,3.359446054673754e-11,3.359446054673754e-11,24498.940984411485,18509.046317181655,0.7555039350051432,0.8568956305428472,3.7700814945535246,0.7803253335596171,0.5436307984804736,35353.7532153836,15450.0,0.0,0.0,0.0,0.0,0.0,0.0,0.0,0.0,0.0,0.0,0.0,0.0,0.0,0.0,0.0,0.0,0.0,0.0,0.0,0.0,35353.96211982868,15450.0,1.0,0.0,0.0,6.0,0.9,143955.44449186765,23992.574081977942,257.7878981494253,257.7878981494253,-15.362101850574675,239.01608761125732,276.55975057828243,146676.46551340976,146694.49197668722,-18.02646327745932,0.0,nan,276.55975057828243,3.4097505782824555,269.05099446900783,-4.0990055309921445,261.5422485817746,-11.607751418225405,254.03351431877638,-19.116485681223594,246.5247933374532,-26.625206662546788,239.01608761125732,-34.13391238874266,1.0,1.0,25732.562594343566,25732.562594343566,275.70124292317075,2.5512429231707756,275.70124292317075,275.70124292317075,78390.83073768596,78531.34491425076,-140.51417656480044,0.0,8648.866644398773,8648.866644398773,0.8907032561184502,3906.993220173922,275.70124292317075,2.5512429231707756,1.0,0.002,1.3553028137188123,9.99999793467363e-11,0.002093385450157292,3.66859535289822e-11,1.0,1.0466927250786462,0.0604597511409406,9.338548684324549e-05,0.9996395487979028,0.9996395487979028,0.0,0.08757579305547133,3.157818227521757e-05,0.0,0.0,0.0,1600103.9250494519,266.6212850347208,0.0,1.0,1284478.4460920487,2598.2476494021403,,,,,,,,,,,,,,,,,8.0,15200.501253132832
1800.0,-36.22081686355372,3.738033537537024,34.59613136689364,25.07587104281413,5.495218734305492,-32.03850610634868,-45.32624683398751,1.774284461867054,-6.529003036684514,-6.5290030366865235,37.17016138448627,36430.41109262232,15862.571507175382,15862.571507175382,52292.9825997977,76496.13103129051,78529.16805159739,15862.571507175382,94391.73955877277,94391.73955877277,94391.73955877277,118890.58911143782,118890.58911143782,0.0,0.0,91032.78032315415,52769.55620638493,42514.69346307691,24498.84955266506,67013.54301574198,18508.974016475488,1450.0,0.0,0.8894133295663624,2.72580907315087,0.0014947306463915918,1.0,1.0,-6.529003036684514,334008.69387509103,1436091.5697672071,4.299563442813441,1436091.5697672071,4.299563442813441,0.7555038034209254,0.0876071989273162,3.887609049101877,101325.0,128351.07116782667,1.2667265844345095,1.0,0.0,3.887609049101877,1.2836733393835842,1.2838275456211243,3.0285033815290534,6417.035255015984,15200.501253132832,6459.387254684169,0.00033879276387570404,23416.135515011396,2387.781302994539,19307.540766446065,1968.8212352277349,0.8245400166081448,0.8245400166081448,34176.97079692869,30484.863174865135,1.1536169978907178,0.8,4848.177619112033,4324.433322199387,1.1536169978907178,0.8,17892.472556813074,17892.472556813074,1.0,0.8,2034.6934298245008,2034.6934298245008,7.796049898555766,3.738033537537024,-0.771581674168841,4.509615211705865,3.5,3.5,1.0,0.6,0.0001201226239512502,1.0000203066976703,0.00012012018470697526,204.1823021011131,0.0,1.584098420787241e-08,0.04489334924511041,0.02282175642699979,4.255691502611955e-05,7.756570892513066e-05,0.00030154515191734016,0.08770572799376405,0.08770572799376405,0.08770572799376405,0.08757472000857094,0.0,0.0,0.0,0.0,0.0,0.0,1.0,1.0,0.0,1.0,1.0,522184.5251136712,584.1497005353914,0.0,0.08770572799376405,0.08760719892731604,0.08760719892731635,0.375,0.375,0.5,9.999927240136619e-11,1.9895196601282805e-12,1.9895196601282805e-12,1.9895196601282805e-12,1.9895196601282805e-12,1.9895196601282805e-12,1.9895196601282805e-12,24498.84955266506,18508.974016475488,0.7555038034209254,0.8568898920619372,3.7699199850149223,0.7803345450264239,0.5436275930682333,35353.7532153836,15450.0,0.0,0.0,0.0,0.0,0.0,0.0,0.0,0.0,0.0,0.0,0.0,0.0,0.0,0.0,0.0,0.0,0.0,0.0,0.0,0.0,35353.798108732844,15450.0,1.0,0.0,0.0,6.0,0.9,143955.44449186765,23992.574081977942,257.7877380599869,257.7877380599869,-15.36226194001307,239.01584844385164,276.5596673509889,146679.2727685952,146696.455437959,-17.182669363780185,0.0,nan,276.5596673509889,3.4096673509889115,269.050881331564,-4.099118668435949,261.54210494538404,-11.607895054615938,254.03333954690396,-19.116660453096017,246.52458674122911,-26.625413258770863,239.01584844385164,-34.13415155614834,1.0,1.0,25732.562594343566,25732.562594343566,275.70070315839683,2.550703158396857,275.70070315839683,275.70070315839683,78387.73141145123,78529.16805159739,-141.43664014615933,0.0,8648.866644398773,8648.866644398773,0.8906999198393908,3907.0470943473865,275.70070315839683,2.550703158396857,1.0,0.002,1.3553028137188123,9.999997946198396e-11,0.002093384210795329,3.668634750222128e-11,1.0,1.0466921053976643,0.06045898454528564,9.338424748167639e-05,0.9996291630854495,0.9996291630854495,0.0,0.08757471094397357,3.2487983342620604e-05,0.0,0.0,0.0,1600103.5872608842,266.62099696331546,0.0,1.0,1284479.4293368945,2598.2436703840053,,,,,,,,,,,,,,,,,8.0,15200.501253132832
1830.0,-36.236058212506684,3.7323753455455226,34.5949182188964,25.113882135506742,5.490599085380159,-32.005585241703585,-45.295431290846295,1.808792461872389,-6.5264851885973485,-6.52648518855976,37.161304478563956,36235.06345091932,15849.93952519266,15849.93952519266,52085.00297611198,76638.40571949129,78564.430664746,15849.93952519266,94414.37018993867,94414.37018993867,94414.37018993867,118910.63119913306,118910.63119913306,0.0,0.0,91017.64027524894,52759.32086266091,42509.24379176447,24496.2610091944,67005.50480095888,18506.549185263597,1450.0,0.0,0.8894582699844389,2.726064907799117,0.0014947306463915918,1.0,1.0,-6.5264851885973485,334041.8991500454,1435731.9401408883,4.298059446416882,1435731.9401408883,4.298059446416882,0.7554846504255228,0.08759595295660944,3.8863782361007138,101325.0,128351.07116782667,1.2667265844345095,1.0,0.0,3.8863782361007138,1.2835122402771988,1.283666424031121,3.027924560549089,6415.808802816053,15200.501253132832,6460.198337263406,0.0003391056672917505,23419.655716930134,2388.1402636914886,19309.965146553048,1969.0684531978861,0.824519599260967,0.824519599260967,34168.31420797179,30484.863174865135,1.153251763943211,0.8,4846.949637817609,4324.433322199387,1.153251763943211,0.8,17892.472556813074,17892.472556813074,1.0,0.8,2034.6934298245008,2034.6934298245008,7.789841601129942,3.7323753455455226,-0.773648684359995,4.506024029905518,3.5,3.5,1.0,0.6,0.00012012018470697526,1.0016718996865492,0.00011991969101315927,204.19550354331943,0.0,1.6601683714869934e-08,0.04704917164794139,0.022822254477511236,4.2712574527279274e-05,7.740761017969598e-05,0.00030083525151093854,0.08769115389277313,0.08769115389277313,0.08769115389277313,0.08758736486189943,0.0,0.0,0.0,0.0,0.0,0.0,1.0,1.0,0.0,1.0,1.0,522141.0433127965,584.163803660288,0.0,0.08769115389277313,0.08759595295660928,0.08759595295660959,0.375,0.375,0.5,9.97830851544972e-11,-3.75734998669941e-11,-3.75734998669941e-11,-3.75734998669941e-11,-3.75734998669941e-11,-3.75734998669941e-11,-3.75734998669941e-11,24496.2610091944,18506.549185263597,0.7554846504255228,0.8524043294776116,3.775610702791315,0.7773242382223888,0.5407774116254517,35353.7532153836,15450.0,0.0,0.0,0.0,0.0,0.0,0.0,0.0,0.0,0.0,0.0,0.0,0.0,0.0,0.0,0.0,0.0,0.0,0.0,0.0,0.0,35353.80026455525,15450.0,1.0,0.0,0.0,6.0,0.9,143955.44449186765,23992.574081977942,257.77877031413306,257.77877031413306,-15.371229685866922,239.00252760176608,276.55502759960103,146654.76996868267,146702.7512043398,-47.9812356570947,0.0,nan,276.55502759960103,3.4050275996010555,269.04451855469523,-4.105481445304747,261.53401474380746,-11.615985256192516,254.02351464484804,-19.126485355151942,246.51301874008047,-26.63698125991951,239.00252760176608,-34.1474723982339,1.0,1.0,25732.562594343566,25732.562594343566,275.70729814340154,2.5572981434015674,275.70729814340154,275.70729814340154,78478.9561306243,78564.430664746,-85.4745341217058,0.0,8648.866644398773,8648.866644398773,0.8907765193190873,3905.8101272812173,275.70729814340154,2.5572981434015674,1.0,0.002,1.3553028137188423,9.99909964141716e-11,0.002093395043356057,3.6679609333031784e-11,1.0,1.0466975216780285,0.0604656848928673,9.339508003566649e-05,0.9999018373790793,0.9999018373790793,0.0,0.08758735430828517,8.598648324263703e-06,0.0,0.0,0.0,1600106.5396149869,266.62351481140263,0.0,1.0,1284470.8353679236,2598.2784489553646,,,,,,,,,,,,,,,,,13.0,15200.501253132832
1860.0,-36.236350556137886,3.732673992251373,34.5948785751853,25.107054865825944,5.490976445636582,-32.00629345457183,-45.29637739816678,1.8025952867874282,-6.527227032131577,-6.527227032120137,37.16129260073386,36239.703725992425,15851.54708265398,15851.54708265398,52091.25080864641,76614.66107566709,78559.22458909992,15851.54708265398,94410.7716717539,94410.7716717539,94410.7716717539,118906.79752354536,118906.79752354536,0.0,0.0,91020.39837757316,52761.111189616626,42510.31909772948,24496.02585179147,67006.34494952095,18506.363278625762,1450.0,0.0,0.8894545513718002,2.725989528254889,0.0014947306463915918,1.0,1.0,-6.527227032131577,334032.1154790236,1435731.4578949735,4.298183891198731,1435731.4578949735,4.298183891198731,0.7554843136839822,0.08759569588398185,3.8866025314350154,101325.0,128351.07116782667,1.2667265844345095,1.0,0.0,3.8866025314350154,1.283541583135925,1.2836955130593097,3.0280300868315777,6416.03240034584,15200.501253132832,6460.050584603432,0.0003390486424959822,23419.01381512416,2388.074807923619,19309.52350396478,1969.0234181871263,0.8245233405812571,0.8245233405812571,34169.89176913811,30484.863174865135,1.1533183217958474,0.8,4847.17342291503,4324.433322199387,1.1533183217958474,0.8,17892.472556813074,17892.472556813074,1.0,0.8,2034.6934298245008,2034.6934298245008,7.790631674679971,3.732673992251373,-0.7738070547007183,4.506481046952091,3.5,3.5,1.0,0.6,0.00011991969101315927,1.0000320444616968,0.00011991584837434919,204.1957567752018,0.0,1.3646636922005391e-06,3.8674569036963278,0.02286319438827725,4.270778758979855e-05,7.721190342336071e-05,0.0003000919793021497,0.0876915254940297,0.0876915254940297,0.0876915254940297,0.08758457677584464,0.0,0.0,0.0,0.0,0.0,0.0,1.0,1.0,0.0,1.0,1.0,522140.98500073754,584.1638225732917,0.0,0.0876915254940297,0.0875956958839817,0.087595695883982,0.375,0.375,0.5,9.999647378643357e-11,-1.1425527191022411e-11,-1.1425527191022411e-11,-1.1425527191022411e-11,-1.1425527191022411e-11,-1.1425527191022411e-11,-1.1425527191022411e-11,24496.02585179147,18506.363278625762,0.7554843136839822,0.8524919242003062,3.7747432468340056,0.7774077342658999,0.5408398824513336,35353.7532153836,15450.0,0.0,0.0,0.0,0.0,0.0,0.0,0.0,0.0,0.0,0.0,0.0,0.0,0.0,0.0,0.0,0.0,0.0,0.0,0.0,0.0,35357.620672287296,15450.0,1.0,0.0,0.0,6.0,0.9,143955.44449186765,23992.574081977942,257.77777167150435,257.77777167150435,-15.372228328495623,239.0008520970425,276.55472119671674,146682.2428288974,146696.91754310267,-14.674714205276917,0.0,nan,276.55472119671674,3.404721196716764,269.0439301714159,-4.1060698285840544,261.53314712665235,-11.616852873347625,254.022372413939,-19.12762758606098,246.51160702325976,-26.63839297674022,239.0008520970425,-34.14914790295748,1.0,1.0,25732.562594343566,25732.562594343566,275.7059543625169,2.5559543625169,275.7059543625169,275.7059543625169,78463.17657646774,78559.22458909992,-96.04801263217814,0.0,8648.866644398773,8648.866644398773,0.8907625607163919,3906.0355440921903,275.7059543625169,2.5559543625169,1.0,0.002,1.3553028137188128,9.999986072657812e-11,0.0020933918516947998,3.6683875381917545e-11,1.0,1.0466959258473998,0.06046371073714574,9.339188837867527e-05,0.9998729492761705,0.9998729492761705,0.0,0.08758456678741544,1.1129096566404991e-05,0.0,0.0,0.0,1600105.6697606002,266.6227729678684,0.0,1.0,1284473.367455646,2598.2682018862633,,,,,,,,,,,,,,,,,9.0,15200.501253132832
1890.0,-36.34708515797253,3.7143853052542912,34.59362996712635,25.11076780445876,5.4797475985696344,-32.158738005713076,-45.439100603666134,1.805970288017178,-6.533646612169548,-6.53364661220461,37.137440507068774,36355.4643516036,15833.209312474002,15833.209312474002,52188.67366407761,76670.66513893181,78571.96262651001,15833.209312474002,94405.17193898401,94405.17193898401,94405.17193898401,118890.1196235656,118890.1196235656,0.0,0.0,91018.92350364651,52729.41502085432,42543.89831421354,24484.94768458158,67028.84599879512,18496.5971630421,1450.0,0.0,0.8895086265039451,2.7253372963655575,0.0014947306463915918,1.0,1.0,-6.533646612169548,333947.4614010161,1434763.2965099656,4.296374317357215,1434763.2965099656,4.296374317357215,0.7554272690845729,0.08757205869296876,3.886483220091782,101325.0,128351.07116782667,1.2667265844345095,1.0,0.0,3.886483220091782,1.2835258359805122,1.2836797590830218,3.0279742808003673,6415.914154062245,15200.501253132832,6460.128727974901,0.00033907880041362615,23419.35326855651,2388.1094225404713,19309.757079731455,1969.04723628675,0.8245213630923482,0.8245213630923481,34169.05260574695,30484.863174865135,1.153282917105752,0.8,4847.054383308038,4324.433322199387,1.153282917105752,0.8,17892.472556813074,17892.472556813074,1.0,0.8,2034.6934298245008,2034.6934298245008,7.781619127673534,3.7143853052542912,-0.7868824452713667,4.501267750525658,3.5,3.5,1.0,0.6,0.00011991584837434919,1.01221738140735,0.00011846847384464251,204.2917188353106,0.0,2.615501799460171e-08,0.07412332099670124,0.022863979038817088,4.199132791327853e-05,7.792452046107065e-05,0.00030285234120564983,0.08765920562943466,0.08765920562943466,0.08765920562943466,0.08756894441963455,0.0,0.0,0.0,0.0,0.0,0.0,1.0,1.0,0.0,1.0,1.0,522023.8905205615,584.2017997903276,0.0,0.08765920562943466,0.08757205869297033,0.08757205869296719,0.375,0.375,0.5,2.951899626511009e-13,3.5072389437118545e-11,3.5072389437118545e-11,3.5072389437118545e-11,3.5072389437118545e-11,3.5072389437118545e-11,3.5072389437118545e-11,24484.94768458158,18496.5971630421,0.7554272690845729,0.8545400349327547,3.7779894669595904,0.7786002113928043,0.5423853537961418,35353.7532153836,15450.0,0.0,0.0,0.0,0.0,0.0,0.0,0.0,0.0,0.0,0.0,0.0,0.0,0.0,0.0,0.0,0.0,0.0,0.0,0.0,0.0,35353.8273387046,15450.0,1.0,0.0,0.0,6.0,0.9,143955.44449186765,23992.574081977942,257.72436122451614,257.72436122451614,-15.425638775483833,238.9081710607212,276.54055528864797,146906.431754512,147163.31238260458,-256.8806280925493,0.0,nan,276.54055528864797,3.390555288647988,269.01407621328025,-4.135923786719729,261.48759816228875,-11.66240183771123,253.9611211887032,-19.188878811296775,246.43464543345553,-26.71535456654445,238.9081710607212,-34.241828939278776,1.0,1.0,25732.562594343566,25732.562594343566,275.70100758088495,2.5510075808849706,275.70100758088495,275.70100758088495,78491.55145769537,78571.96262651001,-80.41116881463677,0.0,8648.866644398773,8648.866644398773,0.8907699858572793,3905.9156361922405,275.70100758088495,2.5510075808849706,1.0,0.002,1.3553028138433099,3.8892949619066015e-14,0.0020933642334217237,1.427087555198606e-14,1.0,1.0466821167108618,0.06044662760954611,9.336423343599435e-05,0.9999643537873598,0.9999643537873598,0.0,0.08756893708074324,3.121612225508197e-06,0.0,0.0,0.0,1600098.1421052096,266.61635338783043,0.0,1.0,1284495.278560957,2598.179532589635,,,,,,,,,,,,,,,,,12.0,15200.501253132832
1920.0,-36.4505277007248,3.6993074709892175,34.59203962284357,25.065506889391713,5.463329744215879,-32.255550440215956,-45.53178108818827,1.764875365992642,-6.547967264058059,-6.547967264044606,37.11093464115626,36317.52051561606,15832.039465627255,15832.039465627255,52149.559981243314,76587.10273417407,78533.17520106229,15832.039465627255,94365.21466668954,94365.21466668954,94365.21466668954,118835.62043228919,118835.62043228919,0.0,0.0,91037.2275091547,52722.38167051668,42572.05093182003,24470.405765599648,67042.45669741968,18483.989097923524,1450.0,0.0,0.8895322840728694,2.723882756572047,0.0014947306463915918,1.0,1.0,-6.547967264058059,333758.6777928425,1433687.9979006518,4.295582686813357,1433687.9979006518,4.295582686813357,0.7553609562089161,0.08753732770917533,3.8879702313425004,101325.0,128351.07116782667,1.2667265844345095,1.0,0.0,3.8879702313425004,1.283720687306778,1.2838727756549093,3.028673035954098,6417.39473238468,15200.501253132832,6459.149223686889,0.00033870099637579014,23415.104049734433,2387.676122807935,19306.82927586616,1968.7486833797639,0.8245459526832695,0.8245459526832695,34179.51097008999,30484.863174865135,1.1537241758417043,0.8,4848.537955630517,4324.433322199387,1.1537241758417043,0.8,17892.472556813074,17892.472556813074,1.0,0.8,2034.6934298245008,2034.6934298245008,7.781044177742701,3.6993074709892175,-0.8016277004755317,4.500935171464749,3.5,3.5,1.0,0.6,0.00011846847384464251,1.0114186188765661,0.00011713099960156106,204.38143795506878,0.0,9.856221015740864e-06,27.932530358609608,0.023159665669289314,4.1532058454232856e-05,7.693641539040965e-05,0.0002991264927441137,0.08762706591816784,0.08762706591816784,0.08762706591816784,0.08752453575757897,0.0,0.0,0.0,0.0,0.0,0.0,1.0,1.0,0.0,1.0,1.0,521893.77534281695,584.2439968502856,0.0,0.08762706591816784,0.08753732770917555,0.08753732770917509,0.375,0.375,0.5,1.1884935688683183e-18,-1.34718902700115e-11,-1.34718902700115e-11,-1.34718902700115e-11,-1.34718902700115e-11,-1.34718902700115e-11,-1.34718902700115e-11,24470.405765599648,18483.989097923524,0.7553609562089161,0.8530836480906048,3.7767719540524993,0.7778587263979311,0.5417092735656545,35353.7532153836,15450.0,0.0,0.0,0.0,0.0,0.0,0.0,0.0,0.0,0.0,0.0,0.0,0.0,0.0,0.0,0.0,0.0,0.0,0.0,0.0,0.0,35381.68574574221,15450.0,1.0,0.0,0.0,6.0,0.9,143955.44449186765,23992.574081977942,257.6653182333535,257.6653182333535,-15.484681766646474,238.8099146586365,276.52071830537386,147254.53501904264,147539.79749918982,-285.2624801471602,0.0,nan,276.52071830537386,3.3707183053738845,268.9785594567016,-4.171440543298388,261.4363998307787,-11.713600169221252,253.8942393297014,-19.25576067029857,246.35207781892905,-26.79792218107093,238.8099146586365,-34.340085341363476,1.0,1.0,25732.562594343566,25732.562594343566,275.6822022460174,2.532202246017448,275.6822022460174,275.6822022460174,78421.35349252514,78533.17520106229,-111.82170853714342,0.0,8648.866644398773,8648.866644398773,0.8906774407275757,3907.410082499213,275.6822022460174,2.532202246017448,1.0,0.002,1.3553028138543421,2.3752190247986397e-18,0.002093302627542521,8.719975209284815e-19,1.0,1.0466513137712605,0.0604085200030704,9.330262754252182e-05,0.9998537588650566,0.9998537588650566,0.0,0.08752452615102123,1.280155815410535e-05,0.0,0.0,0.0,1600081.3474714565,266.6020327359419,0.0,1.0,1284544.1544960688,2597.981758463813,,,,,,,,,,,,,,,,,15.0,15200.501253132832
1950.0,-36.53616810461762,3.684032328498656,34.59016229971639,25.047608382906787,5.4459826563577405,-32.33091527942512,-45.60423551648853,1.7486245019599165,-6.560222982607343,-6.560222982613958,37.079081519630954,36263.316271219854,15827.374455668987,15827.374455668987,52090.69072688884,76596.57997627067,78514.2330239413,15827.374455668987,94341.60747961029,94341.60747961029,94341.60747961029,118796.07616450932,118796.07616450932,0.0,0.0,91044.61573867303,52708.16071189703,42596.06114086223,24454.46868489903,67050.52982576126,18470.05572566885,1450.0,0.0,0.8895858311848646,2.7226384377294712,0.0014947306463915918,1.0,1.0,-6.560222982607343,333597.18202421116,1432396.577438238,4.293790998912816,1432396.577438238,4.293790998912816,0.755283460199418,0.08749581671249691,3.8885703565363285,101325.0,128351.07116782667,1.2667265844345095,1.0,0.0,3.8885703565363285,1.283799335784432,1.2839497163124773,3.028954952808353,6417.9920803697505,15200.501253132832,6458.753383372032,0.00033854845057977167,23413.3903699686,2387.5013761038276,19305.64608267542,1968.6280312517954,0.8245557681999777,0.8245557681999777,34183.73151044055,30484.863174865135,1.1539022582094831,0.8,4849.136660805113,4324.433322199387,1.1539022582094831,0.8,17892.472556813074,17892.472556813074,1.0,0.8,2034.6934298245008,2034.6934298245008,7.778751444159406,3.684032328498656,-0.8155766141222358,4.499608942620892,3.5,3.5,1.0,0.6,0.00011713099960156106,1.0094518178676406,0.00011603426486366413,204.45577258109583,0.0,9.111830300961833e-06,25.822927072925836,0.02343302057831817,4.11762627805921e-05,7.595473682096896e-05,0.00029535533804053824,0.08758584622881817,0.08758584622881817,0.08758584622881817,0.08748981927020537,0.0,0.0,0.0,0.0,0.0,0.0,1.0,1.0,0.0,1.0,1.0,521737.42090408766,584.2946990518133,0.0,0.08758584622881817,0.08749581671249644,0.08749581671249738,0.375,0.375,0.5,1.409038135930868e-12,6.59383658785373e-12,6.59383658785373e-12,6.59383658785373e-12,6.59383658785373e-12,6.59383658785373e-12,6.59383658785373e-12,24454.46868489903,18470.05572566885,0.755283460199418,0.8513302709210501,3.779430075657817,0.7768870859373173,0.5408356409032766,35353.7532153836,15450.0,0.0,0.0,0.0,0.0,0.0,0.0,0.0,0.0,0.0,0.0,0.0,0.0,0.0,0.0,0.0,0.0,0.0,0.0,0.0,0.0,35379.57614245653,15450.0,1.0,0.0,0.0,6.0,0.9,143955.44449186765,23992.574081977942,257.61282930955866,257.61282930955866,-15.537170690441314,238.72562894691654,276.5000306452828,147533.40639867494,147786.83303888194,-253.42664020703427,0.0,nan,276.5000306452828,3.3500306452828,268.94514898746706,-4.204851012532913,261.39026907977757,-11.75973092022241,253.8353891116494,-19.314610888350586,246.28050908625883,-26.869490913741146,238.72562894691654,-34.42437105308343,1.0,1.0,25732.562594343566,25732.562594343566,275.66775639342245,2.5177563934224736,275.66775639342245,275.66775639342245,78418.15157417586,78514.2330239413,-96.08144976543554,0.0,8648.866644398773,8648.866644398773,0.8906400893970703,3908.01320831901,275.66775639342245,2.5177563934224736,1.0,0.002,1.3553028138107044,3.213966528253794e-14,0.002093249909899094,1.1804602715829408e-14,1.0,1.046624954949547,0.06037590861758568,9.324990991089891e-05,0.9999313382878773,0.9999313382878773,0.0,0.08748980909991785,6.0076125790556965e-06,0.0,0.0,0.0,1600066.9721845125,266.58977701739263,0.0,1.0,1284585.9797470204,2597.8125318636667,,,,,,,,,,,,,,,,,9.0,15200.501253132832
1980.0,-36.54651587153788,3.6855113973913816,34.589731388385204,25.042223289515846,5.448789492755281,-32.32287743932486,-45.59825527304781,1.7437343803665717,-6.562647961816424,-6.5626479618281035,37.07820015276019,36199.42791717894,15833.4062099941,15833.4062099941,52032.83412717304,76568.17667345678,78497.70746918993,15833.4062099941,94331.11367918403,94331.11367918403,94331.11367918403,118784.49539594338,118784.49539594338,0.0,0.0,91046.97184948715,52706.226486648964,42600.82818093131,24453.38171675935,67054.20989769066,18469.160802963772,1450.0,0.0,0.8895767409564483,2.722392283645436,0.0014947306463915918,1.0,1.0,-6.562647961816424,333565.2349251117,1432360.856726861,4.294095147680599,1432360.856726861,4.294095147680599,0.7552804359286537,0.08749250812986721,3.8887614999491076,101325.0,128351.07116782667,1.2667265844345095,1.0,0.0,3.8887614999491076,1.2838244369267764,1.2839734123069366,3.0290446170802285,6418.182068202438,15200.501253132832,6458.627406565844,0.00033849991875893045,23412.845413810715,2387.445806040872,19305.269529571353,1968.5896335212692,0.8245588773325093,0.8245588773325093,34185.07575007332,30484.863174865135,1.1539589784936557,0.8,4849.327348052999,4324.433322199387,1.1539589784936557,0.8,17892.472556813074,17892.472556813074,1.0,0.8,2034.6934298245008,2034.6934298245008,7.781715897789963,3.6855113973913816,-0.8158123296858326,4.501323727077214,3.5,3.5,1.0,0.6,0.00011603426486366413,1.0011377879779866,0.00011590239251484085,204.46475772461858,0.0,7.474458271774714e-06,21.18261474220954,0.02365725432647141,4.120552218794084e-05,7.482874267572328e-05,0.00029099113360695145,0.08758580096991748,0.08758580096991748,0.08758580096991748,0.08748101537116941,0.0,0.0,0.0,0.0,0.0,0.0,1.0,1.0,0.0,1.0,1.0,521733.0947761123,584.2961018489135,0.0,0.08758580096991748,0.08749250812986674,0.08749250812986768,0.375,0.375,0.5,9.996356216517962e-11,1.1652900866465643e-11,1.1652900866465643e-11,1.1652900866465643e-11,1.1652900866465643e-11,1.1652900866465643e-11,1.1652900866465643e-11,24453.38171675935,18469.160802963772,0.7552804359286537,0.8497353094506805,3.7786832084710227,0.775981615569898,0.5398531721186628,35353.7532153836,15450.0,0.0,0.0,0.0,0.0,0.0,0.0,0.0,0.0,0.0,0.0,0.0,0.0,0.0,0.0,0.0,0.0,0.0,0.0,0.0,0.0,35374.93583012581,15450.0,1.0,0.0,0.0,6.0,0.9,143955.44449186765,23992.574081977942,257.6028353269749,257.6028353269749,-15.547164673025065,238.70649865546005,276.49919480766283,147686.47992823468,147740.81563456383,-54.335706329142425,0.0,nan,276.49919480766283,3.3491948076628546,268.94064278802284,-4.209357211977135,261.38209636861194,-11.767903631388037,253.8235561602803,-19.326443839719673,246.26502318181156,-26.88497681818842,238.70649865546005,-34.443501344539925,1.0,1.0,25732.562594343566,25732.562594343566,275.6634206951013,2.513420695101331,275.6634206951013,275.6634206951013,78417.30600783465,78497.70746918993,-80.4014613552863,0.0,8648.866644398773,8648.866644398773,0.8906281925200141,3908.205307448853,275.6634206951013,2.513420695101331,1.0,0.002,1.3553028137188194,9.999855966428068e-11,0.002093239479356033,3.673186986511162e-11,1.0,1.0466197396780164,0.060369456035572755,9.323951608790262e-05,0.9998685589313878,0.9998685589313878,0.0,0.08748100802110306,1.1500108764149717e-05,0.0,0.0,0.0,1600064.1275634726,266.58735203818355,0.0,1.0,1284594.2551630402,2597.7790510946397,,,,,,,,,,,,,,,,,10.0,15200.501253132832
2010.0,-36.609426394982705,3.672238404760416,34.588288456129725,25.018161709327273,5.432044321204553,-32.39628743428381,-45.66718357438219,1.721880862068247,-6.572298411987845,-6.5722984119105385,37.05526633723844,36225.09081364286,15827.809381756622,15827.809381756622,52052.90019539949,76554.91945397657,78482.5620963649,15827.809381756622,94310.37147812152,94310.37147812152,94310.37147812152,118752.02380063932,118752.02380063932,0.0,0.0,91056.5819799039,52701.53351019217,42616.72052190193,24441.652322517795,67058.37284441973,18458.931493577296,1450.0,0.0,0.8896111080230114,2.7214128627087644,0.0014947306463915918,1.0,1.0,-6.572298411987845,333438.12203840783,1431431.6145538986,4.292945287128914,1431431.6145538986,4.292945287128914,0.7552243706769083,0.08746101237099083,3.8895415297178273,101325.0,128351.07116782667,1.2667265844345095,1.0,0.0,3.8895415297178273,1.2839267787748758,1.2840755967075608,3.029410706293728,6418.957767316341,15200.501253132832,6458.112661502517,0.0003383016971197429,23410.620836463917,2387.2189622821165,19303.73092213033,1968.4327392259672,0.8245715078202122,0.8245715078202122,34190.561268669415,30484.863174865135,1.1541904461100467,0.8,4850.105496843446,4324.433322199387,1.1541904461100467,0.8,17892.472556813074,17892.472556813074,1.0,0.8,2034.6934298245008,2034.6934298245008,7.778965199254527,3.672238404760416,-0.8274941842251202,4.499732588985536,3.5,3.5,1.0,0.6,0.00011590239251484085,1.0069394906872988,0.00011510363193296776,204.5193999521836,0.0,8.987749284242781e-07,2.547128147154404,0.02368421757432414,4.086944351074154e-05,7.503294900409931e-05,0.0002918437712486442,0.08755656057388397,0.08755656057388397,0.08755656057388397,0.08745292122342586,0.0,0.0,0.0,0.0,0.0,0.0,1.0,1.0,0.0,1.0,1.0,521620.52866612584,584.3326014236305,0.0,0.08755656057388397,0.08746101237099045,0.08746101237099119,0.375,0.375,0.5,1.765767219012728e-11,-7.73070496506989e-11,-7.73070496506989e-11,-7.73070496506989e-11,-7.73070496506989e-11,-7.73070496506989e-11,-7.73070496506989e-11,24441.652322517795,18458.931493577296,0.7552243706769083,0.8500206109249014,3.7797251845621798,0.7762326759130582,0.5402023532197492,35353.7532153836,15450.0,0.0,0.0,0.0,0.0,0.0,0.0,0.0,0.0,0.0,0.0,0.0,0.0,0.0,0.0,0.0,0.0,0.0,0.0,0.0,0.0,35356.300343530755,15450.0,1.0,0.0,0.0,6.0,0.9,143955.44449186765,23992.574081977942,257.56682205894225,257.56682205894225,-15.583177941057727,238.65111065552153,276.4825405892045,147817.5086572649,147993.87313747153,-176.3644802066355,0.0,nan,276.4825405892045,3.332540589204541,268.9162505934914,-4.233749406508593,261.3499623556456,-11.800037644354404,253.7836760866383,-19.36632391336167,246.21739207315218,-26.932607926847794,238.65111065552153,-34.49888934447844,1.0,1.0,25732.562594343566,25732.562594343566,275.65201910542476,2.502019105424779,275.65201910542476,275.65201910542476,78384.68697848417,78482.5620963649,-97.8751178807288,0.0,8648.866644398773,8648.866644398773,0.890579641723481,3908.9892373664165,275.65201910542476,2.502019105424779,1.0,0.002,1.3553028137540162,4.999961672646559e-13,0.0020931979724335397,1.8372668521483893e-13,1.0,1.0465989862167697,0.06034377824687853,9.31979726172664e-05,0.9999073711505726,0.9999073711505726,0.0,0.08745291095804515,8.101412945680547e-06,0.0,0.0,0.0,1600052.8062774958,266.57770158801213,0.0,1.0,1284627.18689842,2597.6458216967244,,,,,,,,,,,,,,,,,12.0,15200.501253132832
2040.0,-36.611854150630705,3.6746461247643394,34.58804665861842,25.004015257023298,5.432716909035809,-32.396068388305785,-45.668106666393555,1.709035407670395,-6.575663400311214,-6.575663400298208,37.05502526088214,36223.24085767306,15836.728216221636,15836.728216221636,52059.969073894696,76506.13577172108,78457.68470699135,15836.728216221636,94294.41292321298,94294.41292321298,94294.41292321298,118734.93222585315,118734.93222585315,0.0,0.0,91062.37406989073,52703.5030820368,42620.967764282155,24440.51930264017,67061.48706692233,18458.02749291863,1450.0,0.0,0.8895949289971217,2.7210714166217405,0.0014947306463915918,1.0,1.0,-6.575663400311214,333393.8083575217,1431421.8489435206,4.29348660071247,1431421.8489435206,4.29348660071247,0.7552223937780534,0.08745898883761485,3.8900119370584196,101325.0,128351.07116782667,1.2667265844345095,1.0,0.0,3.8900119370584196,1.2839884314190526,1.2841362308450581,3.029631608720347,6419.425833050784,15200.501253132832,6457.801750402423,0.00033818203221510566,23409.27882569713,2387.082115268428,19302.80158804598,1968.3379735226586,0.8245790795937149,0.8245790795937149,34193.86927736299,30484.863174865135,1.1543300357388355,0.8,4850.574754748347,4324.433322199387,1.1543300357388355,0.8,17892.472556813074,17892.472556813074,1.0,0.8,2034.6934298245008,2034.6934298245008,7.783348579244003,3.6746461247643394,-0.8276220248366943,4.502268149601034,3.5,3.5,1.0,0.6,0.00011510363193296776,1.000266983362692,0.00011507290938066654,204.52150917814356,0.0,5.445401163671392e-06,15.432266897844725,0.023847579609234282,4.086496000505601e-05,7.423867192791175e-05,0.0002887893199909405,0.08755796677877017,0.08755796677877017,0.08755796677877017,0.08744035853925487,0.0,0.0,0.0,0.0,0.0,0.0,1.0,1.0,0.0,1.0,1.0,521619.3454205236,584.3329850779612,0.0,0.08755796677877017,0.08745898883761448,0.08745898883761521,0.375,0.375,0.5,9.998211342890209e-11,-1.3017142919125035e-11,-1.3017142919125035e-11,-1.3017142919125035e-11,-1.3017142919125035e-11,-1.3017142919125035e-11,-1.3017142919125035e-11,24440.51930264017,18458.02749291863,0.7552223937780534,0.8498925002831443,3.7782693094400597,0.7763020378886432,0.5401496811653608,35353.7532153836,15450.0,0.0,0.0,0.0,0.0,0.0,0.0,0.0,0.0,0.0,0.0,0.0,0.0,0.0,0.0,0.0,0.0,0.0,0.0,0.0,0.0,35369.18548228144,15450.0,1.0,0.0,0.0,6.0,0.9,143955.44449186765,23992.574081977942,257.5615091189067,257.5615091189067,-15.588490881093264,238.64217766531198,276.4808596357338,147917.24895464515,147951.72595423702,-34.47699959185795,0.0,nan,276.4808596357338,3.330859635733816,268.91311258813033,-4.236887411869645,261.3453701285515,-11.80462987144847,253.77763292172025,-19.372367078279723,246.2099017739926,-26.940098226007365,238.64217766531198,-34.507822334688,1.0,1.0,25732.562594343566,25732.562594343566,275.645777741392,2.4957777413920326,275.645777741392,275.645777741392,78364.06738751617,78457.68470699135,-93.61731947517546,0.0,8648.866644398773,8648.866644398773,0.8905503615183122,3909.4619967437116,275.645777741392,2.4957777413920326,1.0,0.002,1.3553028137188161,9.999934675002692e-11,0.0020931835001271938,3.674998956644424e-11,1.0,1.0465917500635968,0.06033482487649988,9.318353687718349e-05,0.999786905820611,0.999786905820611,0.0,0.08744035183615831,1.863700145654088e-05,0.0,0.0,0.0,1600048.8583787142,266.57433659968876,0.0,1.0,1284638.6693516339,2597.599370337933,,,,,,,,,,,,,,,,,12.0,15200.501253132832
2070.0,-36.68227041291028,3.660091332345849,34.58652914019046,25.00460942918437,5.416579702544929,-32.46452661522016,-45.73225836558265,1.709572071099444,-6.5823694710121,-6.58236947100416,37.02739423225104,36192.19085860889,15824.60194117576,15824.60194117576,52016.79279978465,76571.15539681869,78467.34445829967,15824.60194117576,94291.94639947543,94291.94639947543,94291.94639947543,118719.85661439256,118719.85661439256,0.0,0.0,91062.14104051575,52689.5047661318,42636.26252709328,24427.910214917127,67064.1727420104,18446.908072769013,1450.0,0.0,0.8896612755351977,2.7203910510937503,0.0014947306463915918,1.0,1.0,-6.5823694710121,333305.50961986854,1430302.8951945677,4.291266882524124,1430302.8951945677,4.291266882524124,0.7551570277798155,0.08742950508595161,3.8899926016505675,101325.0,128351.07116782667,1.2667265844345095,1.0,0.0,3.8899926016505675,1.283985987845117,1.2841337475404633,3.029622315566737,6419.406141973432,15200.501253132832,6457.814834811556,0.0003381870672480939,23409.335277881266,2387.0878717891705,19302.840698220487,1968.3419616505623,0.8245787618095728,0.8245787618095728,34193.733308065646,30484.863174865135,1.1543242981106745,0.8,4850.555466810039,4324.433322199387,1.1543242981106745,0.8,17892.472556813074,17892.472556813074,1.0,0.8,2034.6934298245008,2034.6934298245008,7.7773888238980025,3.660091332345849,-0.838729404306819,4.498820736652668,3.5,3.5,1.0,0.6,0.00011507290938066654,1.0077751793895044,0.00011418509974652882,204.5827043553276,0.0,2.0944742541499439e-07,0.5935740036260941,0.02385386303199673,4.055448565365993e-05,7.451842372700661e-05,0.0002898761169847178,0.08752015699029773,0.08752015699029773,0.08752015699029773,0.0874250150361747,0.0,0.0,0.0,0.0,0.0,0.0,1.0,1.0,0.0,1.0,1.0,521483.73153812875,584.3769545645706,0.0,0.08752015699029773,0.08742950508595179,0.08742950508595143,0.375,0.375,0.5,2.7147384219800197e-11,-7.958078640513122e-12,-7.958078640513122e-12,-7.958078640513122e-12,-7.958078640513122e-12,-7.958078640513122e-12,-7.958078640513122e-12,24427.910214917127,18446.908072769013,0.7551570277798155,0.8488593679056767,3.7823848427923292,0.7756271444648752,0.5396650607745042,35353.7532153836,15450.0,0.0,0.0,0.0,0.0,0.0,0.0,0.0,0.0,0.0,0.0,0.0,0.0,0.0,0.0,0.0,0.0,0.0,0.0,0.0,0.0,35354.34678938723,15450.0,1.0,0.0,0.0,6.0,0.9,143955.44449186765,23992.574081977942,257.5229899040066,257.5229899040066,-15.627010095993398,238.58181666281095,276.46417101416256,148031.3976491727,148218.06816702185,-186.670517849151,0.0,nan,276.46417101416256,3.314171014162582,268.88769449194336,-4.262305508056613,261.31122232450514,-11.838777675494839,253.7347517916537,-19.41524820834627,246.15828313896384,-26.99171686103614,238.58181666281095,-34.568183337189026,1.0,1.0,25732.562594343566,25732.562594343566,275.64018855127927,2.4901885512792887,275.64018855127927,275.64018855127927,78385.31152944628,78467.34445829967,-82.0329288533976,0.0,8648.866644398773,8648.866644398773,0.8905515650532738,3909.44256465882,275.64018855127927,2.4901885512792887,1.0,0.002,1.3553028137406056,2.6411592865047604e-12,0.0020931546595501904,9.708748564416763e-13,1.0,1.046577329775095,0.06031698213286929,9.315466052106517e-05,0.9999485304006204,0.9999485304006204,0.0,0.08742500512435088,4.499961600733052e-06,0.0,0.0,0.0,1600040.9901480887,266.5676305289879,0.0,1.0,1284661.5520339687,2597.506803832216,,,,,,,,,,,,,,,,,8.0,15200.501253132832
2100.0,-36.67720576900189,3.6559136631352285,34.58582495768184,24.994442250486486,5.419139884457601,-32.423022110536465,-45.694642689172156,1.700340241278786,-6.584661273986853,-6.584661274094051,37.02624466348354,36066.04619058969,15821.688278019237,15821.688278019237,51887.73446860893,76528.0253687412,78460.76330105875,15821.688278019237,94282.45157907798,94282.45157907798,94282.45157907798,118709.21525958399,118709.21525958399,0.0,0.0,91066.36495619622,52697.42529906579,42632.15517458937,24426.76368050601,67058.91885509537,18445.9549286723,1450.0,0.0,0.889653837044348,2.7201585666452166,0.0014947306463915918,1.0,1.0,-6.584661273986853,333275.33769760205,1430256.3562939803,4.291515736432096,1430256.3562939803,4.291515736432096,0.7551534525792811,0.0874256944271936,3.8903356342997775,101325.0,128351.07116782667,1.2667265844345095,1.0,0.0,3.8903356342997775,1.2840309476783291,1.2841775725132094,3.0297833874907276,6419.747434052267,15200.501253132832,6457.587993445596,0.00033809978793109474,23408.356891702297,2386.9881041642457,19302.162654197407,1968.2728204022178,0.824584260377522,0.824584260377522,34196.14554164911,30484.863174865135,1.154426090315076,0.8,4850.8976544468815,4324.433322199387,1.154426090315076,0.8,17892.472556813074,17892.472556813074,1.0,0.8,2034.6934298245008,2034.6934298245008,7.77595683266344,3.6559136631352285,-0.8420787399974614,4.49799240313269,3.5,3.5,1.0,0.6,0.00011418509974652882,0.999442939933584,0.00011424874315898091,204.57832271577897,0.0,6.054349863486965e-06,17.158027513122057,0.02403549352790134,4.073626781562957e-05,7.344883193089924e-05,0.0002857406081584727,0.08751964107048954,0.08751964107048954,0.08751964107048954,0.0874168127985572,0.0,0.0,0.0,0.0,0.0,0.0,1.0,1.0,0.0,1.0,1.0,521478.0895992669,584.3787837472206,0.0,0.08751964107048954,0.08742569442719378,0.08742569442719342,0.375,0.375,0.5,9.974040985715364e-11,1.0720668797148392e-10,1.0720668797148392e-10,1.0720668797148392e-10,1.0720668797148392e-10,1.0720668797148392e-10,1.0720668797148392e-10,24426.76368050601,18445.9549286723,0.7551534525792811,0.8459822414065201,3.780677410018951,0.7737633614513055,0.5378262400639533,35353.7532153836,15450.0,0.0,0.0,0.0,0.0,0.0,0.0,0.0,0.0,0.0,0.0,0.0,0.0,0.0,0.0,0.0,0.0,0.0,0.0,0.0,0.0,35370.91124289672,15450.0,1.0,0.0,0.0,6.0,0.9,143955.44449186765,23992.574081977942,257.5213672523923,257.5213672523923,-15.628632747607696,238.57838734266537,276.46435772333507,148122.5811901483,148135.38345699402,-12.802266845698554,0.0,nan,276.46435772333507,3.3143577233350925,268.8871575575583,-4.262842442441695,261.30996027036787,-11.84003972963211,253.7327658752069,-19.417234124793083,246.1555747452203,-26.994425254779685,238.57838734266537,-34.57161265733461,1.0,1.0,25732.562594343566,25732.562594343566,275.6371358210631,2.4871358210631342,275.6371358210631,275.6371358210631,78365.57326894761,78460.76330105875,-95.19003211113159,0.0,8648.866644398773,8648.866644398773,0.8905302127531356,3909.7873124712764,275.6371358210631,2.4871358210631342,1.0,0.002,1.355302813718835,9.99882602990996e-11,0.002093144803552706,3.675824672340971e-11,1.0,1.046572401776353,0.060310884428064204,9.314484031095263e-05,0.9998982853686814,0.9998982853686814,0.0,0.08741680195491716,8.892472276433136e-06,0.0,0.0,0.0,1600038.3010297748,266.5653387260131,0.0,1.0,1284669.3720037807,2597.4751710781693,,,,,,,,,,,,,,,,,14.0,15200.501253132832
2130.0,-36.73035290274358,3.644758025920345,34.584886510154355,24.989918048400455,5.4075330834479995,-32.5121653358083,-45.778124558832474,1.6962249172573163,-6.591961741341663,-6.591961741329822,37.00852062480466,36183.78188718718,15815.732040401508,15815.732040401508,51999.51392758869,76558.56987913183,78450.79335139148,15815.732040401508,94266.52539179298,94266.52539179298,94266.52539179298,118684.27399299153,118684.27399299153,0.0,0.0,91068.16337326592,52681.71858393024,42651.605321484094,24417.74860119855,67069.35392268264,18438.093464233967,1450.0,0.0,0.8896811992636743,2.719418099243299,0.0014947306463915918,1.0,1.0,-6.591961741341663,333179.2402860848,1429538.9651702917,4.290600350558504,1429538.9651702917,4.290600350558504,0.7551102996993314,0.08740468536997795,3.8904807514934596,101325.0,128351.07116782667,1.2667265844345095,1.0,0.0,3.8904807514934596,1.284050173714288,1.2841968007446094,3.0298510378607095,6419.890777068436,15200.501253132832,6457.492683002842,0.00033806312387874894,23407.946007265837,2386.9462056120938,19301.87776490584,1968.2437697792661,0.8245865638494949,0.8245865638494949,34197.16600479298,30484.863174865135,1.1544691526855984,0.8,4851.042412348471,4324.433322199387,1.1544691526855984,0.8,17892.472556813074,17892.472556813074,1.0,0.8,2034.6934298245008,2034.6934298245008,7.77302949357126,3.644758025920345,-0.851541061613843,4.496299087534188,3.5,3.5,1.0,0.6,0.00011418509974652882,1.0053052737896415,0.00011358251341514583,204.62451013916686,0.0,0.0,0.0,0.02403549352790134,4.033384873630526e-05,7.385125101022356e-05,0.00028731687052898665,0.08749696458498189,0.08749696458498189,0.08749696458498189,0.0873957045110974,0.0,0.0,0.0,0.0,0.0,0.0,1.0,1.0,0.0,1.0,1.0,521391.1040401202,584.4069846945415,0.0,0.08749696458498189,0.08740468536997924,0.08740468536997666,0.375,0.375,0.5,1.9293898907016576e-11,-1.1823431123048067e-11,-1.1823431123048067e-11,-1.1823431123048067e-11,-1.1823431123048067e-11,-1.1823431123048067e-11,-1.1823431123048067e-11,24417.74860119855,18438.093464233967,0.7551102996993314,0.8483568581874924,3.78308022693784,0.7753095994861317,0.5394979938065266,35353.7532153836,15450.0,0.0,0.0,0.0,0.0,0.0,0.0,0.0,0.0,0.0,0.0,0.0,0.0,0.0,0.0,0.0,0.0,0.0,0.0,0.0,0.0,35353.7532153836,15450.0,1.0,0.0,0.0,6.0,0.9,143955.44449186765,23992.574081977942,257.4929626388991,257.4929626388991,-15.65703736110089,238.53355471417228,276.4523845913532,148210.74662867544,148350.62488859356,-139.87825991810803,0.0,nan,276.4523845913532,3.3023845913532455,268.8686124173068,-4.281387582693185,261.28484010783865,-11.86515989216133,253.7010729932119,-19.448927006788068,246.1173110095116,-27.032688990488367,238.53355471417228,-34.616445285827695,1.0,1.0,25732.562594343566,25732.562594343566,275.6286826074529,2.4786826074529245,275.6286826074529,275.6286826074529,78381.38187330881,78450.79335139148,-69.41147808266396,0.0,8648.866644398773,8648.866644398773,0.8905211797146655,3909.933155250927,275.6286826074529,2.4786826074529245,1.0,0.002,1.3553028137652658,9.523773741007182e-12,0.0020931134088743855,3.5021366109372562e-12,1.0,1.0465567044371926,0.06029146080268788,9.311341237652196e-05,0.9998971867479224,0.9998971867479224,0.0,0.08739569901002824,8.986359949708252e-06,0.0,0.0,0.0,1600029.7344288724,266.5580382586583,0.0,1.0,1284694.281602343,2597.374412355321,,,,,,,,,,,,,,,,,11.0,15200.501253132832
2160.0,-36.73114385589795,3.6456115972350123,34.5848086478583,24.96219113180416,5.408475961103578,-32.510142808651764,-45.777081221435196,1.671035432828591,-6.593462489488672,-6.593462489513875,37.008703576017865,36184.81762330425,15819.369464027031,15819.369464027031,52004.18708733128,76464.18349365643,78439.70361935544,15819.369464027031,94259.07308338246,94259.07308338246,94259.07308338246,118676.42815703193,118676.42815703193,0.0,0.0,91079.32623080203,52691.01785643359,42653.6759715205,24417.355073649465,67071.03104516996,18437.79070786419,1450.0,0.0,0.8896729312183025,2.719265901993444,0.0014947306463915918,1.0,1.0,-6.593462489488672,333159.4883579402,1429546.368838875,4.290876948709315,1429546.368838875,4.290876948709315,0.7551100703680124,0.08740411145190531,3.8913858716385823,101325.0,128351.07116782667,1.2667265844345095,1.0,0.0,3.8913858716385823,1.2841691108649145,1.284314977613754,3.030275248575052,6420.789628668238,15200.501253132832,6456.894528664755,0.00033783312728945903,23405.370023726384,2386.683528394139,19300.08984156081,1968.0614523370173,0.8246009279919955,0.8246009279919955,34203.53063184868,30484.863174865135,1.154737739874114,0.8,4851.945267157598,4324.433322199387,1.154737739874114,0.8,17892.472556813074,17892.472556813074,1.0,0.8,2034.6934298245008,2034.6934298245008,7.7748171946431786,3.6456115972350123,-0.8517215837250536,4.497333180960066,3.5,3.5,1.0,0.6,0.00011358251341514583,1.0000870623681437,0.00011357262551341232,204.62519797508105,0.0,4.110131095860048e-06,11.648111525667376,0.02415879746077714,4.033885527151658e-05,7.324365814362925e-05,0.00028501933648724504,0.08749802638832216,0.08749802638832216,0.08749802638832216,0.0873900011030899,0.0,0.0,0.0,0.0,0.0,0.0,1.0,1.0,0.0,1.0,1.0,521392.0019060804,584.406693611607,0.0,0.08749802638832216,0.0874041114519066,0.08740411145190402,0.375,0.375,0.5,9.99908029706175e-11,2.518163455533795e-11,2.518163455533795e-11,2.518163455533795e-11,2.518163455533795e-11,2.518163455533795e-11,2.518163455533795e-11,24417.355073649465,18437.79070786419,0.7551100703680124,0.848339956618617,3.779424621517394,0.7753598875244411,0.5394999459443982,35353.7532153836,15450.0,0.0,0.0,0.0,0.0,0.0,0.0,0.0,0.0,0.0,0.0,0.0,0.0,0.0,0.0,0.0,0.0,0.0,0.0,0.0,0.0,35365.40132690927,15450.0,1.0,0.0,0.0,6.0,0.9,143955.44449186765,23992.574081977942,257.48951722423584,257.48951722423584,-15.660482775764137,238.5273882667831,276.4516840975849,148307.6713859474,148334.90045056338,-27.22906461594636,0.0,nan,276.4516840975849,3.301684097584939,268.866803991362,-4.283196008637958,261.2819324512524,-11.868067548747604,253.69707160744636,-19.452928392553616,246.1122229309863,-27.037777069013686,238.5273882667831,-34.62261173321687,1.0,1.0,25732.562594343566,25732.562594343566,275.6258996413215,2.4758996413215186,275.6258996413215,275.6258996413215,78307.79054117184,78439.70361935544,-131.91307818359928,0.0,8648.866644398773,8648.866644398773,0.8904648375356723,3910.842800996775,275.6258996413215,2.4758996413215186,1.0,0.002,1.3553028137188134,9.999962118975579e-11,0.002093106955233025,3.6774491430510693e-11,1.0,1.0465534776165124,0.060287467913966,9.310699200751641e-05,0.9998384014711509,0.9998384014711509,0.0,0.08738998707607933,1.4124375825992086e-05,0.0,0.0,0.0,1600027.9733093018,266.5565375105113,0.0,1.0,1284699.402111139,2597.3537007215564,,,,,,,,,,,,,,,,,10.0,15200.501253132832
2190.0,-36.799279487632354,3.6341402078590077,34.58358783001295,24.970813106652372,5.394548402294733,-32.573966332023964,-45.836871082987614,1.6788713726105489,-6.600486547664502,-6.600486547710903,36.98610814329251,36143.37871897383,15812.498337355513,15812.498337355513,51955.877056329344,76546.89525066271,78437.97907518256,15812.498337355513,94250.47741253808,94250.47741253808,94250.47741253808,118657.04464703368,118657.04464703368,0.0,0.0,91075.89475630525,52674.54337930104,42668.168196671344,24406.5672344956,67074.73543116695,18428.327255177628,1450.0,0.0,0.8897193812611222,2.7185536518184295,0.0014947306463915918,1.0,1.0,-6.600486547664502,333067.05424059014,1428632.196639255,4.289323061077323,1428632.196639255,4.289323061077323,0.7550560911790788,0.08737511490196745,3.8911080134476874,101325.0,128351.07116782667,1.2667265844345095,1.0,0.0,3.8911080134476874,1.2841325169583047,1.2842783668524627,3.0301452241583804,6420.514122531813,15200.501253132832,6457.077959629712,0.0003379036397766255,23406.159490188023,2386.764031569193,19300.638128990267,1968.1173620951363,0.8245965399441625,0.8245965399441625,34201.57681913128,30484.863174865135,1.1546552876707237,0.8,4851.668108858676,4324.433322199387,1.1546552876707237,0.8,17892.472556813074,17892.472556813074,1.0,0.8,2034.6934298245008,2034.6934298245008,7.7714402108819876,3.6341402078590077,-0.8612395611119981,4.495379768971006,3.5,3.5,1.0,0.6,0.00011357262551341232,1.0075299356818321,0.00011272382238107258,204.68446700664867,0.0,6.744379499256995e-08,0.19113571500894325,0.024160820774626918,4.005287590527304e-05,7.351974960813929e-05,0.00028607328684689825,0.08746792056296314,0.08746792056296314,0.08746792056296314,0.08737167272804167,0.0,0.0,0.0,0.0,0.0,0.0,1.0,1.0,0.0,1.0,1.0,521281.1134924416,584.4426417966221,0.0,0.08746792056296314,0.08737511490196846,0.08737511490196642,0.375,0.375,0.5,3.0208364049829144e-11,4.638422979041934e-11,4.638422979041934e-11,4.638422979041934e-11,4.638422979041934e-11,4.638422979041934e-11,4.638422979041934e-11,24406.5672344956,18428.327255177628,0.7550560911790788,0.8470806281717402,3.7842025345325863,0.7745968243087177,0.5388523486024731,35353.7532153836,15450.0,0.0,0.0,0.0,0.0,0.0,0.0,0.0,0.0,0.0,0.0,0.0,0.0,0.0,0.0,0.0,0.0,0.0,0.0,0.0,0.0,35353.94435109861,15450.0,1.0,0.0,0.0,6.0,0.9,143955.44449186765,23992.574081977942,257.4531363477612,257.4531363477612,-15.69686365223879,238.46921290378233,276.4370678249296,148413.47796751154,148589.48398582338,-176.0060183118397,0.0,nan,276.4370678249296,3.287067824929636,268.84349237325296,-4.30650762674702,261.24991879626765,-11.900081203732327,253.656347473224,-19.493652526775975,246.0627787151105,-27.087221284889466,238.46921290378233,-34.68078709621764,1.0,1.0,25732.562594343566,25732.562594343566,275.6186761877304,2.4686761877304093,275.6186761877304,275.6186761877304,78358.89837857065,78437.97907518256,-79.08069661191257,0.0,8648.866644398773,8648.866644398773,0.8904821340274058,3910.563553514926,275.6186761877304,2.4686761877304093,1.0,0.002,1.3553028137478063,1.7145120819898377e-11,0.0020930767511327646,6.3067067699967165e-12,1.0,1.0465383755663822,0.06026878022340565,9.307675743947148e-05,0.999960507278156,0.999960507278156,0.0,0.08737166422085854,3.45068110891123e-06,0.0,0.0,0.0,1600019.7301906135,266.5495134523355,0.0,1.0,1284723.3674168768,2597.2567680923235,,,,,,,,,,,,,,,,,8.0,15200.501253132832
2220.0,-36.853387484278294,3.6256343767026715,34.58272469119475,24.94584663016724,5.390554770143844,-32.616257336972986,-45.87767771501092,1.6561881309939177,-6.606386445915234,-6.606386445930049,36.97689288594907,36093.646705621046,15808.472170967552,15808.472170967552,51902.118876588596,76480.87388394264,78423.35604196887,15808.472170967552,94231.82821293642,94231.82821293642,94231.82821293642,118633.05984327743,118633.05984327743,0.0,0.0,91086.00612619058,52672.50373120912,42681.669327757176,24401.231630341,67082.90095809818,18423.73004470115,1450.0,0.0,0.8897229495845721,2.7179555070330603,0.0014947306463915918,1.0,1.0,-6.606386445915234,332989.4292484619,1428259.4903427646,4.289203695043007,1428259.4903427646,4.289203695043007,0.7550327919428748,0.08736416112044548,3.8919276350227623,101325.0,128351.07116782667,1.2667265844345095,1.0,0.0,3.8919276350227623,1.284240265063327,1.2843850370714476,3.0305292092915717,6421.3277409520915,15200.501253132832,6456.536022545436,0.0003376953619444072,23403.82830002384,2386.5263163285977,19299.018242778937,1967.952179671849,0.8246094611264636,0.8246094611264636,34207.34006389201,30484.863174865135,1.1548985038400714,0.8,4852.485654522054,4324.433322199387,1.1548985038400714,0.8,17892.472556813074,17892.472556813074,1.0,0.8,2034.6934298245008,2034.6934298245008,7.769461452643059,3.6256343767026715,-0.868600782065645,4.4942351587683165,3.5,3.5,1.0,0.6,0.00011272382238107258,1.0059781547388704,0.00011205394654949856,204.73155681686265,0.0,5.791227224551136e-06,16.412337954377918,0.02433455759136345,3.985877439470442e-05,7.286504798636816e-05,0.0002835854938854059,0.08745723723493103,0.08745723723493103,0.08745723723493103,0.08735279927305677,0.0,0.0,0.0,0.0,0.0,0.0,1.0,1.0,0.0,1.0,1.0,521235.89064733096,584.4573016014375,0.0,0.08745723723493103,0.08736416112044555,0.0873641611204454,0.375,0.375,0.5,3.6161299437580667e-12,1.4836132322670892e-11,1.4836132322670892e-11,1.4836132322670892e-11,1.4836132322670892e-11,1.4836132322670892e-11,1.4836132322670892e-11,24401.231630341,18423.73004470115,0.7550327919428748,0.8456474939734435,3.782159337406383,0.7737011687823113,0.5380454063572195,35353.7532153836,15450.0,0.0,0.0,0.0,0.0,0.0,0.0,0.0,0.0,0.0,0.0,0.0,0.0,0.0,0.0,0.0,0.0,0.0,0.0,0.0,0.0,35370.165553337974,15450.0,1.0,0.0,0.0,6.0,0.9,143955.44449186765,23992.574081977942,257.4231610448248,257.4231610448248,-15.726838955175197,238.4167367784936,276.42958238608423,148635.960523956,148782.3920626192,-146.43153866322666,0.0,nan,276.42958238608423,3.2795823860842575,268.8270149338701,-4.322985066129888,261.2244467588253,-11.925553241174669,253.6218777359026,-19.52812226409739,246.0193076757729,-27.130692324227084,238.4167367784936,-34.73326322150638,1.0,1.0,25732.562594343566,25732.562594343566,275.6110855439124,2.461085543912418,275.6110855439124,275.6110855439124,78310.39630519669,78423.35604196887,-112.95973677218717,0.0,8648.866644398773,8648.866644398773,0.890431112366223,3911.3872731978763,275.6110855439124,2.461085543912418,1.0,0.002,1.3553028138445729,2.7614624694125873e-12,0.002093051382352529,1.0160072327384278e-12,1.0,1.0465256911762644,0.06025308379804928,9.305138336853595e-05,0.9998698151738276,0.9998698151738276,0.0,0.08735278763231631,1.137348812916636e-05,0.0,0.0,0.0,1600012.80579345,266.54361355408474,0.0,1.0,1284743.4964812938,2597.175355975933,,,,,,,,,,,,,,,,,13.0,15200.501253132832
2250.0,-36.905083827587596,3.6163269764874513,34.581641848982194,24.94621012536811,5.3800199949043455,-32.67037134783773,-45.929308981262125,1.656520160338397,-6.612737273387097,-6.612737273375901,36.95764621843212,36088.99756599536,15803.904266038875,15803.904266038875,51892.90183203424,76523.38133974347,78418.77383179637,15803.904266038875,94222.67809783525,94222.67809783525,94222.67809783525,118614.60718714478,118614.60718714478,0.0,0.0,91085.99142585097,52658.00562330629,42697.76200282742,24391.929089309528,67089.69109213694,18415.58278246392,1450.0,0.0,0.8897606525705252,2.717311762208403,0.0014947306463915918,1.0,1.0,-6.612737273387097,332905.8872719872,1427481.3063399533,4.287942511433232,1427481.3063399533,4.287942511433232,0.7549867300383013,0.08733951444593432,3.8919265776086225,101325.0,128351.07116782667,1.2667265844345095,1.0,0.0,3.8919265776086225,1.2842400963670813,1.284384008029995,3.0305287840009725,6421.3268398123455,15200.501253132832,6456.536623168828,0.00033769559269700134,23403.830881572892,2386.52657957334,19299.020038082446,1967.9523627418587,0.8246094468781012,0.8246094468781012,34207.332628743265,30484.863174865135,1.154898190060854,0.8,4852.484599808283,4324.433322199387,1.154898190060854,0.8,17892.472556813074,17892.472556813074,1.0,0.8,2034.6934298245008,2034.6934298245008,7.767216443708683,3.6163269764874513,-0.8766095596998627,4.4929365361873135,3.5,3.5,1.0,0.6,0.00011205394654949856,1.0057134980305862,0.00011141736366164466,204.77656680106782,0.0,4.571490729071296e-06,12.955604726188055,0.024471702313235588,3.961443307912274e-05,7.243951347037583e-05,0.0002819292677443935,0.08743178916427512,0.08743178916427512,0.08743178916427512,0.08733581065089999,0.0,0.0,0.0,0.0,0.0,0.0,1.0,1.0,0.0,1.0,1.0,521141.4427145808,584.4879173182214,0.0,0.08743178916427512,0.0873395144459344,0.08733951444593427,0.375,0.375,0.5,2.2336900722566122e-11,-1.1198153515579179e-11,-1.1198153515579179e-11,-1.1198153515579179e-11,-1.1198153515579179e-11,-1.1198153515579179e-11,-1.1198153515579179e-11,24391.929089309528,18415.58278246392,0.7549867300383013,0.845219886784829,3.7851571832523683,0.7734854787267935,0.5379216535135466,35353.7532153836,15450.0,0.0,0.0,0.0,0.0,0.0,0.0,0.0,0.0,0.0,0.0,0.0,0.0,0.0,0.0,0.0,0.0,0.0,0.0,0.0,0.0,35366.70882010979,15450.0,1.0,0.0,0.0,6.0,0.9,143955.44449186765,23992.574081977942,257.3921511248544,257.3921511248544,-15.757848875145555,238.36671498612483,276.41758714943467,148779.1293254264,148928.9402758601,-149.81095043374378,0.0,nan,276.41758714943467,3.2675871494346893,268.80741278431117,-4.342587215688809,261.19723838988284,-11.952761610117136,253.58706395926143,-19.56293604073855,245.9768894801115,-27.173110519888468,238.36671498612483,-34.783285013875144,1.0,1.0,25732.562594343566,25732.562594343566,275.6042049117695,2.454204911769523,275.6042049117695,275.6042049117695,78335.61081114314,78418.77383179637,-83.16302065322816,0.0,8648.866644398773,8648.866644398773,0.8904311781919978,3911.3862104966656,275.6042049117695,2.454204911769523,1.0,0.002,1.3553028137552696,1.1374645175884296e-11,0.002093024075578775,4.185991930757214e-12,1.0,1.0465120377893875,0.06023618784415263,9.302407976476698e-05,0.9999574741473951,0.9999574741473951,0.0,0.08733580025861641,3.714187317910556e-06,0.0,0.0,0.0,1600005.3516116317,266.5372627266129,0.0,1.0,1284765.163262629,2597.087728679271,,,,,,,,,,,,,,,,,10.0,15200.501253132832
2280.0,-36.877716926100625,3.6132879353427367,34.581319830930845,24.938972980622225,5.379058733736207,-32.63821261518506,-45.900089596956946,1.6499457769335117,-6.61305452680017,-6.61305452679204,36.95779352041474,36082.4345800012,15799.69910399823,15799.69910399823,51882.13368399943,76503.53918979096,78421.2624945882,15799.69910399823,94220.96159858642,94220.96159858642,94220.96159858642,118612.84920716136,118612.84920716136,0.0,0.0,91088.9987948151,52664.15779098209,42694.26778203667,24391.88760857494,67086.15539061162,18415.556214315842,1450.0,0.0,0.8897585109735999,2.7172796073143552,0.0014947306463915918,1.0,1.0,-6.61305452680017,332901.7143932667,1427487.2608546317,4.288014146927157,1427487.2608546317,4.288014146927157,0.7549869247446792,0.08733960430559903,3.8921704220815037,101325.0,128351.07116782667,1.2667265844345095,1.0,0.0,3.8921704220815037,1.2842721351135002,1.2844152327784422,3.030643051161057,6421.568958212882,15200.501253132832,6456.375216439538,0.00033763358844438463,23403.137303042702,2386.455854246119,19298.537582567264,1967.9031659707714,0.8246132701216179,0.8246132701216179,34209.04719690218,30484.863174865135,1.154970548964541,0.8,4852.727820046375,4324.433322199387,1.154970548964541,0.8,17892.472556813074,17892.472556813074,1.0,0.8,2034.6934298245008,2034.6934298245008,7.765149713665223,3.6132879353427367,-0.8784531034627294,4.491741038805467,3.5,3.5,1.0,0.6,0.00011141736366164466,0.996988243215581,0.0001117539393466575,204.75284797947106,0.0,4.345241941967752e-06,12.314415663536609,0.02460205957149462,3.975254076133994e-05,7.166482290030471e-05,0.0002789317039962752,0.08743217611368069,0.08743217611368069,0.08743217611368069,0.08733456696669582,0.0,0.0,0.0,0.0,0.0,0.0,1.0,1.0,0.0,1.0,1.0,521142.165545179,584.4876830161074,0.0,0.08743217611368069,0.08733960430559909,0.08733960430559896,0.375,0.375,0.5,9.986352657591623e-11,-8.128608897095546e-12,-8.128608897095546e-12,-8.128608897095546e-12,-8.128608897095546e-12,-8.128608897095546e-12,-8.128608897095546e-12,24391.88760857494,18415.556214315842,0.7549869247446792,0.8451353414516841,3.7841777469218942,0.773365732197855,0.537852174862457,35353.7532153836,15450.0,0.0,0.0,0.0,0.0,0.0,0.0,0.0,0.0,0.0,0.0,0.0,0.0,0.0,0.0,0.0,0.0,0.0,0.0,0.0,0.0,35366.06763104714,15450.0,1.0,0.0,0.0,6.0,0.9,143955.44449186765,23992.574081977942,257.3997253763802,257.3997253763802,-15.75027462361976,238.38304721934702,276.4164025367149,148778.75645383724,148748.50893771535,30.247516121894403,0.0,nan,276.4164025367149,3.2664025367149065,268.80973258673265,-4.340267413267327,261.20306136206136,-11.946938637938615,253.5963899843384,-19.553610015661576,245.9897185690871,-27.160281430912875,238.38304721934702,-34.76695278065296,1.0,1.0,25732.562594343566,25732.562594343566,275.60417540273585,2.4541754027358706,275.60417540273585,275.60417540273585,78314.07927309423,78421.2624945882,-107.18322149396408,0.0,8648.866644398773,8648.866644398773,0.8904159983712753,3911.631274191911,275.60417540273585,2.4541754027358706,1.0,0.002,1.3553028137188212,9.999375309390561e-11,0.002093022711462585,3.679921353885411e-11,1.0,1.0465113557312924,0.060235343789889484,9.302274826179834e-05,0.9999421656549379,0.9999421656549379,0.0,0.08733455307678603,5.0512288129994175e-06,0.0,0.0,0.0,1600004.9792254968,266.5369454731998,0.0,1.0,1284766.245598947,2597.083351482011,,,,,,,,,,,,,,,,,7.0,15200.501253132832
2310.0,-36.93725823183949,3.606419149713967,34.580511214760556,24.932969407551013,5.373427535122187,-32.696573519511624,-45.954751724470384,1.6444857815357472,-6.619138172146336,-6.619138172142033,36.94411583788124,36063.633504975674,15798.486062267519,15798.486062267519,51862.11956724319,76505.87471735435,78408.42635324565,15798.486062267519,94206.91241551317,94206.91241551317,94206.91241551317,118591.70557237917,118591.70557237917,0.0,0.0,91091.38763125535,52655.16213297621,42706.91722031015,24384.793156866002,67091.71037717615,18409.38596513267,1450.0,0.0,0.8897773507725055,2.7166630638155422,0.0014947306463915918,1.0,1.0,-6.619138172146336,332821.7033046038,1426934.436276696,4.2873839719843705,1426934.436276696,4.2873839719843705,0.754953542017196,0.0873211854668892,3.8923633457292945,101325.0,128351.07116782667,1.2667265844345095,1.0,0.0,3.8923633457292945,1.2842976528014813,1.2844407533096849,3.030733052605642,6421.75966047408,15200.501253132832,6456.248041960596,0.0003375847434659332,23402.591058514852,2386.4001528059894,19298.15744953919,1967.86440318959,0.8246162743811952,0.8246162743811952,34210.40370512143,30484.863174865135,1.1550277975192633,0.8,4852.920247655826,4324.433322199387,1.1550277975192633,0.8,17892.472556813074,17892.472556813074,1.0,0.8,2034.6934298245008,2034.6934298245008,7.764553534549033,3.606419149713967,-0.8849770300351496,4.491396179749117,3.5,3.5,1.0,0.6,0.00011141736366164466,1.0035533592700427,0.00011102285955446017,204.80458918739774,0.0,0.0,0.0,0.02460205957149462,3.9494538172629716e-05,7.192282548901493e-05,0.00027994976965472633,0.08741491741534546,0.08741491741534546,0.08741491741534546,0.08731659979393859,0.0,0.0,0.0,0.0,0.0,0.0,1.0,1.0,0.0,1.0,1.0,521075.04832528875,584.5094383083133,0.0,0.08741491741534546,0.08732118546689169,0.08732118546688672,0.375,0.375,0.5,1.7459031735452147e-11,-4.320099833421409e-12,-4.320099833421409e-12,-4.320099833421409e-12,-4.320099833421409e-12,-4.320099833421409e-12,-4.320099833421409e-12,24384.793156866002,18409.38596513267,0.754953542017196,0.8444447844112914,3.7853247384889883,0.7730033900713628,0.5375274128835463,35353.7532153836,15450.0,0.0,0.0,0.0,0.0,0.0,0.0,0.0,0.0,0.0,0.0,0.0,0.0,0.0,0.0,0.0,0.0,0.0,0.0,0.0,0.0,35353.7532153836,15450.0,1.0,0.0,0.0,6.0,0.9,143955.44449186765,23992.574081977942,257.37224377115143,257.37224377115143,-15.777756228848546,238.3354491667473,276.4090382458939,148894.2793796716,149027.33002362156,-133.05064394997243,0.0,nan,276.4090382458939,3.259038245893919,268.794320596391,-4.355679403608974,261.1796027508971,-11.97039724910286,253.56488487149568,-19.5851151285043,245.95016699548364,-27.199833004516336,238.3354491667473,-34.81455083325267,1.0,1.0,25732.562594343566,25732.562594343566,275.59660761595205,2.4466076159520753,275.59660761595205,275.59660761595205,78322.35303406132,78408.42635324565,-86.07331918433192,0.0,8648.866644398773,8648.866644398773,0.8904039883345695,3911.825162457941,275.59660761595205,2.4466076159520753,1.0,0.002,1.3553028138031646,1.6600858580145004e-11,0.002092996555027475,6.110753558304745e-12,1.0,1.0464982775137375,0.06021915917634324,9.299656113822847e-05,0.9999473691134325,0.9999473691134325,0.0,0.08731658967548196,4.5957914072460825e-06,0.0,0.0,0.0,1599997.8380793547,266.53086182785364,0.0,1.0,1284787.0000854013,2596.99941800845,,,,,,,,,,,,,,,,,10.0,15200.501253132832
2340.0,-36.9856064878512,3.6001332435357494,34.57987949841024,24.93012968860569,5.3706975200901805,-32.74680058989367,-46.002356708608545,1.6419070875495758,-6.622327393026808,-6.622327393037913,36.935805445661934,36057.549546638,15793.70168350631,15793.70168350631,51851.25123014431,76507.31832827366,78406.92353240309,15793.70168350631,94200.6252159094,94200.6252159094,94200.6252159094,118581.26408323582,118581.26408323582,0.0,0.0,91092.59636749151,52644.3034850745,42720.32542490779,24380.63886732641,67100.96429223419,18405.76077041135,1450.0,0.0,0.8897913663102897,2.7163398982252236,0.0014947306463915918,1.0,1.0,-6.622327393026808,332779.76524346863,1426598.6260246597,4.286915176410832,1426598.6260246597,4.286915176410832,0.7549334892564172,0.08731118931443495,3.892461464750832,101325.0,128351.07116782667,1.2667265844345095,1.0,0.0,3.892461464750832,1.2843105193703812,1.2844531146200662,3.0307790881126375,6421.857204189294,15200.501253132832,6456.18297754675,0.00033755975668795955,23402.311671522897,2386.37166326145,19297.962967652093,1967.8445715562495,0.8246178086387431,0.8246178086387431,34211.093606362054,30484.863174865135,1.1550569135568156,0.8,4853.018113665486,4324.433322199387,1.1550569135568156,0.8,17892.472556813074,17892.472556813074,1.0,0.8,2034.6934298245008,2034.6934298245008,7.762202134239243,3.6001332435357494,-0.8899027716757102,4.49003601521146,3.5,3.5,1.0,0.6,0.00011102285955446017,1.0053461950890048,0.000110432466046814,204.84671179384912,0.0,2.6932083868219947e-06,7.632552568253533,0.02468285582309928,3.927110970421537e-05,7.17517498502448e-05,0.0002792909213205192,0.08740416528035297,0.08740416528035297,0.08740416528035297,0.08730758811357804,0.0,0.0,0.0,0.0,0.0,0.0,1.0,1.0,0.0,1.0,1.0,521034.2697042934,584.5226558089144,0.0,0.08740416528035297,0.0873111893144338,0.0873111893144361,0.375,0.375,0.5,9.179946162474563e-12,1.1084466677857563e-11,1.1084466677857563e-11,1.1084466677857563e-11,1.1084466677857563e-11,1.1084466677857563e-11,1.1084466677857563e-11,24380.63886732641,18405.76077041135,0.7549334892564172,0.8440373332365793,3.785832705781829,0.7727348150218047,0.5373626135922916,35353.7532153836,15450.0,0.0,0.0,0.0,0.0,0.0,0.0,0.0,0.0,0.0,0.0,0.0,0.0,0.0,0.0,0.0,0.0,0.0,0.0,0.0,0.0,35361.385767951855,15450.0,1.0,0.0,0.0,6.0,0.9,143955.44449186765,23992.574081977942,257.3464598812127,257.3464598812127,-15.803540118787282,238.28921924878208,276.40370215221355,149062.55882830662,149187.77975428448,-125.22092597787552,0.0,nan,276.40370215221355,3.2537021522135774,268.780804639433,-4.369195360567005,261.1579075411857,-11.992092458814284,253.5350109101741,-19.614989089825883,245.91211479548772,-27.237885204512253,238.28921924878208,-34.8607807512179,1.0,1.0,25732.562594343566,25732.562594343566,275.593244635776,2.4432446357760114,275.593244635776,275.593244635776,78325.61268741364,78406.92353240309,-81.31084498944983,0.0,8648.866644398773,8648.866644398773,0.8903978801028491,3911.923772074586,275.593244635776,2.4432446357760114,1.0,0.002,1.355302813812322,7.2212129391935826e-12,0.0020929828434936666,2.658434941097575e-12,1.0,1.0464914217468333,0.060210674834238365,9.298284615210164e-05,0.9999586342975737,0.9999586342975737,0.0,0.08730757762575928,3.6116886756671924e-06,0.0,0.0,0.0,1599994.0942761481,266.52767260697317,0.0,1.0,1284797.879896696,2596.955420397729,,,,,,,,,,,,,,,,,10.0,15200.501253132832
2370.0,-37.03145127731642,3.594584502393311,34.57924530456536,24.922329175192885,5.3658991227136585,-32.78858159215356,-46.042331436742074,1.6348164473674316,-6.626379964383489,-6.626379964384602,36.9262506144317,36032.860822041606,15791.390101171874,15791.390101171874,51824.250923213476,76500.61172471696,78400.31139153814,15791.390101171874,94191.70149271001,94191.70149271001,94191.70149271001,118567.44536814062,118567.44536814062,0.0,0.0,91095.81680519071,52636.23546179657,42732.86815932683,24375.7438754306,67108.61203475742,18401.49957199999,1450.0,0.0,0.8898055270835323,2.7159292926375533,0.0014947306463915918,1.0,1.0,-6.626379964383489,332726.4801691742,1426212.6038506033,4.286441533374344,1426212.6038506033,4.286441533374344,0.7549102774478889,0.08729872238928099,3.892721992492719,101325.0,128351.07116782667,1.2667265844345095,1.0,0.0,3.892721992492719,1.2843448791246648,1.284486719880912,3.03090085518601,6422.115214006122,15200.501253132832,6456.01082875879,0.00033749365614427505,23401.572724914055,2386.2963116776937,19297.448403404684,1967.7921006056793,0.8246218589770254,0.8246218589770254,34212.92543013558,30484.863174865135,1.155134223087601,0.8,4853.277967210546,4324.433322199387,1.155134223087601,0.8,17892.472556813074,17892.472556813074,1.0,0.8,2034.6934298245008,2034.6934298245008,7.761066050394599,3.594584502393311,-0.8947943465539163,4.4893788489472275,3.5,3.5,1.0,0.6,0.000110432466046814,1.0050706891650432,0.00010987532243981282,204.88666834849312,0.0,4.031338956858458e-06,11.42481460373687,0.024803795991805034,3.908439810175881e-05,7.13480679450552e-05,0.0002777381932115812,0.08739200615871956,0.08739200615871956,0.08739200615871956,0.08729577984636136,0.0,0.0,0.0,0.0,0.0,0.0,1.0,1.0,0.0,1.0,1.0,520987.3856062576,584.5378518642535,0.0,0.08739200615871956,0.08729872238927837,0.08729872238928361,0.375,0.375,0.5,7.493800576804245e-12,1.1368683772161603e-12,1.1368683772161603e-12,1.1368683772161603e-12,1.1368683772161603e-12,1.1368683772161603e-12,1.1368683772161603e-12,24375.7438754306,18401.49957199999,0.7549102774478889,0.8432118501312699,3.786222988620834,0.7722444162065556,0.5369334833415894,35353.7532153836,15450.0,0.0,0.0,0.0,0.0,0.0,0.0,0.0,0.0,0.0,0.0,0.0,0.0,0.0,0.0,0.0,0.0,0.0,0.0,0.0,0.0,35365.178029987335,15450.0,1.0,0.0,0.0,6.0,0.9,143955.44449186765,23992.574081977942,257.3210682744621,257.3210682744621,-15.82893172553787,238.24509343448932,276.39704467830495,149218.18283919783,149341.16403184328,-122.98119264544968,0.0,nan,276.39704467830495,3.247044678304974,268.7666535339262,-4.38334646607376,261.13626279326434,-12.013737206735641,253.50587250431045,-19.64412749568953,245.87548270247757,-27.274517297522408,238.24509343448932,-34.90490656551066,1.0,1.0,25732.562594343566,25732.562594343566,275.5884275549118,2.4384275549118115,275.5884275549118,275.5884275549118,78319.0360021616,78400.31139153814,-81.27538937653298,0.0,8648.866644398773,8648.866644398773,0.8903816612367074,3912.1856024551826,275.5884275549118,2.4384275549118115,1.0,0.002,1.3553028138399537,8.136009654229412e-12,0.0020929654206183904,2.9956632630785495e-12,1.0,1.0464827103091952,0.0601998938504642,9.296542361405353e-05,0.9999662070362122,0.9999662070362122,0.0,0.08729577230671656,2.950082564422551e-06,0.0,0.0,0.0,1599989.3367835456,266.5236200356165,0.0,1.0,1284811.704687832,2596.8995149379784,,,,,,,,,,,,,,,,,10.0,15200.501253132832
2400.0,-37.09260323373438,3.589298611145513,34.5785088559157,24.915939021762483,5.359852415469463,-32.84439366036263,-46.09540239963678,1.6290123297154278,-6.6316939101849925,-6.631693910139701,36.914466020616324,35997.754719434655,15791.433445385652,15791.433445385652,51789.188164820305,76503.42373557383,78387.7160178147,15791.433445385652,94179.14946320036,94179.14946320036,94179.14946320036,118548.75918768664,118548.75918768664,0.0,0.0,91098.47261983556,52624.935509501716,42748.37456703761,24369.609724486276,67117.98429152388,18396.168203942147,1450.0,0.0,0.8898213945796667,2.715390959168146,0.0014947306463915918,1.0,1.0,-6.6316939101849925,332656.6201262823,1425736.6065759226,4.285910817090271,1425736.6065759226,4.285910817090271,0.7548815271119385,0.08728328392200801,3.892937460461067,101325.0,128351.07116782667,1.2667265844345095,1.0,0.0,3.892937460461067,1.2843731585053833,1.2845142867672068,3.0310018818761777,6422.329277439717,15200.501253132832,6455.867947836774,0.000337438804698366,23400.959698193084,2386.2338003490577,19297.02132276719,1967.748550500649,0.8246252107454045,0.8246252107454044,34214.44041091147,30484.863174865135,1.155198161489752,0.8,4853.492874960408,4324.433322199387,1.155198161489752,0.8,17892.472556813074,17892.472556813074,1.0,0.8,2034.6934298245008,2034.6934298245008,7.761087352971756,3.589298611145513,-0.9000925602505498,4.489391171396063,3.5,3.5,1.0,0.6,0.00010987532243981282,1.0067725338977744,0.00010913619386737196,204.93998886833901,0.0,3.8050432476711574e-06,10.78349256390006,0.02491794728923517,3.883778800859968e-05,7.103753443121314e-05,0.0002765446788860625,0.08737717599204721,0.08737717599204721,0.08737717599204721,0.08728003305383056,0.0,0.0,0.0,0.0,0.0,0.0,1.0,1.0,0.0,1.0,1.0,520929.5617502695,584.5565931167569,0.0,0.08737717599204721,0.08728328392201061,0.08728328392200542,0.375,0.375,0.5,1.9151370734015544e-25,-4.530420483206399e-11,-4.530420483206399e-11,-4.530420483206399e-11,-4.530420483206399e-11,-4.530420483206399e-11,-4.530420483206399e-11,24369.609724486276,18396.168203942147,0.7548815271119385,0.8420847595733332,3.787293199374579,0.7716141763119158,0.5363354561287189,35353.7532153836,15450.0,0.0,0.0,0.0,0.0,0.0,0.0,0.0,0.0,0.0,0.0,0.0,0.0,0.0,0.0,0.0,0.0,0.0,0.0,0.0,0.0,35364.5367079475,15450.0,1.0,0.0,0.0,6.0,0.9,143955.44449186765,23992.574081977942,257.28850854957943,257.28850854957943,-15.861491450420544,238.18850744685247,276.3885098562668,149403.85163299093,149560.08995460317,-156.2383216122169,0.0,nan,276.3885098562668,3.2385098562668304,268.7485092576263,-4.401490742373653,261.1085087115207,-12.041491288479278,253.46850822440206,-19.68149177559792,245.82850780080832,-27.321492199191653,238.18850744685247,-34.96149255314751,1.0,1.0,25732.562594343566,25732.562594343566,275.5816573057772,2.4316573057772075,275.5816573057772,275.5816573057772,78323.51516553179,78387.7160178147,-64.20085228291282,0.0,8648.866644398773,8648.866644398773,0.8903682473440356,3912.4021477633723,275.5816573057772,2.4316573057772075,1.0,0.002,1.3553028138543421,9.858134575454223e-24,0.0020929425755832998,3.630465986870998e-24,1.0,1.0464712877916498,0.060185757451949984,9.294257558329971e-05,0.999962666611293,0.999962666611293,0.0,0.08728002534124173,3.2585807662871975e-06,0.0,0.0,0.0,1599983.0981540603,266.518306089815,0.0,1.0,1284829.832006755,2596.826213315442,,,,,,,,,,,,,,,,,7.0,15200.501253132832
2430.0,-37.13043939117276,3.584846061565337,34.577764590351244,24.880345130246155,5.351779834486628,-32.8776176241951,-46.12757092164827,1.5966607200439202,-6.638336091440067,-6.63833609146157,36.90340444246841,35982.85794420973,15794.816426426567,15794.816426426567,51777.6743706363,76418.41401196389,78364.26336648707,15794.816426426567,94159.07979291363,94159.07979291363,94159.07979291363,118522.42376350565,118522.42376350565,0.0,0.0,91112.79849929034,52629.87138948762,42758.8078997808,24363.34397059201,67122.1518703728,18390.763648436114,1450.0,0.0,0.8898279125393601,2.7147181862674477,0.0014947306463915918,1.0,1.0,-6.638336091440067,332569.31458664645,1425289.922441112,4.285692816285888,1425289.922441112,4.285692816285888,0.7548538357720864,0.08726946693953667,3.894097158688706,101325.0,128351.07116782667,1.2667265844345095,1.0,0.0,3.894097158688706,1.284525920614569,1.2846661161828141,3.0315442422723655,6423.478474037775,15200.501253132832,6455.100055908243,0.0003371441850400069,23397.669546070483,2385.8982982027997,19294.72604240548,1967.5144970408326,0.8246430698755607,0.8246430698755607,34222.594098338646,30484.863174865135,1.1555422926950585,0.8,4854.64951710791,4324.433322199387,1.1555422926950585,0.8,17892.472556813074,17892.472556813074,1.0,0.8,2034.6934298245008,2034.6934298245008,7.762750001993631,3.584846061565337,-0.9055068670562889,4.4903529286216255,3.5,3.5,1.0,0.6,0.00010913619386737196,1.0041866855162132,0.00010868117994540956,204.9729926094356,0.0,5.049233380276674e-06,14.309527399704095,0.02506942429064347,3.8689009942335904e-05,7.044718392503606e-05,0.0002743281787601036,0.08736412549157344,0.08736412549157344,0.08736412549157344,0.08725904747698217,0.0,0.0,0.0,0.0,0.0,0.0,1.0,1.0,0.0,1.0,1.0,520875.2868921482,584.5741835101753,0.0,0.08736412549157344,0.08726946693953787,0.08726946693953548,0.375,0.375,0.5,4.999514360904674e-13,2.148681232938543e-11,2.148681232938543e-11,2.148681232938543e-11,2.148681232938543e-11,2.148681232938543e-11,2.148681232938543e-11,24363.34397059201,18390.763648436114,0.7548538357720864,0.8415308964774529,3.7849168221610814,0.7713947322581378,0.5360802200397315,35353.7532153836,15450.0,0.0,0.0,0.0,0.0,0.0,0.0,0.0,0.0,0.0,0.0,0.0,0.0,0.0,0.0,0.0,0.0,0.0,0.0,0.0,0.0,35368.0627427833,15450.0,1.0,0.0,0.0,6.0,0.9,143955.44449186765,23992.574081977942,257.2643794177407,257.2643794177407,-15.885620582259264,238.14960255849837,276.3791564004365,149572.00599005475,149690.66353915405,-118.65754909927394,0.0,nan,276.3791564004365,3.2291564004365227,268.7332455477522,-4.416754452247801,261.08733474626683,-12.062665253733144,253.4414239889806,-19.708576011019375,245.79551326450976,-27.354486735490212,238.14960255849837,-35.000397441501605,1.0,1.0,25732.562594343566,25732.562594343566,275.5723034799946,2.422303479994639,275.5723034799946,275.5723034799946,78249.06796731465,78364.26336648707,-115.19539917241491,0.0,8648.866644398773,8648.866644398773,0.8902960480010607,3913.5676444821497,275.5723034799946,2.422303479994639,1.0,0.002,1.3553028138536345,8.535081455249019e-13,0.0020929140216060134,3.144002736252947e-13,1.0,1.0464570108030067,0.060168087952536364,9.291402192041377e-05,0.999880466578386,0.999880466578386,0.0,0.08725903532155097,1.0431617985710137e-05,0.0,0.0,0.0,1599975.299597605,266.5116639085599,0.0,1.0,1284852.4895364712,2596.734597043516,,,,,,,,,,,,,,,,,13.0,15200.501253132832
2460.0,-37.17393979905567,3.5787239911371853,34.57667416736989,24.88219082532453,5.339573101444329,-32.91396023594554,-46.162261174153514,1.5983370364981289,-6.645437604674726,-6.645437604665255,36.883536207743234,35943.86647132035,15796.329665514766,15796.329665514766,51740.19613683511,76472.30240239814,78350.88427390512,15796.329665514766,94147.21393941989,94147.21393941989,94147.21393941989,118500.78783814058,118500.78783814058,0.0,0.0,91112.1495111384,52619.37977544105,42769.74415077484,24353.57389872069,67123.31804949553,18382.229422920747,1450.0,0.0,0.889864072808481,2.7139990342012674,0.0014947306463915918,1.0,1.0,-6.645437604674726,332475.9914630523,1424487.8776161522,4.28448343396986,1424487.8776161522,4.28448343396986,0.7548062349849349,0.08724275116250235,3.894044374364684,101325.0,128351.07116782667,1.2667265844345095,1.0,0.0,3.894044374364684,1.2845190229497268,1.284658633260681,3.031519428511483,6423.425896656035,15200.501253132832,6455.135218923838,0.0003371576698475141,23397.82004307627,2385.91364462648,19294.831147012203,1967.525214727986,0.8246422577611799,0.8246422577611799,34222.22298917096,30484.863174865135,1.1555266293676394,0.8,4854.596873379718,4324.433322199387,1.1555266293676394,0.8,17892.472556813074,17892.472556813074,1.0,0.8,2034.6934298245008,2034.6934298245008,7.763493720465426,3.5787239911371853,-0.9120591404945895,4.490783131631774,3.5,3.5,1.0,0.6,0.00010868117994540956,1.004816616209622,0.00010816021370683305,205.0109495309572,0.0,3.10885217545298e-06,8.810487065233746,0.02516268985590706,3.85291608575716e-05,7.015201908783796e-05,0.00027317507527931936,0.08733814931975528,0.08733814931975528,0.08733814931975528,0.08723947684812261,0.0,0.0,0.0,0.0,0.0,0.0,1.0,1.0,0.0,1.0,1.0,520777.80448743753,584.6057759510818,0.0,0.08733814931975528,0.08724275116250328,0.08724275116250141,0.375,0.375,0.5,2.100656818086075e-11,-9.492850949754938e-12,-9.492850949754938e-12,-9.492850949754938e-12,-9.492850949754938e-12,-9.492850949754938e-12,-9.492850949754938e-12,24353.57389872069,18382.229422920747,0.7548062349849349,0.840404056302244,3.788710127377233,0.770822981347299,0.53549001324422,35353.7532153836,15450.0,0.0,0.0,0.0,0.0,0.0,0.0,0.0,0.0,0.0,0.0,0.0,0.0,0.0,0.0,0.0,0.0,0.0,0.0,0.0,0.0,35362.56370244883,15450.0,1.0,0.0,0.0,6.0,0.9,143955.44449186765,23992.574081977942,257.2369471480711,257.2369471480711,-15.913052851928853,238.1080046294718,276.3658886056898,149673.46044451394,149805.5954475985,-132.13500308455846,0.0,nan,276.3658886056898,3.215888605689827,268.714311563465,-4.435688436534974,261.0627363896683,-12.08726361033166,253.41115948407239,-19.738840515927592,245.7595822160596,-27.390417783940364,238.1080046294718,-35.041995370528184,1.0,1.0,25732.562594343566,25732.562594343566,275.5636550482024,2.413655048202429,275.5636550482024,275.5636550482024,78284.85976725366,78350.88427390512,-66.0245066514617,0.0,8648.866644398773,8648.866644398773,0.8902993342933817,3913.5145962365077,275.5636550482024,2.413655048202429,1.0,0.002,1.3553028137592233,1.2328699782677095e-11,0.00209288349442473,4.542632313371503e-12,1.0,1.046441747212365,0.06014919687645004,9.288349896736242e-05,0.9999623795950122,0.9999623795950122,0.0,0.08723946905487137,3.2821076309815856e-06,0.0,0.0,0.0,1599966.9610480056,266.50456239532525,0.0,1.0,1284876.7129828352,2596.636654123234,,,,,,,,,,,,,,,,,7.0,15200.501253132832
2490.0,-37.209083235952335,3.5735864785608134,34.576007111558894,24.87455861354249,5.337980887080563,-32.95127358396497,-46.19795683594418,1.591396749341559,-6.647850344794051,-6.64785034479974,36.877465000643184,35945.5067738205,15792.119892092054,15792.119892092054,51737.626665912554,76453.57378610801,78350.08038733885,15792.119892092054,94142.20027943091,94142.20027943091,94142.20027943091,118492.71419199533,118492.71419199533,0.0,0.0,91115.2893981649,52612.47172087095,42780.90853032661,24350.51391256442,67131.42244289102,18379.56319961054,1450.0,0.0,0.8898738935726219,2.7137547364328656,0.0014947306463915918,1.0,1.0,-6.647850344794051,332444.28960435995,1424242.8621147226,4.284154989726868,1424242.8621147226,4.284154989726868,0.754791593541154,0.08723552040627733,3.8942980514157894,101325.0,128351.07116782667,1.2667265844345095,1.0,0.0,3.8942980514157894,1.2845525471989878,1.2846914919102383,3.0316377947382875,6423.676700487076,15200.501253132832,6454.967458191163,0.00033709334004518836,23397.102172248866,2385.8404421743276,19294.329698955687,1967.4740812566665,0.8246461274097676,0.8246461274097675,34224.00649962378,30484.863174865135,1.1556019060105407,0.8,4854.849873433824,4324.433322199387,1.1556019060105407,0.8,17892.472556813074,17892.472556813074,1.0,0.8,2034.6934298245008,2034.6934298245008,7.761424724045126,3.5735864785608134,-0.9159998447062945,4.489586323267108,3.5,3.5,1.0,0.6,0.00010816021370683305,1.003890781442621,0.00010774101695744592,205.04162412028242,0.0,3.5601261081380527e-06,10.089397390463242,0.0252694936391512,3.836531789455348e-05,6.979489581227958e-05,0.0002718021267605284,0.08733033958674061,0.08733033958674061,0.08733033958674061,0.08723258678855958,0.0,0.0,0.0,0.0,0.0,0.0,1.0,1.0,0.0,1.0,1.0,520748.017285216,584.6154291213653,0.0,0.08733033958674061,0.08723552040627736,0.08723552040627729,0.375,0.375,0.5,3.3711323692551056e-13,5.6843418860808015e-12,5.6843418860808015e-12,5.6843418860808015e-12,5.6843418860808015e-12,5.6843418860808015e-12,5.6843418860808015e-12,24350.51391256442,18379.56319961054,0.754791593541154,0.8402230810114606,3.788244223897179,0.7706916490548963,0.535449800790375,35353.7532153836,15450.0,0.0,0.0,0.0,0.0,0.0,0.0,0.0,0.0,0.0,0.0,0.0,0.0,0.0,0.0,0.0,0.0,0.0,0.0,0.0,0.0,35363.84261277406,15450.0,1.0,0.0,0.0,6.0,0.9,143955.44449186765,23992.574081977942,257.21741110127965,257.21741110127965,-15.932588898720326,238.07349665655286,276.3613264628709,149820.08154072423,149914.8450334673,-94.76349274305305,0.0,nan,276.3613264628709,3.211326462870943,268.70375986424034,-4.446240135759638,261.0461937815159,-12.103806218484067,253.38862778157107,-19.761372218428903,245.731062060927,-27.418937939072975,238.07349665655286,-35.076503343447115,1.0,1.0,25732.562594343566,25732.562594343566,275.5611493610265,2.411149361026503,275.5611493610265,275.5611493610265,78270.7080959184,78350.08038733885,-79.37229142045544,0.0,8648.866644398773,8648.866644398773,0.89028354056153,3913.7695416728684,275.5611493610265,2.411149361026503,1.0,0.002,1.3553028138541168,6.580689302611276e-14,0.002092873123372669,2.424938840685626e-14,1.0,1.0464365616863345,0.06014277885873809,9.287312339691838e-05,0.9999662874634823,0.9999662874634823,0.0,0.08723257947560999,2.9409306673405204e-06,0.0,0.0,0.0,1599964.1278615247,266.5021496552059,0.0,1.0,1284884.942681698,2596.6033801104204,,,,,,,,,,,,,,,,,10.0,15200.501253132832
2520.0,-37.24312271578358,3.5691794285880447,34.5753712008026,24.860749358218186,5.332292976723484,-32.98232466070771,-46.22764050783587,1.5788435174463435,-6.652511029330242,-6.652511029344482,36.868178252535806,35929.623931122595,15792.511757505756,15792.511757505756,51722.13568862835,76430.59878232527,78337.48043002415,15792.511757505756,94129.9921875299,94129.9921875299,94129.9921875299,118475.5279445516,118475.5279445516,0.0,0.0,91120.87351748583,52610.04390013342,42789.810685947115,24345.5357570217,67135.34644296882,18375.25037205452,1450.0,0.0,0.8898840048757704,2.713282876174092,0.0014947306463915918,1.0,1.0,-6.652511029330242,332383.05792540126,1423868.1388772803,4.283816834000148,1423868.1388772803,4.283816834000148,0.7547687820653017,0.08722329323725514,3.8947498435879493,101325.0,128351.07116782667,1.2667265844345095,1.0,0.0,3.8947498435879493,1.2846121081676083,1.284750520788066,3.0318489284236034,6424.124067430913,15200.501253132832,6454.668050408295,0.0003369785628655474,23395.82185682632,2385.7098863349174,19293.434749056327,1967.3828217644484,0.8246530028791009,0.8246530028791009,34227.18282740528,30484.863174865135,1.1557359717364752,0.8,4855.30045172974,4324.433322199387,1.1557359717364752,0.8,17892.472556813074,17892.472556813074,1.0,0.8,2034.6934298245008,2034.6934298245008,7.761617315915701,3.5691794285880447,-0.9205182992032146,4.48969772779126,3.5,3.5,1.0,0.6,0.00010774101695744592,1.0037694338955152,0.00010733641941986145,205.0713433735504,0.0,2.865092744009394e-06,8.119672836522621,0.025355446421471483,3.822956181283651e-05,6.951145514460941e-05,0.00027072972905203824,0.08731890362800986,0.08731890362800986,0.08731890362800986,0.08721841004352067,0.0,0.0,0.0,0.0,0.0,0.0,1.0,1.0,0.0,1.0,1.0,520702.45441666234,584.6301943925927,0.0,0.08731890362800986,0.08722329323725517,0.08722329323725513,0.375,0.375,0.5,4.500273972209195e-14,1.4267698134062812e-11,1.4267698134062812e-11,1.4267698134062812e-11,1.4267698134062812e-11,1.4267698134062812e-11,1.4267698134062812e-11,24345.5357570217,18375.25037205452,0.7547687820653017,0.8396770949707071,3.788091232012924,0.7704158603332162,0.5351819247949313,35353.7532153836,15450.0,0.0,0.0,0.0,0.0,0.0,0.0,0.0,0.0,0.0,0.0,0.0,0.0,0.0,0.0,0.0,0.0,0.0,0.0,0.0,0.0,35361.872888220125,15450.0,1.0,0.0,0.0,6.0,0.9,143955.44449186765,23992.574081977942,257.19761218843047,257.19761218843047,-15.952387811569508,238.0406623503166,276.35456488445305,149936.30897783657,150033.14486099582,-96.83588315923224,0.0,nan,276.35456488445305,3.2045648844530774,268.69178273828715,-4.458217261712832,261.02900135396055,-12.120998646039425,253.366220753391,-19.783779246608987,245.70344105017466,-27.446558949825317,238.0406623503166,-35.10933764968337,1.0,1.0,25732.562594343566,25732.562594343566,275.5550318431378,2.405031843137806,275.5550318431378,275.5550318431378,78250.51222352443,78337.48043002415,-86.96820649971778,0.0,8648.866644398773,8648.866644398773,0.890255411804924,3914.223592805889,275.5550318431378,2.405031843137806,1.0,0.002,1.3553028138410037,9.378792570271746e-13,0.002092853089857536,3.456621717651044e-13,1.0,1.046426544928768,0.06013038113741498,9.285309020319816e-05,0.9999438951581843,0.9999438951581843,0.0,0.08721839958818542,4.893649069723188e-06,0.0,0.0,0.0,1599958.6547675193,266.49748897066974,0.0,1.0,1284900.839655509,2596.539107803789,,,,,,,,,,,,,,,,,11.0,15200.501253132832
2550.0,-37.279464013479426,3.564408822901673,34.5746448098866,24.8577949119732,5.3257142263664345,-33.011279150632475,-46.255341021437175,1.5761628912883594,-6.657239647470078,-6.657239647492614,36.85663289901472,35893.35547167715,15792.44688675917,15792.44688675917,51685.80235843632,76446.7390887757,78327.63388842513,15792.44688675917,94120.0807751843,94120.0807751843,94120.0807751843,118459.75475619809,118459.75475619809,0.0,0.0,91122.13272730561,52603.399308093416,42798.592688013545,24339.67398101379,67138.26666902733,18370.14751027864,1450.0,0.0,0.8899019705539828,2.712804204359769,0.0014947306463915918,1.0,1.0,-6.657239647470078,332320.9428014215,1423402.3843019777,4.283216014924863,1423402.3843019777,4.283216014924863,0.7547409026352738,0.08720803301858787,3.894852393420344,101325.0,128351.07116782667,1.2667265844345095,1.0,0.0,3.894852393420344,1.2846254782532511,1.2847633725309262,3.0318972022229445,6424.226353819019,15200.501253132832,6454.599563363287,0.00033695231470081777,23395.529155672277,2385.6800391236843,19293.230036695648,1967.3619469131302,0.8246545700385657,0.8246545700385657,34227.90379440167,30484.863174865135,1.1557664025818324,0.8,4855.4027245752995,4324.433322199387,1.1557664025818324,0.8,17892.472556813074,17892.472556813074,1.0,0.8,2034.6934298245008,2034.6934298245008,7.761585433595924,3.564408822901673,-0.9252704626020005,4.489679285503673,3.5,3.5,1.0,0.6,0.00010733641941986145,1.0040260418447882,0.00010690601134472819,205.10308125921466,0.0,2.7657120186025757e-06,7.838027860719699,0.02543841778202956,3.810327716784732e-05,6.923314225201413e-05,0.0002696528698042684,0.08730412702640566,0.08730412702640566,0.08730412702640566,0.08720478367326692,0.0,0.0,0.0,0.0,0.0,0.0,1.0,1.0,0.0,1.0,1.0,520645.811610015,584.6485497028649,0.0,0.08730412702640566,0.0872080330185878,0.08720803301858794,0.375,0.375,0.5,9.467860547683956e-12,2.2509993868879974e-11,2.2509993868879974e-11,2.2509993868879974e-11,2.2509993868879974e-11,2.2509993868879974e-11,2.2509993868879974e-11,24339.67398101379,18370.14751027864,0.7547409026352738,0.8386573767349522,3.7896639884119327,0.7698411788500991,0.5346184412031553,35353.7532153836,15450.0,0.0,0.0,0.0,0.0,0.0,0.0,0.0,0.0,0.0,0.0,0.0,0.0,0.0,0.0,0.0,0.0,0.0,0.0,0.0,0.0,35361.59124324432,15450.0,1.0,0.0,0.0,6.0,0.9,143955.44449186765,23992.574081977942,257.1763218356294,257.1763218356294,-15.973678164370597,238.0059996792744,276.3466453044336,150042.39451637716,150144.65819879403,-102.26368241687697,0.0,nan,276.3466453044336,3.1966453044336163,268.678515391109,-4.471484608890989,261.0103859323144,-12.139614067685557,253.34225675080617,-19.807743249193805,245.6741279558388,-27.47587204416118,238.0059996792744,-35.14400032072558,1.0,1.0,25732.562594343566,25732.562594343566,275.5491647473135,2.3991647473135345,275.5491647473135,275.5491647473135,78262.1611399013,78327.63388842513,-65.47274852382543,0.0,8648.866644398773,8648.866644398773,0.8902490269171469,3914.326655387446,275.5491647473135,2.3991647473135345,1.0,0.002,1.3553028138076966,7.794346342471503e-12,0.0020928327650130926,2.873169499210763e-12,1.0,1.0464163825065462,0.06011780288378943,9.283276788626211e-05,0.9999626522427587,0.9999626522427587,0.0,0.0872047759941412,3.257024446668673e-06,0.0,0.0,0.0,1599953.1015829318,266.4927603525299,0.0,1.0,1284916.967915481,2596.4739027483424,,,,,,,,,,,,,,,,,7.0,15200.501253132832
2580.0,-37.27984828887733,3.5651217220715328,34.574572856541636,24.843597749155037,5.326231300291702,-33.011311480412004,-46.255980735272146,1.563251287576205,-6.658861175509912,-6.658861175518167,36.856887934683215,35898.57674263121,15796.053576776085,15796.053576776085,51694.6303194073,76398.17758829625,78315.86280612579,15796.053576776085,94111.91638290188,94111.91638290188,94111.91638290188,118451.1907176483,118451.1907176483,0.0,0.0,91127.87056365343,52607.25597482324,42800.682876477986,24339.27433474641,67139.95721122439,18369.842447803654,1450.0,0.0,0.8898928358996145,2.712640074560296,0.0014947306463915918,1.0,1.0,-6.658861175509912,332299.6445116866,1423412.6715267617,4.283521499454093,1423412.6715267617,4.283521499454093,0.7547407615838047,0.08720782602202286,3.895315842602239,101325.0,128351.07116782667,1.2667265844345095,1.0,0.0,3.895315842602239,1.284686744924587,1.284824092810414,3.0321133599233177,6424.684366047897,15200.501253132832,6454.292758068353,0.00033683475746746597,23394.21865796024,2385.5464055472808,19292.312975137676,1967.2684326592341,0.8246615652014166,0.8246615652014168,34231.16198314215,30484.863174865135,1.1559039274324898,0.8,4855.864915265759,4324.433322199387,1.1559039274324898,0.8,17892.472556813074,17892.472556813074,1.0,0.8,2034.6934298245008,2034.6934298245008,7.763358029881952,3.5651217220715328,-0.9255829195137082,4.490704641585241,3.5,3.5,1.0,0.6,0.00010690601134472819,1.0000424936707735,0.00010690146870891167,205.10341690725744,0.0,2.942600746955992e-06,8.33933051687328,0.02552669580443824,3.8100365330084894e-05,6.88056460146433e-05,0.00026801972298132166,0.08730536041950449,0.08730536041950449,0.08730536041950449,0.08719861253407116,0.0,0.0,0.0,0.0,0.0,0.0,1.0,1.0,0.0,1.0,1.0,520647.06282853254,584.6481442476742,0.0,0.08730536041950449,0.08720782602202279,0.08720782602202293,0.375,0.375,0.5,9.998660361216025e-11,8.242295734817162e-12,8.242295734817162e-12,8.242295734817162e-12,8.242295734817162e-12,8.242295734817162e-12,8.242295734817162e-12,24339.27433474641,18369.842447803654,0.7547407615838047,0.8387384109322243,3.78787920695964,0.7699532806786633,0.5346827468133941,35353.7532153836,15450.0,0.0,0.0,0.0,0.0,0.0,0.0,0.0,0.0,0.0,0.0,0.0,0.0,0.0,0.0,0.0,0.0,0.0,0.0,0.0,0.0,35362.09254590047,15450.0,1.0,0.0,0.0,6.0,0.9,143955.44449186765,23992.574081977942,257.1737282074073,257.1737282074073,-15.976271792592684,238.00142126486168,276.3460500732302,150105.97717884238,150123.14631924298,-17.16914040061797,0.0,nan,276.3460500732302,3.1960500732301966,268.67711597159416,-4.472884028405815,261.0081854676189,-12.14181453238109,253.33925906329978,-19.8107409367002,245.670337403839,-27.479662596160978,238.00142126486168,-35.1485787351383,1.0,1.0,25732.562594343566,25732.562594343566,275.54618222220205,2.3961822222020714,275.54618222220205,275.54618222220205,78229.85325950148,78315.86280612579,-86.0095466243074,0.0,8648.866644398773,8648.866644398773,0.8902201715208519,3914.7924218152502,275.54618222220205,2.3961822222020714,1.0,0.002,1.3553028137188134,9.999942504009213e-11,0.0020928257953036285,3.6864243582602017e-11,1.0,1.0464128976518143,0.06011348954270801,9.282583216787188e-05,0.9998942415532858,0.9998942415532858,0.0,0.08719860305780144,9.222964221414165e-06,0.0,0.0,0.0,1599951.1972231148,266.49113882449006,0.0,1.0,1284922.4984864593,2596.451543709895,,,,,,,,,,,,,,,,,10.0,15200.501253132832
2610.0,-37.32126023127814,3.5600793070223427,34.57382805984898,24.845822166558378,5.318271952335681,-33.05075948362572,-46.29294852549208,1.5652729391060933,-6.662615483856484,-6.66261548385273,36.84432431452618,35876.972032190584,15794.063451901986,15794.063451901986,51671.03548409257,76436.63150601885,78313.69382454,15794.063451901986,94107.75727644197,94107.75727644197,94107.75727644197,118441.07961344559,118441.07961344559,0.0,0.0,91126.98432168888,52598.391321926945,42809.54777751327,24333.322337003607,67142.87011451687,18364.62727783511,1450.0,0.0,0.8899194304369954,2.7122600965068857,0.0014947306463915918,1.0,1.0,-6.662615483856484,332250.3369036171,1422905.9670661015,4.282632127108645,1422905.9670661015,4.282632127108645,0.7547110511049319,0.0871922843253126,3.8952440595595403,101325.0,128351.07116782667,1.2667265844345095,1.0,0.0,3.8952440595595403,1.284677300194281,1.284814641234232,3.032079775185928,6424.613204019426,15200.501253132832,6454.340441650426,0.0003368530251542397,23394.422256558984,2385.5671668264886,19292.45550455548,1967.28296661505,0.8246604807326048,0.8246604807326048,34230.65733158839,30484.863174865135,1.1558826263867386,0.8,4855.793327869002,4324.433322199387,1.1558826263867386,0.8,17892.472556813074,17892.472556813074,1.0,0.8,2034.6934298245008,2034.6934298245008,7.762379934191993,3.5600793070223427,-0.9300595563470919,4.490138863369435,3.5,3.5,1.0,0.6,0.00010690146870891167,1.004590602188659,0.00010641296910005924,205.13959452566982,0.0,3.105700425772502e-08,0.08801555006639271,0.02552762751456597,3.793244580744436e-05,6.896902290146731e-05,0.00026865117675056645,0.0872885501618436,0.0872885501618436,0.0872885501618436,0.08718900360217655,0.0,0.0,0.0,0.0,0.0,0.0,1.0,1.0,0.0,1.0,1.0,520585.4258762948,584.6681172309301,0.0,0.0872885501618436,0.08719228432531258,0.08719228432531263,0.375,0.375,0.5,1.485747552202985e-11,-3.751665644813329e-12,-3.751665644813329e-12,-3.751665644813329e-12,-3.751665644813329e-12,-3.751665644813329e-12,-3.751665644813329e-12,24333.322337003607,18364.62727783511,0.7547110511049319,0.8380600565707405,3.790304245370798,0.7695684649161407,0.5343377780991473,35353.7532153836,15450.0,0.0,0.0,0.0,0.0,0.0,0.0,0.0,0.0,0.0,0.0,0.0,0.0,0.0,0.0,0.0,0.0,0.0,0.0,0.0,0.0,35353.84123093366,15450.0,1.0,0.0,0.0,6.0,0.9,143955.44449186765,23992.574081977942,257.15179476085973,257.15179476085973,-15.998205239140248,237.96602212017095,276.3375695279557,150177.05110331418,150282.26334976658,-105.21224645241828,0.0,nan,276.3375695279557,3.187569527955702,268.6632588714384,-4.486741128561562,260.98894870721386,-12.161051292786112,253.31463912016284,-19.83536087983714,245.64033021821666,-27.509669781783316,237.96602212017095,-35.18397787982903,1.0,1.0,25732.562594343566,25732.562594343566,275.54217713169277,2.3921771316927902,275.54217713169277,275.54217713169277,78250.51410185931,78313.69382454,-63.17972268068115,0.0,8648.866644398773,8648.866644398773,0.8902246409428076,3914.720279857338,275.54217713169277,2.3921771316927902,1.0,0.002,1.3553028137650027,5.05484141633506e-12,0.0020928096591128465,1.863700827788833e-12,1.0,1.0464048295564232,0.060103503246220935,9.280966097654749e-05,0.9999622846489775,0.9999622846489775,0.0,0.08718899583770283,3.2884876097812704e-06,0.0,0.0,0.0,1599946.7879336986,266.4873845161435,0.0,1.0,1284935.3031707434,2596.399777895359,,,,,,,,,,,,,,,,,10.0,15200.501253132832
2640.0,-37.32100890374852,3.560645838458836,34.57377877281976,24.82097359551119,5.318797660072712,-33.05069680251996,-46.29358338480813,1.5426778776016346,-6.664397109022161,-6.664397109021547,36.84475536376625,35887.87914996438,15797.691353857193,15797.691353857193,51685.57050382157,76353.0737539128,78301.17810004641,15797.691353857193,94098.86945390361,94098.86945390361,94098.86945390361,118431.81065310034,118431.81065310034,0.0,0.0,91136.9805859542,52606.60098219099,42811.53289307023,24332.941199196728,67144.47409226696,18364.344000520316,1450.0,0.0,0.8899088469947375,2.712079790794438,0.0014947306463915918,1.0,1.0,-6.664397109022161,332226.93975240574,1422923.3494884316,4.282986053294999,1422923.3494884316,4.282986053294999,0.7547112307626237,0.08719098799884732,3.8960520060939428,101325.0,128351.07116782667,1.2667265844345095,1.0,0.0,3.8960520060939428,1.2847839812779611,1.2849207060737238,3.0324568665765748,6425.41221542648,15200.501253132832,6453.804734704639,0.00033664785854440596,23392.136563732685,2385.3340910232023,19290.85424064501,1967.1196831379739,0.8246726068859256,0.8246726068859256,34236.33727706809,30484.863174865135,1.1561223780808265,0.8,4856.599057104518,4324.433322199387,1.1561223780808265,0.8,17892.472556813074,17892.472556813074,1.0,0.8,2034.6934298245008,2034.6934298245008,7.764162955605452,3.560645838458836,-0.9305244113939546,4.491170249852791,3.5,3.5,1.0,0.6,0.00010641296910005924,0.999972199112215,0.0001064159275573198,205.13937590442526,0.0,3.340353722864528e-06,9.466562450598072,0.025627838126251905,3.7929568071963204e-05,6.848340102809604e-05,0.00026681489195964957,0.08729013085182633,0.08729013085182633,0.08729013085182633,0.08718217061515408,0.0,0.0,0.0,0.0,0.0,0.0,1.0,1.0,0.0,1.0,1.0,520587.54057027603,584.6674319928245,0.0,0.08729013085182633,0.0871909879988473,0.08719098799884735,0.375,0.375,0.5,9.998960804420588e-11,-6.252776074688882e-13,-6.252776074688882e-13,-6.252776074688882e-13,-6.252776074688882e-13,-6.252776074688882e-13,-6.252776074688882e-13,24332.941199196728,18364.344000520316,0.7547112307626237,0.8382759673567642,3.7870787733137683,0.769766554918541,0.534487456118114,35353.7532153836,15450.0,0.0,0.0,0.0,0.0,0.0,0.0,0.0,0.0,0.0,0.0,0.0,0.0,0.0,0.0,0.0,0.0,0.0,0.0,0.0,0.0,35363.2197778342,15450.0,1.0,0.0,0.0,6.0,0.9,143955.44449186765,23992.574081977942,257.1494179936207,257.1494179936207,-16.00058200637926,237.96188067261335,276.3369711338256,150253.40932463043,150270.15983487168,-16.750510241226888,0.0,nan,276.3369711338256,3.1869711338256366,268.6619442799669,-4.48805572003306,260.9869211175887,-12.163078882411298,253.31190227021168,-19.838097729788302,245.636888487518,-27.51311151248197,237.96188067261335,-35.18811932738663,1.0,1.0,25732.562594343566,25732.562594343566,275.5389484123545,2.388948412354523,275.5389484123545,275.5389484123545,78186.96578249971,78301.17810004641,-114.21231754669861,0.0,8648.866644398773,8648.866644398773,0.8901743348369584,3915.5322661244127,275.5389484123545,2.388948412354523,1.0,0.002,1.3553028137188128,9.999953777563818e-11,0.0020928020016575868,3.687190086939712e-11,1.0,1.0464010008287934,0.06009876417627957,9.280203852948766e-05,0.9998987169249509,0.9998987169249509,0.0,0.08718215702746623,8.830971381091178e-06,0.0,0.0,0.0,1599944.6954140472,266.4856028909778,0.0,1.0,1284941.3796008462,2596.375213083539,,,,,,,,,,,,,,,,,10.0,15200.501253132832
2670.0,-37.35773250628973,3.554595464291598,34.57277610580983,24.82154768602925,5.304953260619681,-33.08626687497764,-46.3269105303101,1.543200814390787,-6.670647195365291,-6.670647195372955,36.82604890745824,35871.339408145766,15797.999909181735,15797.999909181735,51669.3393173275,76409.16448356595,78291.29167318608,15797.999909181735,94089.2915823678,94089.2915823678,94089.2915823678,118413.16846213673,118413.16846213673,0.0,0.0,91136.75245811333,52599.246437739406,42819.45113374881,24323.87687976893,67143.32801351773,18356.420852823074,1450.0,0.0,0.8899451032742188,2.7114473385103652,0.0014947306463915918,1.0,1.0,-6.670647195365291,332144.87088005553,1422169.1439019137,4.281773613223998,1422169.1439019137,4.281773613223998,0.7546667393342543,0.08716853731071936,3.896033694053246,101325.0,128351.07116782667,1.2667265844345095,1.0,0.0,3.896033694053246,1.2847815354190615,1.2849182599545395,3.032448386474097,6425.394247106915,15200.501253132832,6453.816789339574,0.0003366524737205438,23392.18795700379,2385.3393316783804,19290.89027275553,1967.1233573907023,0.8246723354058763,0.8246723354058763,34236.208544187684,30484.863174865135,1.1561169441287118,0.8,4856.580795688861,4324.433322199387,1.1561169441287118,0.8,17892.472556813074,17892.472556813074,1.0,0.8,2034.6934298245008,2034.6934298245008,7.764314602688998,3.554595464291598,-0.9366625056250291,4.491257969916627,3.5,3.5,1.0,0.6,0.00010641296910005924,1.0040432573674791,0.00010598444670508073,205.17146679441998,0.0,0.0,0.0,0.025627838126251905,3.777878413926824e-05,6.863418496079101e-05,0.00026740109717112435,0.08726544971139137,0.08726544971139137,0.08726544971139137,0.0871653909945953,0.0,0.0,0.0,0.0,0.0,0.0,1.0,1.0,0.0,1.0,1.0,520495.76998737175,584.6971682093126,0.0,0.08726544971139137,0.08716853731071933,0.0871685373107194,0.375,0.375,0.5,2.2312845878517234e-11,7.673861546209082e-12,7.673861546209082e-12,7.673861546209082e-12,7.673861546209082e-12,7.673861546209082e-12,7.673861546209082e-12,24323.87687976893,18356.420852823074,0.7546667393342543,0.8377346850173243,3.7908087123002914,0.7695379547901632,0.5342502445056628,35353.7532153836,15450.0,0.0,0.0,0.0,0.0,0.0,0.0,0.0,0.0,0.0,0.0,0.0,0.0,0.0,0.0,0.0,0.0,0.0,0.0,0.0,0.0,35353.7532153836,15450.0,1.0,0.0,0.0,6.0,0.9,143955.44449186765,23992.574081977942,257.12699347836167,257.12699347836167,-16.023006521638308,237.9301847651397,276.3238054418176,150287.5909088102,150395.8166502628,-108.2257414525687,0.0,nan,276.3238054418176,3.173805441817649,268.64507950033635,-4.504920499663626,260.9663543257363,-12.183645674263687,253.2876300416061,-19.862369958393884,245.60890679553407,-27.54109320446591,237.9301847651397,-35.21981523486028,1.0,1.0,25732.562594343566,25732.562594343566,275.5315552367098,2.3815552367098007,275.5315552367098,275.5315552367098,78214.46830125613,78291.29167318608,-76.823371929946,0.0,8648.866644398773,8648.866644398773,0.8901754750447969,3915.513862523512,275.5315552367098,2.3815552367098007,1.0,0.002,1.3553028137670757,1.5522009402368814e-11,0.002092775139805056,5.724621345932403e-12,1.0,1.0463875699025278,0.060082139563803816,9.277514552967709e-05,0.9999638202142982,0.9999638202142982,0.0,0.08716538357171952,3.1537389998417476e-06,0.0,0.0,0.0,1599937.354327961,266.4793528046347,0.0,1.0,1284962.695731153,2596.2890423298127,,,,,,,,,,,,,,,,,9.0,15200.501253132832
2700.0,-37.35790899625755,3.555510781321356,34.57268382086757,24.80850062510001,5.305582625100998,-33.0860507209506,-46.327315690554656,1.5313374341986825,-6.6729585114504175,-6.672958511439933,36.82642305604914,35876.13279812944,15802.985057316188,15802.985057316188,51679.11785544563,76363.92950801327,78275.57077450008,15802.985057316188,94078.55583181627,94078.55583181627,94078.55583181627,118401.8681503554,118401.8681503554,0.0,0.0,91142.03571489574,52602.67245199467,42821.51473655674,24323.312318539127,67144.82705509587,18355.99031209899,1450.0,0.0,0.8899320459525066,2.7112134837050155,0.0014947306463915918,1.0,1.0,-6.6729585114504175,332114.5253994917,1422184.2258314716,4.282210252986569,1422184.2258314716,4.282210252986569,0.7546665549374265,0.08716382904792658,3.8964607699781917,101325.0,128351.07116782667,1.2667265844345095,1.0,0.0,3.8964607699781917,1.2848379097407787,1.284974089665046,3.032647729676904,6425.816631433134,15200.501253132832,6453.53332692733,0.000336543967549103,23390.97994188348,2385.2161484180106,19290.042984636028,1967.0369580474503,0.8246787023272852,0.8246787023272852,34239.21083858411,30484.863174865135,1.1562436755052943,0.8,4857.006686461488,4324.433322199387,1.1562436755052943,0.8,17892.472556813074,17892.472556813074,1.0,0.8,2034.6934298245008,2034.6934298245008,7.766764676032426,3.555510781321356,-0.9371644304245397,4.492675211745896,3.5,3.5,1.0,0.6,0.00010598444670508073,1.0000195291589509,0.00010598237695839511,205.17162104757048,0.0,2.930685611066659e-06,8.305563021762913,0.025715758694583906,3.7776954471265715e-05,6.820749223381502e-05,0.0002657678177076524,0.08726722373006149,0.08726722373006149,0.08726722373006149,0.08715659443667877,0.0,0.0,0.0,0.0,0.0,0.0,1.0,1.0,0.0,1.0,1.0,520497.6054579925,584.696573482026,0.0,0.08726722373006149,0.08716382904792654,0.0871638290479266,0.375,0.375,0.5,9.998721866454303e-11,-1.0459189070388675e-11,-1.0459189070388675e-11,-1.0459189070388675e-11,-1.0459189070388675e-11,-1.0459189070388675e-11,-1.0459189070388675e-11,24323.312318539127,18355.99031209899,0.7546665549374265,0.8378062527410309,3.789241915669529,0.7696664080025135,0.5343097059240495,35353.7532153836,15450.0,0.0,0.0,0.0,0.0,0.0,0.0,0.0,0.0,0.0,0.0,0.0,0.0,0.0,0.0,0.0,0.0,0.0,0.0,0.0,0.0,35362.058778405364,15450.0,1.0,0.0,0.0,6.0,0.9,143955.44449186765,23992.574081977942,257.1243772566144,257.1243772566144,-16.025622743385554,237.92612611941837,276.3226407045055,150352.3796684199,150369.66846754693,-17.288799127059015,0.0,nan,276.3226407045055,3.172640704505511,268.6433309295253,-4.506669070474686,260.96402408428526,-12.185975915714721,253.28472062085345,-19.86527937914653,245.6054210810986,-27.54457891890138,237.92612611941837,-35.22387388058161,1.0,1.0,25732.562594343566,25732.562594343566,275.5274262375483,2.3774262375483204,275.5274262375483,275.5274262375483,78189.61892056034,78275.57077450008,-85.95185393973952,0.0,8648.866644398773,8648.866644398773,0.8901488826699426,3915.9430738280826,275.5274262375483,2.3774262375483204,1.0,0.002,1.3553028137188132,9.999945361423918e-11,0.0020927652063584953,3.688365141133051e-11,1.0,1.0463826031792476,0.060075991712248644,9.276524324214677e-05,0.9999168837658909,0.9999168837658909,0.0,0.08715658431870558,7.24472922098952e-06,0.0,0.0,0.0,1599934.6394136683,266.47704148854956,0.0,1.0,1284970.5783626721,2596.2571777309176,,,,,,,,,,,,,,,,,10.0,15200.501253132832
2730.0,-37.35795836291205,3.555598682607106,34.572675816607045,24.809071397781395,5.305657566563847,-33.08603957790593,-46.32730734357608,1.5318530439331588,-6.673121876036873,-6.673121876052275,36.826430711491604,35875.72452137356,15803.373263128742,15803.373263128742,51679.0977845023,76365.49757013828,78274.38040947412,15803.373263128742,94077.75367260286,94077.75367260286,94077.75367260286,118401.01890251483,118401.01890251483,0.0,0.0,91141.80609335398,52602.402806496815,42821.55920761907,24323.26522991197,67144.82443753105,18355.95343781044,1450.0,0.0,0.8899311912057108,2.7111969553726913,0.0014947306463915918,1.0,1.0,-6.673121876036873,332112.3806533453,1422184.5344237005,4.282238836221402,1422184.5344237005,4.282238836221402,0.7546664999252188,0.08716379287574111,3.8964417352185063,101325.0,128351.07116782667,1.2667265844345095,1.0,0.0,3.8964417352185063,1.2848355022258515,1.284971679235524,3.0326385972899277,6425.797281000987,15200.501253132832,6453.546317220719,0.0003365489392262138,23391.035279587697,2385.2217912934284,19290.081813492277,1967.0409174888753,0.8246784113196505,0.8246784113196505,34239.07702782466,30484.863174865135,1.1562380270920802,0.8,4856.987704722789,4324.433322199387,1.1562380270920802,0.8,17892.472556813074,17892.472556813074,1.0,0.8,2034.6934298245008,2034.6934298245008,7.766955469302243,3.555598682607106,-0.937186893264605,4.492785575871711,3.5,3.5,1.0,0.6,0.00010598237695839511,1.0000054625392791,0.0001059817980286605,205.1716641943226,0.0,1.4155109421534625e-08,0.04011558010062913,0.02571618334786655,3.7776992164657824e-05,6.82053847937373e-05,0.00026575830787695565,0.08726732102481027,0.08726732102481027,0.08726732102481027,0.08715597939499453,0.0,0.0,0.0,0.0,0.0,0.0,1.0,1.0,0.0,1.0,1.0,520497.6430135114,584.696561313319,0.0,0.08726732102481027,0.08716379287574107,0.08716379287574114,0.375,0.375,0.5,9.999915411896075e-11,1.5404566511278972e-11,1.5404566511278972e-11,1.5404566511278972e-11,1.5404566511278972e-11,1.5404566511278972e-11,1.5404566511278972e-11,24323.26522991197,18355.95343781044,0.7546664999252188,0.837795848288269,3.7893296793031186,0.7696661390869007,0.5343036462140273,35353.7532153836,15450.0,0.0,0.0,0.0,0.0,0.0,0.0,0.0,0.0,0.0,0.0,0.0,0.0,0.0,0.0,0.0,0.0,0.0,0.0,0.0,0.0,35353.7933309637,15450.0,1.0,0.0,0.0,6.0,0.9,143955.44449186765,23992.574081977942,257.1242087853052,257.1242087853052,-16.025791214694777,237.92585261833028,276.3225823875675,150354.982478731,150366.47279371307,-11.490314982092517,0.0,nan,276.3225823875675,3.172582387567502,268.6432265412695,-4.506773458730493,260.96387510147605,-12.186124898523929,253.2845285610542,-19.865471438945775,245.60518750213362,-27.54481249786636,237.92585261833028,-35.224147381669695,1.0,1.0,25732.562594343566,25732.562594343566,275.527125240449,2.377125240449004,275.527125240449,275.527125240449,78192.37984251305,78274.38040947412,-82.00056696106913,0.0,8648.866644398773,8648.866644398773,0.8901500679041532,3915.923943894599,275.527125240449,2.377125240449004,1.0,0.002,1.3553028137188121,9.999996680015123e-11,0.0020927645042709115,3.6884065549873586e-11,1.0,1.0463822521354558,0.060075557185254036,9.276454115497712e-05,0.9999102489968199,0.9999102489968199,0.0,0.08715596983788954,7.823037851579704e-06,0.0,0.0,0.0,1599934.4475197555,266.4768781239631,0.0,1.0,1284971.1355057983,2596.254925567631,,,,,,,,,,,,,,,,,6.0,15200.501253132832
2760.0,-37.357969278257485,3.555622403207074,34.572673638247174,24.809299036301695,5.305670332429101,-33.086036643775174,-46.327303362172074,1.5320668716289454,-6.67316474280733,-6.673164742815769,36.82643228097553,35875.60960634448,15803.476140605293,15803.476140605293,51679.08574694977,76366.22187573045,78274.0673959595,15803.476140605293,94077.5435365648,94077.5435365648,94077.5435365648,118400.79624247759,118400.79624247759,0.0,0.0,91141.72050401733,52602.31149455058,42821.56556607416,24323.25270591279,67144.81827198695,18355.943611390052,1450.0,0.0,0.8899309685142248,2.711192618361302,0.0014947306463915918,1.0,1.0,-6.67316474280733,332111.8178750353,1422184.5976894598,4.282246283161744,1422184.5976894598,4.282246283161744,0.7546664845087873,0.08716378255970278,3.896435769395675,101325.0,128351.07116782667,1.2667265844345095,1.0,0.0,3.896435769395675,1.2848345032346835,1.2849706793946072,3.032636311981081,6425.792438705771,15200.501253132832,6453.549567877469,0.0003365501833384812,23391.049127483275,2385.2232033857917,19290.091529922836,1967.0419082890526,0.8246783384870914,0.8246783384870914,34239.0350891919,30484.863174865135,1.1562362567817075,0.8,4856.981755513834,4324.433322199387,1.1562362567817075,0.8,17892.472556813074,17892.472556813074,1.0,0.8,2034.6934298245008,2034.6934298245008,7.767006030961823,3.555622403207074,-0.9371924199927246,4.492814823199799,3.5,3.5,1.0,0.6,0.0001059817980286605,1.0000012078070173,0.00010598167002325574,205.17167373440228,0.0,3.959332570046199e-09,0.011220748503510927,0.025716302127843652,3.777701014394513e-05,6.820478788471537e-05,0.0002657555751580497,0.08726734589806813,0.08726734589806813,0.08726734589806813,0.08715581816508174,0.0,0.0,0.0,0.0,0.0,0.0,1.0,1.0,0.0,1.0,1.0,520497.6507129731,584.6965588185451,0.0,0.08726734589806813,0.08716378255970274,0.08716378255970281,0.375,0.375,0.5,9.999977201612802e-11,8.412825991399586e-12,8.412825991399586e-12,8.412825991399586e-12,8.412825991399586e-12,8.412825991399586e-12,8.412825991399586e-12,24323.25270591279,18355.943611390052,0.7546664845087873,0.8377930403078796,3.789365638335453,0.7696660304837025,0.5343019838257855,35353.7532153836,15450.0,0.0,0.0,0.0,0.0,0.0,0.0,0.0,0.0,0.0,0.0,0.0,0.0,0.0,0.0,0.0,0.0,0.0,0.0,0.0,0.0,35353.7644361321,15450.0,1.0,0.0,0.0,6.0,0.9,143955.44449186765,23992.574081977942,257.1241682856604,257.1241682856604,-16.025831714339574,237.92578468530297,276.3225704190689,150355.49831586433,150365.6634440544,-10.165128190053773,0.0,nan,276.3225704190689,3.1725704190689044,268.643202734615,-4.506797265384989,260.9638397659108,-12.186160234089186,253.28448201914836,-19.86551798085162,245.60513008991674,-27.544869910083236,237.92578468530297,-35.224215314697005,1.0,1.0,25732.562594343566,25732.562594343566,275.5270461824101,2.3770461824101403,275.5270461824101,275.5270461824101,78193.3618227146,78274.0673959595,-80.70557324489346,0.0,8648.866644398773,8648.866644398773,0.8901504393768009,3915.9179482426534,275.5270461824101,2.3770461824101403,1.0,0.002,1.3553028137188121,9.999999108817858e-11,0.0020927643200436877,3.688413351060734e-11,1.0,1.046382160021844,0.06007544316566804,9.276435692782102e-05,0.9999085174308621,0.9999085174308621,0.0,0.08715580859293844,7.973966764341948e-06,0.0,0.0,0.0,1599934.3971668438,266.47683525719265,0.0,1.0,1284971.2816997373,2596.254334602137,,,,,,,,,,,,,,,,,6.0,15200.501253132832
2790.0,-37.35812225254608,3.555881614529943,34.57264851495681,24.805642780289077,5.3055404087616,-33.08198087008552,-46.3235050329007,1.5287387157752717,-6.673547895198396,-6.673547895206453,36.82641586422953,35861.00597596319,15804.468592542733,15804.468592542733,51665.474568505924,76354.70965785763,78271.23433102232,15804.468592542733,94075.70292356506,94075.70292356506,94075.70292356506,118398.83204944918,118398.83204944918,0.0,0.0,91143.17544611763,52604.70891689679,42820.51836580094,24323.12912588412,67143.64749168506,18355.845346059436,1450.0,0.0,0.8899290885366212,2.7111538534662474,0.0014947306463915918,1.0,1.0,-6.673547895198396,332106.7876750421,1422183.9359278758,4.2823091508730196,1422183.9359278758,4.2823091508730196,0.7546662787941032,0.08716363826476323,3.896552895249342,101325.0,128351.07116782667,1.2667265844345095,1.0,0.0,3.896552895249342,1.2848500712473985,1.2849862488928576,3.032690725904205,6425.907735279378,15200.501253132832,6453.4721618472495,0.00033652055940733766,23390.719411826525,2385.1895817457057,19289.8601581185,1967.0183149310417,0.8246800715486075,0.8246800715486075,34239.85845996381,30484.863174865135,1.156271012945194,0.8,4857.098554857238,4324.433322199387,1.156271012945194,0.8,17892.472556813074,17892.472556813074,1.0,0.8,2034.6934298245008,2034.6934298245008,7.767493795812728,3.555881614529943,-0.9372153556314595,4.493096970161402,3.5,3.5,1.0,0.6,0.00010598167002325574,1.0000169270867267,0.00010597987609270183,205.1718074349683,0.0,8.754361047555791e-10,0.0024809859208773113,0.025716328390926795,3.779416631174788e-05,6.818750371150785e-05,0.00026569621500690117,0.08726752270609803,0.08726752270609803,0.08726752270609803,0.08715438788885928,0.0,0.0,0.0,0.0,0.0,0.0,1.0,1.0,0.0,1.0,1.0,520497.5701768795,584.6965849137812,0.0,0.08726752270609803,0.08716363826476319,0.08716363826476325,0.375,0.375,0.5,9.999740168413925e-11,8.071765478234738e-12,8.071765478234738e-12,8.071765478234738e-12,8.071765478234738e-12,8.071765478234738e-12,8.071765478234738e-12,24323.12912588412,18355.845346059436,0.7546662787941032,0.8374724861949351,3.7889523906826064,0.7694767338176568,0.5340938021039764,35353.7532153836,15450.0,0.0,0.0,0.0,0.0,0.0,0.0,0.0,0.0,0.0,0.0,0.0,0.0,0.0,0.0,0.0,0.0,0.0,0.0,0.0,0.0,35353.755696369524,15450.0,1.0,0.0,0.0,6.0,0.9,143955.44449186765,23992.574081977942,257.1239063930462,257.1239063930462,-16.026093606953793,237.92537992090345,276.32244717426335,150362.02585838037,150368.3379827508,-6.312124370435634,0.0,nan,276.32244717426335,3.172447174263368,268.643025690501,-4.506974309498958,260.96360769943476,-12.186392300565217,253.2841936788225,-19.865806321177473,245.60478419435188,-27.5452158056481,237.92537992090345,-35.224620079096525,1.0,1.0,25732.562594343566,25732.562594343566,275.52633546514255,2.3763354651425743,275.52633546514255,275.52633546514255,78184.80397723812,78271.23433102232,-86.43035378420609,0.0,8648.866644398773,8648.866644398773,0.8901431463039601,3916.0356597255886,275.52633546514255,2.3763354651425743,1.0,0.002,1.3553028137188126,9.999990013440307e-11,0.0020927626733838385,3.688462734307221e-11,1.0,1.0463813366919192,0.06007442403486363,9.276271026846571e-05,0.9998937619835057,0.9998937619835057,0.0,0.08715437817272355,9.26009203967879e-06,0.0,0.0,0.0,1599933.947100559,266.4764521048016,0.0,1.0,1284972.5884109756,2596.2490524407162,,,,,,,,,,,,,,,,,8.0,15200.501253132832
2820.0,-37.358172771958436,3.5560480148555875,34.5726301438332,24.807350942306243,5.30544629259859,-33.077631401697474,-46.31943282494319,1.5302952791421585,-6.673747995024087,-6.673747994932336,36.82637332246356,35844.15192235686,15805.034835122342,15805.034835122342,51649.186757479205,76360.70118099387,78269.75017533539,15805.034835122342,94074.78501045772,94074.78501045772,94074.78501045772,118397.83661321283,118397.83661321283,0.0,0.0,91142.49729444183,52604.83628872577,42819.623339684505,24323.051602755102,67142.67494243961,18355.782386021838,1450.0,0.0,0.8899282300067146,2.711133608826644,0.0014947306463915918,1.0,1.0,-6.673747995024087,332104.160696735,1422182.2210642283,4.282337860749993,1422182.2210642283,4.282337860749993,0.7546660955956142,0.08716350743034382,3.896498536539658,101325.0,128351.07116782667,1.2667265844345095,1.0,0.0,3.896498536539658,1.2848427939406548,1.284978968509774,3.0326655952896537,6425.854486522735,15200.501253132832,6453.507912956204,0.000336534241289946,23390.87168639931,2385.2051094307753,19289.967020575627,1967.0292118690509,0.8246792714352682,0.8246792714352682,34239.47632997924,30484.863174865135,1.156254882431379,0.8,4857.044347769963,4324.433322199387,1.156254882431379,0.8,17892.472556813074,17892.472556813074,1.0,0.8,2034.6934298245008,2034.6934298245008,7.7677720896192115,3.5560480148555875,-0.9372099340064857,4.493257948862073,3.5,3.5,1.0,0.6,0.00010597987609270183,1.0000055901051716,0.00010597928365736017,205.1718515893135,0.0,1.2268799138622887e-08,0.034769776758857264,0.025716696454900954,3.7812567544408507e-05,6.816730854829332e-05,0.00026561381799827225,0.08726756426274623,0.08726756426274623,0.08726756426274623,0.08715365301374743,0.0,0.0,0.0,0.0,0.0,0.0,1.0,1.0,0.0,1.0,1.0,520497.3614785612,584.6966525360251,0.0,0.08726756426274623,0.08716350743034379,0.08716350743034386,0.375,0.375,0.5,9.999816895845784e-11,-9.174527804134414e-11,-9.174527804134414e-11,-9.174527804134414e-11,-9.174527804134414e-11,-9.174527804134414e-11,-9.174527804134414e-11,24323.051602755102,18355.782386021838,0.7546660955956142,0.8370963854120852,3.7892340780823934,0.7692452944681942,0.5338505198532156,35353.7532153836,15450.0,0.0,0.0,0.0,0.0,0.0,0.0,0.0,0.0,0.0,0.0,0.0,0.0,0.0,0.0,0.0,0.0,0.0,0.0,0.0,0.0,35353.78798516036,15450.0,1.0,0.0,0.0,6.0,0.9,143955.44449186765,23992.574081977942,257.1237779129996,257.1237779129996,-16.02622208700035,237.92521003740063,276.3223558913964,150360.672861216,150365.1883493784,-4.515488162397996,0.0,nan,276.3223558913964,3.172355891396421,268.6429211100272,-4.5070788899727745,260.9634887081134,-12.186511291886575,253.2840590706708,-19.865940929329184,245.60463266038946,-27.54536733961052,237.92521003740063,-35.224789962599345,1.0,1.0,25732.562594343566,25732.562594343566,275.5259637642407,2.375963764240737,275.5259637642407,275.5259637642407,78191.26053553996,78269.75017533539,-78.48963979542896,0.0,8648.866644398773,8648.866644398773,0.8901465310621749,3915.981029222356,275.5259637642407,2.375963764240737,1.0,0.002,1.3553028137188123,9.999993147471227e-11,0.0020927618134240853,3.688491432866893e-11,1.0,1.0463809067120426,0.06007389179833322,9.276185030899966e-05,0.9998868478634748,0.9998868478634748,0.0,0.08715364469325104,9.862737092772267e-06,0.0,0.0,0.0,1599933.712054387,266.4762520049759,0.0,1.0,1284973.270834647,2596.246293863454,,,,,,,,,,,,,,,,,8.0,15200.501253132832
2850.0,-37.358172771958436,3.5560480148555875,34.5726301438332,24.807350942306243,5.30544629259859,-33.077631401697474,-46.31943306941537,1.5302952791421585,-6.673747995024087,-6.673747994932336,36.82637332246356,35844.152956121055,15805.034835122342,15805.034835122342,51649.1877912434,76360.70127773358,78269.75017533539,15805.034835122342,94074.78501045772,94074.78501045772,94074.78501045772,118397.83661321283,118397.83661321283,0.0,0.0,91142.4974132978,52604.830783181846,42819.62958901772,24323.051602755102,67142.68119177282,18355.782386021838,1450.0,0.0,0.8899282300067146,2.711133608826644,0.0014947306463915918,1.0,1.0,-6.673747995024087,332104.160696735,1422182.2210642283,4.282337860749993,1422182.2210642283,4.282337860749993,0.7546660955956142,0.08716350743034382,3.896498546642304,101325.0,128351.07116782667,1.2667265844345095,1.0,0.0,3.896498546642304,1.2848427951643266,1.2849789689723496,3.0326656002643158,6425.8544970634475,15200.501253132832,6453.5079058794945,0.00033653423858164076,23390.871656255906,2385.2051063570034,19289.96699942287,1967.02920971207,0.8246792715937012,0.8246792715937012,34239.476400998756,30484.863174865135,1.1562548854292587,0.8,4857.044357844444,4324.433322199387,1.1562548854292587,0.8,17892.472556813074,17892.472556813074,1.0,0.8,2034.6934298245008,2034.6934298245008,7.7677720896192115,3.5560480148555875,-0.9372099340064857,4.493257948862073,3.5,3.5,1.0,0.6,0.00010597928365736017,1.0,0.00010597928365736017,205.1718515893135,0.0,4.051701866484039e-09,0.011482523089615768,0.02571681800595695,3.781256643945434e-05,6.816671721790583e-05,0.000265611514568947,0.08726756426274623,0.08726756426274623,0.08726756426274623,0.08715365301374743,0.0,0.0,0.0,0.0,0.0,0.0,1.0,1.0,0.0,1.0,1.0,520497.3614785612,584.6966525360251,0.0,0.08726756426274623,0.08716350743034379,0.08716350743034386,0.375,0.375,0.5,1e-10,-9.174527804134414e-11,-9.174527804134414e-11,-9.174527804134414e-11,-9.174527804134414e-11,-9.174527804134414e-11,-9.174527804134414e-11,24323.051602755102,18355.782386021838,0.7546660955956142,0.8370962873839124,3.789234082059678,0.7692452382668942,0.5338504855613829,35353.7532153836,15450.0,0.0,0.0,0.0,0.0,0.0,0.0,0.0,0.0,0.0,0.0,0.0,0.0,0.0,0.0,0.0,0.0,0.0,0.0,0.0,0.0,35353.76469790669,15450.0,1.0,0.0,0.0,6.0,0.9,143955.44449186765,23992.574081977942,257.1237779129996,257.1237779129996,-16.02622208700035,237.92521003740063,276.3223558913964,150360.6732510695,150365.1887392319,-4.515488162397996,0.0,nan,276.3223558913964,3.172355891396421,268.6429211100272,-4.5070788899727745,260.9634887081134,-12.186511291886575,253.2840590706708,-19.865940929329184,245.60463266038946,-27.54536733961052,237.92521003740063,-35.224789962599345,1.0,1.0,25732.562594343566,25732.562594343566,275.5259637642407,2.375963764240737,275.5259637642407,275.5259637642407,78191.26068301313,78269.75017533539,-78.48949232226005,0.0,8648.866644398773,8648.866644398773,0.8901465304331135,3915.9810393755156,275.5259637642407,2.375963764240737,1.0,0.002,1.3553028137188121,1e-10,0.002092761813424085,3.6884939604179926e-11,1.0,1.0463809067120424,0.060073891798333,9.276185030902438e-05,0.9998868478634748,0.9998868478634748,0.0,0.08715364469325104,9.862737092772267e-06,0.0,0.0,0.0,1599933.712054387,266.4762520049759,0.0,1.0,1284973.270834647,2596.246293863454,,,,,,,,,,,,,,,,,6.0,15200.501253132832
2880.0,-37.358172771958436,3.5560480148555875,34.5726301438332,24.807350942306243,5.30544629259859,-33.077631401697474,-46.31943306941537,1.5302952791421585,-6.673747995024087,-6.673747994932336,36.82637332246356,35844.152956121055,15805.034835122342,15805.034835122342,51649.1877912434,76360.70127773358,78269.75017533539,15805.034835122342,94074.78501045772,94074.78501045772,94074.78501045772,118397.83661321283,118397.83661321283,0.0,0.0,91142.4974132978,52604.830783181846,42819.62958901772,24323.051602755102,67142.68119177282,18355.782386021838,1450.0,0.0,0.8899282300067146,2.711133608826644,0.0014947306463915918,1.0,1.0,-6.673747995024087,332104.160696735,1422182.2210642283,4.282337860749993,1422182.2210642283,4.282337860749993,0.7546660955956142,0.08716350743034382,3.896498546642304,101325.0,128351.07116782667,1.2667265844345095,1.0,0.0,3.896498546642304,1.2848427951643266,1.2849789689723496,3.0326656002643158,6425.8544970634475,15200.501253132832,6453.5079058794945,0.00033653423858164076,23390.871656255906,2385.2051063570034,19289.96699942287,1967.02920971207,0.8246792715937012,0.8246792715937012,34239.476400998756,30484.863174865135,1.1562548854292587,0.8,4857.044357844444,4324.433322199387,1.1562548854292587,0.8,17892.472556813074,17892.472556813074,1.0,0.8,2034.6934298245008,2034.6934298245008,7.7677720896192115,3.5560480148555875,-0.9372099340064857,4.493257948862073,3.5,3.5,1.0,0.6,0.00010597928365736017,1.0,0.00010597928365736017,205.1718515893135,0.0,0.0,0.0,0.02571681800595695,3.781256643945434e-05,6.816671721790583e-05,0.000265611514568947,0.08726756426274623,0.08726756426274623,0.08726756426274623,0.08715365301374743,0.0,0.0,0.0,0.0,0.0,0.0,1.0,1.0,0.0,1.0,1.0,520497.3614785612,584.6966525360251,0.0,0.08726756426274623,0.08716350743034379,0.08716350743034386,0.375,0.375,0.5,1e-10,-9.174527804134414e-11,-9.174527804134414e-11,-9.174527804134414e-11,-9.174527804134414e-11,-9.174527804134414e-11,-9.174527804134414e-11,24323.051602755102,18355.782386021838,0.7546660955956142,0.8370962873839124,3.789234082059678,0.7692452382668942,0.5338504855613829,35353.7532153836,15450.0,0.0,0.0,0.0,0.0,0.0,0.0,0.0,0.0,0.0,0.0,0.0,0.0,0.0,0.0,0.0,0.0,0.0,0.0,0.0,0.0,35353.7532153836,15450.0,1.0,0.0,0.0,6.0,0.9,143955.44449186765,23992.574081977942,257.1237779129996,257.1237779129996,-16.02622208700035,237.92521003740063,276.3223558913964,150360.6732510695,150365.1887392319,-4.515488162397996,0.0,nan,276.3223558913964,3.172355891396421,268.6429211100272,-4.5070788899727745,260.9634887081134,-12.186511291886575,253.2840590706708,-19.865940929329184,245.60463266038946,-27.54536733961052,237.92521003740063,-35.224789962599345,1.0,1.0,25732.562594343566,25732.562594343566,275.5259637642407,2.375963764240737,275.5259637642407,275.5259637642407,78191.26068301313,78269.75017533539,-78.48949232226005,0.0,8648.866644398773,8648.866644398773,0.8901465304331135,3915.9810393755156,275.5259637642407,2.375963764240737,1.0,0.002,1.3553028137188121,1e-10,0.002092761813424085,3.6884939604179926e-11,1.0,1.0463809067120424,0.060073891798333,9.276185030902438e-05,0.9998868478634748,0.9998868478634748,0.0,0.08715364469325104,9.862737092772267e-06,0.0,0.0,0.0,1599933.712054387,266.4762520049759,0.0,1.0,1284973.270834647,2596.246293863454,,,,,,,,,,,,,,,,,6.0,15200.501253132832
2910.0,-37.358172771958436,3.5560480148555875,34.5726301438332,24.807350942306243,5.30544629259859,-33.077631401697474,-46.31943306941537,1.5302952791421585,-6.673747995024087,-6.673747994932336,36.82637332246356,35844.152956121055,15805.034835122342,15805.034835122342,51649.1877912434,76360.70127773358,78269.75017533539,15805.034835122342,94074.78501045772,94074.78501045772,94074.78501045772,118397.83661321283,118397.83661321283,0.0,0.0,91142.4974132978,52604.830783181846,42819.62958901772,24323.051602755102,67142.68119177282,18355.782386021838,1450.0,0.0,0.8899282300067146,2.711133608826644,0.0014947306463915918,1.0,1.0,-6.673747995024087,332104.160696735,1422182.2210642283,4.282337860749993,1422182.2210642283,4.282337860749993,0.7546660955956142,0.08716350743034382,3.896498546642304,101325.0,128351.07116782667,1.2667265844345095,1.0,0.0,3.896498546642304,1.2848427951643266,1.2849789689723496,3.0326656002643158,6425.8544970634475,15200.501253132832,6453.5079058794945,0.00033653423858164076,23390.871656255906,2385.2051063570034,19289.96699942287,1967.02920971207,0.8246792715937012,0.8246792715937012,34239.476400998756,30484.863174865135,1.1562548854292587,0.8,4857.044357844444,4324.433322199387,1.1562548854292587,0.8,17892.472556813074,17892.472556813074,1.0,0.8,2034.6934298245008,2034.6934298245008,7.7677720896192115,3.5560480148555875,-0.9372099340064857,4.493257948862073,3.5,3.5,1.0,0.6,0.00010597928365736017,1.0,0.00010597928365736017,205.1718515893135,0.0,0.0,0.0,0.02571681800595695,3.781256643945434e-05,6.816671721790583e-05,0.000265611514568947,0.08726756426274623,0.08726756426274623,0.08726756426274623,0.08715365301374743,0.0,0.0,0.0,0.0,0.0,0.0,1.0,1.0,0.0,1.0,1.0,520497.3614785612,584.6966525360251,0.0,0.08726756426274623,0.08716350743034379,0.08716350743034386,0.375,0.375,0.5,1e-10,-9.174527804134414e-11,-9.174527804134414e-11,-9.174527804134414e-11,-9.174527804134414e-11,-9.174527804134414e-11,-9.174527804134414e-11,24323.051602755102,18355.782386021838,0.7546660955956142,0.8370962873839124,3.789234082059678,0.7692452382668942,0.5338504855613829,35353.7532153836,15450.0,0.0,0.0,0.0,0.0,0.0,0.0,0.0,0.0,0.0,0.0,0.0,0.0,0.0,0.0,0.0,0.0,0.0,0.0,0.0,0.0,35353.7532153836,15450.0,1.0,0.0,0.0,6.0,0.9,143955.44449186765,23992.574081977942,257.1237779129996,257.1237779129996,-16.02622208700035,237.92521003740063,276.3223558913964,150360.6732510695,150365.1887392319,-4.515488162397996,0.0,nan,276.3223558913964,3.172355891396421,268.6429211100272,-4.5070788899727745,260.9634887081134,-12.186511291886575,253.2840590706708,-19.865940929329184,245.60463266038946,-27.54536733961052,237.92521003740063,-35.224789962599345,1.0,1.0,25732.562594343566,25732.562594343566,275.5259637642407,2.375963764240737,275.5259637642407,275.5259637642407,78191.26068301313,78269.75017533539,-78.48949232226005,0.0,8648.866644398773,8648.866644398773,0.8901465304331135,3915.9810393755156,275.5259637642407,2.375963764240737,1.0,0.002,1.3553028137188121,1e-10,0.002092761813424085,3.6884939604179926e-11,1.0,1.0463809067120424,0.060073891798333,9.276185030902438e-05,0.9998868478634748,0.9998868478634748,0.0,0.08715364469325104,9.862737092772267e-06,0.0,0.0,0.0,1599933.712054387,266.4762520049759,0.0,1.0,1284973.270834647,2596.246293863454,,,,,,,,,,,,,,,,,6.0,15200.501253132832
2940.0,-37.358172771958436,3.5560480148555875,34.5726301438332,24.807350942306243,5.30544629259859,-33.077631401697474,-46.31943306941537,1.5302952791421585,-6.673747995024087,-6.673747994932336,36.82637332246356,35844.152956121055,15805.034835122342,15805.034835122342,51649.1877912434,76360.70127773358,78269.75017533539,15805.034835122342,94074.78501045772,94074.78501045772,94074.78501045772,118397.83661321283,118397.83661321283,0.0,0.0,91142.4974132978,52604.830783181846,42819.62958901772,24323.051602755102,67142.68119177282,18355.782386021838,1450.0,0.0,0.8899282300067146,2.711133608826644,0.0014947306463915918,1.0,1.0,-6.673747995024087,332104.160696735,1422182.2210642283,4.282337860749993,1422182.2210642283,4.282337860749993,0.7546660955956142,0.08716350743034382,3.896498546642304,101325.0,128351.07116782667,1.2667265844345095,1.0,0.0,3.896498546642304,1.2848427951643266,1.2849789689723496,3.0326656002643158,6425.8544970634475,15200.501253132832,6453.5079058794945,0.00033653423858164076,23390.871656255906,2385.2051063570034,19289.96699942287,1967.02920971207,0.8246792715937012,0.8246792715937012,34239.476400998756,30484.863174865135,1.1562548854292587,0.8,4857.044357844444,4324.433322199387,1.1562548854292587,0.8,17892.472556813074,17892.472556813074,1.0,0.8,2034.6934298245008,2034.6934298245008,7.7677720896192115,3.5560480148555875,-0.9372099340064857,4.493257948862073,3.5,3.5,1.0,0.6,0.00010597928365736017,1.0,0.00010597928365736017,205.1718515893135,0.0,0.0,0.0,0.02571681800595695,3.781256643945434e-05,6.816671721790583e-05,0.000265611514568947,0.08726756426274623,0.08726756426274623,0.08726756426274623,0.08715365301374743,0.0,0.0,0.0,0.0,0.0,0.0,1.0,1.0,0.0,1.0,1.0,520497.3614785612,584.6966525360251,0.0,0.08726756426274623,0.08716350743034379,0.08716350743034386,0.375,0.375,0.5,1e-10,-9.174527804134414e-11,-9.174527804134414e-11,-9.174527804134414e-11,-9.174527804134414e-11,-9.174527804134414e-11,-9.174527804134414e-11,24323.051602755102,18355.782386021838,0.7546660955956142,0.8370962873839124,3.789234082059678,0.7692452382668942,0.5338504855613829,35353.7532153836,15450.0,0.0,0.0,0.0,0.0,0.0,0.0,0.0,0.0,0.0,0.0,0.0,0.0,0.0,0.0,0.0,0.0,0.0,0.0,0.0,0.0,35353.7532153836,15450.0,1.0,0.0,0.0,6.0,0.9,143955.44449186765,23992.574081977942,257.1237779129996,257.1237779129996,-16.02622208700035,237.92521003740063,276.3223558913964,150360.6732510695,150365.1887392319,-4.515488162397996,0.0,nan,276.3223558913964,3.172355891396421,268.6429211100272,-4.5070788899727745,260.9634887081134,-12.186511291886575,253.2840590706708,-19.865940929329184,245.60463266038946,-27.54536733961052,237.92521003740063,-35.224789962599345,1.0,1.0,25732.562594343566,25732.562594343566,275.5259637642407,2.375963764240737,275.5259637642407,275.5259637642407,78191.26068301313,78269.75017533539,-78.48949232226005,0.0,8648.866644398773,8648.866644398773,0.8901465304331135,3915.9810393755156,275.5259637642407,2.375963764240737,1.0,0.002,1.3553028137188121,1e-10,0.002092761813424085,3.6884939604179926e-11,1.0,1.0463809067120424,0.060073891798333,9.276185030902438e-05,0.9998868478634748,0.9998868478634748,0.0,0.08715364469325104,9.862737092772267e-06,0.0,0.0,0.0,1599933.712054387,266.4762520049759,0.0,1.0,1284973.270834647,2596.246293863454,,,,,,,,,,,,,,,,,6.0,15200.501253132832
2970.0,-37.358172771958436,3.5560480148555875,34.5726301438332,24.807350942306243,5.30544629259859,-33.077631401697474,-46.31943306941537,1.5302952791421585,-6.673747995024087,-6.673747994932336,36.82637332246356,35844.152956121055,15805.034835122342,15805.034835122342,51649.1877912434,76360.70127773358,78269.75017533539,15805.034835122342,94074.78501045772,94074.78501045772,94074.78501045772,118397.83661321283,118397.83661321283,0.0,0.0,91142.4974132978,52604.830783181846,42819.62958901772,24323.051602755102,67142.68119177282,18355.782386021838,1450.0,0.0,0.8899282300067146,2.711133608826644,0.0014947306463915918,1.0,1.0,-6.673747995024087,332104.160696735,1422182.2210642283,4.282337860749993,1422182.2210642283,4.282337860749993,0.7546660955956142,0.08716350743034382,3.896498546642304,101325.0,128351.07116782667,1.2667265844345095,1.0,0.0,3.896498546642304,1.2848427951643266,1.2849789689723496,3.0326656002643158,6425.8544970634475,15200.501253132832,6453.5079058794945,0.00033653423858164076,23390.871656255906,2385.2051063570034,19289.96699942287,1967.02920971207,0.8246792715937012,0.8246792715937012,34239.476400998756,30484.863174865135,1.1562548854292587,0.8,4857.044357844444,4324.433322199387,1.1562548854292587,0.8,17892.472556813074,17892.472556813074,1.0,0.8,2034.6934298245008,2034.6934298245008,7.7677720896192115,3.5560480148555875,-0.9372099340064857,4.493257948862073,3.5,3.5,1.0,0.6,0.00010597928365736017,1.0,0.00010597928365736017,205.1718515893135,0.0,0.0,0.0,0.02571681800595695,3.781256643945434e-05,6.816671721790583e-05,0.000265611514568947,0.08726756426274623,0.08726756426274623,0.08726756426274623,0.08715365301374743,0.0,0.0,0.0,0.0,0.0,0.0,1.0,1.0,0.0,1.0,1.0,520497.3614785612,584.6966525360251,0.0,0.08726756426274623,0.08716350743034379,0.08716350743034386,0.375,0.375,0.5,1e-10,-9.174527804134414e-11,-9.174527804134414e-11,-9.174527804134414e-11,-9.174527804134414e-11,-9.174527804134414e-11,-9.174527804134414e-11,24323.051602755102,18355.782386021838,0.7546660955956142,0.8370962873839124,3.789234082059678,0.7692452382668942,0.5338504855613829,35353.7532153836,15450.0,0.0,0.0,0.0,0.0,0.0,0.0,0.0,0.0,0.0,0.0,0.0,0.0,0.0,0.0,0.0,0.0,0.0,0.0,0.0,0.0,35353.7532153836,15450.0,1.0,0.0,0.0,6.0,0.9,143955.44449186765,23992.574081977942,257.1237779129996,257.1237779129996,-16.02622208700035,237.92521003740063,276.3223558913964,150360.6732510695,150365.1887392319,-4.515488162397996,0.0,nan,276.3223558913964,3.172355891396421,268.6429211100272,-4.5070788899727745,260.9634887081134,-12.186511291886575,253.2840590706708,-19.865940929329184,245.60463266038946,-27.54536733961052,237.92521003740063,-35.224789962599345,1.0,1.0,25732.562594343566,25732.562594343566,275.5259637642407,2.375963764240737,275.5259637642407,275.5259637642407,78191.26068301313,78269.75017533539,-78.48949232226005,0.0,8648.866644398773,8648.866644398773,0.8901465304331135,3915.9810393755156,275.5259637642407,2.375963764240737,1.0,0.002,1.3553028137188121,1e-10,0.002092761813424085,3.6884939604179926e-11,1.0,1.0463809067120424,0.060073891798333,9.276185030902438e-05,0.9998868478634748,0.9998868478634748,0.0,0.08715364469325104,9.862737092772267e-06,0.0,0.0,0.0,1599933.712054387,266.4762520049759,0.0,1.0,1284973.270834647,2596.246293863454,,,,,,,,,,,,,,,,,6.0,15200.501253132832
3000.0,-37.358172771958436,3.5560480148555875,34.5726301438332,24.807350942306243,5.30544629259859,-33.077631401697474,-46.31943306941537,1.5302952791421585,-6.673747995024087,-6.673747994932336,36.82637332246356,35844.152956121055,15805.034835122342,15805.034835122342,51649.1877912434,76360.70127773358,78269.75017533539,15805.034835122342,94074.78501045772,94074.78501045772,94074.78501045772,118397.83661321283,118397.83661321283,0.0,0.0,91142.4974132978,52604.830783181846,42819.62958901772,24323.051602755102,67142.68119177282,18355.782386021838,1450.0,0.0,0.8899282300067146,2.711133608826644,0.0014947306463915918,1.0,1.0,-6.673747995024087,332104.160696735,1422182.2210642283,4.282337860749993,1422182.2210642283,4.282337860749993,0.7546660955956142,0.08716350743034382,3.896498546642304,101325.0,128351.07116782667,1.2667265844345095,1.0,0.0,3.896498546642304,1.2848427951643266,1.2849789689723496,3.0326656002643158,6425.8544970634475,15200.501253132832,6453.5079058794945,0.00033653423858164076,23390.871656255906,2385.2051063570034,19289.96699942287,1967.02920971207,0.8246792715937012,0.8246792715937012,34239.476400998756,30484.863174865135,1.1562548854292587,0.8,4857.044357844444,4324.433322199387,1.1562548854292587,0.8,17892.472556813074,17892.472556813074,1.0,0.8,2034.6934298245008,2034.6934298245008,7.7677720896192115,3.5560480148555875,-0.9372099340064857,4.493257948862073,3.5,3.5,1.0,0.6,0.00010597928365736017,1.0,0.00010597928365736017,205.1718515893135,0.0,0.0,0.0,0.02571681800595695,3.781256643945434e-05,6.816671721790583e-05,0.000265611514568947,0.08726756426274623,0.08726756426274623,0.08726756426274623,0.08715365301374743,0.0,0.0,0.0,0.0,0.0,0.0,1.0,1.0,0.0,1.0,1.0,520497.3614785612,584.6966525360251,0.0,0.08726756426274623,0.08716350743034379,0.08716350743034386,0.375,0.375,0.5,1e-10,-9.174527804134414e-11,-9.174527804134414e-11,-9.174527804134414e-11,-9.174527804134414e-11,-9.174527804134414e-11,-9.174527804134414e-11,24323.051602755102,18355.782386021838,0.7546660955956142,0.8370962873839124,3.789234082059678,0.7692452382668942,0.5338504855613829,35353.7532153836,15450.0,0.0,0.0,0.0,0.0,0.0,0.0,0.0,0.0,0.0,0.0,0.0,0.0,0.0,0.0,0.0,0.0,0.0,0.0,0.0,0.0,35353.7532153836,15450.0,1.0,0.0,0.0,6.0,0.9,143955.44449186765,23992.574081977942,257.1237779129996,257.1237779129996,-16.02622208700035,237.92521003740063,276.3223558913964,150360.6732510695,150365.1887392319,-4.515488162397996,0.0,nan,276.3223558913964,3.172355891396421,268.6429211100272,-4.5070788899727745,260.9634887081134,-12.186511291886575,253.2840590706708,-19.865940929329184,245.60463266038946,-27.54536733961052,237.92521003740063,-35.224789962599345,1.0,1.0,25732.562594343566,25732.562594343566,275.5259637642407,2.375963764240737,275.5259637642407,275.5259637642407,78191.26068301313,78269.75017533539,-78.48949232226005,0.0,8648.866644398773,8648.866644398773,0.8901465304331135,3915.9810393755156,275.5259637642407,2.375963764240737,1.0,0.002,1.3553028137188121,1e-10,0.002092761813424085,3.6884939604179926e-11,1.0,1.0463809067120424,0.060073891798333,9.276185030902438e-05,0.9998868478634748,0.9998868478634748,0.0,0.08715364469325104,9.862737092772267e-06,0.0,0.0,0.0,1599933.712054387,266.4762520049759,0.0,1.0,1284973.270834647,2596.246293863454,,,,,,,,,,,,,,,,,6.0,15200.501253132832
3030.0,-37.358172771958436,3.5560480148555875,34.5726301438332,24.807350942306243,5.30544629259859,-33.077631401697474,-46.31943306941537,1.5302952791421585,-6.673747995024087,-6.673747994932336,36.82637332246356,35844.152956121055,15805.034835122342,15805.034835122342,51649.1877912434,76360.70127773358,78269.75017533539,15805.034835122342,94074.78501045772,94074.78501045772,94074.78501045772,118397.83661321283,118397.83661321283,0.0,0.0,91142.4974132978,52604.830783181846,42819.62958901772,24323.051602755102,67142.68119177282,18355.782386021838,1450.0,0.0,0.8899282300067146,2.711133608826644,0.0014947306463915918,1.0,1.0,-6.673747995024087,332104.160696735,1422182.2210642283,4.282337860749993,1422182.2210642283,4.282337860749993,0.7546660955956142,0.08716350743034382,3.896498546642304,101325.0,128351.07116782667,1.2667265844345095,1.0,0.0,3.896498546642304,1.2848427951643266,1.2849789689723496,3.0326656002643158,6425.8544970634475,15200.501253132832,6453.5079058794945,0.00033653423858164076,23390.871656255906,2385.2051063570034,19289.96699942287,1967.02920971207,0.8246792715937012,0.8246792715937012,34239.476400998756,30484.863174865135,1.1562548854292587,0.8,4857.044357844444,4324.433322199387,1.1562548854292587,0.8,17892.472556813074,17892.472556813074,1.0,0.8,2034.6934298245008,2034.6934298245008,7.7677720896192115,3.5560480148555875,-0.9372099340064857,4.493257948862073,3.5,3.5,1.0,0.6,0.00010597928365736017,1.0,0.00010597928365736017,205.1718515893135,0.0,0.0,0.0,0.02571681800595695,3.781256643945434e-05,6.816671721790583e-05,0.000265611514568947,0.08726756426274623,0.08726756426274623,0.08726756426274623,0.08715365301374743,0.0,0.0,0.0,0.0,0.0,0.0,1.0,1.0,0.0,1.0,1.0,520497.3614785612,584.6966525360251,0.0,0.08726756426274623,0.08716350743034379,0.08716350743034386,0.375,0.375,0.5,1e-10,-9.174527804134414e-11,-9.174527804134414e-11,-9.174527804134414e-11,-9.174527804134414e-11,-9.174527804134414e-11,-9.174527804134414e-11,24323.051602755102,18355.782386021838,0.7546660955956142,0.8370962873839124,3.789234082059678,0.7692452382668942,0.5338504855613829,35353.7532153836,15450.0,0.0,0.0,0.0,0.0,0.0,0.0,0.0,0.0,0.0,0.0,0.0,0.0,0.0,0.0,0.0,0.0,0.0,0.0,0.0,0.0,35353.7532153836,15450.0,1.0,0.0,0.0,6.0,0.9,143955.44449186765,23992.574081977942,257.1237779129996,257.1237779129996,-16.02622208700035,237.92521003740063,276.3223558913964,150360.6732510695,150365.1887392319,-4.515488162397996,0.0,nan,276.3223558913964,3.172355891396421,268.6429211100272,-4.5070788899727745,260.9634887081134,-12.186511291886575,253.2840590706708,-19.865940929329184,245.60463266038946,-27.54536733961052,237.92521003740063,-35.224789962599345,1.0,1.0,25732.562594343566,25732.562594343566,275.5259637642407,2.375963764240737,275.5259637642407,275.5259637642407,78191.26068301313,78269.75017533539,-78.48949232226005,0.0,8648.866644398773,8648.866644398773,0.8901465304331135,3915.9810393755156,275.5259637642407,2.375963764240737,1.0,0.002,1.3553028137188121,1e-10,0.002092761813424085,3.6884939604179926e-11,1.0,1.0463809067120424,0.060073891798333,9.276185030902438e-05,0.9998868478634748,0.9998868478634748,0.0,0.08715364469325104,9.862737092772267e-06,0.0,0.0,0.0,1599933.712054387,266.4762520049759,0.0,1.0,1284973.270834647,2596.246293863454,,,,,,,,,,,,,,,,,6.0,15200.501253132832
3060.0,-37.358172771958436,3.5560480148555875,34.5726301438332,24.807350942306243,5.30544629259859,-33.077631401697474,-46.31943306941537,1.5302952791421585,-6.673747995024087,-6.673747994932336,36.82637332246356,35844.152956121055,15805.034835122342,15805.034835122342,51649.1877912434,76360.70127773358,78269.75017533539,15805.034835122342,94074.78501045772,94074.78501045772,94074.78501045772,118397.83661321283,118397.83661321283,0.0,0.0,91142.4974132978,52604.830783181846,42819.62958901772,24323.051602755102,67142.68119177282,18355.782386021838,1450.0,0.0,0.8899282300067146,2.711133608826644,0.0014947306463915918,1.0,1.0,-6.673747995024087,332104.160696735,1422182.2210642283,4.282337860749993,1422182.2210642283,4.282337860749993,0.7546660955956142,0.08716350743034382,3.896498546642304,101325.0,128351.07116782667,1.2667265844345095,1.0,0.0,3.896498546642304,1.2848427951643266,1.2849789689723496,3.0326656002643158,6425.8544970634475,15200.501253132832,6453.5079058794945,0.00033653423858164076,23390.871656255906,2385.2051063570034,19289.96699942287,1967.02920971207,0.8246792715937012,0.8246792715937012,34239.476400998756,30484.863174865135,1.1562548854292587,0.8,4857.044357844444,4324.433322199387,1.1562548854292587,0.8,17892.472556813074,17892.472556813074,1.0,0.8,2034.6934298245008,2034.6934298245008,7.7677720896192115,3.5560480148555875,-0.9372099340064857,4.493257948862073,3.5,3.5,1.0,0.6,0.00010597928365736017,1.0,0.00010597928365736017,205.1718515893135,0.0,0.0,0.0,0.02571681800595695,3.781256643945434e-05,6.816671721790583e-05,0.000265611514568947,0.08726756426274623,0.08726756426274623,0.08726756426274623,0.08715365301374743,0.0,0.0,0.0,0.0,0.0,0.0,1.0,1.0,0.0,1.0,1.0,520497.3614785612,584.6966525360251,0.0,0.08726756426274623,0.08716350743034379,0.08716350743034386,0.375,0.375,0.5,1e-10,-9.174527804134414e-11,-9.174527804134414e-11,-9.174527804134414e-11,-9.174527804134414e-11,-9.174527804134414e-11,-9.174527804134414e-11,24323.051602755102,18355.782386021838,0.7546660955956142,0.8370962873839124,3.789234082059678,0.7692452382668942,0.5338504855613829,35353.7532153836,15450.0,0.0,0.0,0.0,0.0,0.0,0.0,0.0,0.0,0.0,0.0,0.0,0.0,0.0,0.0,0.0,0.0,0.0,0.0,0.0,0.0,35353.7532153836,15450.0,1.0,0.0,0.0,6.0,0.9,143955.44449186765,23992.574081977942,257.1237779129996,257.1237779129996,-16.02622208700035,237.92521003740063,276.3223558913964,150360.6732510695,150365.1887392319,-4.515488162397996,0.0,nan,276.3223558913964,3.172355891396421,268.6429211100272,-4.5070788899727745,260.9634887081134,-12.186511291886575,253.2840590706708,-19.865940929329184,245.60463266038946,-27.54536733961052,237.92521003740063,-35.224789962599345,1.0,1.0,25732.562594343566,25732.562594343566,275.5259637642407,2.375963764240737,275.5259637642407,275.5259637642407,78191.26068301313,78269.75017533539,-78.48949232226005,0.0,8648.866644398773,8648.866644398773,0.8901465304331135,3915.9810393755156,275.5259637642407,2.375963764240737,1.0,0.002,1.3553028137188121,1e-10,0.002092761813424085,3.6884939604179926e-11,1.0,1.0463809067120424,0.060073891798333,9.276185030902438e-05,0.9998868478634748,0.9998868478634748,0.0,0.08715364469325104,9.862737092772267e-06,0.0,0.0,0.0,1599933.712054387,266.4762520049759,0.0,1.0,1284973.270834647,2596.246293863454,,,,,,,,,,,,,,,,,6.0,15200.501253132832
3090.0,-37.358172771958436,3.5560480148555875,34.5726301438332,24.807350942306243,5.30544629259859,-33.077631401697474,-46.31943306941537,1.5302952791421585,-6.673747995024087,-6.673747994932336,36.82637332246356,35844.152956121055,15805.034835122342,15805.034835122342,51649.1877912434,76360.70127773358,78269.75017533539,15805.034835122342,94074.78501045772,94074.78501045772,94074.78501045772,118397.83661321283,118397.83661321283,0.0,0.0,91142.4974132978,52604.830783181846,42819.62958901772,24323.051602755102,67142.68119177282,18355.782386021838,1450.0,0.0,0.8899282300067146,2.711133608826644,0.0014947306463915918,1.0,1.0,-6.673747995024087,332104.160696735,1422182.2210642283,4.282337860749993,1422182.2210642283,4.282337860749993,0.7546660955956142,0.08716350743034382,3.896498546642304,101325.0,128351.07116782667,1.2667265844345095,1.0,0.0,3.896498546642304,1.2848427951643266,1.2849789689723496,3.0326656002643158,6425.8544970634475,15200.501253132832,6453.5079058794945,0.00033653423858164076,23390.871656255906,2385.2051063570034,19289.96699942287,1967.02920971207,0.8246792715937012,0.8246792715937012,34239.476400998756,30484.863174865135,1.1562548854292587,0.8,4857.044357844444,4324.433322199387,1.1562548854292587,0.8,17892.472556813074,17892.472556813074,1.0,0.8,2034.6934298245008,2034.6934298245008,7.7677720896192115,3.5560480148555875,-0.9372099340064857,4.493257948862073,3.5,3.5,1.0,0.6,0.00010597928365736017,1.0,0.00010597928365736017,205.1718515893135,0.0,0.0,0.0,0.02571681800595695,3.781256643945434e-05,6.816671721790583e-05,0.000265611514568947,0.08726756426274623,0.08726756426274623,0.08726756426274623,0.08715365301374743,0.0,0.0,0.0,0.0,0.0,0.0,1.0,1.0,0.0,1.0,1.0,520497.3614785612,584.6966525360251,0.0,0.08726756426274623,0.08716350743034379,0.08716350743034386,0.375,0.375,0.5,1e-10,-9.174527804134414e-11,-9.174527804134414e-11,-9.174527804134414e-11,-9.174527804134414e-11,-9.174527804134414e-11,-9.174527804134414e-11,24323.051602755102,18355.782386021838,0.7546660955956142,0.8370962873839124,3.789234082059678,0.7692452382668942,0.5338504855613829,35353.7532153836,15450.0,0.0,0.0,0.0,0.0,0.0,0.0,0.0,0.0,0.0,0.0,0.0,0.0,0.0,0.0,0.0,0.0,0.0,0.0,0.0,0.0,35353.7532153836,15450.0,1.0,0.0,0.0,6.0,0.9,143955.44449186765,23992.574081977942,257.1237779129996,257.1237779129996,-16.02622208700035,237.92521003740063,276.3223558913964,150360.6732510695,150365.1887392319,-4.515488162397996,0.0,nan,276.3223558913964,3.172355891396421,268.6429211100272,-4.5070788899727745,260.9634887081134,-12.186511291886575,253.2840590706708,-19.865940929329184,245.60463266038946,-27.54536733961052,237.92521003740063,-35.224789962599345,1.0,1.0,25732.562594343566,25732.562594343566,275.5259637642407,2.375963764240737,275.5259637642407,275.5259637642407,78191.26068301313,78269.75017533539,-78.48949232226005,0.0,8648.866644398773,8648.866644398773,0.8901465304331135,3915.9810393755156,275.5259637642407,2.375963764240737,1.0,0.002,1.3553028137188121,1e-10,0.002092761813424085,3.6884939604179926e-11,1.0,1.0463809067120424,0.060073891798333,9.276185030902438e-05,0.9998868478634748,0.9998868478634748,0.0,0.08715364469325104,9.862737092772267e-06,0.0,0.0,0.0,1599933.712054387,266.4762520049759,0.0,1.0,1284973.270834647,2596.246293863454,,,,,,,,,,,,,,,,,6.0,15200.501253132832
3120.0,-37.358172771958436,3.5560480148555875,34.5726301438332,24.807350942306243,5.30544629259859,-33.077631401697474,-46.31943306941537,1.5302952791421585,-6.673747995024087,-6.673747994932336,36.82637332246356,35844.152956121055,15805.034835122342,15805.034835122342,51649.1877912434,76360.70127773358,78269.75017533539,15805.034835122342,94074.78501045772,94074.78501045772,94074.78501045772,118397.83661321283,118397.83661321283,0.0,0.0,91142.4974132978,52604.830783181846,42819.62958901772,24323.051602755102,67142.68119177282,18355.782386021838,1450.0,0.0,0.8899282300067146,2.711133608826644,0.0014947306463915918,1.0,1.0,-6.673747995024087,332104.160696735,1422182.2210642283,4.282337860749993,1422182.2210642283,4.282337860749993,0.7546660955956142,0.08716350743034382,3.896498546642304,101325.0,128351.07116782667,1.2667265844345095,1.0,0.0,3.896498546642304,1.2848427951643266,1.2849789689723496,3.0326656002643158,6425.8544970634475,15200.501253132832,6453.5079058794945,0.00033653423858164076,23390.871656255906,2385.2051063570034,19289.96699942287,1967.02920971207,0.8246792715937012,0.8246792715937012,34239.476400998756,30484.863174865135,1.1562548854292587,0.8,4857.044357844444,4324.433322199387,1.1562548854292587,0.8,17892.472556813074,17892.472556813074,1.0,0.8,2034.6934298245008,2034.6934298245008,7.7677720896192115,3.5560480148555875,-0.9372099340064857,4.493257948862073,3.5,3.5,1.0,0.6,0.00010597928365736017,1.0,0.00010597928365736017,205.1718515893135,0.0,0.0,0.0,0.02571681800595695,3.781256643945434e-05,6.816671721790583e-05,0.000265611514568947,0.08726756426274623,0.08726756426274623,0.08726756426274623,0.08715365301374743,0.0,0.0,0.0,0.0,0.0,0.0,1.0,1.0,0.0,1.0,1.0,520497.3614785612,584.6966525360251,0.0,0.08726756426274623,0.08716350743034379,0.08716350743034386,0.375,0.375,0.5,1e-10,-9.174527804134414e-11,-9.174527804134414e-11,-9.174527804134414e-11,-9.174527804134414e-11,-9.174527804134414e-11,-9.174527804134414e-11,24323.051602755102,18355.782386021838,0.7546660955956142,0.8370962873839124,3.789234082059678,0.7692452382668942,0.5338504855613829,35353.7532153836,15450.0,0.0,0.0,0.0,0.0,0.0,0.0,0.0,0.0,0.0,0.0,0.0,0.0,0.0,0.0,0.0,0.0,0.0,0.0,0.0,0.0,35353.7532153836,15450.0,1.0,0.0,0.0,6.0,0.9,143955.44449186765,23992.574081977942,257.1237779129996,257.1237779129996,-16.02622208700035,237.92521003740063,276.3223558913964,150360.6732510695,150365.1887392319,-4.515488162397996,0.0,nan,276.3223558913964,3.172355891396421,268.6429211100272,-4.5070788899727745,260.9634887081134,-12.186511291886575,253.2840590706708,-19.865940929329184,245.60463266038946,-27.54536733961052,237.92521003740063,-35.224789962599345,1.0,1.0,25732.562594343566,25732.562594343566,275.5259637642407,2.375963764240737,275.5259637642407,275.5259637642407,78191.26068301313,78269.75017533539,-78.48949232226005,0.0,8648.866644398773,8648.866644398773,0.8901465304331135,3915.9810393755156,275.5259637642407,2.375963764240737,1.0,0.002,1.3553028137188121,1e-10,0.002092761813424085,3.6884939604179926e-11,1.0,1.0463809067120424,0.060073891798333,9.276185030902438e-05,0.9998868478634748,0.9998868478634748,0.0,0.08715364469325104,9.862737092772267e-06,0.0,0.0,0.0,1599933.712054387,266.4762520049759,0.0,1.0,1284973.270834647,2596.246293863454,,,,,,,,,,,,,,,,,6.0,15200.501253132832
3150.0,-37.358172771958436,3.5560480148555875,34.5726301438332,24.807350942306243,5.30544629259859,-33.077631401697474,-46.31943306941537,1.5302952791421585,-6.673747995024087,-6.673747994932336,36.82637332246356,35844.152956121055,15805.034835122342,15805.034835122342,51649.1877912434,76360.70127773358,78269.75017533539,15805.034835122342,94074.78501045772,94074.78501045772,94074.78501045772,118397.83661321283,118397.83661321283,0.0,0.0,91142.4974132978,52604.830783181846,42819.62958901772,24323.051602755102,67142.68119177282,18355.782386021838,1450.0,0.0,0.8899282300067146,2.711133608826644,0.0014947306463915918,1.0,1.0,-6.673747995024087,332104.160696735,1422182.2210642283,4.282337860749993,1422182.2210642283,4.282337860749993,0.7546660955956142,0.08716350743034382,3.896498546642304,101325.0,128351.07116782667,1.2667265844345095,1.0,0.0,3.896498546642304,1.2848427951643266,1.2849789689723496,3.0326656002643158,6425.8544970634475,15200.501253132832,6453.5079058794945,0.00033653423858164076,23390.871656255906,2385.2051063570034,19289.96699942287,1967.02920971207,0.8246792715937012,0.8246792715937012,34239.476400998756,30484.863174865135,1.1562548854292587,0.8,4857.044357844444,4324.433322199387,1.1562548854292587,0.8,17892.472556813074,17892.472556813074,1.0,0.8,2034.6934298245008,2034.6934298245008,7.7677720896192115,3.5560480148555875,-0.9372099340064857,4.493257948862073,3.5,3.5,1.0,0.6,0.00010597928365736017,1.0,0.00010597928365736017,205.1718515893135,0.0,0.0,0.0,0.02571681800595695,3.781256643945434e-05,6.816671721790583e-05,0.000265611514568947,0.08726756426274623,0.08726756426274623,0.08726756426274623,0.08715365301374743,0.0,0.0,0.0,0.0,0.0,0.0,1.0,1.0,0.0,1.0,1.0,520497.3614785612,584.6966525360251,0.0,0.08726756426274623,0.08716350743034379,0.08716350743034386,0.375,0.375,0.5,1e-10,-9.174527804134414e-11,-9.174527804134414e-11,-9.174527804134414e-11,-9.174527804134414e-11,-9.174527804134414e-11,-9.174527804134414e-11,24323.051602755102,18355.782386021838,0.7546660955956142,0.8370962873839124,3.789234082059678,0.7692452382668942,0.5338504855613829,35353.7532153836,15450.0,0.0,0.0,0.0,0.0,0.0,0.0,0.0,0.0,0.0,0.0,0.0,0.0,0.0,0.0,0.0,0.0,0.0,0.0,0.0,0.0,35353.7532153836,15450.0,1.0,0.0,0.0,6.0,0.9,143955.44449186765,23992.574081977942,257.1237779129996,257.1237779129996,-16.02622208700035,237.92521003740063,276.3223558913964,150360.6732510695,150365.1887392319,-4.515488162397996,0.0,nan,276.3223558913964,3.172355891396421,268.6429211100272,-4.5070788899727745,260.9634887081134,-12.186511291886575,253.2840590706708,-19.865940929329184,245.60463266038946,-27.54536733961052,237.92521003740063,-35.224789962599345,1.0,1.0,25732.562594343566,25732.562594343566,275.5259637642407,2.375963764240737,275.5259637642407,275.5259637642407,78191.26068301313,78269.75017533539,-78.48949232226005,0.0,8648.866644398773,8648.866644398773,0.8901465304331135,3915.9810393755156,275.5259637642407,2.375963764240737,1.0,0.002,1.3553028137188121,1e-10,0.002092761813424085,3.6884939604179926e-11,1.0,1.0463809067120424,0.060073891798333,9.276185030902438e-05,0.9998868478634748,0.9998868478634748,0.0,0.08715364469325104,9.862737092772267e-06,0.0,0.0,0.0,1599933.712054387,266.4762520049759,0.0,1.0,1284973.270834647,2596.246293863454,,,,,,,,,,,,,,,,,6.0,15200.501253132832
3180.0,-37.358172771958436,3.5560480148555875,34.5726301438332,24.807350942306243,5.30544629259859,-33.077631401697474,-46.31943306941537,1.5302952791421585,-6.673747995024087,-6.673747994932336,36.82637332246356,35844.152956121055,15805.034835122342,15805.034835122342,51649.1877912434,76360.70127773358,78269.75017533539,15805.034835122342,94074.78501045772,94074.78501045772,94074.78501045772,118397.83661321283,118397.83661321283,0.0,0.0,91142.4974132978,52604.830783181846,42819.62958901772,24323.051602755102,67142.68119177282,18355.782386021838,1450.0,0.0,0.8899282300067146,2.711133608826644,0.0014947306463915918,1.0,1.0,-6.673747995024087,332104.160696735,1422182.2210642283,4.282337860749993,1422182.2210642283,4.282337860749993,0.7546660955956142,0.08716350743034382,3.896498546642304,101325.0,128351.07116782667,1.2667265844345095,1.0,0.0,3.896498546642304,1.2848427951643266,1.2849789689723496,3.0326656002643158,6425.8544970634475,15200.501253132832,6453.5079058794945,0.00033653423858164076,23390.871656255906,2385.2051063570034,19289.96699942287,1967.02920971207,0.8246792715937012,0.8246792715937012,34239.476400998756,30484.863174865135,1.1562548854292587,0.8,4857.044357844444,4324.433322199387,1.1562548854292587,0.8,17892.472556813074,17892.472556813074,1.0,0.8,2034.6934298245008,2034.6934298245008,7.7677720896192115,3.5560480148555875,-0.9372099340064857,4.493257948862073,3.5,3.5,1.0,0.6,0.00010597928365736017,1.0,0.00010597928365736017,205.1718515893135,0.0,0.0,0.0,0.02571681800595695,3.781256643945434e-05,6.816671721790583e-05,0.000265611514568947,0.08726756426274623,0.08726756426274623,0.08726756426274623,0.08715365301374743,0.0,0.0,0.0,0.0,0.0,0.0,1.0,1.0,0.0,1.0,1.0,520497.3614785612,584.6966525360251,0.0,0.08726756426274623,0.08716350743034379,0.08716350743034386,0.375,0.375,0.5,1e-10,-9.174527804134414e-11,-9.174527804134414e-11,-9.174527804134414e-11,-9.174527804134414e-11,-9.174527804134414e-11,-9.174527804134414e-11,24323.051602755102,18355.782386021838,0.7546660955956142,0.8370962873839124,3.789234082059678,0.7692452382668942,0.5338504855613829,35353.7532153836,15450.0,0.0,0.0,0.0,0.0,0.0,0.0,0.0,0.0,0.0,0.0,0.0,0.0,0.0,0.0,0.0,0.0,0.0,0.0,0.0,0.0,35353.7532153836,15450.0,1.0,0.0,0.0,6.0,0.9,143955.44449186765,23992.574081977942,257.1237779129996,257.1237779129996,-16.02622208700035,237.92521003740063,276.3223558913964,150360.6732510695,150365.1887392319,-4.515488162397996,0.0,nan,276.3223558913964,3.172355891396421,268.6429211100272,-4.5070788899727745,260.9634887081134,-12.186511291886575,253.2840590706708,-19.865940929329184,245.60463266038946,-27.54536733961052,237.92521003740063,-35.224789962599345,1.0,1.0,25732.562594343566,25732.562594343566,275.5259637642407,2.375963764240737,275.5259637642407,275.5259637642407,78191.26068301313,78269.75017533539,-78.48949232226005,0.0,8648.866644398773,8648.866644398773,0.8901465304331135,3915.9810393755156,275.5259637642407,2.375963764240737,1.0,0.002,1.3553028137188121,1e-10,0.002092761813424085,3.6884939604179926e-11,1.0,1.0463809067120424,0.060073891798333,9.276185030902438e-05,0.9998868478634748,0.9998868478634748,0.0,0.08715364469325104,9.862737092772267e-06,0.0,0.0,0.0,1599933.712054387,266.4762520049759,0.0,1.0,1284973.270834647,2596.246293863454,,,,,,,,,,,,,,,,,6.0,15200.501253132832
3210.0,-37.358172771958436,3.5560480148555875,34.5726301438332,24.807350942306243,5.30544629259859,-33.077631401697474,-46.31943306941537,1.5302952791421585,-6.673747995024087,-6.673747994932336,36.82637332246356,35844.152956121055,15805.034835122342,15805.034835122342,51649.1877912434,76360.70127773358,78269.75017533539,15805.034835122342,94074.78501045772,94074.78501045772,94074.78501045772,118397.83661321283,118397.83661321283,0.0,0.0,91142.4974132978,52604.830783181846,42819.62958901772,24323.051602755102,67142.68119177282,18355.782386021838,1450.0,0.0,0.8899282300067146,2.711133608826644,0.0014947306463915918,1.0,1.0,-6.673747995024087,332104.160696735,1422182.2210642283,4.282337860749993,1422182.2210642283,4.282337860749993,0.7546660955956142,0.08716350743034382,3.896498546642304,101325.0,128351.07116782667,1.2667265844345095,1.0,0.0,3.896498546642304,1.2848427951643266,1.2849789689723496,3.0326656002643158,6425.8544970634475,15200.501253132832,6453.5079058794945,0.00033653423858164076,23390.871656255906,2385.2051063570034,19289.96699942287,1967.02920971207,0.8246792715937012,0.8246792715937012,34239.476400998756,30484.863174865135,1.1562548854292587,0.8,4857.044357844444,4324.433322199387,1.1562548854292587,0.8,17892.472556813074,17892.472556813074,1.0,0.8,2034.6934298245008,2034.6934298245008,7.7677720896192115,3.5560480148555875,-0.9372099340064857,4.493257948862073,3.5,3.5,1.0,0.6,0.00010597928365736017,1.0,0.00010597928365736017,205.1718515893135,0.0,0.0,0.0,0.02571681800595695,3.781256643945434e-05,6.816671721790583e-05,0.000265611514568947,0.08726756426274623,0.08726756426274623,0.08726756426274623,0.08715365301374743,0.0,0.0,0.0,0.0,0.0,0.0,1.0,1.0,0.0,1.0,1.0,520497.3614785612,584.6966525360251,0.0,0.08726756426274623,0.08716350743034379,0.08716350743034386,0.375,0.375,0.5,1e-10,-9.174527804134414e-11,-9.174527804134414e-11,-9.174527804134414e-11,-9.174527804134414e-11,-9.174527804134414e-11,-9.174527804134414e-11,24323.051602755102,18355.782386021838,0.7546660955956142,0.8370962873839124,3.789234082059678,0.7692452382668942,0.5338504855613829,35353.7532153836,15450.0,0.0,0.0,0.0,0.0,0.0,0.0,0.0,0.0,0.0,0.0,0.0,0.0,0.0,0.0,0.0,0.0,0.0,0.0,0.0,0.0,35353.7532153836,15450.0,1.0,0.0,0.0,6.0,0.9,143955.44449186765,23992.574081977942,257.1237779129996,257.1237779129996,-16.02622208700035,237.92521003740063,276.3223558913964,150360.6732510695,150365.1887392319,-4.515488162397996,0.0,nan,276.3223558913964,3.172355891396421,268.6429211100272,-4.5070788899727745,260.9634887081134,-12.186511291886575,253.2840590706708,-19.865940929329184,245.60463266038946,-27.54536733961052,237.92521003740063,-35.224789962599345,1.0,1.0,25732.562594343566,25732.562594343566,275.5259637642407,2.375963764240737,275.5259637642407,275.5259637642407,78191.26068301313,78269.75017533539,-78.48949232226005,0.0,8648.866644398773,8648.866644398773,0.8901465304331135,3915.9810393755156,275.5259637642407,2.375963764240737,1.0,0.002,1.3553028137188121,1e-10,0.002092761813424085,3.6884939604179926e-11,1.0,1.0463809067120424,0.060073891798333,9.276185030902438e-05,0.9998868478634748,0.9998868478634748,0.0,0.08715364469325104,9.862737092772267e-06,0.0,0.0,0.0,1599933.712054387,266.4762520049759,0.0,1.0,1284973.270834647,2596.246293863454,,,,,,,,,,,,,,,,,6.0,15200.501253132832
3240.0,-37.358172771958436,3.5560480148555875,34.5726301438332,24.807350942306243,5.30544629259859,-33.077631401697474,-46.31943306941537,1.5302952791421585,-6.673747995024087,-6.673747994932336,36.82637332246356,35844.152956121055,15805.034835122342,15805.034835122342,51649.1877912434,76360.70127773358,78269.75017533539,15805.034835122342,94074.78501045772,94074.78501045772,94074.78501045772,118397.83661321283,118397.83661321283,0.0,0.0,91142.4974132978,52604.830783181846,42819.62958901772,24323.051602755102,67142.68119177282,18355.782386021838,1450.0,0.0,0.8899282300067146,2.711133608826644,0.0014947306463915918,1.0,1.0,-6.673747995024087,332104.160696735,1422182.2210642283,4.282337860749993,1422182.2210642283,4.282337860749993,0.7546660955956142,0.08716350743034382,3.896498546642304,101325.0,128351.07116782667,1.2667265844345095,1.0,0.0,3.896498546642304,1.2848427951643266,1.2849789689723496,3.0326656002643158,6425.8544970634475,15200.501253132832,6453.5079058794945,0.00033653423858164076,23390.871656255906,2385.2051063570034,19289.96699942287,1967.02920971207,0.8246792715937012,0.8246792715937012,34239.476400998756,30484.863174865135,1.1562548854292587,0.8,4857.044357844444,4324.433322199387,1.1562548854292587,0.8,17892.472556813074,17892.472556813074,1.0,0.8,2034.6934298245008,2034.6934298245008,7.7677720896192115,3.5560480148555875,-0.9372099340064857,4.493257948862073,3.5,3.5,1.0,0.6,0.00010597928365736017,1.0,0.00010597928365736017,205.1718515893135,0.0,0.0,0.0,0.02571681800595695,3.781256643945434e-05,6.816671721790583e-05,0.000265611514568947,0.08726756426274623,0.08726756426274623,0.08726756426274623,0.08715365301374743,0.0,0.0,0.0,0.0,0.0,0.0,1.0,1.0,0.0,1.0,1.0,520497.3614785612,584.6966525360251,0.0,0.08726756426274623,0.08716350743034379,0.08716350743034386,0.375,0.375,0.5,1e-10,-9.174527804134414e-11,-9.174527804134414e-11,-9.174527804134414e-11,-9.174527804134414e-11,-9.174527804134414e-11,-9.174527804134414e-11,24323.051602755102,18355.782386021838,0.7546660955956142,0.8370962873839124,3.789234082059678,0.7692452382668942,0.5338504855613829,35353.7532153836,15450.0,0.0,0.0,0.0,0.0,0.0,0.0,0.0,0.0,0.0,0.0,0.0,0.0,0.0,0.0,0.0,0.0,0.0,0.0,0.0,0.0,35353.7532153836,15450.0,1.0,0.0,0.0,6.0,0.9,143955.44449186765,23992.574081977942,257.1237779129996,257.1237779129996,-16.02622208700035,237.92521003740063,276.3223558913964,150360.6732510695,150365.1887392319,-4.515488162397996,0.0,nan,276.3223558913964,3.172355891396421,268.6429211100272,-4.5070788899727745,260.9634887081134,-12.186511291886575,253.2840590706708,-19.865940929329184,245.60463266038946,-27.54536733961052,237.92521003740063,-35.224789962599345,1.0,1.0,25732.562594343566,25732.562594343566,275.5259637642407,2.375963764240737,275.5259637642407,275.5259637642407,78191.26068301313,78269.75017533539,-78.48949232226005,0.0,8648.866644398773,8648.866644398773,0.8901465304331135,3915.9810393755156,275.5259637642407,2.375963764240737,1.0,0.002,1.3553028137188121,1e-10,0.002092761813424085,3.6884939604179926e-11,1.0,1.0463809067120424,0.060073891798333,9.276185030902438e-05,0.9998868478634748,0.9998868478634748,0.0,0.08715364469325104,9.862737092772267e-06,0.0,0.0,0.0,1599933.712054387,266.4762520049759,0.0,1.0,1284973.270834647,2596.246293863454,,,,,,,,,,,,,,,,,6.0,15200.501253132832
3270.0,-37.358172771958436,3.5560480148555875,34.5726301438332,24.807350942306243,5.30544629259859,-33.077631401697474,-46.31943306941537,1.5302952791421585,-6.673747995024087,-6.673747994932336,36.82637332246356,35844.152956121055,15805.034835122342,15805.034835122342,51649.1877912434,76360.70127773358,78269.75017533539,15805.034835122342,94074.78501045772,94074.78501045772,94074.78501045772,118397.83661321283,118397.83661321283,0.0,0.0,91142.4974132978,52604.830783181846,42819.62958901772,24323.051602755102,67142.68119177282,18355.782386021838,1450.0,0.0,0.8899282300067146,2.711133608826644,0.0014947306463915918,1.0,1.0,-6.673747995024087,332104.160696735,1422182.2210642283,4.282337860749993,1422182.2210642283,4.282337860749993,0.7546660955956142,0.08716350743034382,3.896498546642304,101325.0,128351.07116782667,1.2667265844345095,1.0,0.0,3.896498546642304,1.2848427951643266,1.2849789689723496,3.0326656002643158,6425.8544970634475,15200.501253132832,6453.5079058794945,0.00033653423858164076,23390.871656255906,2385.2051063570034,19289.96699942287,1967.02920971207,0.8246792715937012,0.8246792715937012,34239.476400998756,30484.863174865135,1.1562548854292587,0.8,4857.044357844444,4324.433322199387,1.1562548854292587,0.8,17892.472556813074,17892.472556813074,1.0,0.8,2034.6934298245008,2034.6934298245008,7.7677720896192115,3.5560480148555875,-0.9372099340064857,4.493257948862073,3.5,3.5,1.0,0.6,0.00010597928365736017,1.0,0.00010597928365736017,205.1718515893135,0.0,0.0,0.0,0.02571681800595695,3.781256643945434e-05,6.816671721790583e-05,0.000265611514568947,0.08726756426274623,0.08726756426274623,0.08726756426274623,0.08715365301374743,0.0,0.0,0.0,0.0,0.0,0.0,1.0,1.0,0.0,1.0,1.0,520497.3614785612,584.6966525360251,0.0,0.08726756426274623,0.08716350743034379,0.08716350743034386,0.375,0.375,0.5,1e-10,-9.174527804134414e-11,-9.174527804134414e-11,-9.174527804134414e-11,-9.174527804134414e-11,-9.174527804134414e-11,-9.174527804134414e-11,24323.051602755102,18355.782386021838,0.7546660955956142,0.8370962873839124,3.789234082059678,0.7692452382668942,0.5338504855613829,35353.7532153836,15450.0,0.0,0.0,0.0,0.0,0.0,0.0,0.0,0.0,0.0,0.0,0.0,0.0,0.0,0.0,0.0,0.0,0.0,0.0,0.0,0.0,35353.7532153836,15450.0,1.0,0.0,0.0,6.0,0.9,143955.44449186765,23992.574081977942,257.1237779129996,257.1237779129996,-16.02622208700035,237.92521003740063,276.3223558913964,150360.6732510695,150365.1887392319,-4.515488162397996,0.0,nan,276.3223558913964,3.172355891396421,268.6429211100272,-4.5070788899727745,260.9634887081134,-12.186511291886575,253.2840590706708,-19.865940929329184,245.60463266038946,-27.54536733961052,237.92521003740063,-35.224789962599345,1.0,1.0,25732.562594343566,25732.562594343566,275.5259637642407,2.375963764240737,275.5259637642407,275.5259637642407,78191.26068301313,78269.75017533539,-78.48949232226005,0.0,8648.866644398773,8648.866644398773,0.8901465304331135,3915.9810393755156,275.5259637642407,2.375963764240737,1.0,0.002,1.3553028137188121,1e-10,0.002092761813424085,3.6884939604179926e-11,1.0,1.0463809067120424,0.060073891798333,9.276185030902438e-05,0.9998868478634748,0.9998868478634748,0.0,0.08715364469325104,9.862737092772267e-06,0.0,0.0,0.0,1599933.712054387,266.4762520049759,0.0,1.0,1284973.270834647,2596.246293863454,,,,,,,,,,,,,,,,,6.0,15200.501253132832
3300.0,-37.358172771958436,3.5560480148555875,34.5726301438332,24.807350942306243,5.30544629259859,-33.077631401697474,-46.31943306941537,1.5302952791421585,-6.673747995024087,-6.673747994932336,36.82637332246356,35844.152956121055,15805.034835122342,15805.034835122342,51649.1877912434,76360.70127773358,78269.75017533539,15805.034835122342,94074.78501045772,94074.78501045772,94074.78501045772,118397.83661321283,118397.83661321283,0.0,0.0,91142.4974132978,52604.830783181846,42819.62958901772,24323.051602755102,67142.68119177282,18355.782386021838,1450.0,0.0,0.8899282300067146,2.711133608826644,0.0014947306463915918,1.0,1.0,-6.673747995024087,332104.160696735,1422182.2210642283,4.282337860749993,1422182.2210642283,4.282337860749993,0.7546660955956142,0.08716350743034382,3.896498546642304,101325.0,128351.07116782667,1.2667265844345095,1.0,0.0,3.896498546642304,1.2848427951643266,1.2849789689723496,3.0326656002643158,6425.8544970634475,15200.501253132832,6453.5079058794945,0.00033653423858164076,23390.871656255906,2385.2051063570034,19289.96699942287,1967.02920971207,0.8246792715937012,0.8246792715937012,34239.476400998756,30484.863174865135,1.1562548854292587,0.8,4857.044357844444,4324.433322199387,1.1562548854292587,0.8,17892.472556813074,17892.472556813074,1.0,0.8,2034.6934298245008,2034.6934298245008,7.7677720896192115,3.5560480148555875,-0.9372099340064857,4.493257948862073,3.5,3.5,1.0,0.6,0.00010597928365736017,1.0,0.00010597928365736017,205.1718515893135,0.0,0.0,0.0,0.02571681800595695,3.781256643945434e-05,6.816671721790583e-05,0.000265611514568947,0.08726756426274623,0.08726756426274623,0.08726756426274623,0.08715365301374743,0.0,0.0,0.0,0.0,0.0,0.0,1.0,1.0,0.0,1.0,1.0,520497.3614785612,584.6966525360251,0.0,0.08726756426274623,0.08716350743034379,0.08716350743034386,0.375,0.375,0.5,1e-10,-9.174527804134414e-11,-9.174527804134414e-11,-9.174527804134414e-11,-9.174527804134414e-11,-9.174527804134414e-11,-9.174527804134414e-11,24323.051602755102,18355.782386021838,0.7546660955956142,0.8370962873839124,3.789234082059678,0.7692452382668942,0.5338504855613829,35353.7532153836,15450.0,0.0,0.0,0.0,0.0,0.0,0.0,0.0,0.0,0.0,0.0,0.0,0.0,0.0,0.0,0.0,0.0,0.0,0.0,0.0,0.0,35353.7532153836,15450.0,1.0,0.0,0.0,6.0,0.9,143955.44449186765,23992.574081977942,257.1237779129996,257.1237779129996,-16.02622208700035,237.92521003740063,276.3223558913964,150360.6732510695,150365.1887392319,-4.515488162397996,0.0,nan,276.3223558913964,3.172355891396421,268.6429211100272,-4.5070788899727745,260.9634887081134,-12.186511291886575,253.2840590706708,-19.865940929329184,245.60463266038946,-27.54536733961052,237.92521003740063,-35.224789962599345,1.0,1.0,25732.562594343566,25732.562594343566,275.5259637642407,2.375963764240737,275.5259637642407,275.5259637642407,78191.26068301313,78269.75017533539,-78.48949232226005,0.0,8648.866644398773,8648.866644398773,0.8901465304331135,3915.9810393755156,275.5259637642407,2.375963764240737,1.0,0.002,1.3553028137188121,1e-10,0.002092761813424085,3.6884939604179926e-11,1.0,1.0463809067120424,0.060073891798333,9.276185030902438e-05,0.9998868478634748,0.9998868478634748,0.0,0.08715364469325104,9.862737092772267e-06,0.0,0.0,0.0,1599933.712054387,266.4762520049759,0.0,1.0,1284973.270834647,2596.246293863454,,,,,,,,,,,,,,,,,6.0,15200.501253132832
3330.0,-37.358172771958436,3.5560480148555875,34.5726301438332,24.807350942306243,5.30544629259859,-33.077631401697474,-46.31943306941537,1.5302952791421585,-6.673747995024087,-6.673747994932336,36.82637332246356,35844.152956121055,15805.034835122342,15805.034835122342,51649.1877912434,76360.70127773358,78269.75017533539,15805.034835122342,94074.78501045772,94074.78501045772,94074.78501045772,118397.83661321283,118397.83661321283,0.0,0.0,91142.4974132978,52604.830783181846,42819.62958901772,24323.051602755102,67142.68119177282,18355.782386021838,1450.0,0.0,0.8899282300067146,2.711133608826644,0.0014947306463915918,1.0,1.0,-6.673747995024087,332104.160696735,1422182.2210642283,4.282337860749993,1422182.2210642283,4.282337860749993,0.7546660955956142,0.08716350743034382,3.896498546642304,101325.0,128351.07116782667,1.2667265844345095,1.0,0.0,3.896498546642304,1.2848427951643266,1.2849789689723496,3.0326656002643158,6425.8544970634475,15200.501253132832,6453.5079058794945,0.00033653423858164076,23390.871656255906,2385.2051063570034,19289.96699942287,1967.02920971207,0.8246792715937012,0.8246792715937012,34239.476400998756,30484.863174865135,1.1562548854292587,0.8,4857.044357844444,4324.433322199387,1.1562548854292587,0.8,17892.472556813074,17892.472556813074,1.0,0.8,2034.6934298245008,2034.6934298245008,7.7677720896192115,3.5560480148555875,-0.9372099340064857,4.493257948862073,3.5,3.5,1.0,0.6,0.00010597928365736017,1.0,0.00010597928365736017,205.1718515893135,0.0,0.0,0.0,0.02571681800595695,3.781256643945434e-05,6.816671721790583e-05,0.000265611514568947,0.08726756426274623,0.08726756426274623,0.08726756426274623,0.08715365301374743,0.0,0.0,0.0,0.0,0.0,0.0,1.0,1.0,0.0,1.0,1.0,520497.3614785612,584.6966525360251,0.0,0.08726756426274623,0.08716350743034379,0.08716350743034386,0.375,0.375,0.5,1e-10,-9.174527804134414e-11,-9.174527804134414e-11,-9.174527804134414e-11,-9.174527804134414e-11,-9.174527804134414e-11,-9.174527804134414e-11,24323.051602755102,18355.782386021838,0.7546660955956142,0.8370962873839124,3.789234082059678,0.7692452382668942,0.5338504855613829,35353.7532153836,15450.0,0.0,0.0,0.0,0.0,0.0,0.0,0.0,0.0,0.0,0.0,0.0,0.0,0.0,0.0,0.0,0.0,0.0,0.0,0.0,0.0,35353.7532153836,15450.0,1.0,0.0,0.0,6.0,0.9,143955.44449186765,23992.574081977942,257.1237779129996,257.1237779129996,-16.02622208700035,237.92521003740063,276.3223558913964,150360.6732510695,150365.1887392319,-4.515488162397996,0.0,nan,276.3223558913964,3.172355891396421,268.6429211100272,-4.5070788899727745,260.9634887081134,-12.186511291886575,253.2840590706708,-19.865940929329184,245.60463266038946,-27.54536733961052,237.92521003740063,-35.224789962599345,1.0,1.0,25732.562594343566,25732.562594343566,275.5259637642407,2.375963764240737,275.5259637642407,275.5259637642407,78191.26068301313,78269.75017533539,-78.48949232226005,0.0,8648.866644398773,8648.866644398773,0.8901465304331135,3915.9810393755156,275.5259637642407,2.375963764240737,1.0,0.002,1.3553028137188121,1e-10,0.002092761813424085,3.6884939604179926e-11,1.0,1.0463809067120424,0.060073891798333,9.276185030902438e-05,0.9998868478634748,0.9998868478634748,0.0,0.08715364469325104,9.862737092772267e-06,0.0,0.0,0.0,1599933.712054387,266.4762520049759,0.0,1.0,1284973.270834647,2596.246293863454,,,,,,,,,,,,,,,,,6.0,15200.501253132832
3360.0,-37.358172771958436,3.5560480148555875,34.5726301438332,24.807350942306243,5.30544629259859,-33.077631401697474,-46.31943306941537,1.5302952791421585,-6.673747995024087,-6.673747994932336,36.82637332246356,35844.152956121055,15805.034835122342,15805.034835122342,51649.1877912434,76360.70127773358,78269.75017533539,15805.034835122342,94074.78501045772,94074.78501045772,94074.78501045772,118397.83661321283,118397.83661321283,0.0,0.0,91142.4974132978,52604.830783181846,42819.62958901772,24323.051602755102,67142.68119177282,18355.782386021838,1450.0,0.0,0.8899282300067146,2.711133608826644,0.0014947306463915918,1.0,1.0,-6.673747995024087,332104.160696735,1422182.2210642283,4.282337860749993,1422182.2210642283,4.282337860749993,0.7546660955956142,0.08716350743034382,3.896498546642304,101325.0,128351.07116782667,1.2667265844345095,1.0,0.0,3.896498546642304,1.2848427951643266,1.2849789689723496,3.0326656002643158,6425.8544970634475,15200.501253132832,6453.5079058794945,0.00033653423858164076,23390.871656255906,2385.2051063570034,19289.96699942287,1967.02920971207,0.8246792715937012,0.8246792715937012,34239.476400998756,30484.863174865135,1.1562548854292587,0.8,4857.044357844444,4324.433322199387,1.1562548854292587,0.8,17892.472556813074,17892.472556813074,1.0,0.8,2034.6934298245008,2034.6934298245008,7.7677720896192115,3.5560480148555875,-0.9372099340064857,4.493257948862073,3.5,3.5,1.0,0.6,0.00010597928365736017,1.0,0.00010597928365736017,205.1718515893135,0.0,0.0,0.0,0.02571681800595695,3.781256643945434e-05,6.816671721790583e-05,0.000265611514568947,0.08726756426274623,0.08726756426274623,0.08726756426274623,0.08715365301374743,0.0,0.0,0.0,0.0,0.0,0.0,1.0,1.0,0.0,1.0,1.0,520497.3614785612,584.6966525360251,0.0,0.08726756426274623,0.08716350743034379,0.08716350743034386,0.375,0.375,0.5,1e-10,-9.174527804134414e-11,-9.174527804134414e-11,-9.174527804134414e-11,-9.174527804134414e-11,-9.174527804134414e-11,-9.174527804134414e-11,24323.051602755102,18355.782386021838,0.7546660955956142,0.8370962873839124,3.789234082059678,0.7692452382668942,0.5338504855613829,35353.7532153836,15450.0,0.0,0.0,0.0,0.0,0.0,0.0,0.0,0.0,0.0,0.0,0.0,0.0,0.0,0.0,0.0,0.0,0.0,0.0,0.0,0.0,35353.7532153836,15450.0,1.0,0.0,0.0,6.0,0.9,143955.44449186765,23992.574081977942,257.1237779129996,257.1237779129996,-16.02622208700035,237.92521003740063,276.3223558913964,150360.6732510695,150365.1887392319,-4.515488162397996,0.0,nan,276.3223558913964,3.172355891396421,268.6429211100272,-4.5070788899727745,260.9634887081134,-12.186511291886575,253.2840590706708,-19.865940929329184,245.60463266038946,-27.54536733961052,237.92521003740063,-35.224789962599345,1.0,1.0,25732.562594343566,25732.562594343566,275.5259637642407,2.375963764240737,275.5259637642407,275.5259637642407,78191.26068301313,78269.75017533539,-78.48949232226005,0.0,8648.866644398773,8648.866644398773,0.8901465304331135,3915.9810393755156,275.5259637642407,2.375963764240737,1.0,0.002,1.3553028137188121,1e-10,0.002092761813424085,3.6884939604179926e-11,1.0,1.0463809067120424,0.060073891798333,9.276185030902438e-05,0.9998868478634748,0.9998868478634748,0.0,0.08715364469325104,9.862737092772267e-06,0.0,0.0,0.0,1599933.712054387,266.4762520049759,0.0,1.0,1284973.270834647,2596.246293863454,,,,,,,,,,,,,,,,,6.0,15200.501253132832
3390.0,-37.358172771958436,3.5560480148555875,34.5726301438332,24.807350942306243,5.30544629259859,-33.077631401697474,-46.31943306941537,1.5302952791421585,-6.673747995024087,-6.673747994932336,36.82637332246356,35844.152956121055,15805.034835122342,15805.034835122342,51649.1877912434,76360.70127773358,78269.75017533539,15805.034835122342,94074.78501045772,94074.78501045772,94074.78501045772,118397.83661321283,118397.83661321283,0.0,0.0,91142.4974132978,52604.830783181846,42819.62958901772,24323.051602755102,67142.68119177282,18355.782386021838,1450.0,0.0,0.8899282300067146,2.711133608826644,0.0014947306463915918,1.0,1.0,-6.673747995024087,332104.160696735,1422182.2210642283,4.282337860749993,1422182.2210642283,4.282337860749993,0.7546660955956142,0.08716350743034382,3.896498546642304,101325.0,128351.07116782667,1.2667265844345095,1.0,0.0,3.896498546642304,1.2848427951643266,1.2849789689723496,3.0326656002643158,6425.8544970634475,15200.501253132832,6453.5079058794945,0.00033653423858164076,23390.871656255906,2385.2051063570034,19289.96699942287,1967.02920971207,0.8246792715937012,0.8246792715937012,34239.476400998756,30484.863174865135,1.1562548854292587,0.8,4857.044357844444,4324.433322199387,1.1562548854292587,0.8,17892.472556813074,17892.472556813074,1.0,0.8,2034.6934298245008,2034.6934298245008,7.7677720896192115,3.5560480148555875,-0.9372099340064857,4.493257948862073,3.5,3.5,1.0,0.6,0.00010597928365736017,1.0,0.00010597928365736017,205.1718515893135,0.0,0.0,0.0,0.02571681800595695,3.781256643945434e-05,6.816671721790583e-05,0.000265611514568947,0.08726756426274623,0.08726756426274623,0.08726756426274623,0.08715365301374743,0.0,0.0,0.0,0.0,0.0,0.0,1.0,1.0,0.0,1.0,1.0,520497.3614785612,584.6966525360251,0.0,0.08726756426274623,0.08716350743034379,0.08716350743034386,0.375,0.375,0.5,1e-10,-9.174527804134414e-11,-9.174527804134414e-11,-9.174527804134414e-11,-9.174527804134414e-11,-9.174527804134414e-11,-9.174527804134414e-11,24323.051602755102,18355.782386021838,0.7546660955956142,0.8370962873839124,3.789234082059678,0.7692452382668942,0.5338504855613829,35353.7532153836,15450.0,0.0,0.0,0.0,0.0,0.0,0.0,0.0,0.0,0.0,0.0,0.0,0.0,0.0,0.0,0.0,0.0,0.0,0.0,0.0,0.0,35353.7532153836,15450.0,1.0,0.0,0.0,6.0,0.9,143955.44449186765,23992.574081977942,257.1237779129996,257.1237779129996,-16.02622208700035,237.92521003740063,276.3223558913964,150360.6732510695,150365.1887392319,-4.515488162397996,0.0,nan,276.3223558913964,3.172355891396421,268.6429211100272,-4.5070788899727745,260.9634887081134,-12.186511291886575,253.2840590706708,-19.865940929329184,245.60463266038946,-27.54536733961052,237.92521003740063,-35.224789962599345,1.0,1.0,25732.562594343566,25732.562594343566,275.5259637642407,2.375963764240737,275.5259637642407,275.5259637642407,78191.26068301313,78269.75017533539,-78.48949232226005,0.0,8648.866644398773,8648.866644398773,0.8901465304331135,3915.9810393755156,275.5259637642407,2.375963764240737,1.0,0.002,1.3553028137188121,1e-10,0.002092761813424085,3.6884939604179926e-11,1.0,1.0463809067120424,0.060073891798333,9.276185030902438e-05,0.9998868478634748,0.9998868478634748,0.0,0.08715364469325104,9.862737092772267e-06,0.0,0.0,0.0,1599933.712054387,266.4762520049759,0.0,1.0,1284973.270834647,2596.246293863454,,,,,,,,,,,,,,,,,6.0,15200.501253132832
3420.0,-37.358172771958436,3.5560480148555875,34.5726301438332,24.807350942306243,5.30544629259859,-33.077631401697474,-46.31943306941537,1.5302952791421585,-6.673747995024087,-6.673747994932336,36.82637332246356,35844.152956121055,15805.034835122342,15805.034835122342,51649.1877912434,76360.70127773358,78269.75017533539,15805.034835122342,94074.78501045772,94074.78501045772,94074.78501045772,118397.83661321283,118397.83661321283,0.0,0.0,91142.4974132978,52604.830783181846,42819.62958901772,24323.051602755102,67142.68119177282,18355.782386021838,1450.0,0.0,0.8899282300067146,2.711133608826644,0.0014947306463915918,1.0,1.0,-6.673747995024087,332104.160696735,1422182.2210642283,4.282337860749993,1422182.2210642283,4.282337860749993,0.7546660955956142,0.08716350743034382,3.896498546642304,101325.0,128351.07116782667,1.2667265844345095,1.0,0.0,3.896498546642304,1.2848427951643266,1.2849789689723496,3.0326656002643158,6425.8544970634475,15200.501253132832,6453.5079058794945,0.00033653423858164076,23390.871656255906,2385.2051063570034,19289.96699942287,1967.02920971207,0.8246792715937012,0.8246792715937012,34239.476400998756,30484.863174865135,1.1562548854292587,0.8,4857.044357844444,4324.433322199387,1.1562548854292587,0.8,17892.472556813074,17892.472556813074,1.0,0.8,2034.6934298245008,2034.6934298245008,7.7677720896192115,3.5560480148555875,-0.9372099340064857,4.493257948862073,3.5,3.5,1.0,0.6,0.00010597928365736017,1.0,0.00010597928365736017,205.1718515893135,0.0,0.0,0.0,0.02571681800595695,3.781256643945434e-05,6.816671721790583e-05,0.000265611514568947,0.08726756426274623,0.08726756426274623,0.08726756426274623,0.08715365301374743,0.0,0.0,0.0,0.0,0.0,0.0,1.0,1.0,0.0,1.0,1.0,520497.3614785612,584.6966525360251,0.0,0.08726756426274623,0.08716350743034379,0.08716350743034386,0.375,0.375,0.5,1e-10,-9.174527804134414e-11,-9.174527804134414e-11,-9.174527804134414e-11,-9.174527804134414e-11,-9.174527804134414e-11,-9.174527804134414e-11,24323.051602755102,18355.782386021838,0.7546660955956142,0.8370962873839124,3.789234082059678,0.7692452382668942,0.5338504855613829,35353.7532153836,15450.0,0.0,0.0,0.0,0.0,0.0,0.0,0.0,0.0,0.0,0.0,0.0,0.0,0.0,0.0,0.0,0.0,0.0,0.0,0.0,0.0,35353.7532153836,15450.0,1.0,0.0,0.0,6.0,0.9,143955.44449186765,23992.574081977942,257.1237779129996,257.1237779129996,-16.02622208700035,237.92521003740063,276.3223558913964,150360.6732510695,150365.1887392319,-4.515488162397996,0.0,nan,276.3223558913964,3.172355891396421,268.6429211100272,-4.5070788899727745,260.9634887081134,-12.186511291886575,253.2840590706708,-19.865940929329184,245.60463266038946,-27.54536733961052,237.92521003740063,-35.224789962599345,1.0,1.0,25732.562594343566,25732.562594343566,275.5259637642407,2.375963764240737,275.5259637642407,275.5259637642407,78191.26068301313,78269.75017533539,-78.48949232226005,0.0,8648.866644398773,8648.866644398773,0.8901465304331135,3915.9810393755156,275.5259637642407,2.375963764240737,1.0,0.002,1.3553028137188121,1e-10,0.002092761813424085,3.6884939604179926e-11,1.0,1.0463809067120424,0.060073891798333,9.276185030902438e-05,0.9998868478634748,0.9998868478634748,0.0,0.08715364469325104,9.862737092772267e-06,0.0,0.0,0.0,1599933.712054387,266.4762520049759,0.0,1.0,1284973.270834647,2596.246293863454,,,,,,,,,,,,,,,,,6.0,15200.501253132832
3450.0,-37.358172771958436,3.5560480148555875,34.5726301438332,24.807350942306243,5.30544629259859,-33.077631401697474,-46.31943306941537,1.5302952791421585,-6.673747995024087,-6.673747994932336,36.82637332246356,35844.152956121055,15805.034835122342,15805.034835122342,51649.1877912434,76360.70127773358,78269.75017533539,15805.034835122342,94074.78501045772,94074.78501045772,94074.78501045772,118397.83661321283,118397.83661321283,0.0,0.0,91142.4974132978,52604.830783181846,42819.62958901772,24323.051602755102,67142.68119177282,18355.782386021838,1450.0,0.0,0.8899282300067146,2.711133608826644,0.0014947306463915918,1.0,1.0,-6.673747995024087,332104.160696735,1422182.2210642283,4.282337860749993,1422182.2210642283,4.282337860749993,0.7546660955956142,0.08716350743034382,3.896498546642304,101325.0,128351.07116782667,1.2667265844345095,1.0,0.0,3.896498546642304,1.2848427951643266,1.2849789689723496,3.0326656002643158,6425.8544970634475,15200.501253132832,6453.5079058794945,0.00033653423858164076,23390.871656255906,2385.2051063570034,19289.96699942287,1967.02920971207,0.8246792715937012,0.8246792715937012,34239.476400998756,30484.863174865135,1.1562548854292587,0.8,4857.044357844444,4324.433322199387,1.1562548854292587,0.8,17892.472556813074,17892.472556813074,1.0,0.8,2034.6934298245008,2034.6934298245008,7.7677720896192115,3.5560480148555875,-0.9372099340064857,4.493257948862073,3.5,3.5,1.0,0.6,0.00010597928365736017,1.0,0.00010597928365736017,205.1718515893135,0.0,0.0,0.0,0.02571681800595695,3.781256643945434e-05,6.816671721790583e-05,0.000265611514568947,0.08726756426274623,0.08726756426274623,0.08726756426274623,0.08715365301374743,0.0,0.0,0.0,0.0,0.0,0.0,1.0,1.0,0.0,1.0,1.0,520497.3614785612,584.6966525360251,0.0,0.08726756426274623,0.08716350743034379,0.08716350743034386,0.375,0.375,0.5,1e-10,-9.174527804134414e-11,-9.174527804134414e-11,-9.174527804134414e-11,-9.174527804134414e-11,-9.174527804134414e-11,-9.174527804134414e-11,24323.051602755102,18355.782386021838,0.7546660955956142,0.8370962873839124,3.789234082059678,0.7692452382668942,0.5338504855613829,35353.7532153836,15450.0,0.0,0.0,0.0,0.0,0.0,0.0,0.0,0.0,0.0,0.0,0.0,0.0,0.0,0.0,0.0,0.0,0.0,0.0,0.0,0.0,35353.7532153836,15450.0,1.0,0.0,0.0,6.0,0.9,143955.44449186765,23992.574081977942,257.1237779129996,257.1237779129996,-16.02622208700035,237.92521003740063,276.3223558913964,150360.6732510695,150365.1887392319,-4.515488162397996,0.0,nan,276.3223558913964,3.172355891396421,268.6429211100272,-4.5070788899727745,260.9634887081134,-12.186511291886575,253.2840590706708,-19.865940929329184,245.60463266038946,-27.54536733961052,237.92521003740063,-35.224789962599345,1.0,1.0,25732.562594343566,25732.562594343566,275.5259637642407,2.375963764240737,275.5259637642407,275.5259637642407,78191.26068301313,78269.75017533539,-78.48949232226005,0.0,8648.866644398773,8648.866644398773,0.8901465304331135,3915.9810393755156,275.5259637642407,2.375963764240737,1.0,0.002,1.3553028137188121,1e-10,0.002092761813424085,3.6884939604179926e-11,1.0,1.0463809067120424,0.060073891798333,9.276185030902438e-05,0.9998868478634748,0.9998868478634748,0.0,0.08715364469325104,9.862737092772267e-06,0.0,0.0,0.0,1599933.712054387,266.4762520049759,0.0,1.0,1284973.270834647,2596.246293863454,,,,,,,,,,,,,,,,,6.0,15200.501253132832
3480.0,-37.358172771958436,3.5560480148555875,34.5726301438332,24.807350942306243,5.30544629259859,-33.077631401697474,-46.31943306941537,1.5302952791421585,-6.673747995024087,-6.673747994932336,36.82637332246356,35844.152956121055,15805.034835122342,15805.034835122342,51649.1877912434,76360.70127773358,78269.75017533539,15805.034835122342,94074.78501045772,94074.78501045772,94074.78501045772,118397.83661321283,118397.83661321283,0.0,0.0,91142.4974132978,52604.830783181846,42819.62958901772,24323.051602755102,67142.68119177282,18355.782386021838,1450.0,0.0,0.8899282300067146,2.711133608826644,0.0014947306463915918,1.0,1.0,-6.673747995024087,332104.160696735,1422182.2210642283,4.282337860749993,1422182.2210642283,4.282337860749993,0.7546660955956142,0.08716350743034382,3.896498546642304,101325.0,128351.07116782667,1.2667265844345095,1.0,0.0,3.896498546642304,1.2848427951643266,1.2849789689723496,3.0326656002643158,6425.8544970634475,15200.501253132832,6453.5079058794945,0.00033653423858164076,23390.871656255906,2385.2051063570034,19289.96699942287,1967.02920971207,0.8246792715937012,0.8246792715937012,34239.476400998756,30484.863174865135,1.1562548854292587,0.8,4857.044357844444,4324.433322199387,1.1562548854292587,0.8,17892.472556813074,17892.472556813074,1.0,0.8,2034.6934298245008,2034.6934298245008,7.7677720896192115,3.5560480148555875,-0.9372099340064857,4.493257948862073,3.5,3.5,1.0,0.6,0.00010597928365736017,1.0,0.00010597928365736017,205.1718515893135,0.0,0.0,0.0,0.02571681800595695,3.781256643945434e-05,6.816671721790583e-05,0.000265611514568947,0.08726756426274623,0.08726756426274623,0.08726756426274623,0.08715365301374743,0.0,0.0,0.0,0.0,0.0,0.0,1.0,1.0,0.0,1.0,1.0,520497.3614785612,584.6966525360251,0.0,0.08726756426274623,0.08716350743034379,0.08716350743034386,0.375,0.375,0.5,1e-10,-9.174527804134414e-11,-9.174527804134414e-11,-9.174527804134414e-11,-9.174527804134414e-11,-9.174527804134414e-11,-9.174527804134414e-11,24323.051602755102,18355.782386021838,0.7546660955956142,0.8370962873839124,3.789234082059678,0.7692452382668942,0.5338504855613829,35353.7532153836,15450.0,0.0,0.0,0.0,0.0,0.0,0.0,0.0,0.0,0.0,0.0,0.0,0.0,0.0,0.0,0.0,0.0,0.0,0.0,0.0,0.0,35353.7532153836,15450.0,1.0,0.0,0.0,6.0,0.9,143955.44449186765,23992.574081977942,257.1237779129996,257.1237779129996,-16.02622208700035,237.92521003740063,276.3223558913964,150360.6732510695,150365.1887392319,-4.515488162397996,0.0,nan,276.3223558913964,3.172355891396421,268.6429211100272,-4.5070788899727745,260.9634887081134,-12.186511291886575,253.2840590706708,-19.865940929329184,245.60463266038946,-27.54536733961052,237.92521003740063,-35.224789962599345,1.0,1.0,25732.562594343566,25732.562594343566,275.5259637642407,2.375963764240737,275.5259637642407,275.5259637642407,78191.26068301313,78269.75017533539,-78.48949232226005,0.0,8648.866644398773,8648.866644398773,0.8901465304331135,3915.9810393755156,275.5259637642407,2.375963764240737,1.0,0.002,1.3553028137188121,1e-10,0.002092761813424085,3.6884939604179926e-11,1.0,1.0463809067120424,0.060073891798333,9.276185030902438e-05,0.9998868478634748,0.9998868478634748,0.0,0.08715364469325104,9.862737092772267e-06,0.0,0.0,0.0,1599933.712054387,266.4762520049759,0.0,1.0,1284973.270834647,2596.246293863454,,,,,,,,,,,,,,,,,6.0,15200.501253132832
3510.0,-37.358172771958436,3.5560480148555875,34.5726301438332,24.807350942306243,5.30544629259859,-33.077631401697474,-46.31943306941537,1.5302952791421585,-6.673747995024087,-6.673747994932336,36.82637332246356,35844.152956121055,15805.034835122342,15805.034835122342,51649.1877912434,76360.70127773358,78269.75017533539,15805.034835122342,94074.78501045772,94074.78501045772,94074.78501045772,118397.83661321283,118397.83661321283,0.0,0.0,91142.4974132978,52604.830783181846,42819.62958901772,24323.051602755102,67142.68119177282,18355.782386021838,1450.0,0.0,0.8899282300067146,2.711133608826644,0.0014947306463915918,1.0,1.0,-6.673747995024087,332104.160696735,1422182.2210642283,4.282337860749993,1422182.2210642283,4.282337860749993,0.7546660955956142,0.08716350743034382,3.896498546642304,101325.0,128351.07116782667,1.2667265844345095,1.0,0.0,3.896498546642304,1.2848427951643266,1.2849789689723496,3.0326656002643158,6425.8544970634475,15200.501253132832,6453.5079058794945,0.00033653423858164076,23390.871656255906,2385.2051063570034,19289.96699942287,1967.02920971207,0.8246792715937012,0.8246792715937012,34239.476400998756,30484.863174865135,1.1562548854292587,0.8,4857.044357844444,4324.433322199387,1.1562548854292587,0.8,17892.472556813074,17892.472556813074,1.0,0.8,2034.6934298245008,2034.6934298245008,7.7677720896192115,3.5560480148555875,-0.9372099340064857,4.493257948862073,3.5,3.5,1.0,0.6,0.00010597928365736017,1.0,0.00010597928365736017,205.1718515893135,0.0,0.0,0.0,0.02571681800595695,3.781256643945434e-05,6.816671721790583e-05,0.000265611514568947,0.08726756426274623,0.08726756426274623,0.08726756426274623,0.08715365301374743,0.0,0.0,0.0,0.0,0.0,0.0,1.0,1.0,0.0,1.0,1.0,520497.3614785612,584.6966525360251,0.0,0.08726756426274623,0.08716350743034379,0.08716350743034386,0.375,0.375,0.5,1e-10,-9.174527804134414e-11,-9.174527804134414e-11,-9.174527804134414e-11,-9.174527804134414e-11,-9.174527804134414e-11,-9.174527804134414e-11,24323.051602755102,18355.782386021838,0.7546660955956142,0.8370962873839124,3.789234082059678,0.7692452382668942,0.5338504855613829,35353.7532153836,15450.0,0.0,0.0,0.0,0.0,0.0,0.0,0.0,0.0,0.0,0.0,0.0,0.0,0.0,0.0,0.0,0.0,0.0,0.0,0.0,0.0,35353.7532153836,15450.0,1.0,0.0,0.0,6.0,0.9,143955.44449186765,23992.574081977942,257.1237779129996,257.1237779129996,-16.02622208700035,237.92521003740063,276.3223558913964,150360.6732510695,150365.1887392319,-4.515488162397996,0.0,nan,276.3223558913964,3.172355891396421,268.6429211100272,-4.5070788899727745,260.9634887081134,-12.186511291886575,253.2840590706708,-19.865940929329184,245.60463266038946,-27.54536733961052,237.92521003740063,-35.224789962599345,1.0,1.0,25732.562594343566,25732.562594343566,275.5259637642407,2.375963764240737,275.5259637642407,275.5259637642407,78191.26068301313,78269.75017533539,-78.48949232226005,0.0,8648.866644398773,8648.866644398773,0.8901465304331135,3915.9810393755156,275.5259637642407,2.375963764240737,1.0,0.002,1.3553028137188121,1e-10,0.002092761813424085,3.6884939604179926e-11,1.0,1.0463809067120424,0.060073891798333,9.276185030902438e-05,0.9998868478634748,0.9998868478634748,0.0,0.08715364469325104,9.862737092772267e-06,0.0,0.0,0.0,1599933.712054387,266.4762520049759,0.0,1.0,1284973.270834647,2596.246293863454,,,,,,,,,,,,,,,,,6.0,15200.501253132832
3540.0,-37.358172771958436,3.5560480148555875,34.5726301438332,24.807350942306243,5.30544629259859,-33.077631401697474,-46.31943306941537,1.5302952791421585,-6.673747995024087,-6.673747994932336,36.82637332246356,35844.152956121055,15805.034835122342,15805.034835122342,51649.1877912434,76360.70127773358,78269.75017533539,15805.034835122342,94074.78501045772,94074.78501045772,94074.78501045772,118397.83661321283,118397.83661321283,0.0,0.0,91142.4974132978,52604.830783181846,42819.62958901772,24323.051602755102,67142.68119177282,18355.782386021838,1450.0,0.0,0.8899282300067146,2.711133608826644,0.0014947306463915918,1.0,1.0,-6.673747995024087,332104.160696735,1422182.2210642283,4.282337860749993,1422182.2210642283,4.282337860749993,0.7546660955956142,0.08716350743034382,3.896498546642304,101325.0,128351.07116782667,1.2667265844345095,1.0,0.0,3.896498546642304,1.2848427951643266,1.2849789689723496,3.0326656002643158,6425.8544970634475,15200.501253132832,6453.5079058794945,0.00033653423858164076,23390.871656255906,2385.2051063570034,19289.96699942287,1967.02920971207,0.8246792715937012,0.8246792715937012,34239.476400998756,30484.863174865135,1.1562548854292587,0.8,4857.044357844444,4324.433322199387,1.1562548854292587,0.8,17892.472556813074,17892.472556813074,1.0,0.8,2034.6934298245008,2034.6934298245008,7.7677720896192115,3.5560480148555875,-0.9372099340064857,4.493257948862073,3.5,3.5,1.0,0.6,0.00010597928365736017,1.0,0.00010597928365736017,205.1718515893135,0.0,0.0,0.0,0.02571681800595695,3.781256643945434e-05,6.816671721790583e-05,0.000265611514568947,0.08726756426274623,0.08726756426274623,0.08726756426274623,0.08715365301374743,0.0,0.0,0.0,0.0,0.0,0.0,1.0,1.0,0.0,1.0,1.0,520497.3614785612,584.6966525360251,0.0,0.08726756426274623,0.08716350743034379,0.08716350743034386,0.375,0.375,0.5,1e-10,-9.174527804134414e-11,-9.174527804134414e-11,-9.174527804134414e-11,-9.174527804134414e-11,-9.174527804134414e-11,-9.174527804134414e-11,24323.051602755102,18355.782386021838,0.7546660955956142,0.8370962873839124,3.789234082059678,0.7692452382668942,0.5338504855613829,35353.7532153836,15450.0,0.0,0.0,0.0,0.0,0.0,0.0,0.0,0.0,0.0,0.0,0.0,0.0,0.0,0.0,0.0,0.0,0.0,0.0,0.0,0.0,35353.7532153836,15450.0,1.0,0.0,0.0,6.0,0.9,143955.44449186765,23992.574081977942,257.1237779129996,257.1237779129996,-16.02622208700035,237.92521003740063,276.3223558913964,150360.6732510695,150365.1887392319,-4.515488162397996,0.0,nan,276.3223558913964,3.172355891396421,268.6429211100272,-4.5070788899727745,260.9634887081134,-12.186511291886575,253.2840590706708,-19.865940929329184,245.60463266038946,-27.54536733961052,237.92521003740063,-35.224789962599345,1.0,1.0,25732.562594343566,25732.562594343566,275.5259637642407,2.375963764240737,275.5259637642407,275.5259637642407,78191.26068301313,78269.75017533539,-78.48949232226005,0.0,8648.866644398773,8648.866644398773,0.8901465304331135,3915.9810393755156,275.5259637642407,2.375963764240737,1.0,0.002,1.3553028137188121,1e-10,0.002092761813424085,3.6884939604179926e-11,1.0,1.0463809067120424,0.060073891798333,9.276185030902438e-05,0.9998868478634748,0.9998868478634748,0.0,0.08715364469325104,9.862737092772267e-06,0.0,0.0,0.0,1599933.712054387,266.4762520049759,0.0,1.0,1284973.270834647,2596.246293863454,,,,,,,,,,,,,,,,,6.0,15200.501253132832
3570.0,-37.358172771958436,3.5560480148555875,34.5726301438332,24.807350942306243,5.30544629259859,-33.077631401697474,-46.31943306941537,1.5302952791421585,-6.673747995024087,-6.673747994932336,36.82637332246356,35844.152956121055,15805.034835122342,15805.034835122342,51649.1877912434,76360.70127773358,78269.75017533539,15805.034835122342,94074.78501045772,94074.78501045772,94074.78501045772,118397.83661321283,118397.83661321283,0.0,0.0,91142.4974132978,52604.830783181846,42819.62958901772,24323.051602755102,67142.68119177282,18355.782386021838,1450.0,0.0,0.8899282300067146,2.711133608826644,0.0014947306463915918,1.0,1.0,-6.673747995024087,332104.160696735,1422182.2210642283,4.282337860749993,1422182.2210642283,4.282337860749993,0.7546660955956142,0.08716350743034382,3.896498546642304,101325.0,128351.07116782667,1.2667265844345095,1.0,0.0,3.896498546642304,1.2848427951643266,1.2849789689723496,3.0326656002643158,6425.8544970634475,15200.501253132832,6453.5079058794945,0.00033653423858164076,23390.871656255906,2385.2051063570034,19289.96699942287,1967.02920971207,0.8246792715937012,0.8246792715937012,34239.476400998756,30484.863174865135,1.1562548854292587,0.8,4857.044357844444,4324.433322199387,1.1562548854292587,0.8,17892.472556813074,17892.472556813074,1.0,0.8,2034.6934298245008,2034.6934298245008,7.7677720896192115,3.5560480148555875,-0.9372099340064857,4.493257948862073,3.5,3.5,1.0,0.6,0.00010597928365736017,1.0,0.00010597928365736017,205.1718515893135,0.0,0.0,0.0,0.02571681800595695,3.781256643945434e-05,6.816671721790583e-05,0.000265611514568947,0.08726756426274623,0.08726756426274623,0.08726756426274623,0.08715365301374743,0.0,0.0,0.0,0.0,0.0,0.0,1.0,1.0,0.0,1.0,1.0,520497.3614785612,584.6966525360251,0.0,0.08726756426274623,0.08716350743034379,0.08716350743034386,0.375,0.375,0.5,1e-10,-9.174527804134414e-11,-9.174527804134414e-11,-9.174527804134414e-11,-9.174527804134414e-11,-9.174527804134414e-11,-9.174527804134414e-11,24323.051602755102,18355.782386021838,0.7546660955956142,0.8370962873839124,3.789234082059678,0.7692452382668942,0.5338504855613829,35353.7532153836,15450.0,0.0,0.0,0.0,0.0,0.0,0.0,0.0,0.0,0.0,0.0,0.0,0.0,0.0,0.0,0.0,0.0,0.0,0.0,0.0,0.0,35353.7532153836,15450.0,1.0,0.0,0.0,6.0,0.9,143955.44449186765,23992.574081977942,257.1237779129996,257.1237779129996,-16.02622208700035,237.92521003740063,276.3223558913964,150360.6732510695,150365.1887392319,-4.515488162397996,0.0,nan,276.3223558913964,3.172355891396421,268.6429211100272,-4.5070788899727745,260.9634887081134,-12.186511291886575,253.2840590706708,-19.865940929329184,245.60463266038946,-27.54536733961052,237.92521003740063,-35.224789962599345,1.0,1.0,25732.562594343566,25732.562594343566,275.5259637642407,2.375963764240737,275.5259637642407,275.5259637642407,78191.26068301313,78269.75017533539,-78.48949232226005,0.0,8648.866644398773,8648.866644398773,0.8901465304331135,3915.9810393755156,275.5259637642407,2.375963764240737,1.0,0.002,1.3553028137188121,1e-10,0.002092761813424085,3.6884939604179926e-11,1.0,1.0463809067120424,0.060073891798333,9.276185030902438e-05,0.9998868478634748,0.9998868478634748,0.0,0.08715364469325104,9.862737092772267e-06,0.0,0.0,0.0,1599933.712054387,266.4762520049759,0.0,1.0,1284973.270834647,2596.246293863454,,,,,,,,,,,,,,,,,6.0,15200.501253132832
3600.0,-37.358172771958436,3.5560480148555875,34.5726301438332,24.807350942306243,5.30544629259859,-33.077631401697474,-46.31943306941537,1.5302952791421585,-6.673747995024087,-6.673747994932336,36.82637332246356,35844.152956121055,15805.034835122342,15805.034835122342,51649.1877912434,76360.70127773358,78269.75017533539,15805.034835122342,94074.78501045772,94074.78501045772,94074.78501045772,118397.83661321283,118397.83661321283,0.0,0.0,91142.4974132978,52604.830783181846,42819.62958901772,24323.051602755102,67142.68119177282,18355.782386021838,1450.0,0.0,0.8899282300067146,2.711133608826644,0.0014947306463915918,1.0,1.0,-6.673747995024087,332104.160696735,1422182.2210642283,4.282337860749993,1422182.2210642283,4.282337860749993,0.7546660955956142,0.08716350743034382,3.896498546642304,101325.0,128351.07116782667,1.2667265844345095,1.0,0.0,3.896498546642304,1.2848427951643266,1.2849789689723496,3.0326656002643158,6425.8544970634475,15200.501253132832,6453.5079058794945,0.00033653423858164076,23390.871656255906,2385.2051063570034,19289.96699942287,1967.02920971207,0.8246792715937012,0.8246792715937012,34239.476400998756,30484.863174865135,1.1562548854292587,0.8,4857.044357844444,4324.433322199387,1.1562548854292587,0.8,17892.472556813074,17892.472556813074,1.0,0.8,2034.6934298245008,2034.6934298245008,7.7677720896192115,3.5560480148555875,-0.9372099340064857,4.493257948862073,3.5,3.5,1.0,0.6,0.00010597928365736017,1.0,0.00010597928365736017,205.1718515893135,0.0,0.0,0.0,0.02571681800595695,3.781256643945434e-05,6.816671721790583e-05,0.000265611514568947,0.08726756426274623,0.08726756426274623,0.08726756426274623,0.08715365301374743,0.0,0.0,0.0,0.0,0.0,0.0,1.0,1.0,0.0,1.0,1.0,520497.3614785612,584.6966525360251,0.0,0.08726756426274623,0.08716350743034379,0.08716350743034386,0.375,0.375,0.5,1e-10,-9.174527804134414e-11,-9.174527804134414e-11,-9.174527804134414e-11,-9.174527804134414e-11,-9.174527804134414e-11,-9.174527804134414e-11,24323.051602755102,18355.782386021838,0.7546660955956142,0.8370962873839124,3.789234082059678,0.7692452382668942,0.5338504855613829,35353.7532153836,15450.0,0.0,0.0,0.0,0.0,0.0,0.0,0.0,0.0,0.0,0.0,0.0,0.0,0.0,0.0,0.0,0.0,0.0,0.0,0.0,0.0,35353.7532153836,15450.0,1.0,0.0,0.0,6.0,0.9,143955.44449186765,23992.574081977942,257.1237779129996,257.1237779129996,-16.02622208700035,237.92521003740063,276.3223558913964,150360.6732510695,150365.1887392319,-4.515488162397996,0.0,nan,276.3223558913964,3.172355891396421,268.6429211100272,-4.5070788899727745,260.9634887081134,-12.186511291886575,253.2840590706708,-19.865940929329184,245.60463266038946,-27.54536733961052,237.92521003740063,-35.224789962599345,1.0,1.0,25732.562594343566,25732.562594343566,275.5259637642407,2.375963764240737,275.5259637642407,275.5259637642407,78191.26068301313,78269.75017533539,-78.48949232226005,0.0,8648.866644398773,8648.866644398773,0.8901465304331135,3915.9810393755156,275.5259637642407,2.375963764240737,1.0,0.002,1.3553028137188121,1e-10,0.002092761813424085,3.6884939604179926e-11,1.0,1.0463809067120424,0.060073891798333,9.276185030902438e-05,0.9998868478634748,0.9998868478634748,0.0,0.08715364469325104,9.862737092772267e-06,0.0,0.0,0.0,1599933.712054387,266.4762520049759,0.0,1.0,1284973.270834647,2596.246293863454,,,,,,,,,,,,,,,,,6.0,15200.501253132832
