time_s,room_c,dock_c,sink_c,t2_c,t3_c,t4_c,t5_c,t6_c,t7_c,tevap_c,tcond_c,q_room_w,q_dock_w,q_dock_external_w,q_useful_w,q_cascade_w,q_cascade_refrigerant_w,q_dock_refrigerant_w,q_evap_total_w,q_evap_load_requested_w,q_map_capacity_balance_error_w,q_cond_w,refrigerant_q_condenser_stage_w,refrigerant_q_subcooler_w,refrigerant_q_oil_cooling_w,w_air_comp_w,w_air_turb_w,w_air_input_w,w_ref_comp_w,w_total_input_w,w_ref_isentropic_w,refrigerant_compressor_speed_rpm,refrigerant_compressor_map_capacity_w,refrigerant_compressor_volumetric_efficiency,refrigerant_compressor_suction_density_kg_m3,refrigerant_compressor_displacement_m3_per_rev,low_pressure_receiver_enabled,refrigerant_evaporators_series,refrigerant_evaporator_outlet_c,refrigerant_evaporating_pressure_pa,refrigerant_condensing_pressure_pa,refrigerant_pressure_ratio,refrigerant_condensing_pressure_from_tcond_pa,refrigerant_pressure_ratio_from_tcond,refrigerant_compressor_eta_is_effective,m_ref_kg_s,m_air_kg_s,air_low_pressure_pa,air_high_pressure_pa,air_pressure_ratio,air_damper_opening,air_damper_resistance_head_coefficient,air_compressor_map_mass_flow_kg_s,air_compressor_suction_density_kg_m3,air_compressor_suction_mixture_density_kg_m3,air_compressor_volumetric_flow_m3_s,air_compressor_map_volumetric_flow_cfm,air_compressor_map_speed_eval_rpm,air_compressor_map_head_eval_ft,air_compressor_map_d_q_d_speed_m3_s_per_rpm,air_compressor_actual_head_j_kg,air_compressor_actual_head_m,air_compressor_isentropic_head_j_kg,air_compressor_isentropic_head_m,air_compressor_eta_is_target,air_compressor_eta_is_effective,regenerator_ua_w_k,regenerator_ua_ref_w_k,regenerator_air_flow_ratio,regenerator_ua_flow_exponent,cascade_ua_w_k,cascade_ua_ref_w_k,cascade_air_flow_ratio,cascade_ua_flow_exponent,condenser_ua_w_k,condenser_ua_ref_w_k,condenser_sink_flow_ratio,condenser_ua_flow_exponent,dock_evaporator_ua_w_k,dock_evaporator_ua_ref_w_k,dock_evaporator_lmtd_k,dock_evaporator_air_inlet_c,dock_evaporator_air_outlet_c,dock_evaporator_air_delta_t_k,dock_air_m_dot_kg_s,dock_air_m_dot_nominal_kg_s,dock_air_flow_ratio,dock_evaporator_ua_flow_exponent,humidity_ratio_room_kg_kg_da,room_relative_humidity,room_saturation_humidity_ratio_kg_kg_da,room_dry_air_mass_kg,room_moisture_infiltration_dry_air_mass_flow_kg_s,room_moisture_deposition_rate_kg_s,room_moisture_deposition_load_w,room_moisture_cumulative_deposited_water_kg,humidity_ratio_supply_vapor_kg_kg_da,humidity_ratio_supply_ice_kg_kg_da,ice_mass_flow_kg_s,valve_flow_kg_s,cascade_valve_flow_kg_s,dock_valve_flow_kg_s,compressor_map_flow_kg_s,receiver_enabled,receiver_mass_kg,receiver_volume_m3,receiver_liquid_mass_kg,receiver_vapor_mass_kg,receiver_liquid_volume_m3,receiver_liquid_fill_fraction,receiver_liquid_fill_fraction_raw,receiver_overfill_mass_kg,receiver_liquid_feed_fraction,receiver_starvation_flow_multiplier,receiver_outlet_enthalpy_j_kg,receiver_outlet_density_kg_m3,receiver_inlet_m_dot_kg_s,receiver_outlet_m_dot_kg_s,m_ref_cascade_kg_s,m_ref_dock_kg_s,valve_opening,cascade_valve_opening,dock_valve_opening,refrigerant_subcooling_k,refrigerant_superheat_k,refrigerant_cascade_superheat_k,refrigerant_dock_superheat_k,refrigerant_raw_superheat_k,refrigerant_raw_cascade_superheat_k,refrigerant_raw_dock_superheat_k,refrigerant_compressor_work_w,refrigerant_compressor_isentropic_work_w,refrigerant_compressor_eta_is_target,cop_air_cycle,cop_vcc,cop_system,cop_room_only,base_room_load_w,base_dock_load_w,infiltration_magnitude_w,infiltration_room_w,infiltration_dock_w,infiltration_q_m3_s,infiltration_q_unprotected_m3_s,infiltration_sensible_w,infiltration_latent_w,infiltration_total_w,infiltration_cumulative_volume_m3,infiltration_velocity_m_s,infiltration_region_density_kg_m3,infiltration_indoor_density_kg_m3,infiltration_outdoor_density_kg_m3,infiltration_room_humidity_ratio_kg_kg_da,infiltration_outdoor_humidity_ratio_kg_kg_da,infiltration_stage,infiltration_door_open_fraction,infiltration_effective_length_m,infiltration_effective_volume_m3,infiltration_maximum_effective_length_m,load_w,dock_load_w,regenerator_model_transient,regenerator_model_lumped_matrix,regenerator_model_two_lump_matrix,regenerator_cell_count,regenerator_gas_effectiveness,regenerator_solid_capacitance_j_k,regenerator_solid_capacitance_per_cell_j_k,regenerator_solid_mean_k,regenerator_matrix_k,regenerator_matrix_c,regenerator_solid_min_k,regenerator_solid_max_k,regenerator_q_hot_to_solid_w,regenerator_q_solid_to_cold_w,regenerator_q_solid_net_total_w,regenerator_q_heat_leak_w,regenerator_q_hot_to_cold_w,regenerator_cell_1_k,regenerator_cell_1_c,regenerator_cell_2_k,regenerator_cell_2_c,regenerator_cell_3_k,regenerator_cell_3_c,regenerator_cell_4_k,regenerator_cell_4_c,regenerator_cell_5_k,regenerator_cell_5_c,regenerator_cell_6_k,regenerator_cell_6_c,cascade_exchanger_model_lumped,cascade_exchanger_cell_count,cascade_exchanger_solid_capacitance_j_k,cascade_exchanger_solid_capacitance_per_cell_j_k,cascade_exchanger_matrix_mean_k,cascade_exchanger_matrix_mean_c,cascade_exchanger_matrix_min_k,cascade_exchanger_matrix_max_k,cascade_exchanger_q_air_to_matrix_w,cascade_exchanger_q_matrix_to_refrigerant_w,cascade_exchanger_q_matrix_net_total_w,cascade_exchanger_q_heat_leak_w,cascade_exchanger_air_side_ua_w_k,cascade_exchanger_refrigerant_side_ua_w_k,cascade_exchanger_air_effectiveness,cascade_exchanger_air_capacity_rate_w_k,cascade_exchanger_cell_1_k,cascade_exchanger_cell_1_c,lpr_inventory_enabled,lpr_volume_m3,lpr_liquid_mass_kg,lpr_vapor_mass_kg,lpr_liquid_volume_m3,lpr_vapor_volume_m3,lpr_liquid_fill_fraction,lpr_liquid_fill_fraction_raw,lpr_overfill_mass_kg,lpr_volume_residual_m3,lpr_evaporator_outlet_quality,lpr_evaporator_outlet_quality_raw,lpr_return_superheat_k,lpr_vapor_return_m_dot_kg_s,lpr_liquid_return_m_dot_kg_s,lpr_boil_off_m_dot_kg_s,lpr_boil_off_heat_w,lpr_liquid_carryover_m_dot_kg_s,lpr_suction_enthalpy_j_kg,lpr_suction_temperature_k,lpr_suction_superheat_k,lpr_suction_vapor_quality,lpr_h_fg_j_kg,lpr_cp_vapor_j_kg_k,startup_initialization_enabled,startup_iterations,startup_newton_iterations,startup_cost,startup_solved_air_cycle_compressor_mass_flow_speed_rpm,startup_solved_air_cycle_pressure_ratio,startup_solved_air_cycle_regenerator_ua_w_k,startup_solved_boundary_conditions_load_after_w,startup_solved_boundary_conditions_load_before_w,startup_solved_boundary_conditions_sink_m_dot_kg_s,startup_solved_vcc_cycle_cascade_ua_w_k,startup_solved_vcc_cycle_compressor_displacement_m3_per_rev,startup_solved_vcc_cycle_condenser_ua_w_k,startup_solved_vcc_cycle_dock_evaporator_ua_w_k,startup_solved_vcc_cycle_expansion_valves_cascade_flow_coefficient_m2,startup_solved_vcc_cycle_expansion_valves_cascade_opening,newton_iterations,pid_open_loop_air_speed_step_output
0.0,-30.0,5.0,35.0,24.630070686712884,5.0,-26.5,-40.00001469450069,1.5,-4.99999999999244,-5.0,40.0,41059.97430708969,25750.0,25750.0,66809.9743070897,77223.01455923119,73357.26647469425,25750.0,99107.26647469425,99107.26647469425,99107.26647469425,125165.21020559939,120661.6860653521,4503.524140247293,0.0,90991.71439716448,54828.674145023,40181.155835712765,26057.943730905146,66239.09956661791,19885.46631875494,1450.0,0.0,0.8869186971918838,2.884698101094474,0.001494314320929203,1.0,1.0,-4.99999999999244,354655.99021540873,1554533.227913749,4.3832143564516315,1554533.227913749,4.3832143564516315,0.7631249235975,0.09239381280812412,3.913849170705986,101325.0,128351.07116782667,1.2667265844345095,1.0,0.0,3.913849170705986,1.2847212910722052,1.2850212022149787,3.046457778744803,6455.078468247549,15243.107769423557,6454.11178072111,0.00033059665397512704,23248.651245482528,2370.7026604888038,19291.772021735764,1967.2132707637945,0.8298017729301338,0.8298017729301338,35405.22815468563,35405.22815468563,1.0,0.8,4273.035954225843,4273.035954225843,1.0,0.8,17887.488988751174,17887.488988751174,1.0,0.8,4632.441516551485,4632.441516551485,5.558623872097796,5.0,-2.320540156361051,7.3205401563610515,3.5,3.5,1.0,0.6,0.0002334323654385558,1.0,0.0002334323654385558,198.92221095423284,0.0,0.0,0.0,0.0,7.885554614010179e-05,0.00015457681929845402,0.0006049903560216233,0.09239381280812412,0.09239381280812412,0.09239381280812412,0.09239381280812412,0.0,0.0,0.0,0.0,0.0,0.0,1.0,1.0,0.0,1.0,1.0,487378.55335087446,595.7628554101648,0.0,0.09239381280812412,0.09239381280812412,0.09239381280812412,0.375,0.375,0.5,10.0,7.560174708487466e-12,7.560174708487466e-12,7.560174708487466e-12,7.560174708487466e-12,7.560174708487466e-12,7.560174708487466e-12,26057.943730905146,19885.46631875494,0.7631249235975,1.0218714084525122,3.9516937952822238,1.0086183952409806,0.6198751881552209,41059.97430708969,25750.0,0.0,0.0,0.0,0.0,0.0,0.0,0.0,0.0,0.0,0.0,0.0,0.0,0.0,0.0,0.0,0.0,0.0,0.0,0.0,0.0,41059.97430708969,25750.0,1.0,0.0,0.0,6.0,0.9,167190.3635292044,27865.060588200733,260.65000000000003,260.65000000000003,-12.499999999999943,244.89999999999998,276.4,123902.68012162475,123902.68012162475,0.0,0.0,nan,276.4,3.25,270.09999999999997,-3.0500000000000114,263.79999999999995,-9.350000000000023,257.5,-15.649999999999977,251.2,-21.94999999999999,244.89999999999998,-28.25,1.0,1.0,26022.012520719443,26022.012520719443,276.7337408414674,3.5837408414674314,276.7337408414674,276.7337408414674,73357.26647469455,73357.26647469425,3.055902197957039e-10,0.0,8546.071908451686,8546.071908451686,0.8861283279244683,3933.418416559516,276.7337408414674,3.5837408414674314,1.0,0.002,0.1290764584623183,0.005192456612122998,0.0002000000000000031,0.0017999999999995032,0.10000000000000155,0.10000000000000155,0.0,-4.939625097843958e-16,0.9672931060717994,0.9672931060717994,0.0,0.08937189817298678,0.003021914635137336,0.0,0.0,0.0,1601879.7459045043,268.15000000000754,0.0,1.0,1279238.0167156027,2619.5792953992536,1.0,285.0,285.0,0.0,15243.107769423557,1.2667265844345095,35405.22815468563,41059.97430708969,41059.97430708969,6.173730061729009,4273.035954225843,0.001494314320929203,17887.488988751174,4632.441516551485,6.516156486788614e-06,0.375,0.0,
30.0,-30.030401689474612,4.882237830016841,34.95465839606452,25.24370877016338,5.807093633274905,-26.484424704159483,-39.985526784416265,2.061665884180876,-5.240232536535359,-5.240232536508514,39.59125960226407,40666.79571605701,26065.361193802786,26065.361193802786,66732.1569098598,76074.85579097772,75267.57586153709,26065.361193802786,101332.93705533988,101332.93705533988,101332.93705533988,127156.7727013027,122575.25155978068,4581.521141522026,0.0,90734.44923271891,54553.90160759921,40200.60847235522,25823.83564596283,66024.44411831805,19676.371384613016,1450.0,0.0,0.8871767644614051,2.8592614137232775,0.001494314320929203,1.0,1.0,-5.240232536535359,351347.30516885815,1536984.8869531434,4.374545825004879,1536984.8869531434,4.374545825004879,0.7619461204125624,0.09645748654678778,3.894033644214161,101325.0,128351.07116782667,1.2667265844345095,1.0,0.0,3.894033644214161,1.2820993668977418,1.2823986659666897,3.0372323275039435,6435.530844091971,15243.107769423557,6467.310877819309,0.0003356038296243678,23300.889905646836,2376.029521360183,19331.22500624586,1971.2363555593256,0.8296346227343466,0.8296346227343466,35261.75217930005,35405.22815468563,0.9949370745709522,0.8,4255.719923985572,4273.035954225843,0.9949370745709522,0.8,17887.488988751174,17887.488988751174,1.0,0.8,4632.441516551485,4632.441516551485,5.626700542397036,4.882237830016841,-2.5279572499555214,7.410195079972363,3.5,3.5,1.0,0.6,0.0002334323654385558,1.003169633971216,0.00023269480806997162,198.947321676904,0.0,0.0,0.0,0.0,7.898492935971898e-05,0.00015444743607883683,0.0006014235123536066,0.09186177525568466,0.09186177525568466,0.09186177525568466,0.09160574958597079,0.0,0.0,0.0,0.0,0.0,0.0,1.0,1.0,0.0,1.0,1.0,486604.90564887977,595.9943863658212,0.0,0.09186177525568466,0.09645748654678775,0.0964574865467878,0.375,0.375,0.5,9.750548169859526,-2.6830093702301383e-11,-2.6830093702301383e-11,-2.6830093702301383e-11,-2.6830093702301383e-11,-2.6830093702301383e-11,-2.6830093702301383e-11,25823.83564596283,19676.371384613016,0.7619461204125624,1.0115965220780767,3.9552690152265817,1.0107189511550223,0.6159354502581003,41059.97430708969,25750.0,0.0,0.0,0.0,0.0,0.0,0.0,0.0,0.0,0.0,0.0,0.0,0.0,0.0,0.0,0.0,0.0,0.0,0.0,0.0,0.0,41059.97430708969,25750.0,1.0,0.0,0.0,6.0,0.9,167190.3635292044,27865.060588200733,260.9874406600533,260.9874406600533,-12.162559339946654,244.9096768979491,277.0652107108633,127170.81018225286,125279.50405042518,1891.3061318276616,0.0,nan,277.0652107108633,3.9152107108633345,270.63409991550157,-2.515900084498412,264.20299140924146,-8.947008590758514,257.77188489683385,-15.378115103166124,251.34078012993098,-21.809219870069,244.9096768979491,-28.240323102050866,1.0,1.0,26022.012520719443,26022.012520719443,276.7170389992131,3.567038999213139,276.7170389992131,276.7170389992131,75278.01188934085,75267.57586153709,10.436027803763864,0.0,8546.071908451686,8546.071908451686,0.8873803714261479,3913.503812435232,276.7170389992131,3.567038999213139,1.0,0.002,0.27481177636404486,0.005041661322547194,0.0004256006062435711,0.0017632739941438832,0.21280030312178555,0.21280030312178555,0.0,0.0001888746003874545,0.9496486862382161,0.9496486862382161,0.0,0.09160072537699741,0.0048567611697903626,0.0,0.0,0.0,1601602.9082121456,267.9097674634646,0.0,1.0,1280064.5449218033,2616.1983445232,,,,,,,,,,,,,,,,,34.0,15243.107769423557
60.0,-29.904486414157287,4.871209943589545,34.95771465793668,25.85378405582162,6.231753250292831,-26.290862460191494,-39.80651325602082,2.6181271365024,-5.145916431883222,-5.145916431850077,39.91831694041506,40234.10678625424,25794.100416757025,25794.100416757025,66028.20720301126,76407.56689161218,76219.5122041608,25794.100416757025,102013.61262091782,102013.61262091782,102013.61262091782,127990.65116952498,123771.01587809832,4219.63529142666,0.0,90478.91260880971,54305.44409316274,40192.7427951633,25977.038548607157,66169.78134377046,19817.179049044928,1450.0,0.0,0.8864712810776412,2.869226731731128,0.001494314320929203,1.0,1.0,-5.145916431883222,352643.4044406182,1551014.3048407615,4.3982512796490925,1551014.3048407615,4.3982512796490925,0.762872912243782,0.09229454786215441,3.8741123147126384,101325.0,128351.07116782667,1.2667265844345095,1.0,0.0,3.8741123147126384,1.279513787686623,1.2798115394023246,3.0278003660414496,6415.545649557297,15243.107769423557,6480.379753647171,0.0003406466291895501,23354.746909427424,2381.521407353931,19370.28875066451,1975.219748911658,0.8293940767495733,0.8293940767495733,35117.36285864656,35405.22815468563,0.9898471161610503,0.8,4238.293662647472,4273.035954225843,0.9898471161610503,0.8,17887.488988751174,17887.488988751174,1.0,0.8,4632.441516551485,4632.441516551485,5.568143780033914,4.871209943589545,-2.4618676446853733,7.333077588274918,3.5,3.5,1.0,0.6,0.00023269480806997162,0.986983606722374,0.00023576359980559001,198.84433722134995,0.0,4.891168768762912e-06,13.861572290674092,0.00014673506306288735,8.059987374239462e-05,0.000152094934327577,0.0005892328580838761,0.09226939884302718,0.09226939884302718,0.09226939884302718,0.09185192217668482,0.0,0.0,0.0,0.0,0.0,0.0,1.0,1.0,0.0,1.0,1.0,489998.4953256969,594.9063238942526,0.0,0.09226939884302718,0.09229454786215441,0.09229454786215441,0.375,0.375,0.5,9.37482060167739,-3.313971319585107e-11,-3.313971319585107e-11,-3.313971319585107e-11,-3.313971319585107e-11,-3.313971319585107e-11,-3.313971319585107e-11,25977.038548607157,19817.179049044928,0.762872912243782,1.0010291407904592,3.934307874130212,0.9978604411578197,0.6080435203076588,41059.97430708969,25750.0,0.0,0.0,0.0,0.0,0.0,0.0,0.0,0.0,0.0,0.0,0.0,0.0,0.0,0.0,0.0,0.0,0.0,0.0,0.0,0.0,41073.83587938036,25750.0,1.0,0.0,0.0,6.0,0.9,167190.3635292044,27865.060588200733,261.2710865365855,261.2710865365855,-11.878913463414449,245.0337192206615,277.50845467277856,127416.62826578152,125835.86635865802,1580.7619071234872,0.0,nan,277.50845467277856,4.358454672778578,271.0135070563741,-2.1364929436258535,264.51855973845517,-8.63144026154481,258.02361268066664,-15.126387319333332,251.52866585057703,-21.62133414942295,245.0337192206615,-28.116280779338467,1.0,1.0,26022.012520719443,26022.012520719443,276.9227438626863,3.7727438626862977,276.9227438626863,276.9227438626863,76398.11425608883,76219.5122041608,178.60205192802823,0.0,8546.071908451686,8546.071908451686,0.888637920340191,3893.4828762862016,276.9227438626863,3.7727438626862977,1.0,0.002,0.28867683790145704,0.004455406031101935,0.0004471607015592247,0.0015528246534021579,0.22358035077961236,0.22358035077961236,0.0,-1.4645038617575046e-08,0.9949924707400619,0.9949924707400619,0.0,0.09183238021320192,0.00046216764895249394,0.0,0.0,0.0,1601711.695170162,268.00408356811676,0.0,1.0,1279740.1818507104,2617.5244322775557,,,,,,,,,,,,,,,,,12.0,15243.107769423557
90.0,-29.784792157445317,4.876708835735837,34.961143915702685,25.91336698913949,6.2787146253899655,-26.178441476057717,-39.70198523076249,2.6723644341968376,-5.1147493258101235,-5.114749325800682,39.92536047696819,40262.22337544965,25728.004765956535,25728.004765956535,65990.22814140619,76418.03349888453,76366.89139001284,25728.004765956535,102094.89615596937,102094.89615596937,102094.89615596937,128085.38469059473,123973.95761410399,4111.427076490748,0.0,90453.94229189906,54298.13407630015,40173.120239554344,25990.488534625354,66163.6087741797,19828.082461516256,1450.0,0.0,0.8866047542699973,2.8725258308489536,0.001494314320929203,1.0,1.0,-5.1147493258101235,353072.52916302305,1551317.504428994,4.393764386332954,1551317.504428994,4.393764386332954,0.7628976436937942,0.0922348358843664,3.8721523043676056,101325.0,128351.07116782667,1.2667265844345095,1.0,0.0,3.8721523043676056,1.2792621860068634,1.2795598791731124,3.026863724045722,6413.56101756231,15243.107769423557,6481.6549780358455,0.00034114325232233574,23360.119949277632,2382.069304938754,19374.100481700272,1975.6084373053259,0.8293664811553924,0.8293664811553924,35103.14873744236,35405.22815468563,0.9893463277403561,0.8,4236.57816880295,4273.035954225843,0.9893463277403561,0.8,17887.488988751174,17887.488988751174,1.0,0.8,4632.441516551485,4632.441516551485,5.553875785378325,4.876708835735837,-2.437578233477108,7.314287069212945,3.5,3.5,1.0,0.6,0.00023269480806997162,0.974779618662347,0.00023871529894037985,198.7465396546555,0.0,0.0,0.0,0.00014673506306288735,8.155691808081729e-05,0.00015113788998915434,0.0005852289289987616,0.0922347952694159,0.0922347952694159,0.0922347952694159,0.09197138126555746,0.0,0.0,0.0,0.0,0.0,0.0,1.0,1.0,0.0,1.0,1.0,491176.87258910877,594.5226675530987,0.0,0.0922347952694159,0.0922348358843664,0.0922348358843664,0.375,0.375,0.5,9.137748166815587,-9.43600753089413e-12,-9.43600753089413e-12,-9.43600753089413e-12,-9.43600753089413e-12,-9.43600753089413e-12,-9.43600753089413e-12,25990.488534625354,19828.082461516256,0.7628976436937942,1.0022179789711125,3.9301315221050523,0.9973795166862003,0.6085252017142383,41059.97430708969,25750.0,0.0,0.0,0.0,0.0,0.0,0.0,0.0,0.0,0.0,0.0,0.0,0.0,0.0,0.0,0.0,0.0,0.0,0.0,0.0,0.0,41059.97430708969,25750.0,1.0,0.0,0.0,6.0,0.9,167190.3635292044,27865.060588200733,261.3805427951673,261.3805427951673,-11.76945720483269,245.1508183172468,277.61026738008746,126612.44759051953,126002.44653443343,610.0010560861216,0.0,nan,277.61026738008746,4.460267380087487,271.1183774989167,-2.031622501083291,264.62648765665386,-8.523512343346113,258.1345978483462,-15.015402151653802,251.64270806975287,-21.507291930247106,245.1508183172468,-27.999181682753175,1.0,1.0,26022.012520719443,26022.012520719443,276.9711562233311,3.8211562233311156,276.9711562233311,276.9711562233311,76408.72334987334,76366.89139001284,41.83195986050123,0.0,8546.071908451686,8546.071908451686,0.8887615806412269,3891.5130658894436,276.9711562233311,3.8211562233311156,1.0,0.002,0.2966106934676746,0.004425183732566584,0.0004594799049811728,0.0015405200744753242,0.2297399524905864,0.2297399524905864,0.0,-2.0543503096576154e-11,0.9971327335834062,0.9971327335834062,0.0,0.09197037403699511,0.0002644618473712891,0.0,0.0,0.0,1601747.6159474219,268.03525067418985,0.0,1.0,1279632.9566143996,2617.9630078897303,,,,,,,,,,,,,,,,,9.0,15243.107769423557
120.0,-29.67190892760079,4.885960602383339,34.96334874661092,25.947103870008164,6.299802359980218,-26.074854142070656,-39.60568662788717,2.7030657702217487,-5.1000649306382115,-5.10006493059072,39.91212065580905,40305.37844202803,25714.015747408197,25714.015747408197,66019.39418943622,76445.32699559853,76419.42427262139,25714.015747408197,102133.44002002958,102133.44002002958,102133.44002002958,128124.17450728771,124078.36603718584,4045.808470101863,0.0,90439.80377862568,54301.093287178475,40154.12276827467,25990.734487258138,66144.85725553281,19827.355145894864,1450.0,0.0,0.8867276206907189,2.8740812407136773,0.001494314320929203,1.0,1.0,-5.1000649306382115,353274.8534417218,1550747.6135171156,4.389634864777987,1550747.6135171156,4.389634864777987,0.762862440675355,0.09216053531369266,3.8710414607549675,101325.0,128351.07116782667,1.2667265844345095,1.0,0.0,3.8710414607549675,1.2791198092740659,1.2794174693082636,3.026332195536777,6412.4347724335275,15243.107769423557,6482.376871089958,0.00034142474703624146,23363.17104725281,2382.3804303460215,19376.258268348094,1975.828470308219,0.8293505290509987,0.8293505290509987,35095.09218919007,35405.22815468563,0.9890625039228844,0.8,4235.6058287802125,4273.035954225843,0.9890625039228844,0.8,17887.488988751174,17887.488988751174,1.0,0.8,4632.441516551485,4632.441516551485,5.550855991496771,4.885960602383339,-2.4243494892749977,7.310310091658336,3.5,3.5,1.0,0.6,0.00023269480806997162,0.9634191322584076,0.00024153019208212942,198.65439521891665,0.0,0.0,0.0,0.00014673506306288735,8.24479009168359e-05,0.00015024690715313572,0.0005816120069399905,0.09218957595593091,0.09218957595593091,0.09218957595593091,0.0920339341270174,0.0,0.0,0.0,0.0,0.0,0.0,1.0,1.0,0.0,1.0,1.0,491787.53672199725,594.3228799033483,0.0,0.09218957595593091,0.09216053531369266,0.09216053531369266,0.375,0.375,0.5,8.998001464685792,-4.746425474877469e-11,-4.746425474877469e-11,-4.746425474877469e-11,-4.746425474877469e-11,-4.746425474877469e-11,-4.746425474877469e-11,25990.734487258138,19827.355145894864,0.762862440675355,1.0037668778029654,3.930606224040724,0.9981032075462511,0.6093501462452185,41059.97430708969,25750.0,0.0,0.0,0.0,0.0,0.0,0.0,0.0,0.0,0.0,0.0,0.0,0.0,0.0,0.0,0.0,0.0,0.0,0.0,0.0,0.0,41059.97430708969,25750.0,1.0,0.0,0.0,6.0,0.9,167190.3635292044,27865.060588200733,261.45306756992613,261.45306756992613,-11.696932430073844,245.26025926888417,277.6458759624778,126151.90187700621,125747.70445063086,404.197426375375,0.0,nan,277.6458759624778,4.4958759624778395,271.16875256544057,-1.9812474345594069,264.69162920111046,-8.458370798889518,258.21450586570995,-14.935494134290025,251.73738255593395,-21.41261744406603,245.26025926888417,-27.889740731115808,1.0,1.0,26022.012520719443,26022.012520719443,276.99198763943804,3.8419876394380594,276.99198763943804,276.99198763943804,76437.45226762099,76419.42427262139,18.027994999603834,0.0,8546.071908451686,8546.071908451686,0.8888316601616093,3890.3966680587423,276.99198763943804,3.8419876394380594,1.0,0.002,0.3004230482505094,0.004410231357587646,0.00046539978061770824,0.0015344838794062777,0.23269989030885413,0.23269989030885413,0.0,-1.1633997601401269e-07,0.998620889703082,0.998620889703082,0.0,0.09203343577047207,0.00012709954322058403,0.0,0.0,0.0,1601764.535166145,268.04993506936177,0.0,1.0,1279582.4308087318,2618.16970584596,,,,,,,,,,,,,,,,,11.0,15243.107769423557
150.0,-29.565091531518956,4.897568342162137,34.964862530643856,25.975789816025667,6.317550753099866,-25.97682650381827,-39.514571882877476,2.7291700169461324,-5.084284151246663,-5.084284151223825,39.93110119254453,40347.24635375704,25703.27017046885,25703.27017046885,66050.51652422588,76469.22693085397,76442.95851248981,25703.27017046885,102146.22868295867,102146.22868295867,102146.22868295867,128149.44010704079,124145.69821153153,4003.7418955092608,0.0,90427.78650713789,54305.355831945424,40136.03408354719,26003.211424082125,66139.24550762931,19838.326858251043,1450.0,0.0,0.8867392240932879,2.8757535239312495,0.001494314320929203,1.0,1.0,-5.084284151246663,353492.3853293604,1551564.6552702815,4.389244916335717,1551564.6552702815,4.389244916335717,0.762918338612528,0.0921997338546971,3.870097245790827,101325.0,128351.07116782667,1.2667265844345095,1.0,0.0,3.870097245790827,1.2789987763628488,1.2792964082318503,3.0258803349260517,6411.477334021188,15243.107769423557,6482.989556565703,0.00034166386216877645,23365.76596505125,2382.645038321063,19378.08962623601,1976.0152168412264,0.8293368021925879,0.8293368021925879,35088.24377490055,35405.22815468563,0.9888212542162765,0.8,4234.779297727771,4273.035954225843,0.9888212542162765,0.8,17887.488988751174,17887.488988751174,1.0,0.8,4632.441516551485,4632.441516551485,5.548536355749412,4.897568342162137,-2.4096868591083247,7.307255201270462,3.5,3.5,1.0,0.6,0.00023269480806997162,0.9528005444590886,0.00024422195119763924,198.5672808514835,0.0,0.0,0.0,0.00014673506306288735,8.329919692710768e-05,0.00014939561114286394,0.0005781755432172351,0.09219832881610449,0.09219832881610449,0.09219832881610449,0.0920886890651887,0.0,0.0,0.0,0.0,0.0,0.0,1.0,1.0,0.0,1.0,1.0,492356.2158627565,594.1382872960558,0.0,0.09219832881610449,0.0921997338546971,0.0921997338546971,0.375,0.375,0.5,8.899294317321825,-2.2851054382044822e-11,-2.2851054382044822e-11,-2.2851054382044822e-11,-2.2851054382044822e-11,-2.2851054382044822e-11,-2.2851054382044822e-11,26003.211424082125,19838.326858251043,0.762918338612528,1.0052624100769445,3.929226103461156,0.9986584518356322,0.6100348748172957,41059.97430708969,25750.0,0.0,0.0,0.0,0.0,0.0,0.0,0.0,0.0,0.0,0.0,0.0,0.0,0.0,0.0,0.0,0.0,0.0,0.0,0.0,0.0,41059.97430708969,25750.0,1.0,0.0,0.0,6.0,0.9,167190.3635292044,27865.060588200733,261.5166866222616,261.5166866222616,-11.633313377738375,245.36354743657137,277.6698257875111,125784.57278987554,125430.01818514227,354.5546047332731,0.0,nan,277.6698257875111,4.519825787511138,271.2085701231635,-1.9414298768364802,264.7473144814574,-8.402685518542569,258.2860587928771,-14.863941207122878,251.82480311198879,-21.32519688801119,245.36354743657137,-27.78645256342861,1.0,1.0,26022.012520719443,26022.012520719443,277.0105222266503,3.860522226650346,277.0105222266503,277.0105222266503,76459.02522887834,76442.95851248981,16.066716388522764,0.0,8546.071908451686,8546.071908451686,0.8888912245113652,3889.447732019781,277.0105222266503,3.860522226650346,1.0,0.002,0.30376682137005384,0.004398176224974037,0.00047059516125987517,0.0015293995687859117,0.23529758062993758,0.23529758062993758,0.0,-5.269954213033695e-09,0.998791247027493,0.998791247027493,0.0,0.09208828715233587,0.0001114467023612193,0.0,0.0,0.0,1601782.7141495286,268.0657158487533,0.0,1.0,1279528.1278767549,2618.3918814403683,,,,,,,,,,,,,,,,,9.0,15243.107769423557
180.0,-29.464462210324843,4.908976163448013,34.966316491516565,26.001670339051657,6.3324017995797055,-25.884775809550913,-39.429021848458774,2.7527153738167356,-5.073302945690216,-5.073302945718804,39.933934694682726,40388.11108569956,25704.36870610455,25704.36870610455,66092.4797918041,76495.27148632152,76473.50156020145,25704.36870610455,102177.870266306,102177.870266306,102177.870266306,128185.9479045659,124206.47439134277,3979.473513223129,0.0,90416.94247013307,54309.78197232683,40119.06721978471,26008.0776382599,66127.1448580446,19842.28804324536,1450.0,0.0,0.8867848881756101,2.876917651486734,0.001494314320929203,1.0,1.0,-5.073302945690216,353643.8189818813,1551686.654939473,4.38771037878361,1551686.654939473,4.38771037878361,0.7629278995251774,0.09219029829116993,3.8692444715719385,101325.0,128351.07116782667,1.2667265844345095,1.0,0.0,3.8692444715719385,1.2788896274456816,1.2791872339149744,3.025471775308677,6410.61164521778,15243.107769423557,6483.542735065321,0.000341879914879889,23368.113112118717,2382.884380712957,19379.743113790075,1976.18382564791,0.8293242599780009,0.8293242599780009,35082.05829537946,35405.22815468563,0.9886033678896211,0.8,4234.032775878731,4273.035954225843,0.9886033678896211,0.8,17887.488988751174,17887.488988751174,1.0,0.8,4632.441516551485,4632.441516551485,5.548773495415778,4.908976163448013,-2.398591343617957,7.30756750706597,3.5,3.5,1.0,0.6,0.00023269480806997162,0.942912535887294,0.00024678302516256456,198.48528299939636,0.0,0.0,0.0,0.00014673506306288735,8.410588965014185e-05,0.00014858891841982978,0.0005749268511327802,0.09219029938966107,0.09219029938966107,0.09219029938966107,0.09213071146486851,0.0,0.0,0.0,0.0,0.0,0.0,1.0,1.0,0.0,1.0,1.0,492629.0110087974,594.0494008981148,0.0,0.09219029938966107,0.09219029829116993,0.09219029829116993,0.375,0.375,0.5,8.845665186876278,2.859223968698643e-11,2.859223968698643e-11,2.859223968698643e-11,2.859223968698643e-11,2.859223968698643e-11,2.859223968698643e-11,26008.0776382599,19842.28804324536,0.7629278995251774,1.0067061346277306,3.929534570524446,0.9994757815974828,0.610764477619605,41059.97430708969,25750.0,0.0,0.0,0.0,0.0,0.0,0.0,0.0,0.0,0.0,0.0,0.0,0.0,0.0,0.0,0.0,0.0,0.0,0.0,0.0,0.0,41059.97430708969,25750.0,1.0,0.0,0.0,6.0,0.9,167190.3635292044,27865.060588200733,261.57519372869,261.57519372869,-11.574806271309967,245.4607940049225,277.6895934497188,125442.44744075507,125116.3866286587,326.0608120963625,0.0,nan,277.6895934497188,4.539593449718836,271.24383356163634,-1.9061664383636412,264.798073676362,-8.351926323637997,258.3523137849348,-14.797686215065198,251.90655389456555,-21.24344610543443,245.4607940049225,-27.689205995077486,1.0,1.0,26022.012520719443,26022.012520719443,277.02507736039263,3.875077360392652,277.02507736039263,277.02507736039263,76485.95257083657,76473.50156020145,12.451010635122657,0.0,8546.071908451686,8546.071908451686,0.8889450179990531,3888.5906939297984,277.02507736039263,3.875077360392652,1.0,0.002,0.30556065648540726,0.0043919458534586115,0.0004733849355821109,0.0015266150651499358,0.23669246779105543,0.23669246779105543,0.0,7.320468016491777e-13,0.9993514013410425,0.9993514013410425,0.0,0.09213050378732938,5.979450384054471e-05,0.0,0.0,0.0,1601795.362041385,268.07669705430976,0.0,1.0,1279490.3377868626,2618.546511895189,,,,,,,,,,,,,,,,,7.0,15243.107769423557
210.0,-29.370987298681573,4.919371504074842,34.96775746683943,26.02436161777007,6.3447383405289735,-25.79961393863635,-39.34988627498967,2.7733580714069923,-5.064671390475382,-5.064671390490076,39.93677137643111,40427.7709348284,25708.910453504664,25708.910453504664,66136.68138833306,76520.75284527174,76501.84867373078,25708.910453504664,102210.75912723545,102210.75912723545,102210.75912723545,128222.88594972635,124253.11620453888,3969.7697451874706,0.0,90407.4367110835,54314.42793591074,40103.34308352529,26012.126822490904,66115.4699060162,19845.617074438444,1450.0,0.0,0.8868185613489358,2.8778329517031547,0.001494314320929203,1.0,1.0,-5.064671390475382,353762.8860853511,1551808.7987743758,4.386578863448034,1551808.7987743758,4.386578863448034,0.7629371181321205,0.09218658347403931,3.86849681615258,101325.0,128351.07116782667,1.2667265844345095,1.0,0.0,3.86849681615258,1.2787939496748133,1.2790915338792266,3.025113480663798,6409.85246185946,15243.107769423557,6484.02723675337,0.0003420692707899646,23370.172190292345,2383.0943482527005,19381.191321758506,1976.3315017624273,0.8293131588396765,0.8293131588396765,35076.63505617745,35405.22815468563,0.9884123397261052,0.8,4233.3782483610075,4273.035954225843,0.9884123397261052,0.8,17887.488988751174,17887.488988751174,1.0,0.8,4632.441516551485,4632.441516551485,5.549753917377693,4.919371504074842,-2.389487189174529,7.3088586932493715,3.5,3.5,1.0,0.6,0.00023269480806997162,0.933826660992213,0.00024918415567909343,198.40917556879654,0.0,0.0,0.0,0.00014673506306288735,8.485852032606738e-05,0.00014783628774390424,0.0005719042084491102,0.09218745178436709,0.09218745178436709,0.09218745178436709,0.09216352265348468,0.0,0.0,0.0,0.0,0.0,0.0,1.0,1.0,0.0,1.0,1.0,492746.5469719662,594.0111775666222,0.0,0.09218745178436709,0.09218658347403931,0.09218658347403931,0.375,0.375,0.5,8.824181226740402,1.4665602066088468e-11,1.4665602066088468e-11,1.4665602066088468e-11,1.4665602066088468e-11,1.4665602066088468e-11,1.4665602066088468e-11,26012.126822490904,19845.617074438444,0.7629371181321205,1.0080897956718322,3.930077075065827,1.0003208247985989,0.6114721863475655,41059.97430708969,25750.0,0.0,0.0,0.0,0.0,0.0,0.0,0.0,0.0,0.0,0.0,0.0,0.0,0.0,0.0,0.0,0.0,0.0,0.0,0.0,0.0,41059.97430708969,25750.0,1.0,0.0,0.0,6.0,0.9,167190.3635292044,27865.060588200733,261.6288303806651,261.6288303806651,-11.521169619334898,245.55123325328358,277.70642755462984,125120.7538126573,124821.84938499668,298.90442766062097,0.0,nan,277.70642755462984,4.556427554629863,271.2753886802941,-1.8746113197058776,264.84434975265174,-8.30565024734824,258.41331095313603,-14.736689046863944,251.9822720899955,-21.167727910004487,245.55123325328358,-27.598766746716393,1.0,1.0,26022.012520719443,26022.012520719443,277.0370258914008,3.8870258914008105,277.0370258914008,277.0370258914008,76512.35985384126,76501.84867373078,10.511180110479472,0.0,8546.071908451686,8546.071908451686,0.8889921786040869,3887.8393002333432,277.0370258914008,3.8870258914008105,1.0,0.002,0.3062533437128475,0.004390237508578836,0.00047446655337522834,0.0015255359003680398,0.23723327668761415,0.23723327668761415,0.0,2.4537432680334093e-09,0.9997492273369212,0.9997492273369212,0.0,0.09216346559900139,2.3117875037923172e-05,0.0,0.0,0.0,1601805.3024364605,268.0853286095246,0.0,1.0,1279460.631990672,2618.6680718625735,,,,,,,,,,,,,,,,,8.0,15243.107769423557
240.0,-29.282803929671438,4.92820147728286,34.96913400827362,26.043197116255783,6.354188851497083,-25.719104718185218,-39.275088301487244,2.790489934504735,-5.058080885973538,-5.058082164951572,39.939500481351864,40465.41997931168,25714.680378753656,25714.680378753656,66180.10035806533,76544.9536370435,76527.26097259703,25714.680378753656,102241.94135135069,102241.94135135069,102241.94135135069,128257.3669466164,124287.42677451806,3969.9401720983424,0.0,90399.54523182263,54320.012718994694,40088.36945869771,26015.425595265708,66103.79505396342,19848.358111127127,1450.0,0.0,0.8868422190591345,2.8785318165589393,0.001494314320929203,1.0,1.0,-5.057057715103042,353853.8016554611,1551926.3173474253,4.385783931349418,1551926.3173474253,4.385783931349418,0.7629457391901802,0.09218820553086872,3.867875736582809,101325.0,128351.07116782667,1.2667265844345095,1.0,0.0,3.867875736582809,1.278714555299304,1.2790121210280965,3.0248156013813965,6409.221291404586,15243.107769423557,6484.429602432397,0.0003422266152864005,23371.884566200883,2383.2689620003653,19382.39401969943,1976.4541428213947,0.8293038571536148,0.8293038571536148,35072.129795922105,35405.22815468563,0.9882536520652674,0.8,4232.834511177049,4273.035954225843,0.9882536520652674,0.8,17887.488988751174,17887.488988751174,1.0,0.8,4632.441516551485,4632.441516551485,5.550999464726405,4.92820147728286,-2.3822975642960054,7.310499041578865,3.5,3.5,1.0,0.6,0.00023269480806997162,0.9253416717487806,0.00025146906831744365,198.3374300047104,0.0,0.0,0.0,0.00014673506306288735,8.557561547589615e-05,0.00014711919259407548,0.0005690387554202779,0.09218817191287698,0.09218817191287698,0.09218817191287698,0.09218836327319326,0.0,0.0,0.0,0.0,0.0,0.0,1.0,1.0,0.0,1.0,1.0,492758.93777747976,594.0072677933277,0.0,0.09218817191287698,0.09218820553086872,0.09218820553086872,0.375,0.375,0.5,8.824353496646319,0.0010244498485576514,0.0010244498485576514,-6.0254023992456496e-12,1.2789780612365576e-06,0.0010244498485576514,-6.0254023992456496e-12,26015.425595265708,19848.358111127127,0.7629457391901802,1.0094054840769326,3.9307307751446654,1.0011543256183646,0.6121497252355631,41059.97430708969,25750.0,0.0,0.0,0.0,0.0,0.0,0.0,0.0,0.0,0.0,0.0,0.0,0.0,0.0,0.0,0.0,0.0,0.0,0.0,0.0,0.0,41059.97430708969,25750.0,1.0,0.0,0.0,6.0,0.9,167190.3635292044,27865.060588200733,261.6782756678122,261.6782756678122,-11.471724332187762,245.63628756294983,277.7202637787432,124813.57089416179,124538.0117086712,275.55918549056724,0.0,nan,277.7202637787432,4.570263778743197,271.3034685337842,-1.8465314662157652,264.8866732817777,-8.263326718222288,258.46987804656953,-14.680121953430444,252.05308280304888,-21.096917196951097,245.63628756294983,-27.513712437050145,1.0,1.0,26022.012520719443,26022.012520719443,277.0465886817698,3.8965886817697992,277.0465886817698,277.0465886817698,76535.49220675502,76527.26097259703,8.231234157996369,0.0,8546.071908451686,8546.071908451686,0.8890313536851435,3887.2151152657234,277.0465886817698,3.8965886817697992,1.0,0.002,0.30624754458681197,0.004391303862900724,0.0004744640452621873,0.0015255359634989854,0.23723202263109364,0.23723202263109364,0.0,8.761172776844406e-12,1.0,1.000002099642076,0.0010244498545830538,0.09218820553086872,0.0,1.9330481913713776e-07,0.24732152228752538,0.0,1601812.8936611672,268.09191911402644,1.2789840866389568e-06,1.0,1279437.953960507,2618.7608786517994,,,,,,,,,,,,,,,,,6.0,15243.107769423557
270.0,-29.199227598105594,4.935630038480204,34.97046380882497,26.060726644378178,6.36261161296702,-25.64304367718156,-39.204427355993516,2.80642768292551,-5.052738904895477,-5.052830446539926,39.94211821202403,40502.04706401347,25720.28574892683,25720.28574892683,66222.33281294031,76568.89103028768,76552.40152093818,25720.28574892683,102272.68726986501,102272.68726986501,102272.68726986501,128290.9050257233,124314.11304475092,3976.7919809723885,0.0,90392.19643919093,54325.35243747598,40074.271113016606,26018.21775585829,66092.4888688749,19850.699587357194,1450.0,0.0,0.8868594682067885,2.879087667557422,0.001494314320929203,1.0,1.0,-4.9637368201966865,353926.2759541503,1552039.046332254,4.3852043540652925,1552039.046332254,4.3852043540652925,0.762953856933094,0.09219124882000806,3.8672965718335686,101325.0,128351.07116782667,1.2667265844345095,1.0,0.0,3.8672965718335686,1.2786407036733232,1.278938252216331,3.0245373549609873,6408.631720628394,15243.107769423557,6484.805088721618,0.00034237352190224677,23373.484489795424,2383.4321088032534,19383.516373345454,1976.5685910423492,0.8292951092426145,0.8292951092426145,35067.92845196704,35405.22815468563,0.9881056737646279,0.8,4232.327453470835,4273.035954225843,0.9881056737646279,0.8,17887.488988751174,17887.488988751174,1.0,0.8,4632.441516551485,4632.441516551485,5.552209489753842,4.935630038480204,-2.3764625696013404,7.312092608081544,3.5,3.5,1.0,0.6,0.00023269480806997162,0.9173767060948745,0.0002536524053030691,198.26948057930466,0.0,0.0,0.0,0.00014673506306288735,8.625818925790098e-05,0.00014643661881207066,0.0005663138339228199,0.09219124960302898,0.09219124960302898,0.09219124960302898,0.09220795847128584,0.0,0.0,0.0,0.0,0.0,0.0,1.0,1.0,0.0,1.0,1.0,492698.9693385679,594.0269711330905,0.0,0.09219124960302898,0.09219124882000806,0.09219124882000806,0.375,0.375,0.5,8.839391462870006,0.08909362634324225,0.08909362634324225,3.4788172342814505e-11,9.154164445135393e-05,0.08909362634324225,3.4788172342814505e-11,26018.21775585829,19850.699587357194,0.762953856933094,1.010674578454352,3.931444410952513,1.001964579429336,0.6128086225405743,41059.97430708969,25750.0,0.0,0.0,0.0,0.0,0.0,0.0,0.0,0.0,0.0,0.0,0.0,0.0,0.0,0.0,0.0,0.0,0.0,0.0,0.0,0.0,41059.97430708969,25750.0,1.0,0.0,0.0,6.0,0.9,167190.3635292044,27865.060588200733,261.7247246587737,261.7247246587737,-11.425275341226268,245.71678912771813,277.7326601906571,124523.66818205857,124264.80739210318,258.8607899553955,0.0,nan,277.7326601906571,4.582660190657123,271.3294859777694,-1.8205140222305545,264.9263117640675,-8.223688235932457,258.5231375525261,-14.626862447473854,252.11996333990382,-21.030036660096158,245.71678912771813,-27.433210872281848,1.0,1.0,26022.012520719443,26022.012520719443,277.0547821667159,3.904782166715904,277.0547821667159,277.0547821667159,76559.43687474997,76552.40152093818,7.035353811792447,0.0,8546.071908451686,8546.071908451686,0.8890678838309358,3886.6330546927366,277.0547821667159,3.904782166715904,1.0,0.002,0.30574317067627466,0.0043943886748926565,0.00047368778085439957,0.0015263122190719727,0.23684389042719978,0.23684389042719978,0.0,-7.362773585262161e-14,1.0,1.0001825528501842,0.08909362630845408,0.09219124882000806,0.0,1.6812463402754186e-05,21.510199885676208,0.0,1601819.1773705909,268.0972610951045,9.154160966318159e-05,1.0,1279419.8785974723,2618.834852962609,,,,,,,,,,,,,,,,,7.0,15243.107769423557
300.0,-29.120981989335647,4.94175723352734,34.97172284228784,26.0764084517956,6.369765721240075,-25.571907218546933,-39.138349844701565,2.820690983687142,-5.0485960133606795,-5.048724837927544,39.94457328997348,40536.84803418758,25725.491333996324,25725.491333996324,66262.3393681839,76591.80181825065,76576.17386718205,25725.491333996324,102301.66520117837,102301.66520117837,102301.66520117837,128322.21638410105,124334.26419590379,3987.9521881972546,0.0,90385.62924371629,54330.675588827326,40061.059616543294,26020.551182922678,66081.61079946597,19852.67503602144,1450.0,0.0,0.8868714713577192,2.8795227383786965,0.001494314320929203,1.0,1.0,-4.903441224348001,353982.94192220527,1552144.7765240944,4.384801053111787,1552144.7765240944,4.384801053111787,0.7629613568313178,0.09219586650963578,3.8667797288914763,101325.0,128351.07116782667,1.2667265844345095,1.0,0.0,3.8667797288914763,1.2785746182609283,1.2788721514254033,3.024289449880471,6408.106439510575,15243.107769423557,6485.139337757408,0.0003425043542298953,23374.910282160792,2383.577499162384,19384.515466081375,1976.670470148458,0.829287267077778,0.829287267077778,35064.17909306147,35405.22815468563,0.9879736188694213,0.8,4231.874945571753,4273.035954225843,0.9879736188694213,0.8,17887.488988751174,17887.488988751174,1.0,0.8,4632.441516551485,4632.441516551485,5.553333213615415,4.94175723352734,-2.3718152850217216,7.313572518549061,3.5,3.5,1.0,0.6,0.00023269480806997162,0.9099867808723986,0.0002557122949048651,198.2059073357007,0.0,0.0,0.0,0.00014673506306288735,8.690103721283606e-05,0.00014579377085713557,0.0005637523977490207,0.09219585059571012,0.09219585059571012,0.09219585059571012,0.09222314056864638,0.0,0.0,0.0,0.0,0.0,0.0,1.0,1.0,0.0,1.0,1.0,492592.2092153005,594.0619372891462,0.0,0.09219585059571012,0.09219586650963578,0.09219586650963578,0.375,0.375,0.5,8.863952397901235,0.14528361357952235,0.14528361357952235,1.1937117960769683e-11,0.0001288245668433774,0.14528361357952235,1.1937117960769683e-11,26020.551182922678,19852.67503602144,0.7629613568313178,1.0118765809541344,3.9321723983847794,1.0027349298319372,0.6134361366765468,41059.97430708969,25750.0,0.0,0.0,0.0,0.0,0.0,0.0,0.0,0.0,0.0,0.0,0.0,0.0,0.0,0.0,0.0,0.0,0.0,0.0,0.0,0.0,41059.97430708969,25750.0,1.0,0.0,0.0,6.0,0.9,167190.3635292044,27865.060588200733,261.76791353461294,261.76791353461294,-11.382086465387033,245.79223805679766,277.74358901243596,124249.316560077,124008.62443303733,240.6921270396873,0.0,nan,277.74358901243596,4.593589012435984,271.3533188215464,-1.796681178453582,264.9630486300607,-8.186951369939266,258.5727784389787,-14.577221561021304,252.18250824785804,-20.96749175214194,245.79223805679766,-27.35776194320232,1.0,1.0,26022.012520719443,26022.012520719443,277.0616694446728,3.911669444672839,277.0616694446728,277.0616694446728,76582.3982404233,76576.17386718205,6.224373241246212,0.0,8546.071908451686,8546.071908451686,0.8891004821824896,3886.1136275359336,277.0616694446728,3.911669444672839,1.0,0.002,0.30492062742402287,0.004398711503041969,0.0004724174329505578,0.0015275825590576478,0.2362087164752789,0.2362087164752789,0.0,-7.991794292311338e-12,1.0,1.0002976539797288,0.14528361356758523,0.09219586650963578,0.0,2.7418108410014456e-05,35.07888548641101,0.0,1601824.0022155177,268.1014039866393,0.00012882455490625944,1.0,1279405.7475386763,2618.8926870644855,,,,,,,,,,,,,,,,,6.0,15243.107769423557
330.0,-29.04753829092553,4.946765469888256,34.97290559139831,26.090591924171918,6.375927655012371,-25.50519169641104,-39.07638491420073,2.833581060531143,-5.045310875900611,-5.045454745118443,39.946870134737324,40569.85225403538,25729.967053642245,25729.967053642245,66299.81930767762,76613.67417545528,76598.96462985518,25729.967053642245,102328.93168349743,102328.93168349743,102328.93168349743,128351.46727668979,124349.72812326581,4001.739153423976,0.0,90379.68023429517,54335.858313004384,40048.69102365643,26022.53559319235,66071.22661684878,19854.3696314148,1450.0,0.0,0.8868797946568315,2.8798695124881553,0.001494314320929203,1.0,1.0,-4.865742329215209,354028.0811229529,1552243.6971861979,4.384521398027486,1552243.6971861979,4.384521398027486,0.7629682957032373,0.09220136259898692,3.8663101945720437,101325.0,128351.07116782667,1.2667265844345095,1.0,0.0,3.8663101945720437,1.2785149012117587,1.278812420479663,3.02406345902391,6407.627592003681,15243.107769423557,6485.443800241745,0.00034262357626140704,23376.210310590242,2383.7100651690685,19385.425524821687,1976.763270313684,0.8292800786464267,0.8292800786464267,35060.77284051075,35405.22815468563,0.9878536514667561,0.8,4231.463846974822,4273.035954225843,0.9878536514667561,0.8,17887.488988751174,17887.488988751174,1.0,0.8,4632.441516551485,4632.441516551485,5.55429938223944,4.946765469888256,-2.368079463627663,7.31484493351592,3.5,3.5,1.0,0.6,0.00023269480806997162,0.9031087859199061,0.0002576597766491097,198.14627264467975,0.0,0.0,0.0,0.00014673506306288735,8.750789530147415e-05,0.00014518691276849745,0.0005613376409552837,0.09220136270891396,0.09220136270891396,0.09220136270891396,0.09223511240271676,0.0,0.0,0.0,0.0,0.0,0.0,1.0,1.0,0.0,1.0,1.0,492456.6032413842,594.1063063361137,0.0,0.09220136270891396,0.09220136259898692,0.09220136259898692,0.375,0.375,0.5,8.89432709010677,0.17971241590322506,0.17971241590322506,4.831690603168681e-11,0.00014386921782261197,0.17971241590322506,4.831690603168681e-11,26022.53559319235,19854.3696314148,0.7629682957032373,1.0130131901207733,3.932885051211967,1.0034597918418324,0.614032073133779,41059.97430708969,25750.0,0.0,0.0,0.0,0.0,0.0,0.0,0.0,0.0,0.0,0.0,0.0,0.0,0.0,0.0,0.0,0.0,0.0,0.0,0.0,0.0,41059.97430708969,25750.0,1.0,0.0,0.0,6.0,0.9,167190.3635292044,27865.060588200733,261.8081580106452,261.8081580106452,-11.341841989354805,245.86301801294354,277.7532980083344,123990.74972245631,123766.46677010812,224.28295234820382,0.0,nan,277.7532980083344,4.603298008334434,271.37524200933996,-1.7747579906600208,264.99718601013257,-8.152813989867411,258.6191300111075,-14.530869988892505,252.2410740120134,-20.908925987986578,245.86301801294354,-27.286981987056436,1.0,1.0,26022.012520719443,26022.012520719443,277.06760634896176,3.917606348961783,277.06760634896176,277.06760634896176,76604.1400559535,76598.96462985518,5.175426098314347,0.0,8546.071908451686,8546.071908451686,0.8891300959294206,3885.641745544904,277.06760634896176,3.917606348961783,1.0,0.002,0.3039030732241761,0.004403772533465723,0.0004708441129601919,0.0015291558866491965,0.23542205648009595,0.23542205648009595,0.0,-3.906115882135186e-13,1.0,1.000368168918146,0.17971241585490816,0.09220136259898692,0.0,3.391847261186097e-05,43.3951070366006,0.0,1601827.8065861026,268.10468912409937,0.00014386916950570594,1.0,1279394.4919980194,2618.938753837014,,,,,,,,,,,,,,,,,7.0,15243.107769423557
360.0,-28.98597926425117,4.949750071272319,34.97365896115337,26.095056894142203,6.375556913988226,-25.452469520486645,-39.027425554208435,2.8376472669449564,-5.043321419838151,-5.043366944605669,39.95438552873517,40611.97269240014,25732.276315885814,25732.276315885814,66344.24900828596,76629.57195472321,76604.88490501815,25732.276315885814,102337.16122090396,102337.16122090396,102337.16122090396,128363.19219484972,124350.0036631155,4013.1885317342285,0.0,90377.81618635324,54343.11899024799,40038.552440116946,26026.030973945755,66064.5834140627,19857.597905023864,1450.0,0.0,0.8868632061533609,2.8800924441912583,0.001494314320929203,1.0,1.0,-5.003852467505794,354056.9027422139,1552567.4039742264,4.385078759796525,1552567.4039742264,4.385078759796525,0.7629898667569783,0.09223312409254979,3.86616416444687,101325.0,128351.07116782667,1.2667265844345095,1.0,0.0,3.86616416444687,1.278496064479235,1.278793579363701,3.023993793850011,6407.4799798597805,15243.107769423557,6485.537609452919,0.0003426603196396505,23376.6111168959,2383.7509360378826,19385.7059268316,1976.7918633612499,0.8292778551130624,0.8292778551130624,35059.71344317796,35405.22815468563,0.98781634033932,0.8,4231.335988940043,4273.035954225843,0.98781634033932,0.8,17887.488988751174,17887.488988751174,1.0,0.8,4632.441516551485,4632.441516551485,5.554797880112607,4.949750071272319,-2.3657513689226537,7.315501440194972,3.5,3.5,1.0,0.6,0.00023269480806997162,0.8973869955817814,0.0002593026299864243,198.09631568686757,0.0,0.0,0.0,0.00014673506306288735,8.79901495777591e-05,0.00014470465849221253,0.0005594519650911145,0.09221456130036397,0.09221456130036397,0.09221456130036397,0.09224052702424336,0.0,0.0,0.0,0.0,0.0,0.0,1.0,1.0,0.0,1.0,1.0,492384.5412340584,594.1301931371754,0.0,0.09221456130036397,0.09223312409254979,0.09223312409254979,0.375,0.375,0.5,8.916782175795445,0.039514477099885426,0.039514477099885426,1.2846612662542611e-11,4.552476752905932e-05,0.039514477099885426,1.2846612662542611e-11,26026.030973945755,19857.597905023864,0.7629898667569783,1.0143217028922515,3.933056422359669,1.0042332151323872,0.6147313824392534,41059.97430708969,25750.0,0.0,0.0,0.0,0.0,0.0,0.0,0.0,0.0,0.0,0.0,0.0,0.0,0.0,0.0,0.0,0.0,0.0,0.0,0.0,0.0,41059.97430708969,25750.0,1.0,0.0,0.0,6.0,0.9,167190.3635292044,27865.060588200733,261.8399992730696,261.8399992730696,-11.310000726930355,245.92306695752782,277.75693175037765,123746.33844347631,123568.39024205397,177.94820142233914,0.0,nan,277.75693175037765,4.606931750377669,271.39015845608196,-1.7598415439180144,265.02338539190794,-8.12661460809204,258.65661253821617,-14.493387461783811,252.28984054430614,-20.860159455693832,245.92306695752782,-27.226933042472155,1.0,1.0,26022.012520719443,26022.012520719443,277.07038689758457,3.920386897584592,277.07038689758457,277.07038689758457,76607.85944709233,76604.88490501815,2.9745420741819544,0.0,8546.071908451686,8546.071908451686,0.8891393059708844,3885.4949852691043,277.07038689758457,3.920386897584592,1.0,0.002,0.3036809582349357,0.004405500982228926,0.00047050202009735843,0.001529638392723589,0.2352510100486792,0.2352510100486792,0.0,1.4041282094716737e-07,1.0,1.000080981539754,0.03951447708703881,0.09223312409254979,0.0,7.460558508009863e-06,9.544943848991048,0.0,1601829.9523466218,268.1066785801618,4.5524754682446655e-05,1.0,1279387.3057551028,2618.968166350009,,,,,,,,,,,,,,,,,11.0,15243.107769423557
390.0,-28.921624439836158,4.953324339027594,34.974750484841586,26.11345964195209,6.385069347332435,-25.39112057862393,-38.97045711111275,2.854377030826116,-5.040909364867446,-5.041062189888752,39.950552359194546,40628.07473778537,25735.545311959588,25735.545311959588,66363.62004974496,76652.064484511,76636.60091009765,25735.545311959588,102372.14622205724,102372.14622205724,102372.14622205724,128397.56747034242,124369.67389841094,4027.893571931471,0.0,90370.10489538708,54345.38293041414,40027.46884996993,26025.42124828517,66052.8900982551,19856.85784612457,1450.0,0.0,0.8868888123748455,2.880335527003458,0.001494314320929203,1.0,1.0,-4.827869344890814,354088.72150464385,1552402.2934148286,4.384218415142231,1552402.2934148286,4.384218415142231,0.7629793061441014,0.09221091068630974,3.8655562322811012,101325.0,128351.07116782667,1.2667265844345095,1.0,0.0,3.8655562322811012,1.2784185695586403,1.278716066409502,3.023701567175797,6406.860786603361,15243.107769423557,6485.930877681837,0.0003428144038157883,23378.292660887986,2383.922405805039,19386.881431885344,1976.911731517424,0.8292684890680535,0.8292684890680535,35055.30302255669,35405.22815468563,0.9876610118789596,0.8,4230.803697895183,4273.035954225843,0.9876610118789596,0.8,17887.488988751174,17887.488988751174,1.0,0.8,4632.441516551485,4632.441516551485,5.555503554660702,4.953324339027594,-2.363106453285011,7.316430792312605,3.5,3.5,1.0,0.6,0.00023269480806997162,0.8914471363787393,0.00026103040614974745,198.04411678252626,0.0,0.0,0.0,0.00014673506306288735,8.855438527622614e-05,0.00014414042279374547,0.0005571829096539957,0.0922117529178186,0.0922117529178186,0.0922117529178186,0.09225097568793207,0.0,0.0,0.0,0.0,0.0,0.0,1.0,1.0,0.0,1.0,1.0,492195.65112013835,594.1916380217727,0.0,0.0922117529178186,0.09221091068630974,0.09221091068630974,0.375,0.375,0.5,8.952043279410377,0.21319284499793412,0.21319284499793412,1.1482370609883219e-11,0.00015282502130276043,0.21319284499793412,1.1482370609883219e-11,26025.42124828517,19856.85784612457,0.7629793061441014,1.0150048430508212,3.9341384264132504,1.0047042597383347,0.6150839831133843,41059.97430708969,25750.0,0.0,0.0,0.0,0.0,0.0,0.0,0.0,0.0,0.0,0.0,0.0,0.0,0.0,0.0,0.0,0.0,0.0,0.0,0.0,0.0,41059.97430708969,25750.0,1.0,0.0,0.0,6.0,0.9,167190.3635292044,27865.060588200733,261.87627951034506,261.87627951034506,-11.27372048965492,245.9844944723129,277.76806451408476,123547.28120028951,123345.05727001665,202.22393027285185,0.0,nan,277.76806451408476,4.618064514084779,271.4113504936001,-1.738649506399895,265.05463648876844,-8.09536351123154,258.69792249578416,-14.452077504215822,252.34120859751988,-20.808791402480097,245.9844944723129,-27.16550552768709,1.0,1.0,26022.012520719443,26022.012520719443,277.07640283159174,3.9264028315917585,277.07640283159174,277.07640283159174,76641.90465800322,76636.60091009765,5.303747905563796,0.0,8546.071908451686,8546.071908451686,0.8891776471795148,3884.884013442507,277.07640283159174,3.9264028315917585,1.0,0.002,0.30247371109013504,0.004410845430439143,0.0004686338335203012,0.0015313639941706978,0.2343169167601506,0.2343169167601506,0.0,-2.172309001083339e-09,1.0,1.0004367376697474,0.21319284498645175,0.09221091068630974,0.0,4.024307850971681e-05,51.48616453738748,0.0,1601832.887060712,268.10909063513253,0.00015282500982038982,1.0,1279379.372653014,2619.000636216828,,,,,,,,,,,,,,,,,8.0,15243.107769423557
420.0,-28.860944526229005,4.956290830043917,34.9757571621887,26.12491431590172,6.389870311273393,-25.33586304257706,-38.919150014966704,2.864788819496299,-5.038948250751957,-5.039101026175991,39.952415605449566,40654.88399040924,25738.13402976626,25738.13402976626,66393.0180201755,76670.40575671573,76657.19644282945,25738.13402976626,102395.3304725957,102395.3304725957,102395.3304725957,128422.12092932481,124377.86797669642,4044.252952628388,0.0,90365.30445352633,54349.782655653755,40017.24644208064,26026.79045672911,66044.03689880975,19858.04663102829,1450.0,0.0,0.8868920445509751,2.880543666650093,0.001494314320929203,1.0,1.0,-4.826208241688619,354115.7985183024,1552482.5495250733,4.384109819502542,1552482.5495250733,4.384109819502542,0.7629848430233195,0.09221797805440417,3.865177588025228,101325.0,128351.07116782667,1.2667265844345095,1.0,0.0,3.865177588025228,1.2783703452441564,1.2786678308728863,3.023519438169552,6406.47487709401,15243.107769423557,6486.175787656266,0.00034291039984267707,23379.340895872057,2384.029296025866,19387.61348418829,1976.98638007763,0.8292626199574102,0.8292626199574102,35052.55596762268,35405.22815468563,0.9875642671554513,0.8,4230.472157467029,4273.035954225843,0.9875642671554513,0.8,17887.488988751174,17887.488988751174,1.0,0.8,4632.441516551485,4632.441516551485,5.556062378295588,4.956290830043917,-2.3608759161582893,7.317166746202206,3.5,3.5,1.0,0.6,0.00023269480806997162,0.8858853103497534,0.0002626692251823232,197.99492383004844,0.0,0.0,0.0,0.00014673506306288735,8.906540887608478e-05,0.00014362939919388684,0.0005551531347457401,0.09221797925983144,0.09221797925983144,0.09221797925983144,0.09225797817846437,0.0,0.0,0.0,0.0,0.0,0.0,1.0,1.0,0.0,1.0,1.0,492030.80445125425,594.2455114102028,0.0,0.09221797925983144,0.09221797805440417,0.09221797805440417,0.375,0.375,0.5,8.98804231862626,0.21289278448739424,0.21289278448739424,1.7621459846850485e-12,0.00015277542405556233,0.21289278448739424,1.7621459846850485e-12,26026.79045672911,19858.04663102829,0.7629848430233195,1.0159340685584524,3.9347356316078046,1.005284067082399,0.615572365037273,41059.97430708969,25750.0,0.0,0.0,0.0,0.0,0.0,0.0,0.0,0.0,0.0,0.0,0.0,0.0,0.0,0.0,0.0,0.0,0.0,0.0,0.0,0.0,41059.97430708969,25750.0,1.0,0.0,0.0,6.0,0.9,167190.3635292044,27865.060588200733,261.9094824513855,261.9094824513855,-11.240517548614491,246.0428438143584,277.7761210839292,123331.2416862199,123146.20129418063,185.04039203925828,0.0,nan,277.7761210839292,4.626121083929206,271.4294656284403,-1.7205343715596655,265.08281017501497,-8.067189824985007,258.73615472306585,-14.413845276934126,252.38949928350434,-20.760500716495642,246.0428438143584,-27.10715618564157,1.0,1.0,26022.012520719443,26022.012520719443,277.08077393673165,3.9307739367316685,277.08077393673165,277.08077393673165,76660.92282440483,76657.19644282945,3.7263815753831295,0.0,8546.071908451686,8546.071908451686,0.8892015269955831,3884.5034759653545,277.08077393673165,3.9307739367316685,1.0,0.002,0.3012680064755873,0.004416545947606433,0.0004667676867660254,0.0015332323138353054,0.23338384338301268,0.23338384338301268,0.0,6.013306172447663e-13,1.0,1.0004361302204756,0.2128927844856321,0.09221797805440417,0.0,4.019015405042472e-05,51.41818277128229,0.0,1601835.1446575257,268.111051749248,0.00015277542229341634,1.0,1279372.6221295465,2619.028266283466,,,,,,,,,,,,,,,,,7.0,15243.107769423557
450.0,-28.804395418039377,4.958636260934242,34.97665670877934,26.134613924101018,6.393382226643358,-25.284617661768667,-38.87157255141062,2.8736040800624147,-5.037566023360284,-5.037719692353668,39.954150645373545,40681.119355083305,25740.616579716363,25740.616579716363,66421.73593479967,76688.07865319005,76675.01761788692,25740.616579716363,102415.63419760327,102415.63419760327,102415.63419760327,128443.54481096512,124383.64139395495,4059.9034170101695,0.0,90361.23883742609,54354.27802309466,40007.73423814603,26027.910613361848,66035.64485150788,19859.03398346563,1450.0,0.0,0.8868927908176176,2.880690262648609,0.001494314320929203,1.0,1.0,-4.819660682382391,354134.87102509366,1552557.286188599,4.384084746284661,1552557.286188599,4.384084746284661,0.7629899410085831,0.09222177425121504,3.864856745915175,101325.0,128351.07116782667,1.2667265844345095,1.0,0.0,3.864856745915175,1.2783295184180197,1.2786269945460644,3.0233650167900987,6406.147676721006,15243.107769423557,6486.3833232177385,0.00034299177001035334,23380.229793233666,2384.119938330997,19388.23382186981,1977.0496369167668,0.8292576246398076,0.8292576246398076,35050.228223736056,35405.22815468563,0.9874822910505839,0.8,4230.1912234401025,4273.035954225843,0.9874822910505839,0.8,17887.488988751174,17887.488988751174,1.0,0.8,4632.441516551485,4632.441516551485,5.55659828359331,4.958636260934242,-2.359236256398058,7.317872517332299,3.5,3.5,1.0,0.6,0.00023269480806997162,0.8807358034297101,0.0002642050058187995,197.9491016987774,0.0,0.0,0.0,0.00014673506306288735,8.954171891886281e-05,0.0001431530891511088,0.0005532661823042593,0.09222416047529532,0.09222416047529532,0.09222416047529532,0.09226275098484439,0.0,0.0,0.0,0.0,0.0,0.0,1.0,1.0,0.0,1.0,1.0,491871.4764618666,594.2975714941448,0.0,0.09222416047529532,0.09222177425121504,0.09222177425121504,0.375,0.375,0.5,9.022772534925673,0.21805900997128447,0.21805900997128447,2.0520474208751693e-11,0.00015366899339142037,0.21805900997128447,2.0520474208751693e-11,26027.910613361848,19859.03398346563,0.7629899410085831,1.016831373477162,3.9353406715759576,1.0058467072466692,0.6160478851469016,41059.97430708969,25750.0,0.0,0.0,0.0,0.0,0.0,0.0,0.0,0.0,0.0,0.0,0.0,0.0,0.0,0.0,0.0,0.0,0.0,0.0,0.0,0.0,41059.97430708969,25750.0,1.0,0.0,0.0,6.0,0.9,167190.3635292044,27865.060588200733,261.9399267582263,261.9399267582263,-11.21007324177367,246.0973217707345,277.7825317451469,123127.91943820698,122958.25294542863,169.66649277836598,0.0,nan,277.7825317451469,4.6325317451469346,271.445489750116,-1.704510249883981,265.10844775519075,-8.041552244809225,258.77140576060987,-14.378594239390111,252.43436376755966,-20.715636232440318,246.0973217707345,-27.052678229265467,1.0,1.0,26022.012520719443,26022.012520719443,277.08424057655753,3.9342405765575563,277.08424057655753,277.08424057655753,76677.83166349665,76675.01761788692,2.814045609731693,0.0,8546.071908451686,8546.071908451686,0.889221761059041,3884.181029644751,277.08424057655753,3.9342405765575563,1.0,0.002,0.30003298291574904,0.004422279971982561,0.0004648555411277543,0.001535144784310605,0.23242777056387715,0.23242777056387715,0.0,3.254383594206156e-10,1.0,1.00044671291095,0.218059009950764,0.09222177425121504,0.0,4.1167593759956764e-05,52.668496634408704,0.0,1601836.7371835797,268.1124339766397,0.00015366897287094616,1.0,1279367.8673937637,2619.0477277860114,,,,,,,,,,,,,,,,,6.0,15243.107769423557
480.0,-28.751249060682376,4.960575164444479,34.97747421578398,26.144161470606946,6.397110056562308,-25.236415171585293,-38.826823875401146,2.882283634156687,-5.036270517907042,-5.036419734326766,39.955726967839404,40705.46725732156,25742.261864335956,25742.261864335956,66447.72912165751,76704.42931750194,76692.0656924609,25742.261864335956,102434.32755679687,102434.32755679687,102434.32755679687,128463.27153887044,124388.04031884627,4075.2312200241745,0.0,90357.24001420305,54358.30695725429,39998.81450772085,26028.943982073568,66027.75848979442,19859.943149326842,1450.0,0.0,0.8868936976719817,2.880828302238998,0.001494314320929203,1.0,1.0,-4.839400959938587,354152.820686765,1552625.188472411,4.3840542776465705,1552625.188472411,4.3840542776465705,0.762994578766031,0.09223024005564232,3.864541504941493,101325.0,128351.07116782667,1.2667265844345095,1.0,0.0,3.864541504941493,1.2782893226479477,1.2785867894221585,3.023213474815061,6405.82657746044,15243.107769423557,6486.586885773592,0.00034307160347266515,23381.102233904203,2384.2089025206574,19388.842283971662,1977.111682783791,0.8292527054544293,0.8292527054544293,35047.94107905219,35405.22815468563,0.9874017460525698,0.8,4229.915189306838,4273.035954225843,0.9874017460525698,0.8,17887.488988751174,17887.488988751174,1.0,0.8,4632.441516551485,4632.441516551485,5.556953449354973,4.960575164444479,-2.357765095494669,7.3183402599391485,3.5,3.5,1.0,0.6,0.00023269480806997162,0.8759255931550536,0.00026565590717792935,197.9060561690562,0.0,0.0,0.0,0.00014673506306288735,8.999185636645107e-05,0.00014270295170352055,0.0005514814797359165,0.0922299951214259,0.0922299951214259,0.0922299951214259,0.09226726646085943,0.0,0.0,0.0,0.0,0.0,0.0,1.0,1.0,0.0,1.0,1.0,491717.1140580553,594.3479978323085,0.0,0.0922299951214259,0.09223024005564232,0.09223024005564232,0.375,0.375,0.5,9.056317619085803,0.19701877438819793,0.19701877438819793,5.229594535194337e-12,0.00014921641974297017,0.19701877438819793,5.229594535194337e-12,26028.943982073568,19859.943149326842,0.762994578766031,1.0176668423376476,3.935875817797069,1.0063605162657159,0.6164902184830824,41059.97430708969,25750.0,0.0,0.0,0.0,0.0,0.0,0.0,0.0,0.0,0.0,0.0,0.0,0.0,0.0,0.0,0.0,0.0,0.0,0.0,0.0,0.0,41059.97430708969,25750.0,1.0,0.0,0.0,6.0,0.9,167190.3635292044,27865.060588200733,261.96862566254873,261.96862566254873,-11.181374337451246,246.1484931700576,277.7887581562201,122940.2783581388,122780.33902613932,159.9393319994843,0.0,nan,277.7887581562201,4.638758156220149,271.46070515813284,-1.689294841867138,265.13265216054157,-8.01734783945841,258.8045991633998,-14.345400836600163,252.47654616694038,-20.673453833059597,246.1484931700576,-27.00150682994237,1.0,1.0,26022.012520719443,26022.012520719443,277.0875353779179,3.937535377917925,277.0875353779179,277.0875353779179,76694.88658600922,76692.0656924609,2.820893548312597,0.0,8546.071908451686,8546.071908451686,0.8892416415565495,3883.8642124662006,277.0875353779179,3.937535377917925,1.0,0.002,0.2989169867299757,0.004427463220788537,0.000463127721837627,0.0015368704790404003,0.2315638609188135,0.2315638609188135,0.0,-1.7991219729285302e-09,1.0,1.000403635668452,0.19701877438296833,0.09223024005564232,0.0,3.7199189895344465e-05,47.59128179132719,0.0,1601838.2219857352,268.11372948209294,0.00014921641451337564,1.0,1279363.3927303161,2619.06604311675,,,,,,,,,,,,,,,,,9.0,15243.107769423557
510.0,-28.702328047826423,4.962329580600514,34.9780874664031,26.150414265599125,6.39905575987349,-25.192308153573478,-38.78588026911018,2.887965022511904,-5.034576140222441,-5.0346131275983605,39.96247567249201,40729.719930575164,25742.127473612098,25742.127473612098,66471.84740418725,76717.0491616671,76700.70650540362,25742.127473612098,102442.83397901572,102442.83397901572,102442.83397901572,128474.89337141099,124386.35056665012,4088.5428047608743,0.0,90354.61849010513,54363.12995404882,39990.542817840345,26032.05939239527,66022.60221023561,19862.82449711414,1450.0,0.0,0.886878456473245,2.8810216396025616,0.001494314320929203,1.0,1.0,-5.0030620187334875,354177.76727783657,1552915.9236916178,4.384566359506764,1552915.9236916178,4.384566359506764,0.7630139512864147,0.09226595810425381,3.864334463889637,101325.0,128351.07116782667,1.2667265844345095,1.0,0.0,3.864334463889637,1.2782630130130697,1.2785604736648464,3.0231137289819445,6405.615228009237,15243.107769423557,6486.720816113648,0.0003431241398273253,23381.676543380487,2384.2674657890807,19389.242610720707,1977.15250475144,0.8292494584273058,0.8292494584273057,35046.43892901372,35405.22815468563,0.9873488464535239,0.8,4229.733895711018,4273.035954225843,0.9873488464535239,0.8,17887.488988751174,17887.488988751174,1.0,0.8,4632.441516551485,4632.441516551485,5.556924438578824,4.962329580600514,-2.355972473020552,7.318302053621066,3.5,3.5,1.0,0.6,0.00023269480806997162,0.8715228646183686,0.00026699793834079893,197.8664494726995,0.0,0.0,0.0,0.00014673506306288735,9.040554879339292e-05,0.0001422892592765787,0.0005498532884638113,0.0922426219860393,0.0922426219860393,0.0922426219860393,0.09227187296432865,0.0,0.0,0.0,0.0,0.0,0.0,1.0,1.0,0.0,1.0,1.0,491623.28535094345,594.3789317998413,0.0,0.0922426219860393,0.09226595810425381,0.09226595810425381,0.375,0.375,0.5,9.082516400209087,0.031551108864846356,0.031551108864846356,1.1652900866465643e-11,3.6987375892749697e-05,0.031551108864846356,1.1652900866465643e-11,26032.05939239527,19862.82449711414,0.7630139512864147,1.018483797934472,3.935884406640934,1.0068044151383357,0.6169057045173654,41059.97430708969,25750.0,0.0,0.0,0.0,0.0,0.0,0.0,0.0,0.0,0.0,0.0,0.0,0.0,0.0,0.0,0.0,0.0,0.0,0.0,0.0,0.0,41059.97430708969,25750.0,1.0,0.0,0.0,6.0,0.9,167190.3635292044,27865.060588200733,261.99448384648724,261.99448384648724,-11.155516153512735,246.19566363805046,277.79330411642115,122761.6119533239,122617.45635224314,144.15560108074501,0.0,nan,277.79330411642115,4.643304116421177,271.4737759816425,-1.676224018357459,265.15424786871336,-7.995752131286622,258.83471977516433,-14.315280224835647,252.51519169893157,-20.634808301068404,246.19566363805046,-26.954336361949515,1.0,1.0,26022.012520719443,26022.012520719443,277.09035307056223,3.940353070562253,277.09035307056223,277.09035307056223,76703.7670748027,76700.70650540362,3.060569399080123,0.0,8546.071908451686,8546.071908451686,0.8892546983090838,3883.656136209085,277.09035307056223,3.940353070562253,1.0,0.002,0.2987383563979475,0.004428803607705926,0.00046285269295040927,0.0015372334316411523,0.23142634647520463,0.23142634647520463,0.0,8.612459156173008e-08,1.0,1.00006466720666,0.031551108853193455,0.09226595810425381,0.0,5.959570815607159e-06,7.62441967718168,0.0,1601840.0073579291,268.11542385977754,3.698736423984883e-05,1.0,1279357.1740459143,2619.0914972325622,,,,,,,,,,,,,,,,,13.0,15243.107769423557
540.0,-28.660358534547353,4.962895576492304,34.97860230328371,26.153912138566398,6.398720168231653,-25.155387900055413,-38.75160883236674,2.891146398705617,-5.035139216952189,-5.035252515233368,39.9598351209898,40754.580758843535,25745.231336193603,25745.231336193603,66499.81209503714,76729.65227993176,76711.06910380327,25745.231336193603,102456.30043999688,102456.30043999688,102456.30043999688,128487.16440410704,124388.21353835861,4098.950865748427,0.0,90353.15520778076,54367.97304609351,39983.535735208054,26030.863964110165,66014.39969931822,19861.715256986343,1450.0,0.0,0.8868847632373715,2.8809526993043737,0.001494314320929203,1.0,1.0,-4.916385003125924,354168.9381137439,1552802.1634328354,4.384354460057538,1552802.1634328354,4.384354460057538,0.7630063790572036,0.09224795450822024,3.8642193035174826,101325.0,128351.07116782667,1.2667265844345095,1.0,0.0,3.8642193035174826,1.278248281022669,1.2785457382462095,3.0230584784560746,6405.498158774801,15243.107769423557,6486.794982850629,0.00034315323681477315,23381.994682738372,2384.2999069752027,19389.464300060783,1977.175110772872,0.8292476567183101,0.8292476567183101,35045.60339616529,35405.22815468563,0.9873194226389794,0.8,4229.633055747872,4273.035954225843,0.9873194226389794,0.8,17887.488988751174,17887.488988751174,1.0,0.8,4632.441516551485,4632.441516551485,5.5575944659435335,4.962895576492304,-2.3562888829799356,7.31918445947224,3.5,3.5,1.0,0.6,0.00023269480806997162,0.8677647768894674,0.0002681542444071931,197.83248337692197,0.0,0.0,0.0,0.00014673506306288735,9.075317629391037e-05,0.00014194163177606124,0.0005484935934818263,0.09224197839862787,0.09224197839862787,0.09224197839862787,0.09227032112748965,0.0,0.0,0.0,0.0,0.0,0.0,1.0,1.0,0.0,1.0,1.0,491488.76502212015,594.4226702934526,0.0,0.09224197839862787,0.09224795450822022,0.09224795450822024,0.375,0.375,0.5,9.10772649186752,0.11886751210744251,0.11886751210744251,-1.3244516594568267e-11,0.00011329828117823126,0.11886751210744251,-1.3244516594568267e-11,26030.863964110165,19861.715256986343,0.7630063790572036,1.0192840630388904,3.936668554582427,1.007353128982917,0.6173589541747274,41059.97430708969,25750.0,0.0,0.0,0.0,0.0,0.0,0.0,0.0,0.0,0.0,0.0,0.0,0.0,0.0,0.0,0.0,0.0,0.0,0.0,0.0,0.0,41059.97430708969,25750.0,1.0,0.0,0.0,6.0,0.9,167190.3635292044,27865.060588200733,262.0159546925174,262.0159546925174,-11.134045307482552,246.23646494692957,277.79544484614246,122597.94444374145,122478.08291071108,119.86153303036394,0.0,nan,277.79544484614246,4.645444846142482,271.48364860864694,-1.6663513913530323,265.1718525130515,-7.978147486948501,258.86005654589474,-14.289943454105241,252.54826069443925,-20.601739305560727,246.23646494692957,-26.913535053070405,1.0,1.0,26022.012520719443,26022.012520719443,277.0909262398201,3.940926239820101,277.0909262398201,277.0909262398201,76712.20806431204,76711.06910380327,1.1389605087751988,0.0,8546.071908451686,8546.071908451686,0.8892619606751656,3883.54040003507,277.0909262398201,3.940926239820101,1.0,0.002,0.29806801603978045,0.004431243285097665,0.0004618134839233402,0.0015381164749210866,0.2309067419616701,0.2309067419616701,0.0,-7.004115557332491e-08,1.0,1.0002435759287502,0.11886751212068702,0.09224795450822024,0.0,2.244794238149556e-05,28.718985534043302,0.0,1601839.4714471118,268.1148607830478,0.00011329829442274786,1.0,1279359.3749473062,2619.0824885350785,,,,,,,,,,,,,,,,,10.0,15243.107769423557
570.0,-28.616680192732673,4.964139247700486,34.979298090628,26.166371872555487,6.404822985277267,-25.114500738718622,-38.71366001022977,2.902469259352414,-5.033727901394798,-5.033866139562684,39.95946909583629,40768.23468685569,25744.863872202663,25744.863872202663,66513.09855905836,76746.15666422885,76732.20817488355,25744.863872202663,102477.07204708621,102477.07204708621,102477.07204708621,128508.28389336079,124396.7609819407,4111.5229114200865,0.0,90347.93400038981,54369.33521881225,39976.22086841951,26031.21184627458,66007.43271469409,19861.958349768014,1450.0,0.0,0.8868931416499815,2.8810995092276963,0.001494314320929203,1.0,1.0,-4.868774130638485,354188.08249045134,1552786.394831474,4.38407295895772,1552786.394831474,4.38407295895772,0.7630055207211005,0.0922448702877076,3.863807176158356,101325.0,128351.07116782667,1.2667265844345095,1.0,0.0,3.863807176158356,1.2781958510364535,1.2784932960591733,3.0228600515525863,6405.077715976884,15243.107769423557,6487.061233678189,0.00034325771473453737,23383.137377528114,2384.416429415561,19390.260141601862,1977.256264025112,0.8292411676217784,0.8292411676217785,35042.61321266085,35405.22815468563,0.9872141228838914,0.8,4229.272172276979,4273.035954225843,0.9872141228838914,0.8,17887.488988751174,17887.488988751174,1.0,0.8,4632.441516551485,4632.441516551485,5.557515141900343,4.964139247700486,-2.3549407443969295,7.319079992097416,3.5,3.5,1.0,0.6,0.00023269480806997162,0.8638722371538691,0.0002693625261492517,197.79714670035864,0.0,0.0,0.0,0.00014673506306288735,9.113954571829484e-05,0.00014155526235167678,0.0005469422384973876,0.09224416498927972,0.09224416498927972,0.09224416498927972,0.09227589483673794,0.0,0.0,0.0,0.0,0.0,0.0,1.0,1.0,0.0,1.0,1.0,491349.18118913774,594.4681674028803,0.0,0.09224416498927972,0.0922448702877076,0.0922448702877076,0.375,0.375,0.5,9.136268100206967,0.16509200892420495,0.16509200892420495,-8.697043085703626e-12,0.0001382381678922684,0.16509200892420495,-8.697043085703626e-12,26031.21184627458,19861.958349768014,0.7630055207211005,1.0198121233380983,3.9372358513958075,1.0076607409736706,0.6176309698798537,41059.97430708969,25750.0,0.0,0.0,0.0,0.0,0.0,0.0,0.0,0.0,0.0,0.0,0.0,0.0,0.0,0.0,0.0,0.0,0.0,0.0,0.0,0.0,41059.97430708969,25750.0,1.0,0.0,0.0,6.0,0.9,167190.3635292044,27865.060588200733,262.0404039434821,262.0404039434821,-11.109596056517887,246.27814333030474,277.80266459372234,122461.75447412494,122325.49608185225,136.25839227268298,0.0,nan,277.80266459372234,4.652664593722363,271.4977603181474,-1.6522396818525635,265.19285605496066,-7.95714394503932,258.88795180285956,-14.262048197140416,252.58304756089748,-20.566952439102494,246.27814333030474,-26.871856669695234,1.0,1.0,26022.012520719443,26022.012520719443,277.0947861578745,3.944786157874546,277.0947861578745,277.0947861578745,76735.96533428044,76732.20817488355,3.7571593968896195,0.0,8546.071908451686,8546.071908451686,0.8892879503339791,3883.1262120391475,277.0947861578745,3.944786157874546,1.0,0.002,0.29713275459819005,0.004435806931458012,0.00046036575326717147,0.0015396219049695406,0.23018287663358572,0.23018287663358572,0.0,-1.2341763287997826e-08,1.0,1.0003382608278784,0.165092008932902,0.0922448702877076,0.0,3.1176672201785175e-05,39.88601907985138,0.0,1601841.1327579285,268.1162720986052,0.00013823817658931148,1.0,1279354.6027522306,2619.102022069647,,,,,,,,,,,,,,,,,11.0,15243.107769423557
600.0,-28.575442712864024,4.965570357804072,34.97995404183463,26.175080914422892,6.4086257482789595,-25.07706809758174,-38.678919745702274,2.910381675482808,-5.032217769372949,-5.03225742935174,39.96053037053452,40786.516475140146,25744.406551926215,25744.406551926215,66530.92302706637,76759.48018478513,76748.0040218239,25744.406551926215,102492.41057375012,102492.41057375012,102492.41057375012,128524.57359108793,124398.33487000548,4126.238721082459,0.0,90344.2830445179,54371.826273183266,39969.39641259403,26032.16301733781,66001.55942993185,19862.767863219924,1450.0,0.0,0.8868974837254522,2.8812716616025953,0.001494314320929203,1.0,1.0,-4.998248940410974,354210.298089113,1552832.1155668197,4.383927073673489,1552832.1155668197,4.383927073673489,0.7630087384590756,0.092275478872287,3.863518741935611,101325.0,128351.07116782667,1.2667265844345095,1.0,0.0,3.863518741935611,1.2781592155098045,1.2784566520071836,3.022721031193766,6404.78314851853,15243.107769423557,6487.24766819748,0.00034333089361979045,23383.93808315155,2384.4980786661654,19390.817406856226,1977.3130892665922,0.8292366041127853,0.8292366041127853,35040.52044479764,35405.22815468563,0.9871404270897602,0.8,4229.019597366736,4273.035954225843,0.9871404270897602,0.8,17887.488988751174,17887.488988751174,1.0,0.8,4632.441516551485,4632.441516551485,5.557416420680698,4.965570357804072,-2.353379621421575,7.318949979225647,3.5,3.5,1.0,0.6,0.00023269480806997162,0.8602145107238756,0.0002705078851485051,197.76379631450655,0.0,0.0,0.0,0.00014673506306288735,9.149457986779068e-05,0.00014120022820218094,0.0005455297280247113,0.09224860101298905,0.09224860101298905,0.09224860101298905,0.09228186032919668,0.0,0.0,0.0,0.0,0.0,0.0,1.0,1.0,0.0,1.0,1.0,491209.7321021312,594.5136860266293,0.0,0.09224860101298905,0.092275478872287,0.092275478872287,0.375,0.375,0.5,9.16621504326872,0.034008488940742154,0.034008488940742154,-5.115907697472721e-12,3.965997876775873e-05,0.034008488940742154,-5.115907697472721e-12,26032.16301733781,19862.767863219924,0.7630087384590756,1.0204436427838737,3.9375862339384637,1.0080204710571499,0.6179629212918775,41059.97430708969,25750.0,0.0,0.0,0.0,0.0,0.0,0.0,0.0,0.0,0.0,0.0,0.0,0.0,0.0,0.0,0.0,0.0,0.0,0.0,0.0,0.0,41059.97430708969,25750.0,1.0,0.0,0.0,6.0,0.9,167190.3635292044,27865.060588200733,262.0631758276533,262.0631758276533,-11.086824172346667,246.31781061266236,277.80854103702677,122317.12324420597,122190.218697125,126.90454708096266,0.0,nan,277.80854103702677,4.658541037026794,271.51039495309846,-1.6396050469015222,265.21224886910557,-7.937751130894412,258.9141027932642,-14.235897206735785,252.61595670076215,-20.534043299237823,246.31781061266236,-26.83218938733762,1.0,1.0,26022.012520719443,26022.012520719443,277.09824318472846,3.948243184728483,277.09824318472846,277.09824318472846,76749.9417352475,76748.0040218239,1.9377134235983249,0.0,8546.071908451686,8546.071908451686,0.8893061393001188,3882.836335645289,277.09824318472846,3.948243184728483,1.0,0.002,0.2969400020901217,0.004437098926443395,0.00046006864354460823,0.0015399790655595534,0.2300343217723041,0.2300343217723041,0.0,4.770910416165494e-08,1.0,1.0000697047422273,0.03400848894585806,0.092275478872287,0.0,6.4245211304182e-06,8.219205102480739,0.0,1601842.7260580866,268.11778223062703,3.965998388366643e-05,1.0,1279349.0651879474,2619.124688668278,,,,,,,,,,,,,,,,,10.0,15243.107769423557
630.0,-28.53725689388515,4.966449629676572,34.98056169281432,26.180811237450712,6.410345671617951,-25.04249663757138,-38.64683678895233,2.9155854150010647,-5.0320530951089495,-5.032184509732589,39.96166742929016,40804.5869482195,25746.48290897859,25746.48290897859,66551.06985719809,76771.27286971893,76760.36686681857,25746.48290897859,102506.84977579716,102506.84977579716,102506.84977579716,128539.45712703912,124402.86694846125,4136.590178577862,0.0,90341.87859624399,54375.192673567515,39962.984358529415,26032.607351241957,65995.59170977137,19863.191097193092,1450.0,0.0,0.8868937384292357,2.8812781136521113,0.001494314320929203,1.0,1.0,-4.881906400940522,354211.30510316783,1552881.1022827798,4.384052908278821,1552881.1022827798,4.384052908278821,0.7630119729918434,0.09225341761098352,3.8633284712574714,101325.0,128351.07116782667,1.2667265844345095,1.0,0.0,3.8633284712574714,1.278135122656614,1.2784325535474195,3.022629143644463,6404.58844982776,15243.107769423557,6487.3708477790215,0.00034337925339748295,23384.4673753145,2384.552051446162,19391.18559886863,1977.350634403046,0.829233580036066,0.829233580036066,35039.13989678057,35405.22815468563,0.9870918123706331,0.8,4228.8529798466425,4273.035954225843,0.9870918123706331,0.8,17887.488988751174,17887.488988751174,1.0,0.8,4632.441516551485,4632.441516551485,5.557864641569176,4.966449629676572,-2.353090642954156,7.319540272630729,3.5,3.5,1.0,0.6,0.00023269480806997162,0.8568423639538356,0.0002715724827099102,197.73292395507528,0.0,0.0,0.0,0.00014673506306288735,9.182359187628489e-05,0.00014087121619368675,0.0005442317803017366,0.09225341809109999,0.09225341809109999,0.09225341809109999,0.09228167727684726,0.0,0.0,0.0,0.0,0.0,0.0,1.0,1.0,0.0,1.0,1.0,491092.44931332266,594.5519774477493,0.0,0.09225341809109999,0.09225341761098352,0.09225341761098352,0.375,0.375,0.5,9.1916483005138,0.15027810879206527,0.15027810879206527,-4.4281023292569444e-11,0.000131414623638193,0.15027810879206527,-4.4281023292569444e-11,26032.607351241957,19863.191097193092,0.7630119729918434,1.0210595530638957,3.9380517823469816,1.0084168977508308,0.6182926145683445,41059.97430708969,25750.0,0.0,0.0,0.0,0.0,0.0,0.0,0.0,0.0,0.0,0.0,0.0,0.0,0.0,0.0,0.0,0.0,0.0,0.0,0.0,0.0,41059.97430708969,25750.0,1.0,0.0,0.0,6.0,0.9,167190.3635292044,27865.060588200733,262.0834963156594,262.0834963156594,-11.066503684340603,246.35460419677776,277.81238843380913,122176.84766317977,122063.6013370596,113.24632612016674,0.0,nan,277.81238843380913,4.662388433809156,271.52083158653244,-1.6291684134675393,265.22927473924113,-7.920725260758843,258.9377178929954,-14.212282107004569,252.6461610446005,-20.503838955399488,246.35460419677776,-26.79539580322222,1.0,1.0,26022.012520719443,26022.012520719443,277.09976271574135,3.9497627157413717,277.09976271574135,277.09976271574135,76761.73688340872,76760.36686681857,1.370016590153682,0.0,8546.071908451686,8546.071908451686,0.8893181378202708,3882.645113613759,277.09976271574135,3.9497627157413717,1.0,0.002,0.29608853706293675,0.004440774257244233,0.0004587494821743214,0.0015412505179099362,0.2293747410871607,0.2293747410871607,0.0,8.425768763253849e-14,1.0,1.0003079239195762,0.1502781088363463,0.09225341761098352,0.0,2.8382167507025252e-05,36.31069234397542,0.0,1601843.0506141165,268.117946904891,0.0001314146679192163,1.0,1279348.8141801597,2619.1257161108033,,,,,,,,,,,,,,,,,6.0,15243.107769423557
660.0,-28.966008602767854,4.980388587072094,34.96569215156943,24.60947708403694,6.742944096976696,-25.396782761326968,-38.97571322796864,3.337753710282099,-5.022674287708469,-5.022674287689387,40.14118904379899,43918.637330920006,25757.88690251081,25757.88690251081,69676.52423343081,75321.17429801996,76003.28055112946,25757.88690251081,101761.16745364027,101761.16745364027,101761.16745364027,127862.99606549676,123690.51743509453,4172.478630402221,0.0,89676.67005653106,58965.668659382325,34123.33488572082,26101.828611856494,60225.16349757731,19929.419120189596,1450.0,0.0,0.8862915142071394,2.8822896560254154,0.001494314320929203,1.0,1.0,-5.022674287708469,354342.6598293056,1560629.9056442382,4.40429584853268,1560629.9056442382,4.40429584853268,0.7635257826778028,0.0952604155379498,4.194271954318656,101325.0,128351.07116782667,1.2667265844345095,1.0,0.0,4.194271954318656,1.276183542094257,1.276480518838756,3.286574239498281,6963.856435398698,16243.107769423557,6497.289999064462,0.00019557541736588575,21380.747608460384,2180.229498193612,19420.834605850414,1980.373991714848,0.9083328123739494,0.9083328123739495,37420.483832363854,35405.22815468563,1.0716488478175275,0.8,4516.255964842754,4273.035954225843,1.0716488478175275,0.8,17887.488988751174,17887.488988751174,1.0,0.8,4632.441516551485,4632.441516551485,5.560326408974436,4.980388587072094,-2.34239375905749,7.322782346129584,3.5,3.5,1.0,0.6,0.00023269480806997162,0.8955391747671522,0.0002598376649804005,198.0801143198613,0.0,0.0,0.0,0.00014673506306288735,8.85021871509077e-05,0.0001441926209190639,0.0006047830659405313,0.09249786929477924,0.09249786929477924,0.09249786929477924,0.09225139130192021,0.0,0.0,0.0,0.0,0.0,0.0,1.0,1.0,0.0,1.0,1.0,493018.1835355543,593.9326218270535,0.0,0.09249786929477924,0.09526041553794942,0.09526041553795017,0.375,0.375,0.5,8.972966924423178,-1.9099388737231493e-11,-1.9099388737231493e-11,-1.9099388737231493e-11,-1.9099388737231493e-11,-1.9099388737231493e-11,-1.9099388737231493e-11,26101.828611856494,19929.419120189596,0.7635257826778028,1.2870558366585123,3.8724896521087655,1.1569337497312682,0.7292406492626081,41059.97430708969,25750.0,0.0,0.0,0.0,0.0,0.0,0.0,0.0,0.0,0.0,0.0,0.0,0.0,0.0,0.0,0.0,0.0,0.0,0.0,0.0,0.0,41059.97430708969,25750.0,1.0,0.0,0.0,6.0,0.9,167190.3635292044,27865.060588200733,262.04430309596745,262.04430309596745,-11.105696904032527,246.01963185487534,278.0689749464129,135361.3301422717,135578.1332751023,-216.80313283059587,0.0,nan,278.0689749464129,4.918974946412902,271.65910595074826,-1.4908940492517218,265.2492371555498,-7.900762844450185,258.8393685490737,-14.31063145092628,252.42950011914488,-20.7204998808551,246.01963185487534,-27.130368145124635,1.0,1.0,26022.012520719443,26022.012520719443,277.0206841306929,3.8706841306929505,277.0206841306929,277.0206841306929,75908.17997680276,76003.28055112946,-95.10057432670146,0.0,8546.071908451686,8546.071908451686,0.8683252990731156,4215.243314090249,277.0206841306929,3.8706841306929505,1.0,0.002,0.3866823765800294,0.0040312219764841685,0.0005991242928792994,0.001398617916366207,0.2995621464396497,0.2995621464396497,0.0,-2.2577907544934356e-06,0.9682693215352762,0.9682693215352762,0.0,0.09223773792209913,0.0030226776158506614,0.0,0.0,0.0,1601853.6523471642,268.1273257122915,0.0,1.0,1279316.0766775324,2619.2597243952882,,,,,,,,,,,,,,,,,16.0,16243.107769423557
690.0,-29.327245115035463,5.004357129981373,34.96612998473626,24.786250513885193,6.894612475430051,-25.703548087404876,-39.260635001678,3.519096532382556,-4.986352630972135,-4.986352630987079,40.27509934353626,43576.18597163842,25726.07763449376,25726.07763449376,69302.26360613218,75333.62628070223,76227.28623154525,25726.07763449376,101953.36386603901,101953.36386603901,101953.36386603901,128116.86757676987,124133.24913967268,3983.6184370971846,0.0,89546.40298562693,58833.94139895089,34124.957318528934,26163.503710730853,60288.461029259786,19986.758518198752,1450.0,0.0,0.8859909080924256,2.8861484799883708,0.001494314320929203,1.0,1.0,-4.986352630972135,354844.6846310568,1566428.9599231076,4.4144072823065486,1566428.9599231076,4.4144072823065486,0.7639175065838474,0.09380375033865128,4.189079083850567,101325.0,128351.07116782667,1.2667265844345095,1.0,0.0,4.189079083850567,1.2753470673020157,1.2756438493930402,3.2846581069986875,6959.796380561656,16243.107769423557,6501.552108101313,0.0001965960233650862,21376.15480472539,2179.761162550452,19433.5743349819,1981.6730825492803,0.909123952016194,0.909123952016194,37383.415411833725,35405.22815468563,1.070322054105865,0.8,4511.782199188722,4273.035954225843,1.070322054105865,0.8,17887.488988751174,17887.488988751174,1.0,0.8,4632.441516551485,4632.441516551485,5.553459777651969,5.004357129981373,-2.309382069590414,7.313739199571787,3.5,3.5,1.0,0.6,0.00023269480806997162,0.9296073507623016,0.000250315154972856,198.37358065232166,0.0,0.0,0.0,0.00014673506306288735,8.571482464499456e-05,0.00014697998342497708,0.0006157107743102745,0.09265037374739979,0.09265037374739979,0.09265037374739979,0.09234356686357785,0.0,0.0,0.0,0.0,0.0,0.0,1.0,1.0,0.0,1.0,1.0,495013.29192632425,593.2874764666649,0.0,0.09265037374739979,0.09380375033865104,0.09380375033865151,0.375,0.375,0.5,8.69451815899248,1.4949819160392508e-11,1.4949819160392508e-11,1.4949819160392508e-11,1.4949819160392508e-11,1.4949819160392508e-11,1.4949819160392508e-11,26163.503710730853,19986.758518198752,0.7639175065838474,1.2769594278137815,3.8626211929615057,1.1495112401774152,0.7227947973408975,41059.97430708969,25750.0,0.0,0.0,0.0,0.0,0.0,0.0,0.0,0.0,0.0,0.0,0.0,0.0,0.0,0.0,0.0,0.0,0.0,0.0,0.0,0.0,41059.97430708969,25750.0,1.0,0.0,0.0,6.0,0.9,167190.3635292044,27865.060588200733,261.94811229956287,261.94811229956287,-11.201887700437112,245.68416742840773,278.2120572502964,136977.38019121895,137513.45266165424,-536.0724704353062,0.0,nan,278.2120572502964,5.062057250296448,271.7064792362022,-1.4435207637977783,265.20090124937894,-7.949098750621033,258.69532328644584,-14.454676713554136,252.189745346646,-20.960254653353985,245.68416742840773,-27.465832571592244,1.0,1.0,26022.012520719443,26022.012520719443,277.08321732444,3.9332173244400224,277.08321732444,277.08321732444,76260.84018454587,76227.28623154525,33.55395300062082,0.0,8546.071908451686,8546.071908451686,0.8686558128279659,4210.0244792698195,277.08321732444,3.9332173244400224,1.0,0.002,0.43068707281117885,0.003832223369891125,0.0006673552381025999,0.0013277984047623012,0.33367761905129995,0.33367761905129995,0.0,-4.846357135099028e-06,0.9843629641419176,0.9843629641419176,0.0,0.09233693773098318,0.0014668126076680995,0.0,0.0,0.0,1601895.447698122,268.16364736902784,0.0,1.0,1279191.0285457198,2619.771687522231,,,,,,,,,,,,,,,,,13.0,16243.107769423557
720.0,-29.592977088998058,5.030018155975464,34.97329071008848,24.902860284224175,6.983899603177247,-25.915364617937858,-39.45744844442231,3.6386914659369176,-4.9819640397259946,-4.9819640397215075,40.16453385226627,43272.853943592665,25780.8541539197,25780.8541539197,69053.70809751237,75386.73898980433,76528.1423183917,25780.8541539197,102308.99647231141,102308.99647231141,102308.99647231141,128433.6811935627,124524.36158867102,3909.319604891683,0.0,89460.34165294132,58744.91264466848,34128.25445363649,26124.684721251295,60252.93917488778,19948.764339720485,1450.0,0.0,0.8864145737768244,2.8866150014096252,0.001494314320929203,1.0,1.0,-4.9819640397259946,354905.3799260256,1561639.695016165,4.40015785430377,1561639.695016165,4.40015785430377,0.7635982808050132,0.09243051546663344,4.185640561404788,101325.0,128351.07116782667,1.2667265844345095,1.0,0.0,4.185640561404788,1.2747960149921655,1.2750926688495028,3.2833806445735645,6957.089590974109,16243.107769423557,6504.363251028373,0.00019727493635199284,21373.154321429975,2179.455198404142,19441.977029312566,1982.5299189134482,0.9096447223898487,0.9096447223898487,37358.86504834967,35405.22815468563,1.0694435014852082,0.8,4508.819230403481,4273.035954225843,1.0694435014852082,0.8,17887.488988751174,17887.488988751174,1.0,0.8,4632.441516551485,4632.441516551485,5.565284324001929,5.030018155975464,-2.2992936148616927,7.3293117708371565,3.5,3.5,1.0,0.6,0.00023269480806997162,0.9555603805840284,0.0002435165927743373,198.5900154015181,0.0,0.0,0.0,0.00014673506306288735,8.383704393884332e-05,0.0001488577641311283,0.0006230650954272773,0.09247383711514634,0.09247383711514634,0.09247383711514634,0.09240265766830373,0.0,0.0,0.0,0.0,0.0,0.0,1.0,1.0,0.0,1.0,1.0,494639.6387428457,593.4041136719538,0.0,0.09247383711514634,0.09243051546663325,0.09243051546663364,0.375,0.375,0.5,8.660911226523954,-4.490630090003833e-12,-4.490630090003833e-12,-4.490630090003833e-12,-4.490630090003833e-12,-4.490630090003833e-12,-4.490630090003833e-12,26124.684721251295,19948.764339720485,0.7635982808050132,1.2679480575948938,3.8724904902461312,1.1460637280627892,0.7181866069303375,41059.97430708969,25750.0,0.0,0.0,0.0,0.0,0.0,0.0,0.0,0.0,0.0,0.0,0.0,0.0,0.0,0.0,0.0,0.0,0.0,0.0,0.0,0.0,41059.97430708969,25750.0,1.0,0.0,0.0,6.0,0.9,167190.3635292044,27865.060588200733,261.85888554011507,261.85888554011507,-11.29111445988491,245.42497006986397,278.2927926528878,138227.45331391855,138726.21126039844,-498.7579464798843,0.0,nan,278.2927926528878,5.142792652887806,271.7192383821915,-1.4307616178084572,265.1456755971988,-8.00432440280116,258.57210260763554,-14.577897392364434,251.9985339309129,-21.151466069087064,245.42497006986397,-27.725029930136003,1.0,1.0,26022.012520719443,26022.012520719443,277.1228099357594,3.9728099357594147,277.1228099357594,277.1228099357594,76498.93643959932,76528.1423183917,-29.20587879238883,0.0,8546.071908451686,8546.071908451686,0.86887465985299,4206.568764211812,277.1228099357594,3.9728099357594147,1.0,0.002,0.43147238048225295,0.003831020879722321,0.0006685781631821856,0.0013271672376132416,0.3342890815910928,0.3342890815910928,0.0,-4.254599204572655e-06,0.9996980979703128,0.9996980979703128,0.0,0.09240261050640904,2.7904960224407273e-05,0.0,0.0,0.0,1601900.4963582295,268.168035960274,0.0,1.0,1279175.9177605184,2619.8335625550994,,,,,,,,,,,,,,,,,11.0,16243.107769423557
750.0,-29.845431462140738,5.072553618035504,34.977438348467246,24.99426392549651,7.093117074895188,-26.13852832990414,-39.66487889466805,3.732416086616459,-4.907046616081402,-4.907046616093556,40.42596202899258,43078.7166188152,25697.470602882328,25697.470602882328,68776.18722169753,75263.19241455708,76509.38955636704,25697.470602882328,102206.86015924937,102206.86015924937,102206.86015924937,128453.36675511354,124591.72742171017,3861.639333403373,0.0,89392.8505361933,58663.939502732625,34143.23448162298,26246.506595864175,60389.74107748715,20061.997110946428,1450.0,0.0,0.8858485241229028,2.894588156134055,0.001494314320929203,1.0,1.0,-4.907046616081402,355942.763510674,1572981.6354817182,4.419198244030455,1572981.6354817182,4.419198244030455,0.764368280314597,0.09331268096264,4.182939373771193,101325.0,128351.07116782667,1.2667265844345095,1.0,0.0,4.182939373771193,1.2743644968963699,1.2746610503364593,3.2823728093166937,6954.9541090017165,16243.107769423557,6506.564218701864,0.00019780969833715266,21370.821460316747,2179.2173127741635,19448.555868977386,1983.2007738603281,0.9100518623063322,0.9100518623063322,37339.576279163186,35405.22815468563,1.0687533400825122,0.8,4506.491280308469,4273.035954225843,1.0687533400825122,0.8,17887.488988751174,17887.488988751174,1.0,0.8,4632.441516551485,4632.441516551485,5.547284409542253,5.072553618035504,-2.2330528078016894,7.305606425837193,3.5,3.5,1.0,0.6,0.00023269480806997162,0.9809419107957459,0.00023721568577002506,198.79607366894754,0.0,0.0,0.0,0.00014673506306288735,8.189917737019999e-05,0.00015079563069977163,0.0006307689810467348,0.09281243023459025,0.09281243023459025,0.09281243023459025,0.09259871439418345,0.0,0.0,0.0,0.0,0.0,0.0,1.0,1.0,0.0,1.0,1.0,496842.98169794,592.6964109389784,0.0,0.09281243023459025,0.09331268096263982,0.09331268096264017,0.375,0.375,0.5,8.467597762482649,1.2164491636212915e-11,1.2164491636212915e-11,1.2164491636212915e-11,1.2164491636212915e-11,1.2164491636212915e-11,1.2164491636212915e-11,26246.506595864175,20061.997110946428,0.764368280314597,1.261705789532084,3.8466324136770416,1.1388720334708768,0.7133449465123576,41059.97430708969,25750.0,0.0,0.0,0.0,0.0,0.0,0.0,0.0,0.0,0.0,0.0,0.0,0.0,0.0,0.0,0.0,0.0,0.0,0.0,0.0,0.0,41059.97430708969,25750.0,1.0,0.0,0.0,6.0,0.9,167190.3635292044,27865.060588200733,261.78497749820036,261.78497749820036,-11.365022501799615,245.18726171692546,278.38269534963615,139548.99495966858,139962.68677604783,-413.6918163792742,0.0,nan,278.38269534963615,5.232695349636174,271.74360911371684,-1.406390886283134,265.1045206944172,-8.045479305582774,258.4654322591374,-14.684567740862576,251.82634585536925,-21.323654144630723,245.18726171692546,-27.962738283074515,1.0,1.0,26022.012520719443,26022.012520719443,277.19553304576283,4.045533045762852,277.19553304576283,277.19553304576283,76532.94081433007,76509.38955636704,23.551257963030366,0.0,8546.071908451686,8546.071908451686,0.8690465747490573,4203.854070640049,277.19553304576283,4.045533045762852,1.0,0.002,0.45296744190520494,0.003738357042222886,0.0007019943494038786,0.0012914987621255496,0.3509971747019393,0.3509971747019393,0.0,-6.506888470571726e-06,0.9923155436094412,0.9923155436094412,0.0,0.09259562373509647,0.0007170572275435347,0.0,0.0,0.0,1601986.6387219052,268.2429533839186,0.0,1.0,1278917.9040210722,2620.890383998011,,,,,,,,,,,,,,,,,11.0,16243.107769423557
780.0,-30.108928542384643,5.103647458918052,34.97570592973378,24.88889938630166,7.040930047500428,-26.38692224997515,-39.8958444018848,3.624372705132854,-4.8845465721826145,-4.884546572150198,40.60705468049732,42976.5127316514,25719.59963000074,25719.59963000074,68696.11236165214,75095.4839829248,76245.9052212953,25719.59963000074,101965.50485129603,101965.50485129603,101965.50485129603,128285.57638601688,124589.62004701735,3695.9563389995305,0.0,89470.6782939909,58659.43192253089,34234.71819051113,26320.071534720846,60554.789725231974,20132.40991763291,1450.0,0.0,0.8853053883409367,2.8969861367745047,0.001494314320929203,1.0,1.0,-4.8845465721826145,356254.786367896,1580874.6689917124,4.437483311056992,1580874.6689917124,4.437483311056992,0.7649071124702184,0.0934038693134556,4.186053740944305,101325.0,128351.07116782667,1.2667265844345095,1.0,0.0,4.186053740944305,1.2748619658207565,1.2751586350253081,3.2835348870489853,6957.416412270936,16243.107769423557,6504.0251029123165,0.00019719302789513235,21373.51401365616,2179.491876803614,19440.9662819648,1982.426851367674,0.9095821243780223,0.9095821243780223,37361.81528090092,35405.22815468563,1.0695490700754875,0.8,4509.175292217565,4273.035954225843,1.0695490700754875,0.8,17887.488988751174,17887.488988751174,1.0,0.8,4632.441516551485,4632.441516551485,5.552061378024068,5.103647458918052,-2.208250090478036,7.311897549396088,3.5,3.5,1.0,0.6,0.00023269480806997162,1.0082113206165273,0.0002307996382421865,199.01220798445243,0.0,0.0,0.0,0.00014673506306288735,7.979020874928914e-05,0.00015290459932068248,0.0006400668699939329,0.09303198464062092,0.09303198464062092,0.09303198464062092,0.09261860487916837,0.0,0.0,0.0,0.0,0.0,0.0,1.0,1.0,0.0,1.0,1.0,499553.01372517075,591.8173914146727,0.0,0.09303198464062092,0.09340386931345598,0.09340386931345519,0.375,0.375,0.5,8.089565039458815,-3.240074875066057e-11,-3.240074875066057e-11,-3.240074875066057e-11,-3.240074875066057e-11,-3.240074875066057e-11,-3.240074875066057e-11,26320.071534720846,20132.40991763291,0.7649071124702184,1.2553488097227345,3.8303499091912627,1.1344455603489254,0.7097128555256784,41059.97430708969,25750.0,0.0,0.0,0.0,0.0,0.0,0.0,0.0,0.0,0.0,0.0,0.0,0.0,0.0,0.0,0.0,0.0,0.0,0.0,0.0,0.0,41059.97430708969,25750.0,1.0,0.0,0.0,6.0,0.9,167190.3635292044,27865.060588200733,261.6380425311886,261.6380425311886,-11.511957468811374,244.93622335492535,278.3398617904522,140250.51127885494,141069.43860820905,-818.9273293541303,0.0,nan,278.3398617904522,5.189861790452198,271.6591341673902,-1.4908658326097566,264.97840642851725,-8.171593571482731,258.2976785737462,-14.852321426253752,251.61695087210012,-21.533049127899858,244.93622335492535,-28.21377664507463,1.0,1.0,26022.012520719443,26022.012520719443,277.18720204382987,4.037202043829893,277.18720204382987,277.18720204382987,76217.77407814996,76245.9052212953,-28.131143145335955,0.0,8546.071908451686,8546.071908451686,0.8688483630634753,4206.984009649027,277.18720204382987,4.037202043829893,1.0,0.002,0.47661090505692083,0.0036387347738834827,0.000738670686001604,0.0012560414793010943,0.369335343000802,0.369335343000802,0.0,-5.287834697301815e-06,0.9915572386038516,0.9915572386038516,0.0,0.09261528273136506,0.0007885865820905343,0.0,0.0,0.0,1602012.4940730187,268.26545342781736,0.0,1.0,1278840.3929230745,2621.20798564277,,,,,,,,,,,,,,,,,29.0,16243.107769423557
810.0,-30.34565142065932,5.13521795900192,34.97361938906953,24.8894858052023,7.063961338421592,-26.6029115189579,-40.09932753453029,3.624877904090706,-4.85355327971422,-4.853553279706581,40.618026543532764,42791.292941417036,25721.085939674387,25721.085939674387,68512.37888109143,75000.9410975966,76164.43745813519,25721.085939674387,101885.52339780958,101885.52339780958,101885.52339780958,128220.6837964186,124609.1803531546,3611.503443263999,0.0,89470.89368990599,58605.828125814405,34294.51729343509,26335.16039860902,60629.67769204411,20144.90887614976,1450.0,0.0,0.8854244061493515,2.900291868741586,0.001494314320929203,1.0,1.0,-4.85355327971422,356684.9420622233,1581353.8437993932,4.433475197064887,1581353.8437993932,4.433475197064887,0.7649434661204411,0.09406288695101633,4.186062507393277,101325.0,128351.07116782667,1.2667265844345095,1.0,0.0,4.186062507393277,1.274863522075282,1.2751577754333194,3.283537755146536,6957.422489425483,16243.107769423557,6504.018811842988,0.0001971915046617319,21373.5207087533,2179.492559513524,19440.94747753758,1982.4249338497427,0.9095809596579819,0.9095809596579819,37361.877875487386,35405.22815468563,1.0695513099290408,0.8,4509.1828467210225,4273.035954225843,1.0695513099290408,0.8,17887.488988751174,17887.488988751174,1.0,0.8,4632.441516551485,4632.441516551485,5.552382226040894,5.13521795900192,-2.17710213756507,7.31232009656699,3.5,3.5,1.0,0.6,0.0002307996382421865,1.0249913881220791,0.00022517227063248034,199.2080373434813,0.0,1.2572064397767774e-05,35.629230503273874,0.0005238969949959205,7.797390149020721e-05,0.0001528257367519793,0.0006397380867822154,0.09300216960137052,0.09300216960137052,0.09300216960137052,0.09273675694090361,0.0,0.0,0.0,0.0,0.0,0.0,1.0,1.0,0.0,1.0,1.0,500782.36410276935,591.4144458794988,0.0,0.09300216960137052,0.09406288695101632,0.09406288695101633,0.375,0.375,0.5,7.846925905172707,-7.617018127348274e-12,-7.617018127348274e-12,-7.617018127348274e-12,-7.617018127348274e-12,-7.617018127348274e-12,-7.617018127348274e-12,26335.16039860902,20144.90887614976,0.7649434661204411,1.2477590098522384,3.8246217419124195,1.1300139055511043,0.7057813033209007,41059.97430708969,25750.0,0.0,0.0,0.0,0.0,0.0,0.0,0.0,0.0,0.0,0.0,0.0,0.0,0.0,0.0,0.0,0.0,0.0,0.0,0.0,0.0,41095.603537592964,25750.0,1.0,0.0,0.0,6.0,0.9,167190.3635292044,27865.060588200733,261.5259663983303,261.5259663983303,-11.62403360166968,244.70891943822534,278.3430132778222,141331.4738605575,141956.0762323259,-624.6023717683744,0.0,nan,278.3430132778222,5.193013277822217,271.61619459567345,-1.5338054043265288,264.88937585487486,-8.26062414512512,258.1625570480501,-14.987442951949902,251.43573817533564,-21.714261824664334,244.70891943822534,-28.44108056177464,1.0,1.0,26022.012520719443,26022.012520719443,277.2086625633185,4.058662563318535,277.2086625633185,277.2086625633185,76141.58497554941,76164.43745813519,-22.85248258577485,0.0,8546.071908451686,8546.071908451686,0.8688478051224182,4206.992819930244,277.2086625633185,4.058662563318535,1.0,0.002,0.5164822286582329,0.0034759179078637007,0.0008005163093509059,0.0011984717555968878,0.40025815467545295,0.40025815467545295,0.0,-1.011935052206217e-06,0.9858439366745878,0.9858439366745878,0.0,0.09273132676676665,0.0013315601842496755,0.0,0.0,0.0,1602048.0971963569,268.29644672028576,0.0,1.0,1278733.6068929753,2621.6456298348326,,,,,,,,,,,,,,,,,16.0,16243.107769423557
840.0,-30.548681797163372,5.170547589542338,34.966463450097656,24.83798557603734,7.052527395086407,-26.78546504109559,-40.27684140074996,3.571770395560759,-4.808045618638914,-4.808045618588886,40.5938179296717,42662.04459480128,25694.8775109379,25694.8775109379,68356.92210573918,74860.17068033379,75917.56739371899,25694.8775109379,101612.44490465688,101612.44490465688,101612.44490465688,127955.17141879612,124241.79303829934,3713.378380496778,0.0,89510.90729815008,58557.91251609996,34392.21642450013,26342.72651413924,60734.942938639375,20148.920278506757,1450.0,0.0,0.8857453398020664,2.9051510952919193,0.001494314320929203,1.0,1.0,-4.808045618638914,357317.28095706634,1580296.7256202856,4.422670858200578,1580296.7256202856,4.422670858200578,0.7648760377059676,0.09693454459869,4.187661713612061,101325.0,128351.07116782667,1.2667265844345095,1.0,0.0,4.187661713612061,1.275119722603504,1.2754068591546164,3.2841321794174823,6958.6820031266625,16243.107769423557,6502.712358757225,0.00019687567669943,21374.913596099093,2179.6345944944596,19437.042401836392,1982.0267269492022,0.9093389928548595,0.9093389928548594,37373.2961598682,35405.22815468563,1.0699599118319332,0.8,4510.560912680141,4273.035954225843,1.0699599118319332,0.8,17887.488988751174,17887.488988751174,1.0,0.8,4632.441516551485,4632.441516551485,5.546724641667114,5.170547589542338,-2.1343216388692894,7.3048692284116274,3.5,3.5,1.0,0.6,0.00022517227063248034,1.0214356661907076,0.00022044684563661933,199.37626663659415,0.0,3.736722856466132e-05,105.89872575225019,0.0016449138519357602,7.642069622945346e-05,0.00014875157440302688,0.0006229212729670716,0.0929387610730354,0.0929387610730354,0.0929387610730354,0.09292580055052338,0.0,0.0,0.0,0.0,0.0,0.0,1.0,1.0,0.0,1.0,1.0,500749.05004419276,591.4241548547928,0.0,0.0929387610730354,0.09693454459869,0.09693454459869,0.375,0.375,0.5,7.829523731949635,-5.002220859751105e-11,-5.002220859751105e-11,-5.002220859751105e-11,-5.002220859751105e-11,-5.002220859751105e-11,-5.002220859751105e-11,26342.72651413924,20148.920278506757,0.7648760377059676,1.240456388975557,3.8171845324097182,1.1254957821364928,0.702429977383906,41059.97430708969,25750.0,0.0,0.0,0.0,0.0,0.0,0.0,0.0,0.0,0.0,0.0,0.0,0.0,0.0,0.0,0.0,0.0,0.0,0.0,0.0,0.0,41165.87303284194,25750.0,1.0,0.0,0.0,6.0,0.9,167190.3635292044,27865.060588200733,261.41810887707453,261.41810887707453,-11.731891122925447,244.51107226366207,278.32514618631114,142122.92082491473,142724.28888798857,-601.3680630738598,0.0,nan,278.32514618631114,5.175146186311167,271.5623310099214,-1.587668990078555,264.7995160079927,-8.350483992007298,258.03670119663076,-15.113298803369219,251.27388659792936,-21.876113402070615,244.51107226366207,-28.638927736337905,1.0,1.0,26022.012520719443,26022.012520719443,277.22528326127224,4.075283261272261,277.22528326127224,277.22528326127224,75912.6862892884,75917.56739371899,-4.881104430591222,0.0,8546.071908451686,8546.071908451686,0.8687460229587753,4208.600022180121,277.22528326127224,4.075283261272261,1.0,0.002,0.6372304081816837,0.002981942055022411,0.0009877619348037418,0.0010264326845283729,0.4938809674018709,0.4938809674018709,0.0,1.4194619332114598e-05,0.9584749558063161,0.9584749558063161,0.0,0.09290933335033477,0.004025211248355221,0.0,0.0,0.0,1602100.34823751,268.34195438136106,0.0,1.0,1278576.7780489314,2622.2885518618077,,,,,,,,,,,,,,,,,23.0,16243.107769423557
870.0,-30.730077890011813,5.190840221992035,34.9654791511033,24.8326965951361,7.057532930044212,-26.94439598223404,-40.43119701147077,3.5661011395662885,-4.811804227430173,-4.811804227424635,40.60903054591334,42516.60113960275,25756.80945724792,25756.80945724792,68273.41059685068,74820.17835843189,75927.55348532017,25756.80945724792,101684.36294256808,101684.36294256808,101684.36294256808,128031.25041348966,124370.94953518364,3660.300878306018,0.0,89516.50149556102,58500.82593222985,34461.86173703464,26346.887470921574,60808.749207956214,20153.288949719492,1450.0,0.0,0.8856708831070197,2.9047495143461854,0.001494314320929203,1.0,1.0,-4.811804227430173,357265.02096818795,1580960.9529761518,4.425176997993671,1580960.9529761518,4.425176997993671,0.7649210546013145,0.09619433050304066,4.187885159053668,101325.0,128351.07116782667,1.2667265844345095,1.0,0.0,4.187885159053668,1.2751555316729593,1.2754366503221761,3.2842151839778397,6958.857879829785,16243.107769423557,6502.529513831083,0.00019683155404008403,21375.10893822814,2179.6545138480665,19436.495866116173,1981.970995815714,0.9093051138258823,0.9093051138258823,37374.89148416668,35405.22815468563,1.0700170028009155,0.8,4510.753451422054,4273.035954225843,1.0700170028009155,0.8,17887.488988751174,17887.488988751174,1.0,0.8,4632.441516551485,4632.441516551485,5.5600938220634015,5.190840221992035,-2.131635814183636,7.3224760361756704,3.5,3.5,1.0,0.6,0.00022044684563661933,1.0191603479018851,0.00021630241609227305,199.52678346527787,0.0,3.1404586464867025e-05,89.00059804143315,0.002587051445881771,7.509342387222265e-05,0.00014535342176439668,0.0006087234378247852,0.09295746550901823,0.09295746550901823,0.09295746550901823,0.09290514499420591,0.0,0.0,0.0,0.0,0.0,0.0,1.0,1.0,0.0,1.0,1.0,501081.3091933951,591.3158088215747,0.0,0.09295746550901823,0.09619433050303958,0.09619433050304174,0.375,0.375,0.5,7.7762485075499965,-5.5138116294983774e-12,-5.5138116294983774e-12,-5.5138116294983774e-12,-5.5138116294983774e-12,-5.5138116294983774e-12,-5.5138116294983774e-12,26346.887470921574,20153.288949719492,0.7649210546013145,1.2337290847497087,3.8174144071736826,1.1227563711821553,0.6991855891362403,41059.97430708969,25750.0,0.0,0.0,0.0,0.0,0.0,0.0,0.0,0.0,0.0,0.0,0.0,0.0,0.0,0.0,0.0,0.0,0.0,0.0,0.0,0.0,41148.97490513112,25750.0,1.0,0.0,0.0,6.0,0.9,167190.3635292044,27865.060588200733,261.3273479753771,261.3273479753771,-11.822652024622869,244.33563055039147,278.31906495605966,142884.25967069253,143390.30608918713,-506.0464184946268,0.0,nan,278.31906495605966,5.169064956059685,271.5223783767793,-1.6276216232207048,264.7256916042225,-8.424308395777473,257.9290046950736,-15.220995304926362,251.13231766973615,-22.017682330263824,244.33563055039147,-28.814369449608506,1.0,1.0,26022.012520719443,26022.012520719443,277.22269315320597,4.072693153205989,277.22269315320597,277.22269315320597,75905.62608843458,75927.55348532017,-21.92739688558504,0.0,8546.071908451686,8546.071908451686,0.8687318015826282,4208.824584848936,277.22269315320597,4.072693153205989,1.0,0.002,0.7364009935798287,0.00247769501719946,0.0011414759711419942,0.000852980606613471,0.5707379855709971,0.5707379855709971,0.0,-5.54342224453469e-06,0.9656321213157933,0.9656321213157933,0.0,0.09288833542220368,0.003305995080836981,0.0,0.0,0.0,1602096.0338126875,268.3381957725698,0.0,1.0,1278589.7325365222,2622.2354363774425,,,,,,,,,,,,,,,,,20.0,16243.107769423557
900.0,-30.894706719210916,5.206635067797411,34.968484422548926,24.886532057449244,7.102426023962486,-27.092913847762148,-40.57510126205159,3.6210992330399048,-4.805950607346233,-4.805950607301199,40.65432100020168,42384.04278543119,25782.40811337892,25782.40811337892,68166.45089881012,74829.92534906889,76024.99670551291,25782.40811337892,101807.40481889182,101807.40481889182,101807.40481889182,128172.76681277415,124595.0093268687,3577.757485905447,0.0,89478.25365313361,58424.803454836074,34503.83355366393,26365.36199388233,60869.19554754626,20171.006922518678,1450.0,0.0,0.885536335268779,2.905374951562325,0.001494314320929203,1.0,1.0,-4.805950607346233,357346.412760167,1582939.7155895801,4.429706467074485,1582939.7155895801,4.429706467074485,0.7650570823643175,0.09521945949050892,4.186356768334864,101325.0,128351.07116782667,1.2667265844345095,1.0,0.0,4.186356768334864,1.2749106338921374,1.2751864144992242,3.2836472275350452,6957.654448280408,16243.107769423557,6503.778598033332,0.00019713335980781668,21373.776437292003,2179.5186365672275,19440.22946238541,1982.3517166805598,0.9095364836167638,0.9095364836167639,37363.97895526096,35405.22815468563,1.0696264944670115,0.8,4509.4364247907915,4273.035954225843,1.0696264944670115,0.8,17887.488988751174,17887.488988751174,1.0,0.8,4632.441516551485,4632.441516551485,5.565619775502755,5.206635067797411,-2.123118482559069,7.32975355035648,3.5,3.5,1.0,0.6,0.00021630241609227305,1.0173989076663272,0.00021260335003545435,199.6635624886158,0.0,2.7564156542729343e-05,78.11681964209495,0.0034139761421636515,7.387525085858352e-05,0.00014242716523368953,0.0005962509271708042,0.0930115564824789,0.0930115564824789,0.0930115564824789,0.09291103205562798,0.0,0.0,0.0,0.0,0.0,0.0,1.0,1.0,0.0,1.0,1.0,501782.7058523443,591.0876738991843,0.0,0.0930115564824789,0.09521945949050896,0.09521945949050886,0.375,0.375,0.5,7.677029710759524,-4.501998773775995e-11,-4.501998773775995e-11,-4.501998773775995e-11,-4.501998773775995e-11,-4.501998773775995e-11,-4.501998773775995e-11,26365.36199388233,20171.006922518678,0.7650570823643175,1.2283864840557832,3.8160801086589795,1.1198842088452412,0.696313503146663,41059.97430708969,25750.0,0.0,0.0,0.0,0.0,0.0,0.0,0.0,0.0,0.0,0.0,0.0,0.0,0.0,0.0,0.0,0.0,0.0,0.0,0.0,0.0,41138.091126731786,25750.0,1.0,0.0,0.0,6.0,0.9,167190.3635292044,27865.060588200733,261.2634444327137,261.2634444327137,-11.88655556728628,244.17870151670192,278.34818641570166,143700.35778873684,144056.4651018577,-356.1073131208775,0.0,nan,278.34818641570166,5.198186415701684,271.51429021130514,-1.6357097886948395,264.68039359050033,-8.469606409499647,257.8464961773131,-15.303503822686878,251.01259868475987,-22.137401315240112,244.17870151670192,-28.971298483298057,1.0,1.0,26022.012520719443,26022.012520719443,277.2399488796113,4.089948879611313,277.2399488796113,277.2399488796113,76020.1343779043,76024.99670551291,-4.862327608614578,0.0,8546.071908451686,8546.071908451686,0.8688290768497043,4207.288552176538,277.2399488796113,4.089948879611313,1.0,0.002,0.8059481451568357,0.0021729357077068514,0.0012492943661637126,0.000747901985565167,0.6246471830818563,0.6246471830818563,0.0,-2.8036482711203854e-06,0.9756500670562619,0.9756500670562619,0.0,0.09290087203697604,0.002318587453532879,0.0,0.0,0.0,1602102.7529661069,268.34404939265374,0.0,1.0,1278569.5572254194,2622.318159055659,,,,,,,,,,,,,,,,,16.0,16243.107769423557
930.0,-31.032600620158316,5.212226340770812,34.971281136391,24.871546017844253,7.097599868352875,-27.213827800377835,-40.692731354478724,3.6055391465600866,-4.818278900969688,-4.818278900979832,40.67590102104333,42278.84401442816,25828.550997507904,25828.550997507904,68107.39501193607,74795.50463036889,76039.7814079156,25828.550997507904,101868.3324054235,101868.3324054235,101868.3324054235,128237.04979848821,124779.8522111087,3457.1975873795145,0.0,89490.63430768719,58385.16287795723,34561.634921922174,26368.717393064704,60930.35231498688,20175.246258385287,1450.0,0.0,0.8853947523542662,2.904057843773672,0.001494314320929203,1.0,1.0,-4.818278900969688,357175.01066725666,1583883.215395126,4.4344737680169555,1583883.215395126,4.4344737680169555,0.7651205008436104,0.09401509678925038,4.186851650254366,101325.0,128351.07116782667,1.2667265844345095,1.0,0.0,4.186851650254366,1.2749898939329727,1.2752609751677169,3.283831244606298,6958.044358372949,16243.107769423557,6503.374415910085,0.00019703560142585603,21374.207109117495,2179.5625528715204,19439.021334971156,1982.228521969394,0.9094616345641726,0.9094616345641726,37367.51244083313,35405.22815468563,1.0697529382562116,0.8,4509.8628790655,4273.035954225843,1.0697529382562116,0.8,17887.488988751174,17887.488988751174,1.0,0.8,4632.441516551485,4632.441516551485,5.57558058859972,5.212226340770812,-2.1306453003117487,7.34287164108256,3.5,3.5,1.0,0.6,0.00021260335003545435,1.01457120031029,0.00020954995565657008,199.77825798121142,0.0,2.4618956892837933e-05,69.77012383430271,0.004152544848948789,7.289309392722844e-05,0.0001397102561082259,0.0005849461163441857,0.09303044480481269,0.09303044480481269,0.09303044480481269,0.09285406400997215,0.0,0.0,0.0,0.0,0.0,0.0,1.0,1.0,0.0,1.0,1.0,502690.5047418092,590.7903363709875,0.0,0.09303044480481269,0.09401509678925038,0.0940150967892504,0.375,0.375,0.5,7.511543685017609,1.0118128557223827e-11,1.0118128557223827e-11,1.0118128557223827e-11,1.0118128557223827e-11,1.0118128557223827e-11,1.0118128557223827e-11,26368.717393064704,20175.246258385287,0.7651205008436104,1.223288311155993,3.8160390635587818,1.1177909272516036,0.6938880608446596,41059.97430708969,25750.0,0.0,0.0,0.0,0.0,0.0,0.0,0.0,0.0,0.0,0.0,0.0,0.0,0.0,0.0,0.0,0.0,0.0,0.0,0.0,0.0,41129.74443092399,25750.0,1.0,0.0,0.0,6.0,0.9,167190.3635292044,27865.060588200733,261.19306772220904,261.19306772220904,-11.95693227779094,244.04411945576155,278.34201677578335,144203.0278108551,144595.66873643876,-392.64092558364837,0.0,nan,278.34201677578335,5.192016775783372,271.4824368947975,-1.6675631052024755,264.6228571927889,-8.527142807211078,257.76327764507556,-15.386722354924416,250.9036983690476,-22.246301630952388,244.04411945576155,-29.10588054423843,1.0,1.0,26022.012520719443,26022.012520719443,277.2293505856988,4.079350585698819,277.2293505856988,277.2293505856988,76010.32438588377,76039.7814079156,-29.457022031827364,0.0,8546.071908451686,8546.071908451686,0.8687975799382455,4207.785908505638,277.2293505856988,4.079350585698819,1.0,0.002,0.8409330139511184,0.0020046463646814874,0.0013034908227267192,0.0006902914683104935,0.6517454113633596,0.6517454113633596,0.0,-6.217708962787116e-06,0.9875908785117644,0.9875908785117644,0.0,0.09284845203146434,0.0011666447577860354,0.0,0.0,0.0,1602088.6011954818,268.3317210990303,0.0,1.0,1278612.0476098978,2622.143944524011,,,,,,,,,,,,,,,,,19.0,16243.107769423557
960.0,-31.168408507106093,5.219969452575802,34.97316771331518,24.903209146019094,7.12762020991215,-27.336390788573116,-40.81103514237327,3.637853107519372,-4.8099597942539845,-4.809959794213136,40.66043310290751,42172.271390741786,25827.067810481512,25827.067810481512,67999.3392012233,74786.08053951662,76079.81339420241,25827.067810481512,101906.88120468393,101906.88120468393,101906.88120468393,128273.00963126584,124863.36089356261,3409.6487377032317,0.0,89468.35095246055,58329.77752314132,34598.41492146581,26366.128426581912,60964.54334804772,20172.065394109824,1450.0,0.0,0.8854935965948266,2.9049465735954705,0.001494314320929203,1.0,1.0,-4.8099597942539845,357290.6653610543,1583206.8996394302,4.431145431800034,1583206.8996394302,4.431145431800034,0.7650749881720469,0.09389016955645776,4.185960880032151,101325.0,128351.07116782667,1.2667265844345095,1.0,0.0,4.185960880032151,1.2748473001981266,1.275114458301153,3.283499819454143,6957.3421082454615,16243.107769423557,6504.102012692261,0.00019721165163858365,21373.432174018162,2179.483531483041,19441.196170443858,1982.4502934686013,0.9095963630060708,0.9095963630060708,37361.15222970131,35405.22815468563,1.0695253438387051,0.8,4509.095268962155,4273.035954225843,1.0695253438387051,0.8,17887.488988751174,17887.488988751174,1.0,0.8,4632.441516551485,4632.441516551485,5.575260414665285,5.219969452575802,-2.1224805290820554,7.3424499816578574,3.5,3.5,1.0,0.6,0.00020954995565657008,1.0143654793037173,0.000206582301874478,199.8913334680471,0.0,2.033339366477076e-05,57.62483764596033,0.004762546658891912,7.191750236307797e-05,0.0001376324532934921,0.00057612406530941,0.0929904841866397,0.0929904841866397,0.0929904841866397,0.09289284944224654,0.0,0.0,0.0,0.0,0.0,0.0,1.0,1.0,0.0,1.0,1.0,503071.4658083971,590.6642416477026,0.0,0.0929904841866397,0.09389016955645753,0.093890169556458,0.375,0.375,0.5,7.417531334981104,-4.087041816092096e-11,-4.087041816092096e-11,-4.087041816092096e-11,-4.087041816092096e-11,-4.087041816092096e-11,-4.087041816092096e-11,26366.128426581912,20172.065394109824,0.7650749881720469,1.21890761430741,3.8160000862531476,1.1153915943077568,0.6917507960320394,41059.97430708969,25750.0,0.0,0.0,0.0,0.0,0.0,0.0,0.0,0.0,0.0,0.0,0.0,0.0,0.0,0.0,0.0,0.0,0.0,0.0,0.0,0.0,41117.59914473565,25750.0,1.0,0.0,0.0,6.0,0.9,167190.3635292044,27865.060588200733,261.137884659842,261.137884659842,-12.012115340158005,243.91566501534868,278.36010439986933,144842.69281517158,145150.2788135061,-307.5859983345217,0.0,nan,278.36010439986933,5.210104399869351,271.4712166052204,-1.6787833947796003,264.5823285729597,-8.567671427040295,257.69344061181664,-15.456559388183337,250.8045527538373,-22.345447246162678,243.91566501534868,-29.234334984651298,1.0,1.0,26022.012520719443,26022.012520719443,277.2423539481932,4.092353948193249,277.2423539481932,277.2423539481932,76067.31656653316,76079.81339420241,-12.496827669252525,0.0,8546.071908451686,8546.071908451686,0.8688542731983417,4206.890684432312,277.2423539481932,4.092353948193249,1.0,0.002,0.870971882943364,0.0018694567873239999,0.0013500759618194965,0.0006435425675147498,0.6750379809097482,0.6750379809097482,0.0,-6.381470665753515e-06,0.9893297882208015,0.9893297882208015,0.0,0.09288834156330551,0.001001827993152257,0.0,0.0,0.0,1602098.1510228226,268.340040205746,0.0,1.0,1278583.3755151858,2622.261500999597,,,,,,,,,,,,,,,,,16.0,16243.107769423557
990.0,-31.239655958494925,5.229547950486698,34.97820238855124,24.975068214722,7.180087145231991,-27.38375528592088,-40.8592060097493,3.7113874651682397,-4.811561559512256,-4.8115615595073065,40.61734866578482,42040.38281073985,25855.856988234562,25855.856988234562,67896.23979897442,74830.04448114213,76254.68109087864,25855.856988234562,102110.5380791132,102110.5380791132,102110.5380791132,128460.52202389516,125094.56877019597,3365.9532536991833,0.0,89416.34554480789,58273.23965135356,34603.450992727034,26349.983944781954,60953.43493750899,20156.312676276666,1450.0,0.0,0.8856419170938773,2.904775440384506,0.001494314320929203,1.0,1.0,-4.811561559512256,357268.3948606785,1581324.2356253653,4.426152042477822,1581324.2356253653,4.426152042477822,0.7649459186964017,0.09292153509333137,4.183880283029182,101325.0,128351.07116782667,1.2667265844345095,1.0,0.0,4.183880283029182,1.2745147802664059,1.2747780861707485,3.2827240200028474,6955.698282301548,16243.107769423557,6505.798897944075,0.00019762343019164133,21371.63099706795,2179.2998625491837,19446.26827401709,1982.9675040933541,0.9099103515630131,0.9099103515630133,37346.29545143092,35405.22815468563,1.068993745171454,0.8,4507.302213218072,4273.035954225843,1.068993745171454,0.8,17887.488988751174,17887.488988751174,1.0,0.8,4632.441516551485,4632.441516551485,5.581475102460088,5.229547950486698,-2.1210865877462965,7.350634538232995,3.5,3.5,1.0,0.6,0.000206582301874478,1.0075172831880543,0.0002050409509808073,199.95070084584475,0.0,1.9773609059129372e-05,56.03840807357264,0.0053557549306657935,7.152373208981866e-05,0.00013505856978465933,0.000565068887176157,0.09292286894275355,0.09292286894275355,0.09292286894275355,0.09290293570407414,0.0,0.0,0.0,0.0,0.0,0.0,1.0,1.0,0.0,1.0,1.0,502949.9652497117,590.7020082489303,0.0,0.09292286894275355,0.09292153509333119,0.09292153509333154,0.375,0.375,0.5,7.399369721656794,-4.945377440890297e-12,-4.945377440890297e-12,-4.945377440890297e-12,-4.945377440890297e-12,-4.945377440890297e-12,-4.945377440890297e-12,26349.983944781954,20156.312676276666,0.7649459186964017,1.214918790024033,3.8210991581767306,1.1139034226468676,0.6897131040086703,41059.97430708969,25750.0,0.0,0.0,0.0,0.0,0.0,0.0,0.0,0.0,0.0,0.0,0.0,0.0,0.0,0.0,0.0,0.0,0.0,0.0,0.0,0.0,41116.01271516326,25750.0,1.0,0.0,0.0,6.0,0.9,167190.3635292044,27865.060588200733,261.1225397636363,261.1225397636363,-12.027460236363652,243.84240252327518,278.40267637280147,145349.41588086542,145435.76674130402,-86.35086043860524,0.0,nan,278.40267637280147,5.2526763728014885,271.49062676285524,-1.6593732371447345,264.5785675538233,-8.571432446176686,257.6665102449903,-15.483489755009657,250.75445512407234,-22.39554487592764,243.84240252327518,-29.307597476724794,1.0,1.0,26022.012520719443,26022.012520719443,277.26121394574744,4.1112139457474655,277.26121394574744,277.26121394574744,76234.74938803833,76254.68109087864,-19.931702840316575,0.0,8546.071908451686,8546.071908451686,0.8689866917496494,4204.799684444328,277.26121394574744,4.1112139457474655,1.0,0.002,0.8714642743428955,0.0018684477720470273,0.0013508347195038057,0.0006432331171687362,0.6754173597519029,0.6754173597519029,0.0,-5.9321633274580544e-06,0.999799443649576,0.999799443649576,0.0,0.09290289908937725,1.8636003954118038e-05,0.0,0.0,0.0,1602096.312372076,268.3384384404877,0.0,1.0,1278588.8961613686,2622.2388656046323,,,,,,,,,,,,,,,,,12.0,16243.107769423557
1020.0,-31.35995277706252,5.233641521350648,34.97598087879823,24.887896875757747,7.1302263899734815,-27.508849030328808,-40.97782970694823,3.6219171090185602,-4.801805713103192,-4.801805713017107,40.712593103260915,42040.086831995,25841.276628496966,25841.276628496966,67881.36346049196,74719.28193771573,76041.21712969246,25841.276628496966,101882.49375818943,101882.49375818943,101882.49375818943,128270.36775440478,124939.93089878767,3330.43685561711,0.0,89481.26046782444,58275.12864610629,34673.47980190905,26387.873996215356,61061.35379812441,20192.85748333189,1450.0,0.0,0.8853457744049842,2.905817882186207,0.001494314320929203,1.0,1.0,-4.801805713103192,357404.05433288484,1585488.4046631297,4.436123164921939,1585488.4046631297,4.436123164921939,0.765232450565287,0.09361015582694746,4.186477023524225,101325.0,128351.07116782667,1.2667265844345095,1.0,0.0,4.186477023524225,1.2749299434023362,1.2751913698597865,3.283691817882951,6957.748929876926,16243.107769423557,6503.680703694154,0.00019710967366293495,21373.880703278784,2179.529268738946,19439.936849654518,1982.3218784859782,0.9095183565178411,0.9095183565178411,37364.8375919623,35405.22815468563,1.0696572200223704,0.8,4509.540053144219,4273.035954225843,1.0696572200223704,0.8,17887.488988751174,17887.488988751174,1.0,0.8,4632.441516551485,4632.441516551485,5.57832765641344,5.233641521350648,-2.112847925272512,7.34648944662316,3.5,3.5,1.0,0.6,0.0002050409509808073,1.0127353796486234,0.00020246251400039752,200.0510105954942,0.0,1.0273139714627554e-05,29.114077951254487,0.00566394912210462,7.056253346339221e-05,0.00013447841751741506,0.0005629908050965558,0.09304706882508337,0.09304706882508337,0.09304706882508337,0.09290519972675722,0.0,0.0,0.0,0.0,0.0,0.0,1.0,1.0,0.0,1.0,1.0,504067.1431071288,590.339242819745,0.0,0.09304706882508337,0.0936101558269474,0.0936101558269475,0.375,0.375,0.5,7.264714523236131,-8.606093615526333e-11,-8.606093615526333e-11,-8.606093615526333e-11,-8.606093615526333e-11,-8.606093615526333e-11,-8.606093615526333e-11,26387.873996215356,20192.85748333189,0.765232450565287,1.2124565250494517,3.810862465867294,1.1116910981848727,0.6884892688587315,41059.97430708969,25750.0,0.0,0.0,0.0,0.0,0.0,0.0,0.0,0.0,0.0,0.0,0.0,0.0,0.0,0.0,0.0,0.0,0.0,0.0,0.0,0.0,41089.088385040945,25750.0,1.0,0.0,0.0,6.0,0.9,167190.3635292044,27865.060588200733,261.04653731841796,261.04653731841796,-12.103462681582016,243.73123231884142,278.3618422188044,145537.76379988017,145961.33174197562,-423.5679420954823,0.0,nan,278.3618422188044,5.2118422188044065,271.43572093547624,-1.714279064523737,264.50959838371625,-8.640401616283725,257.5834760433234,-15.566523956676576,250.65735401034607,-22.49264598965391,243.73123231884142,-29.418767681158556,1.0,1.0,26022.012520719443,26022.012520719443,277.2459917715197,4.095991771519721,277.2459917715197,277.2459917715197,76004.54776106247,76041.21712969246,-36.669368629998644,0.0,8546.071908451686,8546.071908451686,0.8688214231819851,4207.409408641846,277.2459917715197,4.095991771519721,1.0,0.002,0.8926884637779219,0.001776812596212297,0.0013837618019301582,0.0006114672900816297,0.691880900965079,0.691880900965079,0.0,-4.770907988212256e-06,0.9924365593218476,0.9924365593218476,0.0,0.09290214096647774,0.0007080148604697193,0.0,0.0,0.0,1602107.5104355821,268.3481942868968,0.0,1.0,1278555.2708669582,2622.376738102845,,,,,,,,,,,,,,,,,16.0,16243.107769423557
1050.0,-31.44214346198709,5.240775802911725,34.97863129028657,24.949109006579988,7.173999834197743,-27.577511728015786,-41.045325610879786,3.684556096518831,-4.80158396979806,-4.801583969805858,40.658640222364326,41945.99137465606,25859.076414747775,25859.076414747775,67805.06778940384,74760.67105201723,76192.11013005447,25859.076414747775,102051.18654480224,102051.18654480224,102051.18654480224,128419.67749208462,125119.02784918738,3300.649642897242,0.0,89436.9890865493,58221.068198024375,34684.35654280548,26368.490947282375,61052.84749008785,20173.753549825502,1450.0,0.0,0.8855429993609241,2.9058415795651156,0.001494314320929203,1.0,1.0,-4.80158396979806,357407.1382438699,1583128.522248165,4.429482102755172,1583128.522248165,4.429482102755172,0.7650704619448341,0.09295149616824208,4.184706478290362,101325.0,128351.07116782667,1.2667265844345095,1.0,0.0,4.184706478290362,1.2746467493391664,1.2749048309597948,3.283032322845447,6956.35153902969,16243.107769423557,6505.125604395425,0.0001974598429522051,21372.34464365307,2179.372634248502,19444.255754543374,1982.7622842197259,0.9097858039790557,0.9097858039790558,37352.195184880635,35405.22815468563,1.0692048404960681,0.8,4508.014248543501,4273.035954225843,1.0692048404960681,0.8,17887.488988751174,17887.488988751174,1.0,0.8,4632.441516551485,4632.441516551485,5.582170076482254,5.240775802911725,-2.1107739951686657,7.3515497980803906,3.5,3.5,1.0,0.6,0.00020246251400039752,1.00869104799618,0.00020071806367529525,200.119597345894,0.0,1.719396412292564e-05,48.727694324371264,0.006179768045792389,7.002096597751839e-05,0.00013244154802287913,0.0005542290040061464,0.09296243994288833,0.09296243994288833,0.09296243994288833,0.09292665367305217,0.0,0.0,0.0,0.0,0.0,0.0,1.0,1.0,0.0,1.0,1.0,503868.50802658446,590.4018681099953,0.0,0.09296243994288833,0.09295149616824207,0.09295149616824208,0.375,0.375,0.5,7.251533649890081,7.787548383930698e-12,7.787548383930698e-12,7.787548383930698e-12,7.787548383930698e-12,7.787548383930698e-12,7.787548383930698e-12,26368.490947282375,20173.753549825502,0.7650704619448341,1.2093634005546183,3.8159084517931134,1.110596320677954,0.6870439807326947,41059.97430708969,25750.0,0.0,0.0,0.0,0.0,0.0,0.0,0.0,0.0,0.0,0.0,0.0,0.0,0.0,0.0,0.0,0.0,0.0,0.0,0.0,0.0,41108.70200141406,25750.0,1.0,0.0,0.0,6.0,0.9,167190.3635292044,27865.060588200733,261.01994837151443,261.01994837151443,-12.130051628485546,243.65084330842615,278.38905182616924,146090.00822223484,146239.3718355688,-149.3636133339691,0.0,nan,278.38905182616924,5.239051826169259,271.441415596656,-1.7085844033439912,264.4937703595194,-8.656229640480603,257.54612578295945,-15.603874217040527,250.5984833553561,-22.55151664464387,243.65084330842615,-29.49915669157383,1.0,1.0,26022.012520719443,26022.012520719443,277.2638699306819,4.113869930681915,277.2638699306819,277.2638699306819,76140.61785486473,76192.11013005447,-51.4922751897393,0.0,8546.071908451686,8546.071908451686,0.8689341092192686,4205.630010681814,277.2638699306819,4.113869930681915,1.0,0.002,0.8932206651407274,0.0017761890437441089,0.0013845874073920232,0.0006112477176723417,0.6922937036960116,0.6922937036960116,0.0,-4.164874935635304e-06,0.9997324588910708,0.9997324588910708,0.0,0.0929266278218806,2.486834636148319e-05,0.0,0.0,0.0,1602107.7649433697,268.3484160302019,0.0,1.0,1278554.506566687,2622.379872051967,,,,,,,,,,,,,,,,,11.0,16243.107769423557
1080.0,-31.546447736064938,5.252374835103329,34.96999100363521,24.82967177582907,7.110959108296193,-27.678800087717992,-41.14208046868441,3.561978799617308,-4.767317308688348,-4.76731730865707,40.68776735299313,41932.69938516454,25800.707270183026,25800.707270183026,67733.40665534756,74586.42389077133,75817.73233730413,25800.707270183026,101618.43960748715,101618.43960748715,101618.43960748715,128009.76893093812,124572.57287419791,3437.196056740218,0.0,89525.756955468,58239.56962514933,34762.43036702074,26391.329323450973,61153.75969047171,20193.619902967683,1450.0,0.0,0.8856125828439737,2.9095054416241135,0.001494314320929203,1.0,1.0,-4.767317308688348,357883.95526305767,1584402.2041418448,4.427139526211092,1584402.2041418448,4.427139526211092,0.765161150295825,0.09621283764543159,4.188254940214944,101325.0,128351.07116782667,1.2667265844345095,1.0,0.0,4.188254940214944,1.275214965303256,1.275470937307333,3.2843520929186587,6959.1479734467575,16243.107769423557,6502.227704480612,0.0001967587662973942,21375.43158986246,2179.6874151583324,19435.593737770534,1981.8790043256909,0.9092491843293627,0.9092491843293627,37377.53155823227,35405.22815468563,1.0701114829776284,0.8,4511.072080392747,4273.035954225843,1.0701114829776284,0.8,17887.488988751174,17887.488988751174,1.0,0.8,4632.441516551485,4632.441516551485,5.569569994137729,5.252374835103329,-2.0825810341740056,7.334955869277335,3.5,3.5,1.0,0.6,0.00020071806367529525,1.011050799109431,0.00019852421248476806,200.20669828833252,0.0,1.1636623221646006e-05,32.97819021014478,0.00652886674244177,6.925133556199646e-05,0.00013146672811329877,0.0005506161734944185,0.09299462200205663,0.09299462200205663,0.09299462200205663,0.09305113238047487,0.0,0.0,0.0,0.0,0.0,0.0,1.0,1.0,0.0,1.0,1.0,503797.0959964236,590.4268658107434,0.0,0.09299462200205663,0.09621283764543231,0.09621283764543086,0.375,0.375,0.5,7.295445745012631,-3.126388037344441e-11,-3.126388037344441e-11,-3.126388037344441e-11,-3.126388037344441e-11,-3.126388037344441e-11,-3.126388037344441e-11,26391.329323450973,20193.619902967683,0.765161150295825,1.206264894095157,3.803792144405236,1.10759186349586,0.6856929091098551,41059.97430708969,25750.0,0.0,0.0,0.0,0.0,0.0,0.0,0.0,0.0,0.0,0.0,0.0,0.0,0.0,0.0,0.0,0.0,0.0,0.0,0.0,0.0,41092.95249729983,25750.0,1.0,0.0,0.0,6.0,0.9,167190.3635292044,27865.060588200733,260.94369381741075,260.94369381741075,-12.20630618258923,243.55134718542524,278.3360402543904,146232.4666966085,146657.43232534782,-424.96562873934977,0.0,nan,278.3360402543904,5.186040254390434,271.37910234768367,-1.7708976523163074,264.42216326439234,-8.727836735607639,257.46522427878136,-15.684775721218614,250.5082855737913,-22.641714426208665,243.55134718542524,-29.598652814574734,1.0,1.0,26022.012520719443,26022.012520719443,277.25432958941354,4.104329589413567,277.25432958941354,277.25432958941354,75783.5307419164,75817.73233730413,-34.20159538772714,0.0,8546.071908451686,8546.071908451686,0.868708266493683,4209.196214916018,277.25432958941354,4.104329589413567,1.0,0.002,0.9884099304311165,0.0014272109510942925,0.0015322498578725409,0.0004905338626920926,0.7661249289362704,0.7661249289362704,0.0,2.2783720564633313e-05,0.9670173661352308,0.9670173661352308,0.0,0.09303948484828184,0.0031733527971497515,0.0,0.0,0.0,1602147.086215848,268.38268269131163,0.0,1.0,1278436.3853270758,2622.86428142614,,,,,,,,,,,,,,,,,19.0,16243.107769423557
1110.0,-31.63196052234397,5.259823788068067,34.97174784407312,24.908733798097842,7.166821022264907,-27.74844131409546,-41.20997765623031,3.6429496321669297,-4.772810039493834,-4.7728100394577915,40.70560949548737,41820.55535383166,25834.03210587908,25834.03210587908,67654.58745971075,74642.7656910014,75997.9549051928,25834.03210587908,101831.98701107188,101831.98701107188,101831.98701107188,128227.78477639065,124843.99740506984,3383.7873713208037,0.0,89468.19684998362,58180.27917746936,34764.35296946029,26395.797765318766,61160.15073477906,20198.441654005317,1450.0,0.0,0.8855196803471326,2.9089179021093483,0.001494314320929203,1.0,1.0,-4.772810039493834,357807.4909170628,1585182.7941726323,4.430267209078823,1585182.7941726323,4.430267209078823,0.7652142903043413,0.09481142976786247,4.185954809352229,101325.0,128351.07116782667,1.2667265844345095,1.0,0.0,4.185954809352229,1.2748464193940585,1.2750995204515227,3.2834973261656386,6957.336825266307,16243.107769423557,6504.107480254111,0.00019721297574263144,21373.426356656895,2179.482938277281,19441.212513352115,1982.451959981453,0.9095973752143405,0.9095973752143405,37361.1088833565,35405.22815468563,1.0695237927620906,0.8,4509.09003751755,4273.035954225843,1.0695237927620906,0.8,17887.488988751174,17887.488988751174,1.0,0.8,4632.441516551485,4632.441516551485,5.57676378937011,5.259823788068067,-2.084606092778865,7.344429880846931,3.5,3.5,1.0,0.6,0.00019852421248476806,1.0090580218971517,0.00019674211807118726,200.27815791091612,0.0,1.4640790113045844e-05,41.49199918037192,0.006968090445833145,6.871593137686919e-05,0.00012980828110789887,0.0005433715985973555,0.0930239751332639,0.0930239751332639,0.0930239751332639,0.0930225825520274,0.0,0.0,0.0,0.0,0.0,0.0,1.0,1.0,0.0,1.0,1.0,503920.655882635,590.3871083217863,0.0,0.0930239751332639,0.09481142976786258,0.09481142976786236,0.375,0.375,0.5,7.287883854253016,-3.603872755775228e-11,-3.603872755775228e-11,-3.603872755775228e-11,-3.603872755775228e-11,-3.603872755775228e-11,-3.603872755775228e-11,26395.797765318766,20198.441654005317,0.7652142903043413,1.2029723490199886,3.806545219440049,1.1061873891235947,0.6837876436110575,41059.97430708969,25750.0,0.0,0.0,0.0,0.0,0.0,0.0,0.0,0.0,0.0,0.0,0.0,0.0,0.0,0.0,0.0,0.0,0.0,0.0,0.0,0.0,41101.46630627006,25750.0,1.0,0.0,0.0,6.0,0.9,167190.3635292044,27865.060588200733,260.9208450920367,260.9208450920367,-12.229154907963277,243.47013348869928,278.37155632500753,146836.35982030997,146963.23286211467,-126.87304180472373,0.0,nan,278.37155632500753,5.221556325007555,271.3912715906833,-1.7587284093166886,264.41098767078415,-8.739012329215825,257.43070310124017,-15.719296898759808,250.45041837580575,-22.699581624194224,243.47013348869928,-29.679866511300702,1.0,1.0,26022.012520719443,26022.012520719443,277.2699252100589,4.119925210058909,277.2699252100589,277.2699252100589,75986.65594145282,75997.9549051928,-11.298963739987812,0.0,8546.071908451686,8546.071908451686,0.8688546595667599,4206.884583398991,277.2699252100589,4.119925210058909,1.0,0.002,1.0421742477125808,0.0013129279554748286,0.001615577803727147,0.00045134582412792104,0.8077889018635735,0.8077889018635735,0.0,6.692362785506827e-05,0.9810923816932476,0.9810923816932476,0.0,0.09301877144269427,0.0017926583251682022,0.0,0.0,0.0,1602140.7844104967,268.37718996050614,0.0,1.0,1278455.32097441,2622.786618826521,,,,,,,,,,,,,,,,,17.0,16243.107769423557
1140.0,-31.70886553314315,5.260887112375158,34.97310803384118,24.892488866485678,7.156860310387832,-27.820159958864128,-41.27925279373301,3.6261970723105734,-4.781271420115672,-4.781271420131896,40.73119626450168,41780.896692436814,25858.55822120566,25858.55822120566,67639.45491364248,74625.08894286593,75992.62688689225,25858.55822120566,101851.18510809791,101851.18510809791,101851.18510809791,128253.16312575366,124931.00901374494,3322.1541120087236,0.0,89480.83861129305,58162.079540588544,34798.62118967167,26401.978017655747,61200.59920732742,20205.18378681601,1450.0,0.0,0.8853833774735,2.9080129991619397,0.001494314320929203,1.0,1.0,-4.781271420115672,357689.7250568712,1586302.717027585,4.434856821160769,1586302.717027585,4.434856821160769,0.7652905313876194,0.09407178186449101,4.186460152495031,101325.0,128351.07116782667,1.2667265844345095,1.0,0.0,4.186460152495031,1.2749272345640261,1.2751780795071064,3.283685561809049,6957.735674007035,16243.107769423557,6503.694440133624,0.00019711299694375917,21373.866071068318,2179.527776668722,19439.977908791334,1982.3260653527286,0.9095209001569119,0.9095209001569119,37364.71713105613,35405.22815468563,1.0696529094246805,0.8,4509.525514789012,4273.035954225843,1.0696529094246805,0.8,17887.488988751174,17887.488988751174,1.0,0.8,4632.441516551485,4632.441516551485,5.582058214618429,5.260887112375158,-2.090515367001007,7.351402479376166,3.5,3.5,1.0,0.6,0.00019674211807118726,1.0081480120664965,0.00019515201708120844,200.3424635344268,0.0,1.1897152879176556e-05,33.71653125958636,0.0073250050322084415,6.81736092495269e-05,0.00012856850882166036,0.000538246939047587,0.09305796205025516,0.09305796205025516,0.09305796205025516,0.09297933122166008,0.0,0.0,0.0,0.0,0.0,0.0,1.0,1.0,0.0,1.0,1.0,504421.8426691456,590.2234077553484,0.0,0.09305796205025516,0.09407178186449115,0.09407178186449087,0.375,0.375,0.5,7.2103188579889945,1.6200374375330284e-11,1.6200374375330284e-11,1.6200374375330284e-11,1.6200374375330284e-11,1.6200374375330284e-11,1.6200374375330284e-11,26401.978017655747,20205.18378681601,0.7652905313876194,1.2006480505278612,3.8059135984764225,1.1052090304623055,0.6826877062248514,41059.97430708969,25750.0,0.0,0.0,0.0,0.0,0.0,0.0,0.0,0.0,0.0,0.0,0.0,0.0,0.0,0.0,0.0,0.0,0.0,0.0,0.0,0.0,41093.69083834928,25750.0,1.0,0.0,0.0,6.0,0.9,167190.3635292044,27865.060588200733,260.8801079544855,260.8801079544855,-12.269892045514496,243.3956007226323,278.36461513937013,147057.51125199933,147284.53963600632,-227.02838400696174,0.0,nan,278.36461513937013,5.214615139370153,271.3708122368474,-1.7791877631525495,264.37700943404144,-8.772990565958537,257.3832065494902,-15.766793450509795,250.3894036445315,-22.760596355468465,243.3956007226323,-29.754399277367668,1.0,1.0,26022.012520719443,26022.012520719443,277.2608403829222,4.11084038292222,277.2608403829222,277.2608403829222,75966.84256040049,75992.62688689225,-25.78432649176102,0.0,8546.071908451686,8546.071908451686,0.8688224969427266,4207.3924532575065,277.2608403829222,4.11084038292222,1.0,0.002,1.0752976960782832,0.0009489254067709753,0.0016668964880236824,0.0003263140163170447,0.8334482440118411,0.8334482440118411,0.0,-6.789495659272841e-06,0.9882573669367265,0.9882573669367265,0.0,0.092967131448448,0.0011046504160430247,0.0,0.0,0.0,1602131.0758180993,268.3687285798843,0.0,1.0,1278484.4895882064,2622.6669930814464,,,,,,,,,,,,,,,,,24.0,16243.107769423557
1170.0,-31.790002363609727,5.2730421225858,34.966485890409714,24.822482268232875,7.125347709344139,-27.89645861680074,-41.352538916375465,3.5543165625242223,-4.747233932984727,-4.747233932961571,40.68108917819236,41755.50618589487,25802.210843034478,25802.210843034478,67557.71702892934,74500.00361602828,75754.2449403624,25802.210843034478,101556.45578339689,101556.45578339689,101556.45578339689,127952.5857202757,124455.07859412202,3497.507126153676,0.0,89533.0493608987,58166.059306158335,34852.21117193374,26396.129936878824,61248.341108812565,20196.810425897853,1450.0,0.0,0.8857395169085045,2.9116544927734016,0.001494314320929203,1.0,1.0,-4.747233932984727,358163.6452255233,1584110.1100795448,4.422866840888012,1584110.1100795448,4.422866840888012,0.765142862767935,0.09727472056663944,4.188546138914443,101325.0,128351.07116782667,1.2667265844345095,1.0,0.0,4.188546138914443,1.2752616865327093,1.2755105693795645,3.284460109754117,6959.37684815943,16243.107769423557,6501.989390873451,0.00019670132924249029,21375.686548866146,2179.7134137413027,19434.88140245078,1981.806366338228,0.9092050146797127,0.9092050146797127,37379.610555439845,35405.22815468563,1.0701858851037191,0.8,4511.322993330743,4273.035954225843,1.0701858851037191,0.8,17887.488988751174,17887.488988751174,1.0,0.8,4632.441516551485,4632.441516551485,5.5698945687375545,5.2730421225858,-2.0623412016599647,7.335383324245765,3.5,3.5,1.0,0.6,0.00019515201708120844,1.0086039238616293,0.00019348726736460861,200.41034796431643,0.0,1.061882498669626e-05,30.093750012297203,0.007643569781809329,6.760419819651974e-05,0.0001275478188846887,0.0005342399243164215,0.09297973278923345,0.09297973278923345,0.09297973278923345,0.09313320962615887,0.0,0.0,0.0,0.0,0.0,0.0,1.0,1.0,0.0,1.0,1.0,503534.0261354979,590.5131046036831,0.0,0.09297973278923345,0.09727472056663945,0.09727472056663941,0.375,0.375,0.5,7.34294102328704,-2.3135271476348862e-11,-2.3135271476348862e-11,-2.3135271476348862e-11,-2.3135271476348862e-11,-2.3135271476348862e-11,-2.3135271476348862e-11,26396.129936878824,20196.810425897853,0.765142862767935,1.198073372731091,3.7998833427065204,1.1030130091018737,0.6817410142049869,41059.97430708969,25750.0,0.0,0.0,0.0,0.0,0.0,0.0,0.0,0.0,0.0,0.0,0.0,0.0,0.0,0.0,0.0,0.0,0.0,0.0,0.0,0.0,41090.068057101984,25750.0,1.0,0.0,0.0,6.0,0.9,167190.3635292044,27865.060588200733,260.8258147510257,260.8258147510257,-12.324185248974288,243.31748438040137,278.3341447927612,147281.10668933217,147583.61269093544,-302.50600160324746,0.0,nan,278.3341447927612,5.184144792761231,271.33081293487,-1.819187065129995,264.3274809525444,-8.822519047455557,257.3241488384764,-15.825851161523588,250.3208166071011,-22.82918339289887,243.31748438040137,-29.83251561959861,1.0,1.0,26022.012520719443,26022.012520719443,277.26698412556476,4.116984125564784,277.26698412556476,277.26698412556476,75714.6183388345,75754.2449403624,-39.62660152791068,0.0,8546.071908451686,8546.071908451686,0.868689732819115,4209.488869609016,277.26698412556476,4.116984125564784,1.0,0.002,1.199970366274255,0.0005102833225518138,0.001860291958175473,0.00017525545041624033,0.9301459790877364,0.9301459790877364,0.0,3.554740859171334e-05,0.9572742763928624,0.9572742763928624,0.0,0.09311858774174767,0.004156132824891775,0.0,0.0,0.0,1602170.1241239584,268.40276606701525,0.0,1.0,1278367.1448209982,2623.1482916499285,,,,,,,,,,,,,,,,,15.0,16243.107769423557
1200.0,-31.852815353393055,5.272598076147813,34.96987890056628,24.874355631787353,7.154912588152361,-27.94989172067913,-41.40462811393661,3.607432730287853,-4.7711986856622275,-4.771198685663031,40.75291698888066,41684.79947676967,25862.776661662923,25862.776661662923,67547.5761384326,74566.88386364371,75924.01008886793,25862.776661662923,101786.78675053085,101786.78675053085,101786.78675053085,128200.22256894494,124830.57397274148,3369.648596203462,0.0,89495.37329634532,58124.29658969193,34856.75189628155,26413.435818414095,61270.18771469565,20215.708888893467,1450.0,0.0,0.8853560400894985,2.9090902536641536,0.001494314320929203,1.0,1.0,-4.7711986856622275,357829.92125693726,1587253.893615476,4.43577744432322,1587253.893615476,4.43577744432322,0.7653570337411428,0.09473648436997434,4.187041136276577,101325.0,128351.07116782667,1.2667265844345095,1.0,0.0,4.187041136276577,1.2750203460040124,1.2752670590500608,3.2839014290234716,6958.193070731041,16243.107769423557,6503.220129194646,0.0001969983095855366,21374.371634650608,2179.579329806877,19438.56016165384,1982.181495378528,0.9094330581462069,0.9094330581462069,37368.86535989297,35405.22815468563,1.0698013524934362,0.8,4510.026162063157,4273.035954225843,1.0698013524934362,0.8,17887.488988751174,17887.488988751174,1.0,0.8,4632.441516551485,4632.441516551485,5.58296884467003,5.272598076147813,-2.0800036755687246,7.352601751716538,3.5,3.5,1.0,0.6,0.00019348726736460861,1.0066583432998475,0.00019220748395165854,200.46292991241214,0.0,1.1121102332575611e-05,31.517204010519283,0.007977202851786597,6.720215879281657e-05,0.00012628510857179203,0.0005287609444892471,0.09309255010244315,0.09309255010244315,0.09309255010244315,0.09301090288674124,0.0,0.0,0.0,0.0,0.0,0.0,1.0,1.0,0.0,1.0,1.0,504275.79291197826,590.2726152181132,0.0,0.09309255010244315,0.09473648436997552,0.09473648436997315,0.375,0.375,0.5,7.262171939858864,7.958078640513122e-13,7.958078640513122e-13,7.958078640513122e-13,7.958078640513122e-13,7.958078640513122e-13,7.958078640513122e-13,26413.435818414095,20215.708888893467,0.7653570337411428,1.195888808022199,3.802218735030761,1.1024542058360844,0.6803439165369422,41059.97430708969,25750.0,0.0,0.0,0.0,0.0,0.0,0.0,0.0,0.0,0.0,0.0,0.0,0.0,0.0,0.0,0.0,0.0,0.0,0.0,0.0,0.0,41091.491511100205,25750.0,1.0,0.0,0.0,6.0,0.9,167190.3635292044,27865.060588200733,260.8042791725787,260.8042791725787,-12.345720827421303,243.2566905122343,278.35186780489676,147669.22362083034,147789.24977596966,-120.026155139314,0.0,nan,278.35186780489676,5.201867804896779,271.3328323658318,-1.817167634168186,264.313796918175,-8.836203081824976,257.29476145396836,-15.855238546031615,250.27572598036562,-22.874274019634356,243.2566905122343,-29.89330948776569,1.0,1.0,26022.012520719443,26022.012520719443,277.26288407214554,4.112884072145562,277.26288407214554,277.26288407214554,75900.3880341602,75924.01008886793,-23.6220547077246,0.0,8546.071908451686,8546.071908451686,0.8687855200116623,4207.97634195796,277.26288407214554,4.112884072145562,1.0,0.002,1.2520787628170758,0.00015392351253698126,0.0019409781280881752,5.2911219048278074e-05,0.9704890640440875,0.9704890640440875,0.0,-6.110652863546787e-06,0.9816600531421015,0.9816600531421015,0.0,0.09299902228112487,0.0017374620888494638,0.0,0.0,0.0,1602142.6331608011,268.37880131433775,0.0,1.0,1278449.7660525998,2622.8094014297826,,,,,,,,,,,,,,,,,22.0,16243.107769423557
1230.0,-31.898305238785923,5.273594125227559,34.97303519767193,24.91147646158936,7.181861556260868,-27.990432121256262,-41.44416907858101,3.645436079573142,-4.7697544701038055,-4.769754470156278,40.76004550216915,41641.59172395711,25861.62263311338,25861.62263311338,67503.2143570705,74590.31676301,75999.72849883571,25861.62263311338,101861.3511319491,101861.3511319491,101861.3511319491,128277.87523865368,124963.9052999911,3313.9699386625875,0.0,89468.42312873155,58093.386026180124,34861.15233616825,26416.524106704594,61277.67644287284,20218.644950117312,1450.0,0.0,0.8853375295193036,2.9092447348436528,0.001494314320929203,1.0,1.0,-4.7697544701038055,357850.02593897487,1587566.153652107,4.436400834361932,1587566.153652107,4.436400834361932,0.7653787026804847,0.09417697608203451,4.185963895289373,101325.0,128351.07116782667,1.2667265844345095,1.0,0.0,4.185963895289373,1.2748479112229698,1.2750929592891969,3.2835006108875775,6957.34378519794,16243.107769423557,6504.100277129504,0.00019721123133318238,21373.43402063592,2179.4837197856477,19441.190982730634,1982.449764469073,0.9095960417011268,0.9095960417011268,37361.173759472695,35405.22815468563,1.0695261142458137,0.8,4509.097867377475,4273.035954225843,1.0695261142458137,0.8,17887.488988751174,17887.488988751174,1.0,0.8,4632.441516551485,4632.441516551485,5.582719725810046,5.273594125227559,-2.0786795444564152,7.352273669683974,3.5,3.5,1.0,0.6,0.00019220748395165854,1.0048197930571403,0.00019128552729526937,200.50102588480388,0.0,8.551637753775922e-06,24.23534139420096,0.008233751984399875,6.689844804405342e-05,0.0001253090359076051,0.0005245391000627546,0.09309285574160285,0.09309285574160285,0.09309285574160285,0.0930138973094968,0.0,0.0,0.0,0.0,0.0,0.0,1.0,1.0,0.0,1.0,1.0,504690.9732335058,590.1362535620891,0.0,0.09309285574160285,0.09417697608203467,0.09417697608203437,0.375,0.375,0.5,7.183825428913283,5.24664756085258e-11,5.24664756085258e-11,5.24664756085258e-11,5.24664756085258e-11,5.24664756085258e-11,5.24664756085258e-11,26416.524106704594,20218.644950117312,0.7653787026804847,1.1944984297250036,3.802617596106385,1.1015955283487537,0.6795556578059581,41059.97430708969,25750.0,0.0,0.0,0.0,0.0,0.0,0.0,0.0,0.0,0.0,0.0,0.0,0.0,0.0,0.0,0.0,0.0,0.0,0.0,0.0,0.0,41084.20964848389,25750.0,1.0,0.0,0.0,6.0,0.9,167190.3635292044,27865.060588200733,260.79336320987244,260.79336320987244,-12.356636790127538,243.21225005631158,278.37447088118194,147936.05222526597,147994.94228648205,-58.8900612160537,0.0,nan,278.37447088118194,5.224470881181958,271.34202982896636,-1.8079701710336167,264.30958738920987,-8.84041261079011,257.2771434060749,-15.872856593925064,250.2446976974899,-22.90530230251008,243.21225005631158,-29.937749943688402,1.0,1.0,26022.012520719443,26022.012520719443,277.2731883125595,4.1231883125595346,277.2731883125595,277.2731883125595,75984.86800601067,75999.72849883571,-14.860492825042456,0.0,8546.071908451686,8546.071908451686,0.868854081292292,4206.89371476582,277.2731883125595,4.1231883125595346,1.0,0.002,1.287115428259116,2.2681597930516674e-07,0.001995298103203605,7.796386989070981e-08,0.9976490516018024,0.9976490516018024,0.0,-4.6239329265043184e-06,0.9875956574125137,0.9875956574125137,0.0,0.09300877260685946,0.001168203475175064,0.0,0.0,0.0,1602144.290116739,268.3802455298962,0.0,1.0,1278444.7872737271,2622.829821312798,,,,,,,,,,,,,,,,,22.0,16243.107769423557
1260.0,-31.92634284509027,5.277675950764159,34.97898312158446,24.998510197643213,7.2450857759982625,-28.00552571289319,-41.45950792646033,3.7346345526872886,-4.768279334645513,-4.768279334656026,40.74774084926229,41557.34255352454,25868.334859956976,25868.334859956976,67425.67741348152,74644.71592286248,76200.43103462546,25868.334859956976,102068.76589458244,102068.76589458244,102068.76589458244,128481.39018201054,125226.80394803804,3254.586233972497,0.0,89404.4956957823,58049.248739745984,34839.1632844848,26412.6242874281,61251.7875719129,20214.682399004905,1450.0,0.0,0.8853898096943911,2.909402530072881,0.001494314320929203,1.0,1.0,-4.768279334645513,357870.5619666325,1587027.1851562054,4.434640213028135,1587027.1851562054,4.434640213028135,0.7653416858175166,0.09306339656612062,4.183405904625825,101325.0,128351.07116782667,1.2667265844345095,1.0,0.0,4.183405904625825,1.274439107177696,1.2746829016258467,3.2825467149153718,6955.322594097214,16243.107769423557,6506.18548515143,0.00019771747722386826,21371.22185464307,2179.258141632777,19447.42380905029,1983.085335874156,0.9099818410628301,0.9099818410628301,37342.907882821964,35405.22815468563,1.0688725400910675,0.8,4506.893369574976,4273.035954225843,1.0688725400910675,0.8,17887.488988751174,17887.488988751174,1.0,0.8,4632.441516551485,4632.441516551485,5.584168686756366,5.277675950764159,-2.0765059568284423,7.354181907592602,3.5,3.5,1.0,0.6,0.00019128552729526937,1.0029688325188548,0.00019071931359509458,200.52451276894743,0.0,6.161775180911742e-06,17.462470862703878,0.008418605239827227,6.678097383213294e-05,0.00012450455346313643,0.0005208530841104867,0.09306756972337503,0.09306756972337503,0.09306756972337503,0.09302443518575894,0.0,0.0,0.0,0.0,0.0,0.0,1.0,1.0,0.0,1.0,1.0,504847.1106283993,590.0841902270656,0.0,0.09306756972337503,0.09306339656612035,0.09306339656612089,0.375,0.375,0.5,7.139341735612731,1.0516032489249483e-11,1.0516032489249483e-11,1.0516032489249483e-11,1.0516032489249483e-11,1.0516032489249483e-11,1.0516032489249483e-11,26412.6242874281,20214.682399004905,0.7653416858175166,1.192834116427578,3.8054927707680197,1.100795259800706,0.6784674243953123,41059.97430708969,25750.0,0.0,0.0,0.0,0.0,0.0,0.0,0.0,0.0,0.0,0.0,0.0,0.0,0.0,0.0,0.0,0.0,0.0,0.0,0.0,0.0,41077.43677795239,25750.0,1.0,0.0,0.0,6.0,0.9,167190.3635292044,27865.060588200733,260.80730973411346,260.80730973411346,-12.342690265886517,243.1862126527845,278.42840686161213,148258.70232266662,148182.1019643719,76.60035829474256,0.0,nan,278.42840686161213,5.278406861612154,271.3799692880849,-1.7700307119150693,264.3315291602855,-8.81847083971445,257.283089647019,-15.866910352980995,250.23465079489452,-22.915349205105457,243.1862126527845,-29.963787347215487,1.0,1.0,26022.012520719443,26022.012520719443,277.2981482183659,4.148148218365918,277.2981482183659,277.2981482183659,76179.4582367933,76200.43103462546,-20.972797832160722,0.0,8546.071908451686,8546.071908451686,0.8690168830281169,4204.322934148954,277.2981482183659,4.148148218365918,1.0,0.002,1.2882609116371406,5.345795956874455e-06,0.0019970799543176277,1.837420525542241e-06,0.9985399771588138,0.9985399771588138,0.0,-1.0826251568302886e-06,0.9995831579809697,0.9995831579809697,0.0,0.09302460383199818,3.879273412243457e-05,0.0,0.0,0.0,1602145.9825159537,268.38172066535446,0.0,1.0,1278439.701859467,2622.8506787785764,,,,,,,,,,,,,,,,,12.0,16243.107769423557
1290.0,-31.90161319914153,5.285122338479089,34.98193827128554,25.01186525858941,7.252594568534321,-27.981162706752407,-41.43757576877249,3.748300221693708,-4.762919210776147,-4.762919210703722,40.74065980867817,41563.201785671095,25873.706989145736,25873.706989145736,67436.90877481684,74662.29691904364,76228.71021218698,25873.706989145736,102102.41720133272,102102.41720133272,102102.41720133272,128514.42197088915,125262.86145566076,3251.5605152283892,0.0,89394.80871577829,58045.288451624205,34832.80029350454,26412.004769556435,61244.80506306097,20213.65715619065,1450.0,0.0,0.8854429938580565,2.9099759593909047,0.001494314320929203,1.0,1.0,-4.762919210776147,357945.19045852456,1586717.0840340287,4.432849291818835,1586717.0840340287,4.432849291818835,0.7653208203070501,0.09305177259548061,4.183018112609633,101325.0,128351.07116782667,1.2667265844345095,1.0,0.0,4.183018112609633,1.274377370037716,1.2746204310683387,3.2824014385046985,6955.014770815689,16243.107769423557,6506.501899767443,0.00019779451799671206,21370.887313707597,2179.224027951196,19448.36959351202,1983.1817790491168,0.9100403417053046,0.9100403417053046,37340.13857645072,35405.22815468563,1.0687734580878328,0.8,4506.559143634081,4273.035954225843,1.0687734580878328,0.8,17887.488988751174,17887.488988751174,1.0,0.8,4632.441516551485,4632.441516551485,5.585328362311809,5.285122338479089,-2.0705868268786185,7.355709165357707,3.5,3.5,1.0,0.6,0.00019071931359509458,0.9973886982296007,0.00019121864317655487,200.50395760474274,0.0,3.7846575450217683e-06,10.72571948259169,0.00853214496617788,6.694900232895978e-05,0.00012377031126613482,0.0005177334538295741,0.09305315384440878,0.09305315384440878,0.09305315384440878,0.09304835880968856,0.0,0.0,0.0,0.0,0.0,0.0,1.0,1.0,0.0,1.0,1.0,504840.21276807564,590.0860986224588,0.0,0.09305315384440878,0.09305177259548034,0.09305177259548088,0.375,0.375,0.5,7.133662653433133,-7.241851562866941e-11,-7.241851562866941e-11,-7.241851562866941e-11,-7.241851562866941e-11,-7.241851562866941e-11,-7.241851562866941e-11,26412.004769556435,20213.65715619065,0.7653208203070501,1.1932202244854144,3.8064510734933426,1.1011041459823432,0.6786404453875781,41059.97430708969,25750.0,0.0,0.0,0.0,0.0,0.0,0.0,0.0,0.0,0.0,0.0,0.0,0.0,0.0,0.0,0.0,0.0,0.0,0.0,0.0,0.0,41070.70002657228,25750.0,1.0,0.0,0.0,6.0,0.9,167190.3635292044,27865.060588200733,260.8232415192539,260.8232415192539,-12.326758480746093,243.20382512209335,278.4426343810234,148183.28875816197,148099.7245830559,83.56417510603453,0.0,nan,278.4426343810234,5.292634381023447,271.3948876646886,-1.7551123353113667,264.34713220601435,-8.802867793985627,257.29936944147573,-15.850630558524244,250.2516003002276,-22.89839969977237,243.20382512209335,-29.94617487790663,1.0,1.0,26022.012520719443,26022.012520719443,277.3068173687182,4.156817368718237,277.3068173687182,277.3068173687182,76191.67938247016,76228.71021218698,-37.030829716823064,0.0,8546.071908451686,8546.071908451686,0.8690415635305327,4203.933203172682,277.3068173687182,4.156817368718237,1.0,0.002,1.288271850793989,4.50375849558523e-06,0.00199711912309536,1.5476961089277098e-06,0.9985595615476801,0.9985595615476801,0.0,-1.333180795712232e-06,0.9999629961202846,0.9999629961202846,0.0,0.09304832931888019,3.4432766004271316e-06,0.0,0.0,0.0,1602152.1318338083,268.38708078922383,0.0,1.0,1278421.2228909126,2622.926470914663,,,,,,,,,,,,,,,,,8.0,16243.107769423557
1320.0,-31.9039650008113,5.285006985330874,34.98216558800815,25.014584243204467,7.251944833850424,-27.981191374415097,-41.43760266071183,3.7510878230843883,-4.76217632667192,-4.762176326746601,40.74027894746701,41552.63212243124,25871.497028599497,25871.497028599497,67424.12915103073,74675.02545112367,76235.09443025499,25871.497028599497,102106.59145885448,102106.59145885448,102106.59145885448,128518.72668759794,125267.1759226179,3251.550764980042,0.0,89392.8036161868,58044.16886543769,34831.81638972122,26412.135228743453,61243.95161846468,20213.72847192679,1450.0,0.0,0.8854481817981144,2.910055440627537,0.001494314320929203,1.0,1.0,-4.76217632667192,357955.53452615516,1586700.406216098,4.432674601096748,1586700.406216098,4.432674601096748,0.7653197402203535,0.09305199479407036,4.182937788873045,101325.0,128351.07116782667,1.2667265844345095,1.0,0.0,4.182937788873045,1.2743645407052022,1.274607599288896,3.2823714528013386,6954.951234708455,16243.107769423557,6506.567171219739,0.00019781041760069364,21370.81834063584,2179.216994655243,19448.564694250897,1983.2016737877766,0.9100524081134578,0.9100524081134578,37339.564960915945,35405.22815468563,1.0687529351363636,0.8,4506.489914315933,4273.035954225843,1.0687529351363636,0.8,17887.488988751174,17887.488988751174,1.0,0.8,4632.441516551485,4632.441516551485,5.584851300585644,5.285006985330874,-2.070073904107504,7.355080889438378,3.5,3.5,1.0,0.6,0.00019071931359509458,0.9976367177235829,0.00019117110487901825,200.50591222978886,0.0,0.0,0.0,0.00853214496617788,6.694879606293105e-05,0.00012377051753216354,0.0005177243749336606,0.09305217320069933,0.09305217320069933,0.09305217320069933,0.09305144547235072,0.0,0.0,0.0,0.0,0.0,0.0,1.0,1.0,0.0,1.0,1.0,504838.5160377961,590.0866379820562,0.0,0.09305217320069933,0.09305199479407009,0.09305199479407063,0.375,0.375,0.5,7.133630143671163,7.469225238310173e-11,7.469225238310173e-11,7.469225238310173e-11,7.469225238310173e-11,7.469225238310173e-11,7.469225238310173e-11,26412.135228743453,20213.72847192679,0.7653197402203535,1.1929504811782745,3.8068305197188947,1.100910822526069,0.6784773193815824,41059.97430708969,25750.0,0.0,0.0,0.0,0.0,0.0,0.0,0.0,0.0,0.0,0.0,0.0,0.0,0.0,0.0,0.0,0.0,0.0,0.0,0.0,0.0,41059.97430708969,25750.0,1.0,0.0,0.0,6.0,0.9,167190.3635292044,27865.060588200733,260.82378810199765,260.82378810199765,-12.326211898002327,243.20382913690142,278.44373000163284,148148.85077092663,148141.35267242143,7.498098505203359,0.0,nan,278.44373000163284,5.293730001632866,271.39576081752176,-1.7542391824782158,264.34778531956164,-8.80221468043834,257.2998044444105,-15.850195555589494,250.25181889195784,-22.898181108042138,243.20382913690142,-29.94617086309856,1.0,1.0,26022.012520719443,26022.012520719443,277.30830728805444,4.158307288054459,277.30830728805444,277.30830728805444,76195.15470678077,76235.09443025499,-39.939723474220955,0.0,8546.071908451686,8546.071908451686,0.8690466756175564,4203.8524778174105,277.30830728805444,4.158307288054459,1.0,0.002,1.2882718964333073,4.503757857850923e-06,0.0019971222722063456,1.5476536181444495e-06,0.9985611361031728,0.9985611361031728,0.0,-1.330074175509826e-06,0.9999940424443665,0.9999940424443665,0.0,0.09305144043163457,5.543624357923886e-07,0.0,0.0,0.0,1602152.984062983,268.38782367332806,0.0,1.0,1278418.661761488,2622.936975718858,,,,,,,,,,,,,,,,,9.0,16243.107769423557
1350.0,-31.955189640502645,5.2691857796035775,34.97989203010713,24.92242493843662,7.190513318579726,-28.037255503310668,-41.4898595661856,3.6565865170349094,-4.774927517397543,-4.774927517388848,40.78364779131973,41581.89203692187,25863.591739755495,25863.591739755495,67445.48377667737,74594.39601382101,76081.18882665233,25863.591739755495,101944.78056640783,101944.78056640783,101944.78056640783,128367.92859914024,125174.16562353376,3193.7629756064907,0.0,89460.87745382453,58070.72257442809,34877.94986599605,26423.148032732413,61301.09789872846,20225.587169422564,1450.0,0.0,0.8852251938360405,2.908691427425195,0.001494314320929203,1.0,1.0,-4.774927517397543,357778.016914909,1588600.3682789782,4.440184396954712,1588600.3682789782,4.440184396954712,0.7654495650695198,0.09303785988793903,4.1856621310249595,101325.0,128351.07116782667,1.2667265844345095,1.0,0.0,4.1856621310249595,1.2747996066297351,1.2750427481932234,3.283388313941238,6957.105841443911,16243.107769423557,6504.346445573842,0.00019727086405227636,21373.172189585664,2179.457020448947,19441.92679668435,1982.524796610907,0.909641611653588,0.909641611653588,37359.019063698484,35405.22815468563,1.0694490125867429,0.8,4508.83781842444,4273.035954225843,1.0694490125867429,0.8,17887.488988751174,17887.488988751174,1.0,0.8,4632.441516551485,4632.441516551485,5.583144794671698,5.2691857796035775,-2.0836476929637273,7.352833472567305,3.5,3.5,1.0,0.6,0.00019071931359509458,1.0030553650213934,0.0001901383714656936,200.54868268400367,0.0,0.0,0.0,0.00853214496617788,6.654908466962918e-05,0.0001241702289254654,0.0005197346250140206,0.09310938187744647,0.09310938187744647,0.09310938187744647,0.0929844072701665,0.0,0.0,0.0,0.0,0.0,0.0,1.0,1.0,0.0,1.0,1.0,505668.979866052,589.8152139708267,0.0,0.09310938187744647,0.093037859887939,0.09303785988793904,0.375,0.375,0.5,7.006162544615316,-8.697043085703626e-12,-8.697043085703626e-12,-8.697043085703626e-12,-8.697043085703626e-12,-8.697043085703626e-12,-8.697043085703626e-12,26423.148032732413,20225.587169422564,0.7654495650695198,1.19221147448984,3.801893235019967,1.1002328847046043,0.678322142053909,41059.97430708969,25750.0,0.0,0.0,0.0,0.0,0.0,0.0,0.0,0.0,0.0,0.0,0.0,0.0,0.0,0.0,0.0,0.0,0.0,0.0,0.0,0.0,41059.97430708969,25750.0,1.0,0.0,0.0,6.0,0.9,167190.3635292044,27865.060588200733,260.77497107381095,260.77497107381095,-12.375028926189032,243.15886171074476,278.39108105424214,148067.16439728063,148338.72742366212,-271.56302638148117,0.0,nan,278.39108105424214,5.241081054242159,271.3446370020755,-1.805362997924476,264.298192853763,-8.851807146236979,257.2517487975948,-15.898251202405163,250.20530502444538,-22.944694975554597,243.15886171074476,-29.99113828925522,1.0,1.0,26022.012520719443,26022.012520719443,277.2775471682514,4.127547168251397,277.2775471682514,277.2775471682514,76005.15481928676,76081.18882665233,-76.03400736556796,0.0,8546.071908451686,8546.071908451686,0.868873287057702,4206.590441680084,277.2775471682514,4.127547168251397,1.0,0.002,1.290003258349719,3.5338276824621465e-06,0.0019997533805320745,1.21492009383144e-06,0.9998766902660372,0.9998766902660372,0.0,9.683006259057422e-07,0.9994250849081331,0.9994250849081331,0.0,0.09298437101817446,5.3488869764575365e-05,0.0,0.0,0.0,1602138.354912856,268.37507248260243,0.0,1.0,1278462.6206120593,2622.756680978459,,,,,,,,,,,,,,,,,19.0,16243.107769423557
1380.0,-31.95356615435086,5.269191599920266,34.979882286914716,24.92200112845751,7.194063007512525,-28.037143128675815,-41.490556905604876,3.65612136575542,-4.772100456182841,-4.772100456174721,40.78225167754063,41591.87951216198,25856.327044444588,25856.327044444588,67448.20655660657,74577.97571700142,76104.59348764735,25856.327044444588,101960.92053209193,101960.92053209193,101960.92053209193,128384.58831257207,125190.91029822272,3193.6780143493493,0.0,89461.40571279003,58067.50682284321,34882.10987771869,26423.66778048015,61305.777658198844,20225.880711315363,1450.0,0.0,0.8852447680450282,2.908993798652485,0.001494314320929203,1.0,1.0,-4.772100456182841,357817.3683105215,1588539.1786438364,4.439525074325818,1588539.1786438364,4.439525074325818,0.765445617896269,0.0930368598736106,4.185683216325706,101325.0,128351.07116782667,1.2667265844345095,1.0,0.0,4.185683216325706,1.2748029392260558,1.2750453407998776,3.283396270537995,6957.1227005176725,16243.107769423557,6504.329009822128,0.00019726663919271355,21373.19072878177,2179.4589109208314,19441.874680055676,1982.5194821937846,0.909638384215356,0.909638384215356,37359.16962066769,35405.22815468563,1.0694543999432369,0.8,4508.855989055618,4273.035954225843,1.0694543999432369,0.8,17887.488988751174,17887.488988751174,1.0,0.8,4632.441516551485,4632.441516551485,5.581576572971555,5.269191599920266,-2.081576571918992,7.350768171839258,3.5,3.5,1.0,0.6,0.0001901383714656936,0.9998283028700142,0.000190171023284598,200.54733279667775,0.0,3.883572625566981e-06,11.006044820856824,0.00864865214494489,6.654376569918505e-05,0.00012359460576650855,0.0005173278669852671,0.09310573887845437,0.09310573887845437,0.09310573887845437,0.0929961297034549,0.0,0.0,0.0,0.0,0.0,0.0,1.0,1.0,0.0,1.0,1.0,505662.61377602734,589.8172404845392,0.0,0.09310573887845437,0.09303685987361057,0.09303685987361061,0.375,0.375,0.5,7.006073061337054,-8.128608897095546e-12,-8.128608897095546e-12,-8.128608897095546e-12,-8.128608897095546e-12,-8.128608897095546e-12,-8.128608897095546e-12,26423.66778048015,20225.880711315363,0.765445617896269,1.1923556131772068,3.800922097409938,1.1001933118384684,0.6784332749851287,41059.97430708969,25750.0,0.0,0.0,0.0,0.0,0.0,0.0,0.0,0.0,0.0,0.0,0.0,0.0,0.0,0.0,0.0,0.0,0.0,0.0,0.0,0.0,41070.98035191054,25750.0,1.0,0.0,0.0,6.0,0.9,167190.3635292044,27865.060588200733,260.77273108614185,260.77273108614185,-12.377268913858131,243.1565700627137,278.3889046855195,148164.8653527243,148257.10463150914,-92.23927878483933,0.0,nan,278.3889046855195,5.238904685519515,271.34243053959534,-1.8075694604046362,264.2959596863408,-8.854040313659198,257.2494924336835,-15.900507566316492,250.20302910899844,-22.94697089100154,243.1565700627137,-29.993429937286265,1.0,1.0,26022.012520719443,26022.012520719443,277.2831128749211,4.133112874921096,277.2831128749211,277.2831128749211,75983.52858126385,76104.59348764735,-121.06490638350078,0.0,8546.071908451686,8546.071908451686,0.8688719450866362,4206.611632407335,277.2831128749211,4.133112874921096,1.0,0.002,1.2900038709829078,3.533828866975982e-06,0.0019997660597768766,1.2147942178786477e-06,0.9998830298884382,0.9998830298884382,0.0,9.80853994755372e-07,0.999562470912336,0.999562470912336,0.0,0.09299615354119098,4.070633241962749e-05,0.0,0.0,0.0,1602141.5985394777,268.37789954381714,0.0,1.0,1278452.8747893465,2622.7966514202785,,,,,,,,,,,,,,,,,9.0,16243.107769423557
1410.0,-31.9533732225924,5.269234875799769,34.9798811197147,24.921781697217398,7.194471039593337,-28.0371285587235,-41.49054342471061,3.6558973497484724,-4.771898153171833,-4.771898153175453,40.78211902521823,41592.691944054146,25855.917549611193,25855.917549611193,67448.60949366534,74575.44148979917,76106.15621781145,25855.917549611193,101962.07376742264,101962.07376742264,101962.07376742264,128385.76695270868,125192.09985898861,3193.6670937200656,0.0,89461.55141802125,58067.59219538161,34882.176914044045,26423.693185286036,61305.87009933008,20225.890073027913,1450.0,0.0,0.8852462877482623,2.9090154371299697,0.001494314320929203,1.0,1.0,-4.771898153171833,357820.1844058478,1588533.3647781424,4.439473886627904,1588533.3647781424,4.439473886627904,0.7654452362582929,0.09303673700767306,4.185689129413862,101325.0,128351.07116782667,1.2667265844345095,1.0,0.0,4.185689129413862,1.2748039709102317,1.2750463726802266,3.283398251752549,6957.126898473573,16243.107769423557,6504.324668127989,0.00019726558718369884,21373.19534538603,2179.4593816834526,19441.86170244135,1982.518158845411,0.909637580542602,0.909637580542602,37359.21184231149,35405.22815468563,1.0694559107546908,0.8,4508.861084760726,4273.035954225843,1.0694559107546908,0.8,17887.488988751174,17887.488988751174,1.0,0.8,4632.441516551485,4632.441516551485,5.581488175777131,5.269234875799769,-2.08141687959787,7.350651755397639,3.5,3.5,1.0,0.6,0.0001901383714656936,0.9998079008488575,0.00019017490390330202,200.5471723800497,0.0,0.0,0.0,0.00864865214494489,6.654386852124971e-05,0.0001235945029444439,0.0005173281674298683,0.09310542711218688,0.09310542711218688,0.09310542711218688,0.09299698110085097,0.0,0.0,0.0,0.0,0.0,0.0,1.0,1.0,0.0,1.0,1.0,505662.02923745866,589.8174263302809,0.0,0.09310542711218688,0.09303673700767304,0.09303673700767308,0.375,0.375,0.5,7.006060373496308,3.637978807091713e-12,3.637978807091713e-12,3.637978807091713e-12,3.637978807091713e-12,3.637978807091713e-12,3.637978807091713e-12,26423.693185286036,20225.890073027913,0.7654452362582929,1.1923766124616022,3.800807038409578,1.1001982254616494,0.6784455041036707,41059.97430708969,25750.0,0.0,0.0,0.0,0.0,0.0,0.0,0.0,0.0,0.0,0.0,0.0,0.0,0.0,0.0,0.0,0.0,0.0,0.0,0.0,0.0,41059.97430708969,25750.0,1.0,0.0,0.0,6.0,0.9,167190.3635292044,27865.060588200733,260.77246744244894,260.77246744244894,-12.377532557551035,243.15628764354247,278.3886622930239,148176.36868600946,148247.6487722963,-71.28008628686013,0.0,nan,278.3886622930239,5.2386622930239355,271.34217867699266,-1.8078213230073175,264.29569906657684,-8.854300933423133,257.24922378707936,-15.900776212920618,250.20275318747852,-22.947246812521456,243.15628764354247,-29.993712356457507,1.0,1.0,26022.012520719443,26022.012520719443,277.2834980373885,4.133498037388506,277.2834980373885,277.2834980373885,75981.39321534408,76106.15621781145,-124.76300246737082,0.0,8546.071908451686,8546.071908451686,0.8688715687489156,4206.617575060931,277.2834980373885,4.133498037388506,1.0,0.002,1.2900039482908316,3.537704601122659e-06,0.0019997670189894363,1.2161174998996684e-06,0.9998835094947182,0.9998835094947182,0.0,9.83136489335866e-07,0.9995726596567801,0.9995726596567801,0.0,0.09299697865654814,3.975835112491814e-05,0.0,0.0,0.0,1602141.8306472378,268.37810184682814,0.0,1.0,1278452.177377382,2622.7995117414903,,,,,,,,,,,,,,,,,9.0,16243.107769423557
1440.0,-31.969715093041344,5.281680326142006,34.98028993429521,24.959928402118408,7.2089132292763605,-28.040702430452523,-41.4938741485588,3.6950152196040498,-4.766418638462085,-4.766418638408699,40.763615883519535,41523.60547247159,25873.854833718065,25873.854833718065,67397.46030618965,74655.05950030067,76133.58521360463,25873.854833718065,102007.4400473227,102007.4400473227,102007.4400473227,128426.45381598664,125234.40625530676,3192.047560679875,0.0,89433.38415067992,58051.240798966224,34869.04816857077,26419.01376866394,61288.061937234714,20220.84392558755,1450.0,0.0,0.8853416458442233,2.9096015783706015,0.001494314320929203,1.0,1.0,-4.766418638462085,357896.4668781601,1587722.5694024542,4.43626220524543,1587722.5694024542,4.43626220524543,0.7653898098789688,0.09303155389047432,4.184562351991531,101325.0,128351.07116782667,1.2667265844345095,1.0,0.0,4.184562351991531,1.2746238426323724,1.2748662101512869,3.2829782497630906,6956.236964656768,16243.107769423557,6505.243792850527,0.00019748853955359565,21372.219273567876,2179.3598500576527,19444.609027744842,1982.7983080608408,0.9098076703617294,0.9098076703617294,37351.166017895644,35405.22815468563,1.0691680158018744,0.8,4507.890038991439,4273.035954225843,1.0691680158018744,0.8,17887.488988751174,17887.488988751174,1.0,0.8,4632.441516551485,4632.441516551485,5.585360277355269,5.281680326142006,-2.0740708703663273,7.355751196508334,3.5,3.5,1.0,0.6,0.0001901383714656936,1.0015376023859808,0.00018984646309107474,200.56085513996578,0.0,0.0,0.0,0.00864865214494489,6.651846874588979e-05,0.0001236199027198038,0.0005172951908781464,0.09307377016755275,0.09307377016755275,0.09307377016755275,0.09302573876813995,0.0,0.0,0.0,0.0,0.0,0.0,1.0,1.0,0.0,1.0,1.0,505585.94269943296,589.84155284266,0.0,0.09307377016755275,0.0930315538904743,0.09303155389047434,0.375,0.375,0.5,7.003169518642001,-5.3375970310298726e-11,-5.3375970310298726e-11,-5.3375970310298726e-11,-5.3375970310298726e-11,-5.3375970310298726e-11,-5.3375970310298726e-11,26419.01376866394,20220.84392558755,0.7653898098789688,1.190844248794233,3.8051728658114357,1.0996833343369805,0.6775153946782659,41059.97430708969,25750.0,0.0,0.0,0.0,0.0,0.0,0.0,0.0,0.0,0.0,0.0,0.0,0.0,0.0,0.0,0.0,0.0,0.0,0.0,0.0,0.0,41059.97430708969,25750.0,1.0,0.0,0.0,6.0,0.9,167190.3635292044,27865.060588200733,260.7699630598376,260.7699630598376,-12.38003694016237,243.14158076705925,278.3983371393586,148281.86436351942,148295.38789863407,-13.523535114626597,0.0,nan,278.3983371393586,5.248337139358625,271.34699340126133,-1.8030065987386479,264.29564682562193,-8.854353174378048,257.24428838681325,-15.905711613186725,250.19293183891142,-22.957068161088557,243.14158076705925,-30.008419232940724,1.0,1.0,26022.012520719443,26022.012520719443,277.29218709638644,4.142187096386465,277.29218709638644,277.29218709638644,76074.85663201139,76133.58521360463,-58.72858159324096,0.0,8546.071908451686,8546.071908451686,0.8689432820452814,4205.4851637514885,277.29218709638644,4.142187096386465,1.0,0.002,1.2900083746272626,3.465188118268636e-06,0.0019997966161686507,1.1909493464323931e-06,0.9998983080843253,0.9998983080843253,0.0,9.87565515083149e-07,0.9999374195278459,0.9999374195278459,0.0,0.09302573193190662,5.821958567698075e-06,0.0,0.0,0.0,1602148.117217705,268.3835813615379,0.0,1.0,1278433.2871936979,2622.8769884067424,,,,,,,,,,,,,,,,,8.0,16243.107769423557
1470.0,-32.01686486100412,5.279284982446137,34.978545348964715,24.91609345832842,7.1926398461944645,-28.09364840562292,-41.54362961472941,3.6500482446810967,-4.771594204700591,-4.771594204663398,40.776170842406295,41540.70775080548,25881.01390680705,25881.01390680705,67421.72165761254,74562.24834434697,76034.12211118847,25881.01390680705,101915.13601799551,101915.13601799551,101915.13601799551,128336.79948665142,125179.43532977997,3157.3641568714497,0.0,89465.867048712,58056.84811279123,34898.90992880085,26421.66346865591,61320.573397456756,20223.861751695375,1450.0,0.0,0.8852694753555174,2.9090479479189435,0.001494314320929203,1.0,1.0,-4.771594204700591,357824.41545746825,1588272.6852549412,4.438692880206009,1588272.6852549412,4.438692880206009,0.7654272705307521,0.09311869311204578,4.185861644183685,101325.0,128351.07116782667,1.2667265844345095,1.0,0.0,4.185861644183685,1.2748315071483243,1.2750735420009203,3.283462654250722,6957.263359639113,16243.107769423557,6504.18350328181,0.00019723138838443634,21373.345479066684,2179.4746910582803,19441.43975126937,1982.4751318002957,0.9096114490036459,0.9096114490036458,37360.44365653744,35405.22815468563,1.0694999887869039,0.8,4509.009751687922,4273.035954225843,1.0694999887869039,0.8,17887.488988751174,17887.488988751174,1.0,0.8,4632.441516551485,4632.441516551485,5.586905698503794,5.279284982446137,-2.0785014871507497,7.357786469596887,3.5,3.5,1.0,0.6,0.00018984646309107474,1.005000973936324,0.00018890177026147168,200.60037624631187,0.0,1.9515131078691495e-06,5.530588147701169,0.008707197538180963,6.614010441420307e-05,0.00012370635867687166,0.0005178177019271467,0.09308521816617825,0.09308521816617825,0.09308521816617825,0.09300045635740954,0.0,0.0,0.0,0.0,0.0,0.0,1.0,1.0,0.0,1.0,1.0,506052.6564998169,589.6883393455522,0.0,0.09308521816617825,0.09311869311204618,0.09311869311204538,0.375,0.375,0.5,6.919710397861619,-3.717559593496844e-11,-3.717559593496844e-11,-3.717559593496844e-11,-3.717559593496844e-11,-3.717559593496844e-11,-3.717559593496844e-11,26421.66346865591,20223.861751695375,0.7654272705307521,1.1903153375149802,3.8015495265962396,1.0994959427500857,0.6774350833537438,41059.97430708969,25750.0,0.0,0.0,0.0,0.0,0.0,0.0,0.0,0.0,0.0,0.0,0.0,0.0,0.0,0.0,0.0,0.0,0.0,0.0,0.0,0.0,41065.50489523739,25750.0,1.0,0.0,0.0,6.0,0.9,167190.3635292044,27865.060588200733,260.7420712545924,260.7420712545924,-12.40792874540756,243.09986739914237,278.38427404133853,148373.85016443097,148529.29120648513,-155.44104205416357,0.0,nan,278.38427404133853,5.234274041338551,271.3273936946283,-1.8226063053716643,264.27051297835953,-8.879487021640443,257.2136307147241,-15.936369285275873,250.15674869936169,-22.993251300638292,243.09986739914237,-30.05013260085761,1.0,1.0,26022.012520719443,26022.012520719443,277.27537307172867,4.1253730717286885,277.27537307172867,277.27537307172867,75992.4711383988,76034.12211118847,-41.650972789662774,0.0,8546.071908451686,8546.071908451686,0.8688605890616174,4206.790952404604,277.27537307172867,4.1253730717286885,1.0,0.002,1.2935390485245721,4.6577648309070546e-07,0.0020052484038766572,1.6011302966601205e-07,1.0,1.0026242019383287,0.0033856231196887077,5.408516906323015e-06,0.9987291826054313,0.9987291826054313,0.0,0.09300035625707949,0.0001183368549662915,0.0,0.0,0.0,1602142.1793744878,268.3784057952994,0.0,1.0,1278451.1295550843,2622.803809221664,,,,,,,,,,,,,,,,,18.0,16243.107769423557
1500.0,-32.058008084312576,5.278522117246482,34.97644855224459,24.89976945742967,7.183952390918463,-28.13156604372986,-41.580275574792154,3.6332602320147656,-4.76882391515494,-4.768823915157613,40.77568457041812,41520.15477700289,25871.91603344054,25871.91603344054,67392.07081044343,74538.79571258916,75981.89905794528,25871.91603344054,101853.81509138583,101853.81509138583,101853.81509138583,128276.30438157641,125139.37524009579,3136.9291414806244,0.0,89478.23183062652,58050.31477615443,34919.90783830232,26422.489290190588,61342.397128492914,20224.462087727417,1450.0,0.0,0.8852854452066636,2.909344275512672,0.001494314320929203,1.0,1.0,-4.76882391515494,357862.98050748114,1588251.375779682,4.438154998674079,1588251.375779682,4.438154998674079,0.7654260681349125,0.0933772310681164,4.186356132350097,101325.0,128351.07116782667,1.2667265844345095,1.0,0.0,4.186356132350097,1.2749107666954416,1.2751516121342037,3.2836463866417085,6957.652666528332,16243.107769423557,6503.780443863549,0.00019713380647148,21373.774471594246,2179.5184361218408,19440.23497969545,1982.35227928961,0.9095368253993477,0.9095368253993477,37363.97441423914,35405.22815468563,1.0696263319710289,0.8,4509.435876737565,4273.035954225843,1.0696263319710289,0.8,17887.488988751174,17887.488988751174,1.0,0.8,4632.441516551485,4632.441516551485,5.584941750694846,5.278522117246482,-2.0766778922604243,7.3552000095069054,3.5,3.5,1.0,0.6,0.00018890177026147168,1.0043640929592819,0.00018808096743571056,200.63487413301348,0.0,6.316857901852172e-06,17.901975293849056,0.008896703275236529,6.586270518328873e-05,0.00012303906507818294,0.0005150853446086738,0.09307487437424163,0.09307487437424163,0.09307487437424163,0.09301160762259657,0.0,0.0,0.0,0.0,0.0,0.0,1.0,1.0,0.0,1.0,1.0,506362.97288877267,589.585981922836,0.0,0.09307487437424163,0.09337723106811753,0.0933772310681153,0.375,0.375,0.5,6.855373705455636,2.6716406864579767e-12,2.6716406864579767e-12,2.6716406864579767e-12,2.6716406864579767e-12,2.6716406864579767e-12,2.6716406864579767e-12,26422.489290190588,20224.462087727417,0.7654260681349125,1.1890110068234776,3.800198786845849,1.0986214097450147,0.67685901954616,41059.97430708969,25750.0,0.0,0.0,0.0,0.0,0.0,0.0,0.0,0.0,0.0,0.0,0.0,0.0,0.0,0.0,0.0,0.0,0.0,0.0,0.0,0.0,41077.876282383535,25750.0,1.0,0.0,0.0,6.0,0.9,167190.3635292044,27865.060588200733,260.7167676707586,260.7167676707586,-12.433232329241378,243.06006102380277,278.3734741918296,148521.49517538474,148662.51160720608,-141.01643182131932,0.0,nan,278.3734741918296,5.2234741918296095,271.31079167565247,-1.83920832434751,264.24810912105823,-8.901890878941742,257.1854263664379,-15.964573633562054,250.12274364577064,-23.027256354229337,243.06006102380277,-30.089938976197203,1.0,1.0,26022.012520719443,26022.012520719443,277.2720325943462,4.122032594346194,277.2720325943462,277.2720325943462,75951.23528330518,75981.89905794528,-30.663774640095653,0.0,8546.071908451686,8546.071908451686,0.8688291173270751,4207.287913011847,277.2720325943462,4.122032594346194,1.0,0.002,1.3044862858797428,3.374579412560781e-06,0.0020222304698486603,1.1599106442509375e-06,1.0,1.0111152349243302,0.014340275986648887,2.3390380492911353e-05,0.996085439004171,0.996085439004171,0.0,0.09301170020147864,0.0003655308666377591,0.0,0.0,0.0,1602145.3577311642,268.38117608484504,0.0,1.0,1278441.579263213,2622.8429787132272,,,,,,,,,,,,,,,,,12.0,16243.107769423557
1530.0,-32.08411457552147,5.285569733837419,34.97511511401008,24.921340599562996,7.204616339924475,-28.15308805794756,-41.60146855339406,3.6553381242775203,-4.749307272712031,-4.749307272721534,40.82134736175196,41488.955140242455,25839.8082918893,25839.8082918893,67328.76343213176,74531.38387883239,75963.01991257681,25839.8082918893,101802.82820446612,101802.82820446612,101802.82820446612,128248.79485153471,125123.18114119132,3125.6137103433834,0.0,89462.62133242055,58032.32193357524,34922.5548876059,26445.966647068588,61368.52153467448,20246.14071557206,1450.0,0.0,0.885219476360076,2.911432573992992,0.001494314320929203,1.0,1.0,-4.749307272712031,358134.76304500527,1590253.3588954401,4.440376983721069,1590253.3588954401,4.440376983721069,0.7655662954493005,0.09382559855404707,4.185731869697098,101325.0,128351.07116782667,1.2667265844345095,1.0,0.0,4.185731869697098,1.2748107621822424,1.2750505423062406,3.2834142869423943,6957.160875116686,16243.107769423557,6504.289526011973,0.00019725707251923793,21373.2327147115,2179.4631922941576,19441.75666030487,1982.5074475284496,0.9096310754583621,0.9096310754583621,37359.51702344001,35405.22815468563,1.0694668310230435,0.8,4508.89791688984,4273.035954225843,1.0694668310230435,0.8,17887.488988751174,17887.488988751174,1.0,0.8,4632.441516551485,4632.441516551485,5.5780106882223865,5.285569733837419,-2.0605022752284805,7.3460720090658995,3.5,3.5,1.0,0.6,0.00018808096743571056,1.002767701396776,0.00018756185223529705,200.65676953443722,0.0,5.489389054486806e-06,15.556928580415608,0.009061384946871132,6.570277207292095e-05,0.0001223781953627896,0.000512242312486046,0.09312726410996858,0.09312726410996858,0.09312726410996858,0.09307143450831808,0.0,0.0,0.0,0.0,0.0,0.0,1.0,1.0,0.0,1.0,1.0,506870.1355073043,589.4210403950325,0.0,0.09312726410996858,0.09382559855404622,0.0938255985540479,0.375,0.375,0.5,6.7968196349473935,9.492850949754938e-12,9.492850949754938e-12,9.492850949754938e-12,9.492850949754938e-12,9.492850949754938e-12,9.492850949754938e-12,26445.966647068588,20246.14071557206,0.7655662954493005,1.1880274875011219,3.7953308158560874,1.0971221360464032,0.6760624845231172,41059.97430708969,25750.0,0.0,0.0,0.0,0.0,0.0,0.0,0.0,0.0,0.0,0.0,0.0,0.0,0.0,0.0,0.0,0.0,0.0,0.0,0.0,0.0,41075.5312356701,25750.0,1.0,0.0,0.0,6.0,0.9,167190.3635292044,27865.060588200733,260.7110551387076,260.7110551387076,-12.438944861292384,243.03409291856602,278.3880114606906,148731.97778295513,148761.85865798392,-29.880875028802528,0.0,nan,278.3880114606906,5.238011460690643,271.3172311069848,-1.8327688930151567,264.2464492593911,-8.903550740608864,257.1756657303586,-15.97433426964136,250.10488035625445,-23.045119643745522,243.03409291856602,-30.11590708143396,1.0,1.0,26022.012520719443,26022.012520719443,277.2893401346859,4.139340134685938,277.2893401346859,277.2893401346859,75958.96588014768,75963.01991257681,-4.054032429135987,0.0,8546.071908451686,8546.071908451686,0.8688688485486916,4206.660529045584,277.2893401346859,4.139340134685938,1.0,0.002,1.327103363419724,2.8850177412351526e-06,0.002057375050744588,9.909271986054497e-07,1.0,1.028687525372294,0.037009597638487435,5.836597794319333e-05,0.991961883681871,0.991961883681871,0.0,0.09307141747925156,0.0007541810747955072,0.0,0.0,0.0,1602167.7460396085,268.40069272728795,0.0,1.0,1278374.2933436665,2623.1189678942656,,,,,,,,,,,,,,,,,22.0,16243.107769423557
1560.0,-32.1190384508649,5.281969156121755,34.974649111108725,24.88153389366346,7.175035914215308,-28.187361861996365,-41.63413660190997,3.6144882372606464,-4.7687935307731095,-4.768793530860053,40.78132792773891,41485.82734767847,25880.713918978152,25880.713918978152,67366.54126665663,74509.3269683909,75950.80636655231,25880.713918978152,101831.52028553045,101831.52028553045,101831.52028553045,128256.05084309024,125179.93741700916,3076.113426081077,0.0,89492.18869818407,58038.64752617766,34948.37908000712,26424.530557559785,61372.9096375669,20226.475755783096,1450.0,0.0,0.8852650822576643,2.909347525749456,0.001494314320929203,1.0,1.0,-4.7687935307731095,357863.4035048895,1588498.6930128315,4.438840846689504,1588498.6930128315,4.438840846689504,0.7654431442679503,0.09317419755098466,4.186913894070922,101325.0,128351.07116782667,1.2667265844345095,1.0,0.0,4.186913894070922,1.2749999855857759,1.275239139394617,3.2838540716902984,6958.0927262247715,16243.107769423557,6503.324242973344,0.00019702347286782216,21374.260603953124,2179.5680078266405,19438.871364705665,1982.2132292582753,0.9094523419963583,0.9094523419963583,37367.956859375,35405.22815468563,1.0697688417348183,0.8,4509.916515675321,4273.035954225843,1.0697688417348183,0.8,17887.488988751174,17887.488988751174,1.0,0.8,4632.441516551485,4632.441516551485,5.586840940464686,5.281969156121755,-2.0757320290888073,7.357701185210562,3.5,3.5,1.0,0.6,0.00018756185223529705,1.0037051492298865,0.0001868694729515015,200.6860667885472,0.0,3.4721326377065757e-06,9.840023895260435,0.00916554892600233,6.545694572300093e-05,0.0001221049065122961,0.0005112427296105636,0.09306841538474425,0.09306841538474425,0.09306841538474425,0.09300957211777389,0.0,0.0,0.0,0.0,0.0,0.0,1.0,1.0,0.0,1.0,1.0,506970.41108856205,589.3858870535518,0.0,0.09306841538474425,0.09317419755098416,0.09317419755098516,0.375,0.375,0.5,6.736074344227108,8.697043085703626e-11,8.697043085703626e-11,8.697043085703626e-11,8.697043085703626e-11,8.697043085703626e-11,8.697043085703626e-11,26424.530557559785,20226.475755783096,0.7654431442679503,1.1870601281022277,3.7991229652573146,1.097659238652439,0.6759631829852927,41059.97430708969,25750.0,0.0,0.0,0.0,0.0,0.0,0.0,0.0,0.0,0.0,0.0,0.0,0.0,0.0,0.0,0.0,0.0,0.0,0.0,0.0,0.0,41069.81433098495,25750.0,1.0,0.0,0.0,6.0,0.9,167190.3635292044,27865.060588200733,260.68231063243314,260.68231063243314,-12.467689367566834,243.00067817606705,278.36394235990593,148729.05848179417,148889.26031628865,-160.20183449446986,0.0,nan,278.36394235990593,5.213942359905957,271.2912899361174,-1.8587100638825973,264.21863732904853,-8.931362670951444,257.1459845184165,-16.00401548158345,250.07333147504343,-23.076668524956546,243.00067817606705,-30.149321823932922,1.0,1.0,26022.012520719443,26022.012520719443,277.2684247350476,4.118424735047597,277.2684247350476,277.2684247350476,75904.77559731949,75950.80636655231,-46.0307692328206,0.0,8546.071908451686,8546.071908451686,0.8687936184032685,4207.848463541276,277.2684247350476,4.118424735047597,1.0,0.002,1.332025167963314,1.4327728377628304e-06,0.002064921709205835,4.924722181722499e-07,1.0,1.0324608546029175,0.041879239403525226,6.541418142400708e-05,0.9982325910386548,0.9982325910386548,0.0,0.0930095206392669,0.0001646769117177579,0.0,0.0,0.0,1602145.3925905859,268.38120646922687,0.0,1.0,1278441.4745153058,2622.8434083300203,,,,,,,,,,,,,,,,,22.0,16243.107769423557
1590.0,-32.1496162041827,5.285892340485443,34.97636029665814,24.935857497062557,7.216159910653227,-28.210486290681875,-41.65665088277308,3.6701633445256054,-4.759621404117922,-4.759621404081193,40.766313462635345,41430.88289641404,25867.197892259082,25867.197892259082,67298.08078867312,74536.38932265168,76048.08792697398,25867.197892259082,101915.28581923306,101915.28581923306,101915.28581923306,128337.72451217446,125263.42074025534,3074.3037719191157,0.0,89452.31997500354,58007.68405202187,34938.484358868525,26422.4386929414,61360.92305180992,20223.697701601955,1450.0,0.0,0.8853666689947763,2.9103288051080236,0.001494314320929203,1.0,1.0,-4.759621404117922,357991.1115717921,1587840.7560561877,4.435419497106032,1587840.7560561877,4.435419497106032,0.7653986044446608,0.09306409829965137,4.185319961060451,101325.0,128351.07116782667,1.2667265844345095,1.0,0.0,4.185319961060451,1.2747449714969046,1.2749831948193808,3.2832606165496165,6956.835265994332,16243.107769423557,6504.626149790444,0.00019733866342640114,21372.87490735563,2179.4267060979673,19442.762851305582,1982.6100504561275,0.9096933817085233,0.9096933817085233,37356.575820392165,35405.22815468563,1.0693615871521938,0.8,4508.542944841159,4273.035954225843,1.0693615871521938,0.8,17887.488988751174,17887.488988751174,1.0,0.8,4632.441516551485,4632.441516551485,5.583923250803461,5.285892340485443,-2.0679663353522497,7.353858675837692,3.5,3.5,1.0,0.6,0.0001868694729515015,1.0032441924600766,0.00018626519281738862,200.7117244765268,0.0,4.631695839693404e-06,13.126226009691107,0.009304499801193132,6.528802178526341e-05,0.00012158145116623808,0.0005088572744607527,0.09304108785593326,0.09304108785593326,0.09304108785593326,0.09305161957199534,0.0,0.0,0.0,0.0,0.0,0.0,1.0,1.0,0.0,1.0,1.0,506876.48320880596,589.4161038239444,0.0,0.09304108785593326,0.09306409829965094,0.09306409829965182,0.375,0.375,0.5,6.740341943125005,-3.672084858408198e-11,-3.672084858408198e-11,-3.672084858408198e-11,-3.672084858408198e-11,-3.672084858408198e-11,-3.672084858408198e-11,26422.4386929414,20223.697701601955,0.7653986044446608,1.1858237029076373,3.799936424556186,1.0967579599780495,0.6751997987616971,41059.97430708969,25750.0,0.0,0.0,0.0,0.0,0.0,0.0,0.0,0.0,0.0,0.0,0.0,0.0,0.0,0.0,0.0,0.0,0.0,0.0,0.0,0.0,41073.10053309938,25750.0,1.0,0.0,0.0,6.0,0.9,167190.3635292044,27865.060588200733,260.68314033383314,260.68314033383314,-12.46685966616684,242.97284983562534,278.3934294832742,149026.38755636118,149021.50116155067,4.8863948104877934,0.0,nan,278.3934294832742,5.2434294832742125,271.3093144448729,-1.840685555127095,264.2251988679313,-8.924801132068694,257.1410830477432,-16.008916952256754,250.05696632355193,-23.093033676448044,242.97284983562534,-30.177150164374638,1.0,1.0,26022.012520719443,26022.012520719443,277.28898005184215,4.138980051842168,277.28898005184215,277.28898005184215,76008.15475555498,76048.08792697398,-39.93317141900479,0.0,8546.071908451686,8546.071908451686,0.8688950643881251,4206.246560865753,277.28898005184215,4.138980051842168,1.0,0.002,1.3323512604832606,2.683329467973513e-06,0.002065466529199579,9.220021626683993e-07,1.0,1.0327332645997893,0.042229884370154736,6.63885313622473e-05,0.9998662995532585,0.9998662995532585,0.0,0.09305165558813311,1.2442711518262635e-05,0.0,0.0,0.0,1602155.914983235,268.39037859588205,0.0,1.0,1278409.8534577,2622.9731045684202,,,,,,,,,,,,,,,,,12.0,16243.107769423557
1620.0,-32.1497344929975,5.28682680578417,34.976495673494064,24.93804101776334,7.214919297827157,-28.207414318989283,-41.65461635040117,3.6723700037263964,-4.7591544310975,-4.7591544311624725,40.76635814998491,41421.02130468552,25868.4016851376,25868.4016851376,67289.42298982313,74549.72686306345,76049.45379358936,25868.4016851376,101917.85547872697,101917.85547872697,101917.85547872697,128340.47881447033,125266.22519405054,3074.2536204198013,0.0,89450.94383952771,58003.843954166405,34941.22209484589,26422.623335743367,61363.84543058926,20223.8437478833,1450.0,0.0,0.8853688989870359,2.910378771177503,0.001494314320929203,1.0,1.0,-4.7591544310975,357997.6144250911,1587842.713959481,4.4353443988988595,1587842.713959481,4.4353443988988595,0.7653987831149744,0.09306273492195341,4.1852648108213675,101325.0,128351.07116782667,1.2667265844345095,1.0,0.0,4.1852648108213675,1.2747360481651846,1.2749734994823032,3.283240335789913,6956.792293498145,16243.107769423557,6504.670550209029,0.0001973494301322864,21372.827737983145,2179.4218961605793,19442.89556712801,1982.6235837037123,0.909701598940728,0.909701598940728,37356.18201980883,35405.22815468563,1.0693474961035412,0.8,4508.4954172826865,4273.035954225843,1.0693474961035412,0.8,17887.488988751174,17887.488988751174,1.0,0.8,4632.441516551485,4632.441516551485,5.584183112233815,5.28682680578417,-2.0673740997275862,7.354200905511756,3.5,3.5,1.0,0.6,0.00018626519281738862,1.0000125313835615,0.00018626285868606314,200.71182374377878,0.0,4.042870259490035e-06,11.45749431539476,0.009425785908977833,6.530327022699789e-05,0.00012096192259039073,0.0005062576780668606,0.09304090892900078,0.09304090892900078,0.09304090892900078,0.0930534515067431,0.0,0.0,0.0,0.0,0.0,0.0,1.0,1.0,0.0,1.0,1.0,506876.7593332595,589.4160150251282,0.0,0.09304090892900078,0.09306273492195298,0.09306273492195385,0.375,0.375,0.5,6.740329946280681,6.497202775790356e-11,6.497202775790356e-11,6.497202775790356e-11,6.497202775790356e-11,6.497202775790356e-11,6.497202775790356e-11,26422.623335743367,20223.8437478833,0.7653987831149744,1.185448556786325,3.8004602068546243,1.0965646386345929,0.6750069363162426,41059.97430708969,25750.0,0.0,0.0,0.0,0.0,0.0,0.0,0.0,0.0,0.0,0.0,0.0,0.0,0.0,0.0,0.0,0.0,0.0,0.0,0.0,0.0,41071.43180140508,25750.0,1.0,0.0,0.0,6.0,0.9,167190.3635292044,27865.060588200733,260.6827136896455,260.6827136896455,-12.467286310354496,242.96938507803253,278.39602278967175,149015.47890481364,149019.98513952259,-4.506234708945236,0.0,nan,278.39602278967175,5.24602278967177,271.3107165893272,-1.8392834106727491,264.22539575206577,-8.924604247934212,257.14004990610573,-16.009950093894247,250.05471202266995,-23.09528797733003,242.96938507803253,-30.180614921967447,1.0,1.0,26022.012520719443,26022.012520719443,277.28960684866945,4.139606848669473,277.28960684866945,277.28960684866945,76013.14967423525,76049.45379358936,-36.304119354113936,0.0,8546.071908451686,8546.071908451686,0.8688985744074029,4206.191134875475,277.28960684866945,4.139606848669473,1.0,0.002,1.3323515814608604,2.652843561599285e-06,0.0020654690280900714,9.115114405247293e-07,1.0,1.0327345140450357,0.04223145538675577,6.638053953059598e-05,0.9999002447239675,0.9999002447239675,0.0,0.09305345142314293,9.283498810474542e-06,0.0,0.0,0.0,1602156.4506685482,268.3908455689025,0.0,1.0,1278408.24351627,2622.9797081095066,,,,,,,,,,,,,,,,,6.0,16243.107769423557
1650.0,-32.179630354762885,5.286295000175281,34.9761292866247,24.9110116501339,7.200054370999802,-28.23931380344674,-41.6843623626977,3.6446512713163903,-4.762121565558175,-4.762121565613759,40.783664026419665,41423.93570593307,25874.672656906776,25874.672656906776,67298.60836283985,74512.76614116995,75993.52223447904,25874.672656906776,101868.19489138582,101868.19489138582,101868.19489138582,128295.97665549183,125236.49551796005,3059.481137531778,0.0,89470.90283494693,58008.47238171423,34958.25605914745,26427.781764106003,61386.03782325345,20229.168120307186,1450.0,0.0,0.8852907909555316,2.9100612995918094,0.001494314320929203,1.0,1.0,-4.762121565558175,357956.29704019096,1588601.0798501477,4.437974951092371,1588601.0798501477,4.437974951092371,0.7654508539866285,0.09307711530209625,4.186062982939807,101325.0,128351.07116782667,1.2667265844345095,1.0,0.0,4.186062982939807,1.274863707392627,1.2751011795135998,3.283537650860902,6957.422268456739,16243.107769423557,6504.019040591902,0.00019719156004745876,21373.520465311518,2179.492534689371,19440.94816128339,1982.425003572412,0.9095810020083203,0.9095810020083204,37361.88127100498,35405.22815468563,1.0695514314325807,0.8,4509.183256524025,4273.035954225843,1.0695514314325807,0.8,17887.488988751174,17887.488988751174,1.0,0.8,4632.441516551485,4632.441516551485,5.58553681993779,5.286295000175281,-2.0696886975949464,7.3559836977702275,3.5,3.5,1.0,0.6,0.00018626285868606314,1.0031725288402205,0.00018567380319056765,200.73691501497444,0.0,1.5616258506464777e-08,0.04425647660732118,0.009426254396733027,6.508065707567521e-05,0.00012118220161038794,0.0005072763283523935,0.0930647240635601,0.0930647240635601,0.0930647240635601,0.0930350926346915,0.0,0.0,0.0,0.0,0.0,0.0,1.0,1.0,0.0,1.0,1.0,507126.23238062876,589.334588792661,0.0,0.0930647240635601,0.09307711530209639,0.09307711530209613,0.375,0.375,0.5,6.706367764334392,5.559286364587024e-11,5.559286364587024e-11,5.559286364587024e-11,5.559286364587024e-11,5.559286364587024e-11,5.559286364587024e-11,26427.781764106003,20229.168120307186,0.7654508539866285,1.184954296228223,3.798557128030402,1.0963178395160516,0.6748103831884944,41059.97430708969,25750.0,0.0,0.0,0.0,0.0,0.0,0.0,0.0,0.0,0.0,0.0,0.0,0.0,0.0,0.0,0.0,0.0,0.0,0.0,0.0,0.0,41060.01856356629,25750.0,1.0,0.0,0.0,6.0,0.9,167190.3635292044,27865.060588200733,260.66314726901885,260.66314726901885,-12.486852730981127,242.94327155743662,278.3830204607779,149048.5352597282,149157.59022350435,-109.05496377614334,0.0,nan,278.3830204607779,5.2330204607779365,271.2950734521383,-1.8549265478616803,264.20712453561157,-8.942875464388408,257.1191723653127,-16.030827634687284,250.03122124283595,-23.118778757164023,242.94327155743662,-30.20672844256336,1.0,1.0,26022.012520719443,26022.012520719443,277.28009500458904,4.130095004589066,277.28009500458904,277.28009500458904,75959.17054724351,75993.52223447904,-34.35168723552488,0.0,8546.071908451686,8546.071908451686,0.868847774856236,4206.993297854506,277.28009500458904,4.130095004589066,1.0,0.002,1.333593425208645,2.2482000506382837e-06,0.0020673814600351216,7.725610583851339e-07,1.0,1.0336907300175608,0.04346535645253913,6.815402109350667e-05,0.9995483527864935,0.9995483527864935,0.0,0.09303507728232883,4.2038019767419194e-05,0.0,0.0,0.0,1602153.0468840653,268.3878784344418,0.0,1.0,1278418.4729694312,2622.937750076273,,,,,,,,,,,,,,,,,14.0,16243.107769423557
1680.0,-32.20011176141865,5.289448192990023,34.976851817581085,24.931287683453434,7.218178437875367,-28.252914437524325,-41.69785635368896,3.665414217561743,-4.756169497097233,-4.756169497090614,40.78091162209098,41385.06346128305,25867.465551957637,25867.465551957637,67252.52901324068,74511.22882004458,76034.08079866819,25867.465551957637,101901.54635062582,101901.54635062582,101901.54635062582,128330.48773516968,125272.2528648574,3058.234870312288,0.0,89456.13905913281,57993.96887144813,34957.966875205195,26428.94138454385,61386.90825974905,20229.850376629103,1450.0,0.0,0.8853313000561538,2.9106981748431036,0.001494314320929203,1.0,1.0,-4.756169497097233,358039.1834440999,1588480.447637088,4.436610631152036,1588480.447637088,4.436610631152036,0.7654430831066092,0.09307128037069828,4.18547262132156,101325.0,128351.07116782667,1.2667265844345095,1.0,0.0,4.18547262132156,1.2747692913658224,1.2750059949507309,3.2833177341737905,6956.956291386029,16243.107769423557,6504.501070627834,0.00019730833901934067,21373.007818382786,2179.440259250895,19442.388981318243,1982.571926327364,0.9096702320295775,0.9096702320295775,37357.66588640785,35405.22815468563,1.0694005922989052,0.8,4508.67450426106,4273.035954225843,1.0694005922989052,0.8,17887.488988751174,17887.488988751174,1.0,0.8,4632.441516551485,4632.441516551485,5.583981030205014,5.289448192990023,-2.064486576578602,7.353934769568625,3.5,3.5,1.0,0.6,0.00018567380319056765,1.0021728419157607,0.0001852712380786854,200.7541081106634,0.0,3.9415060979460704e-06,11.170228281579163,0.00954449957967141,6.497990240688155e-05,0.0001206939007836861,0.000505161017290619,0.09305707696571491,0.09305707696571491,0.09305707696571491,0.09305971165894117,0.0,0.0,0.0,0.0,0.0,0.0,1.0,1.0,0.0,1.0,1.0,507123.9385905912,589.3352035738734,0.0,0.09305707696571491,0.09307128037069841,0.09307128037069817,0.375,0.375,0.5,6.7040802340604815,-6.59383658785373e-12,-6.59383658785373e-12,-6.59383658785373e-12,-6.59383658785373e-12,-6.59383658785373e-12,-6.59383658785373e-12,26428.94138454385,20229.850376629103,0.7654430831066092,1.1838521275857272,3.798059593514615,1.0955516562044822,0.6741675812401019,41059.97430708969,25750.0,0.0,0.0,0.0,0.0,0.0,0.0,0.0,0.0,0.0,0.0,0.0,0.0,0.0,0.0,0.0,0.0,0.0,0.0,0.0,0.0,41071.14453537127,25750.0,1.0,0.0,0.0,6.0,0.9,167190.3635292044,27865.060588200733,260.65953965494697,260.65953965494697,-12.490460345053009,242.92366442853972,278.39541326446084,149218.780055084,149237.59144980778,-18.81139472378264,0.0,nan,278.39541326446084,5.245413264460865,271.3010623314269,-1.8489376685730576,264.2067158813087,-8.943284118691281,257.1123662461255,-16.037633753874502,250.01801577782052,-23.131984222179454,242.92366442853972,-30.226335571460254,1.0,1.0,26022.012520719443,26022.012520719443,277.2907929452068,4.14079294520684,277.2907929452068,277.2907929452068,75986.74918492475,76034.08079866819,-47.331613743444905,0.0,8546.071908451686,8546.071908451686,0.8688853483671141,4206.399984428168,277.2907929452068,4.14079294520684,1.0,0.002,1.3338541404419249,7.862876424554398e-07,0.002067811167057378,2.7013712540983976e-07,1.0,1.033905583528689,0.04374200477715706,6.808130418278768e-05,0.9998751890013661,0.9998751890013661,0.0,0.09305966405125107,1.1616319447205203e-05,0.0,0.0,0.0,1602159.8747429147,268.39383050290274,0.0,1.0,1278397.9525229558,2623.0219195106342,,,,,,,,,,,,,,,,,6.0,16243.107769423557
1710.0,-32.22373691424839,5.289141315934424,34.97621414389968,24.911615845654183,7.2037464223344285,-28.278008923004386,-41.721807746775426,3.645220728595263,-4.759150972797499,-4.759150972849322,40.78852219841085,41388.81252054196,25874.352643618146,25874.352643618146,67263.1651641601,74499.56237743642,75987.99777617125,25874.352643618146,101862.35041978939,101862.35041978939,101862.35041978939,128292.9535331636,125246.12359235562,3046.8299408079806,0.0,89470.79354620157,57994.572926305395,34973.57846655131,26430.60311337421,61404.18157992553,20231.723901784426,1450.0,0.0,0.885288355851729,2.9103791412177524,0.001494314320929203,1.0,1.0,-4.759150972797499,357997.66258413845,1588814.0204095223,4.438056966464442,1588814.0204095223,4.438056966464442,0.7654658433256456,0.0930953407315373,4.1860587073027045,101325.0,128351.07116782667,1.2667265844345095,1.0,0.0,4.1860587073027045,1.2748631166014877,1.2750993243660598,3.2835358187017296,6957.4183863313065,16243.107769423557,6504.023059378567,0.00019719253309932104,21373.516188417783,2179.4920985675826,19440.960173705673,1982.4262284985875,0.9095817460414233,0.9095817460414233,37361.850741915914,35405.22815468563,1.0695503389946979,0.8,4509.179571986399,4273.035954225843,1.0695503389946979,0.8,17887.488988751174,17887.488988751174,1.0,0.8,4632.441516551485,4632.441516551485,5.585467739024953,5.289141315934424,-2.066751404355027,7.355892720289451,3.5,3.5,1.0,0.6,0.0001852712380786854,1.0025072326990112,0.0001848078817146155,200.77394352914894,0.0,2.6938866664129746e-06,7.6344748126143696,0.0096253161796638,6.480142143536235e-05,0.00012046981664332306,0.0005042937249269428,0.09306689526633054,0.09306689526633054,0.09306689526633054,0.09304499814606525,0.0,0.0,0.0,0.0,0.0,0.0,1.0,1.0,0.0,1.0,1.0,507292.60910571093,589.2799308010943,0.0,0.09306689526633054,0.09309534073153691,0.0930953407315377,0.375,0.375,0.5,6.677021112110603,5.184119800105691e-11,5.184119800105691e-11,5.184119800105691e-11,5.184119800105691e-11,5.184119800105691e-11,5.184119800105691e-11,26430.60311337421,20231.723901784426,0.7654658433256456,1.1834308736844348,3.7976399778128456,1.0954166871617423,0.6740389897823007,41059.97430708969,25750.0,0.0,0.0,0.0,0.0,0.0,0.0,0.0,0.0,0.0,0.0,0.0,0.0,0.0,0.0,0.0,0.0,0.0,0.0,0.0,0.0,41067.6087819023,25750.0,1.0,0.0,0.0,6.0,0.9,167190.3635292044,27865.060588200733,260.64254968708485,260.64254968708485,-12.507450312915125,242.90102568771673,278.38407349869505,149236.61337939533,149331.16633060027,-94.55295120494719,0.0,nan,278.38407349869505,5.234073498695068,271.287463741577,-1.8625362584229492,264.190854603011,-8.959145396988959,257.09424508057026,-16.055754919429717,249.99763551093886,-23.152364489061114,242.90102568771673,-30.248974312283252,1.0,1.0,26022.012520719443,26022.012520719443,277.28241916489105,4.1324191648910755,277.28241916489105,277.28241916489105,75952.82987902033,75987.99777617125,-35.167897150924546,0.0,8546.071908451686,8546.071908451686,0.868848046979366,4206.989000839218,277.28241916489105,4.1324191648910755,1.0,0.002,1.3353441121201086,5.147995469442308e-07,0.00207010819335973,1.7688401372279545e-07,1.0,1.035054096679865,0.045223995303527165,7.028507737345249e-05,0.999459118963776,0.999459118963776,0.0,0.0930449872271748,5.035350436249665e-05,0.0,0.0,0.0,1602156.4546357046,268.3908490272025,0.0,1.0,1278408.2315933849,2622.9797570140263,,,,,,,,,,,,,,,,,20.0,16243.107769423557
1740.0,-32.24085093032821,5.291231251116508,34.97678651652746,24.925631435494893,7.220016880723048,-28.292677104615162,-41.73612155774606,3.6595690556507994,-4.753552881661562,-4.753552881666552,40.7859961318648,41370.256738079406,25865.319141916378,25865.319141916378,67235.57587999578,74482.77488466362,76031.52178689052,25865.319141916378,101896.8409288069,101896.8409288069,101896.8409288069,128328.55769534691,125282.28992529558,3046.2677700513286,0.0,89460.62459016945,57983.15129914566,34974.97032335976,26431.716766540023,61406.68708989979,20232.38802981188,1450.0,0.0,0.885326227977088,2.910978189252569,0.001494314320929203,1.0,1.0,-4.753552881661562,358075.62627134274,1588703.2966434797,4.4367814508536005,1588703.2966434797,4.4367814508536005,0.7654587179681083,0.09307806329839038,4.185652014208861,101325.0,128351.07116782667,1.2667265844345095,1.0,0.0,4.185652014208861,1.2747979839750845,1.2750335889553155,3.2833845572591276,6957.097881485307,16243.107769423557,6504.354677487679,0.00019727285879005344,21373.16343701797,2179.456127935429,19441.95140242569,1982.5273056982446,0.9096431354074871,0.9096431354074871,37358.946825776744,35405.22815468563,1.0694464277104083,0.8,4508.829100072576,4273.035954225843,1.0694464277104083,0.8,17887.488988751174,17887.488988751174,1.0,0.8,4632.441516551485,4632.441516551485,5.583517687055707,5.291231251116508,-2.062093309485163,7.353324560601671,3.5,3.5,1.0,0.6,0.0001848078817146155,1.0018159139272915,0.00018447289481571188,200.78831448335157,0.0,3.1009961491213836e-06,8.788223086610001,0.009718346064137441,6.469497439323645e-05,0.00012011290732137906,0.0005027508324622125,0.0930600777491005,0.0930600777491005,0.0930600777491005,0.09306813097883128,0.0,0.0,0.0,0.0,0.0,0.0,1.0,1.0,0.0,1.0,1.0,507280.0704523602,589.28393861436,0.0,0.0930600777491005,0.09307806329839002,0.09307806329839076,0.375,0.375,0.5,6.677067341528101,5.002220859751105e-12,5.002220859751105e-12,5.002220859751105e-12,5.002220859751105e-12,5.002220859751105e-12,5.002220859751105e-12,26431.716766540023,20232.38802981188,0.7654587179681083,1.1828532334864694,3.796503076698026,1.0949227041276868,0.673709309175287,41059.97430708969,25750.0,0.0,0.0,0.0,0.0,0.0,0.0,0.0,0.0,0.0,0.0,0.0,0.0,0.0,0.0,0.0,0.0,0.0,0.0,0.0,0.0,41068.7625301763,25750.0,1.0,0.0,0.0,6.0,0.9,167190.3635292044,27865.060588200733,260.63997000520607,260.63997000520607,-12.51002999479391,242.88464925616103,278.39529080200475,149388.5875828478,149402.9670690354,-14.379486187609075,0.0,nan,278.39529080200475,5.245290802004774,271.29316243554996,-1.856837564450018,264.1910341437263,-8.958965856273664,257.08890584178664,-16.061094158213336,249.98677755200765,-23.163222447992325,242.88464925616103,-30.26535074383895,1.0,1.0,26022.012520719443,26022.012520719443,277.29311012343857,4.143110123438589,277.29311012343857,277.29311012343857,75959.86473201557,76031.52178689052,-71.65705487494415,0.0,8546.071908451686,8546.071908451686,0.8688739309409952,4206.580274279905,277.29311012343857,4.143110123438589,1.0,0.002,1.3356226769349469,9.795696271212298e-07,0.002070564087669698,3.36508746457584e-07,1.0,1.035282043834849,0.045517545788666514,7.090059641615522e-05,0.9998930147654133,0.9998930147654133,0.0,0.09306810531995352,9.957978436857991e-06,0.0,0.0,0.0,1602162.8762055845,268.3964471183384,0.0,1.0,1278388.931217237,2623.05892371448,,,,,,,,,,,,,,,,,3.0,16243.107769423557
1770.0,-32.2601995819067,5.291140162904339,34.97619418766009,24.911797663103812,7.206989876413361,-28.311173326974632,-41.753830353822536,3.6453652049368532,-4.756887042896267,-4.756887042899424,40.79036272424463,41364.48234437241,25873.67005494469,25873.67005494469,67238.1523993171,74486.68593355933,75987.23493826805,25873.67005494469,101860.90499321275,101860.90499321275,101860.90499321275,128292.9884426556,125254.21805279261,3038.770389862989,0.0,89470.95582510397,57983.10502325952,34986.500890938274,26432.083449442845,61418.584340381116,20233.010007295357,1450.0,0.0,0.8852932688406107,2.9106213911342973,0.001494314320929203,1.0,1.0,-4.756887042896267,358029.19035649486,1588894.6988946535,4.4378914951391755,1588894.6988946535,4.4378914951391755,0.7654716301874358,0.09311064686173301,4.186065136889059,101325.0,128351.07116782667,1.2667265844345095,1.0,0.0,4.186065136889059,1.2748640871311219,1.275099277243373,3.2835383623591836,6957.423776036219,16243.107769423557,6504.017479928338,0.00019719118217310753,21373.522126221793,2179.4927040550847,19440.943496355558,1982.4245278821575,0.9095807130685645,0.9095807130685645,37361.896650724295,35405.22815468563,1.069551981772964,0.8,4509.185112693212,4273.035954225843,1.069551981772964,0.8,17887.488988751174,17887.488988751174,1.0,0.8,4632.441516551485,4632.441516551485,5.585320389366891,5.291140162904339,-2.0645585023251387,7.355698665229478,3.5,3.5,1.0,0.6,0.00018447289481571188,1.0020535772040509,0.0001840948418451154,200.80456414390923,0.0,2.2420484934955366e-06,6.353965430566351,0.009785607518942308,6.456350383088261e-05,0.00011990939098482926,0.000501948521187193,0.09306612717290898,0.09306612717290898,0.09306612717290898,0.0930532592953566,0.0,0.0,0.0,0.0,0.0,0.0,1.0,1.0,0.0,1.0,1.0,507393.6581635716,589.2466733926232,0.0,0.09306612717290898,0.093110646861733,0.09311064686173301,0.375,0.375,0.5,6.658085810863474,3.183231456205249e-12,3.183231456205249e-12,3.183231456205249e-12,3.183231456205249e-12,3.183231456205249e-12,3.183231456205249e-12,26432.083449442845,20233.010007295357,0.7654716301874358,1.182298351964831,3.7969143136395282,1.094752559366787,0.6734847894756236,41059.97430708969,25750.0,0.0,0.0,0.0,0.0,0.0,0.0,0.0,0.0,0.0,0.0,0.0,0.0,0.0,0.0,0.0,0.0,0.0,0.0,0.0,0.0,41066.32827252025,25750.0,1.0,0.0,0.0,6.0,0.9,167190.3635292044,27865.060588200733,260.6255570813282,260.6255570813282,-12.524442918671753,242.86596286517025,278.3851513064766,149394.29665852315,149474.61989050359,-80.32323198044469,0.0,nan,278.3851513064766,5.2351513064766095,271.28131360824784,-1.868686391752135,264.17747592443675,-8.972524075563229,257.0736382340805,-16.0763617659195,249.9698005495575,-23.180199450442473,242.86596286517025,-30.28403713482973,1.0,1.0,26022.012520719443,26022.012520719443,277.28459383302436,4.1345938330243825,277.28459383302436,277.28459383302436,75945.62642282386,75987.23493826805,-41.60851544419711,0.0,8546.071908451686,8546.071908451686,0.8688476377680285,4206.9954625735045,277.28459383302436,4.1345938330243825,1.0,0.002,1.337325415486922,4.787902004507656e-07,0.0020731894343292354,1.6449758774115892e-07,1.0,1.0365947171646177,0.047211359006981146,7.335393191697627e-05,0.9993832874379136,0.9993832874379136,0.0,0.09305322435614939,5.742250558362108e-05,0.0,0.0,0.0,1602159.0516443485,268.3931129571037,0.0,1.0,1278400.4263822704,2623.011772194498,,,,,,,,,,,,,,,,,13.0,16243.107769423557
1800.0,-32.27796832429751,5.2902981425622,34.97534114744876,24.901132319960766,7.199562094150665,-28.327914965119117,-41.76996439984066,3.634409208898852,-4.758340272718556,-4.758340272725562,40.78661402221282,41358.03205211987,25875.24391936598,25875.24391936598,67233.27597148585,74478.69726287987,75961.46089127008,25875.24391936598,101836.70481063606,101836.70481063606,101836.70481063606,128266.91429625463,125233.36629120311,3033.5480050515234,0.0,89478.94519141386,57981.858226459,34996.76329439429,26430.20948561857,61426.97278001286,20231.27190314262,1450.0,0.0,0.8852994478061418,2.9104658876681806,0.001494314320929203,1.0,1.0,-4.758340272718556,358008.9522449836,1588730.379772331,4.437683386992992,1588730.379772331,4.437683386992992,0.7654601418937308,0.09318031123946349,4.186384643678466,101325.0,128351.07116782667,1.2667265844345095,1.0,0.0,4.186384643678466,1.2749153249899272,1.2751500425440478,3.2836570097010496,6957.675175516345,16243.107769423557,6503.757124610712,0.0001971281637022041,21373.799305930726,2179.5209685193954,19440.165276888198,1982.345171581345,0.9095325074702095,0.9095325074702095,37364.17798904921,35405.22815468563,1.0696336166994702,0.8,4509.460446060463,4273.035954225843,1.0696336166994702,0.8,17887.488988751174,17887.488988751174,1.0,0.8,4632.441516551485,4632.441516551485,5.585660137729751,5.2902981425622,-2.0658479610244336,7.356146103586633,3.5,3.5,1.0,0.6,0.0001840948418451154,1.0018860246321613,0.0001837482880477399,200.81948903911794,0.0,2.530492066131243e-06,7.171414515415943,0.009861522280926245,6.444393945688255e-05,0.00011965090238823284,0.0005009047003603691,0.0930590514888751,0.0930590514888751,0.0930590514888751,0.09304893724945112,0.0,0.0,0.0,0.0,0.0,0.0,1.0,1.0,0.0,1.0,1.0,507455.54879480915,589.2260504775514,0.0,0.0930590514888751,0.09318031123946352,0.09318031123946345,0.375,0.375,0.5,6.641600640710983,6.991740519879386e-12,6.991740519879386e-12,6.991740519879386e-12,6.991740519879386e-12,6.991740519879386e-12,6.991740519879386e-12,26430.20948561857,20231.27190314262,0.7654601418937308,1.181767345288886,3.7969408164112846,1.0945236746773601,0.6732878112068867,41059.97430708969,25750.0,0.0,0.0,0.0,0.0,0.0,0.0,0.0,0.0,0.0,0.0,0.0,0.0,0.0,0.0,0.0,0.0,0.0,0.0,0.0,0.0,41067.145721605106,25750.0,1.0,0.0,0.0,6.0,0.9,167190.3635292044,27865.060588200733,260.6127220861144,260.6127220861144,-12.537277913885589,242.84852412144946,278.3769200639426,149449.2570762453,149520.78487323577,-71.5277969904708,0.0,nan,278.3769200639426,5.2269200639426,271.27124086754907,-1.8787591324509094,264.16556167504376,-8.984438324956216,257.0598824828505,-16.09011751714945,249.95420330585074,-23.195796694149237,242.84852412144946,-30.30147587855052,1.0,1.0,26022.012520719443,26022.012520719443,277.2801247091976,4.1301247091976165,277.2801247091976,277.2801247091976,75926.99560054629,75961.46089127008,-34.46529072379053,0.0,8546.071908451686,8546.071908451686,0.8688273027180006,4207.316566896859,277.2801247091976,4.1301247091976165,1.0,0.002,1.3412479595409355,1.482720785437967e-07,0.002079264090578625,5.0944447866818555e-08,1.0,1.0396320452893124,0.0511300128902159,7.931503502649163e-05,0.9985900785701949,0.9985900785701949,0.0,0.09304893432181106,0.00013137691765243014,0.0,0.0,0.0,1602157.3846178958,268.3916597272814,0.0,1.0,1278405.4366044411,2622.9912213527564,,,,,,,,,,,,,,,,,13.0,16243.107769423557
1830.0,-32.28937960387126,5.290825199225383,34.97379605444367,24.90532068712639,7.195612340786294,-28.33853549109947,-41.780345037672646,3.6386864940167287,-4.757337458544271,-4.757337458535006,40.79553779952214,41350.76669613868,25874.018843732996,25874.018843732996,67224.78553987168,74510.77931458715,75905.95633778149,25874.018843732996,101779.97518151448,101779.97518151448,101779.97518151448,128213.75753882171,125183.99420905723,3029.7633297644725,0.0,89475.97872141356,57975.95904295108,35000.02186495831,26433.78235730722,61433.804222265535,20234.723741792815,1450.0,0.0,0.885272146724873,2.9105731935174513,0.001494314320929203,1.0,1.0,-4.757337458544271,358022.91763799306,1589121.562192771,4.43860290474359,1589121.562192771,4.43860290474359,0.7654872642998527,0.09340991229394774,4.186266046381213,101325.0,128351.07116782667,1.2667265844345095,1.0,0.0,4.186266046381213,1.2748963335774917,1.275130605792042,3.283612899437961,6957.581711161946,16243.107769423557,6503.853942614118,0.00019715159369498676,21373.696208046884,2179.5104554610275,19440.454672379437,1982.374681708783,0.9095504344756425,0.9095504344756425,37363.33118619579,35405.22815468563,1.069603314740432,0.8,4509.35824592711,4273.035954225843,1.069603314740432,0.8,17887.488988751174,17887.488988751174,1.0,0.8,4632.441516551485,4632.441516551485,5.585395682014854,5.290825199225383,-2.064972624152868,7.355797823378251,3.5,3.5,1.0,0.6,0.0001837482880477399,1.0012109634269113,0.00018352604471969864,200.82907502795484,0.0,2.3198252171171143e-06,6.574384665309902,0.00993111703743976,6.436712011755185e-05,0.00011938116793018804,0.00049976132988348,0.09306905375555345,0.09306905375555345,0.09306905375555345,0.0930494982952427,0.0,0.0,0.0,0.0,0.0,0.0,1.0,1.0,0.0,1.0,1.0,507620.258001911,589.1721391637665,0.0,0.09306905375555345,0.09340991229394772,0.09340991229394777,0.375,0.375,0.5,6.616677770516841,-9.265477274311706e-12,-9.265477274311706e-12,-9.265477274311706e-12,-9.265477274311706e-12,-9.265477274311706e-12,-9.265477274311706e-12,26433.78235730722,20234.723741792815,0.7654872642998527,1.181449738965411,3.7975949412540384,1.0942637590316653,0.6730946784043021,41059.97430708969,25750.0,0.0,0.0,0.0,0.0,0.0,0.0,0.0,0.0,0.0,0.0,0.0,0.0,0.0,0.0,0.0,0.0,0.0,0.0,0.0,0.0,41066.548691755,25750.0,1.0,0.0,0.0,6.0,0.9,167190.3635292044,27865.060588200733,260.60436929762517,260.60436929762517,-12.545630702374808,242.83665097013292,278.37208762154495,149485.76377452485,149532.31437075103,-46.550596226198664,0.0,nan,278.37208762154495,5.222087621544972,271.2650002857487,-1.8849997142512507,264.15791297445304,-8.992087025546937,257.0508256375771,-16.0991743624229,249.9437382962943,-23.206261703705678,242.83665097013292,-30.313349029867055,1.0,1.0,26022.012520719443,26022.012520719443,277.2746327788923,4.124632778892305,277.2746327788923,277.2746327788923,75960.88922741803,75905.95633778149,54.93288963653322,0.0,8546.071908451686,8546.071908451686,0.8688348508636576,4207.19737661312,277.2746327788923,4.124632778892305,1.0,0.002,1.3520420505329342,1.2763083538812337e-06,0.00209600194671176,4.3850755902982796e-07,1.0,1.04800097335588,0.0619267883271537,9.644045427078954e-05,0.9961416265610801,0.9961416265610801,0.0,0.09304950196942093,0.00036041032452680785,0.0,0.0,0.0,1602158.534967619,268.3926625414557,0.0,1.0,1278401.9792604782,2623.0054026016787,,,,,,,,,,,,,,,,,4.0,16243.107769423557
1860.0,-32.30450015133036,5.291730214114869,34.9744330812466,24.909320461470656,7.207153024254708,-28.35100698022417,-41.79228114718569,3.6427754717040126,-4.754940177913227,-4.754940177938047,40.79378090173301,41333.776311564856,25870.176259536256,25870.176259536256,67203.95257110111,74476.99176034646,75963.09482591542,25870.176259536256,101833.27108545168,101833.27108545168,101833.27108545168,128267.28794940442,125250.37162142414,3016.916327980269,0.0,89473.12818518227,57970.50899126382,35002.910215464944,26434.016863952736,61436.927079417685,20234.768496688175,1450.0,0.0,0.8852908215386055,2.910829726521524,0.001494314320929203,1.0,1.0,-4.754940177913227,358056.3043850302,1589044.541125748,4.43797392104286,1589044.541125748,4.43797392104286,0.7654821664384164,0.09316884679561466,4.186151963892214,101325.0,128351.07116782667,1.2667265844345095,1.0,0.0,4.186151963892214,1.2748779553367904,1.2751119408263243,3.2835707499439337,6957.492401441902,16243.107769423557,6503.94643027484,0.00019717398083681783,21373.597747271382,2179.5004152561155,19440.731124186612,1982.4028719477715,0.909567558726442,0.909567558726442,37362.51661523677,35405.22815468563,1.0695741663282106,0.8,4509.259935841945,4273.035954225843,1.0695741663282106,0.8,17887.488988751174,17887.488988751174,1.0,0.8,4632.441516551485,4632.441516551485,5.584566187636345,5.291730214114869,-2.0629751901598303,7.3547054042747,3.5,3.5,1.0,0.6,0.00018352604471969864,1.0016050824126006,0.00018323194235160342,200.84177824498514,0.0,1.487764066721983e-06,4.2163233650900995,0.00997574995944142,6.427889460020355e-05,0.00011924715011949509,0.000499186691661274,0.09306369275952107,0.09306369275952107,0.09306369275952107,0.09305966257276187,0.0,0.0,0.0,0.0,0.0,0.0,1.0,1.0,0.0,1.0,1.0,507665.5283175263,589.1571027122227,0.0,0.09306369275952107,0.09316884679561464,0.09316884679561466,0.375,0.375,0.5,6.6056081047014885,2.4840574042173102e-11,2.4840574042173102e-11,2.4840574042173102e-11,2.4840574042173102e-11,2.4840574042173102e-11,2.4840574042173102e-11,26434.016863952736,20234.768496688175,0.7654821664384164,1.1808668495599208,3.796137701520615,1.0938690420539516,0.6727839147640623,41059.97430708969,25750.0,0.0,0.0,0.0,0.0,0.0,0.0,0.0,0.0,0.0,0.0,0.0,0.0,0.0,0.0,0.0,0.0,0.0,0.0,0.0,0.0,41064.19063045478,25750.0,1.0,0.0,0.0,6.0,0.9,167190.3635292044,27865.060588200733,260.601723294945,260.601723294945,-12.548276705055002,242.82311329859223,278.3803332564354,149598.54179048375,149613.28643804067,-14.744647556905818,0.0,nan,278.3803332564354,5.230333256435415,271.26888930758093,-1.8811106924190426,264.1574453045104,-8.99255469548956,257.0460013011072,-16.10399869889278,249.93455730144348,-23.2154426985565,242.82311329859223,-30.326886701407744,1.0,1.0,26022.012520719443,26022.012520719443,277.2837159952906,4.133715995290629,277.2837159952906,277.2837159952906,75940.87249542498,75963.09482591542,-22.222330490447348,0.0,8546.071908451686,8546.071908451686,0.8688421116572411,4207.082723711675,277.2837159952906,4.133715995290629,1.0,0.002,1.3552990044090432,1.1009720308565523e-07,0.0021010614876536848,3.7823305651633274e-08,1.0,1.0505307438268423,0.0651901595483968,0.0001010993109593363,0.9988276339778412,0.9988276339778412,0.0,0.09305961880530776,0.00010922799030689323,0.0,0.0,0.0,1602161.2848806113,268.39505982208675,0.0,1.0,1278393.7142156553,2623.0393043959343,,,,,,,,,,,,,,,,,12.0,16243.107769423557
1890.0,-32.31363801802653,5.301101742304228,34.9765942518543,24.957222514227055,7.243444270523865,-28.35479983328614,-41.79622085122389,3.6918838920877417,-4.74078238612401,-4.740782386123285,40.81519915828669,41296.19302023323,25857.851630700843,25857.851630700843,67154.04465093407,74500.68181412057,76042.12493084671,25857.851630700843,101899.97656154755,101899.97656154755,101899.97656154755,128346.81699057293,125328.91375669518,3017.9032338777456,0.0,89437.84913925017,57948.402681632826,34988.273841797054,26446.840429025382,61435.114270822436,20246.33677987485,1450.0,0.0,0.88528552771342,2.9123451160166276,0.001494314320929203,1.0,1.0,-4.74078238612401,358253.52870021097,1589983.693649456,4.438152219792831,1589983.693649456,4.438152219792831,0.7655484152902634,0.09310964434782953,4.184741030157298,101325.0,128351.07116782667,1.2667265844345095,1.0,0.0,4.184741030157298,1.2746524098952892,1.2748859790913964,3.28304485024358,6956.3780830830865,16243.107769423557,6505.098216981311,0.0001974531943476783,21372.373701196117,2179.375597293277,19444.17389172982,1982.753936535904,0.9097807367387375,0.9097807367387375,37352.44190937973,35405.22815468563,1.069213668599919,0.8,4508.044025576736,4273.035954225843,1.069213668599919,0.8,17887.488988751174,17887.488988751174,1.0,0.8,4632.441516551485,4632.441516551485,5.581905683711714,5.301101742304228,-2.0500998584636023,7.35120160076783,3.5,3.5,1.0,0.6,0.00018323194235160342,1.0009697960517518,0.00018305441690083724,200.84945594107563,0.0,1.9689347531435256e-06,5.5799610904087515,0.010034818002035725,6.424979891996068e-05,0.00011898214343164274,0.000497909457474456,0.09308986940115552,0.09308986940115552,0.09308986940115552,0.09310755303801864,0.0,0.0,0.0,0.0,0.0,0.0,1.0,1.0,0.0,1.0,1.0,507740.3586702405,589.133505255663,0.0,0.09308986940115552,0.09310964434782952,0.09310964434782953,0.375,0.375,0.5,6.611693492415593,-7.389644451905042e-13,-7.389644451905042e-13,-7.389644451905042e-13,-7.389644451905042e-13,-7.389644451905042e-13,-7.389644451905042e-13,26446.840429025382,20246.33677987485,0.7655484152902634,1.1802866642395122,3.7947267732850998,1.09308895161977,0.6721920112036994,41059.97430708969,25750.0,0.0,0.0,0.0,0.0,0.0,0.0,0.0,0.0,0.0,0.0,0.0,0.0,0.0,0.0,0.0,0.0,0.0,0.0,0.0,0.0,41065.554268180094,25750.0,1.0,0.0,0.0,6.0,0.9,167190.3635292044,27865.060588200733,260.6131712365297,260.6131712365297,-12.536828763470282,242.81537911834872,278.4109615377834,149759.61621934018,149695.27060340537,64.34561593484129,0.0,nan,278.4109615377834,5.26096153778343,271.2918462561312,-1.8581537438687974,264.1727302672344,-8.977269732765592,257.05361368350157,-16.09638631649841,249.93449655617874,-23.215503443821234,242.81537911834872,-30.33462088165126,1.0,1.0,26022.012520719443,26022.012520719443,277.3071213227894,4.157121322789408,277.3071213227894,277.3071213227894,76012.6446723952,76042.12493084671,-29.480258451512782,0.0,8546.071908451686,8546.071908451686,0.8689319101863135,4205.664735308084,277.3071213227894,4.157121322789408,1.0,0.002,1.3552990068003696,1.1006599595183982e-07,0.0021011232175269985,3.779290946911592e-08,1.0,1.0505616087634992,0.06522806236947298,0.00010116101043646745,0.9999774955494596,0.9999774955494596,0.0,0.09310754896644348,2.095381386061552e-06,0.0,0.0,0.0,1602177.5235355615,268.40921761387597,0.0,1.0,1278344.900444056,2623.239542627862,,,,,,,,,,,,,,,,,11.0,16243.107769423557
1920.0,-32.326307977505984,5.299005567737493,34.97634591700652,24.91257438613104,7.2128114420666485,-28.370072026485566,-41.810705967340596,3.646088897656146,-4.752424666286174,-4.7524246662783565,40.79306462580602,41315.20112150731,25882.43285259081,25882.43285259081,67197.63397409812,74465.21393860845,75985.27603954557,25882.43285259081,101867.70889213638,101867.70889213638,101867.70889213638,128302.37716175982,125286.01095562472,3016.3662061351015,0.0,89470.88141594167,57962.52804760313,35009.28152037615,26434.668269623457,61443.949789999606,20235.215962618597,1450.0,0.0,0.8853063174751682,2.911098930624636,0.001494314320929203,1.0,1.0,-4.752424666286174,358091.34035254136,1589013.140939734,4.437452018178794,1589013.140939734,4.437452018178794,0.765480230590646,0.0930705709805125,4.186062204855929,101325.0,128351.07116782667,1.2667265844345095,1.0,0.0,4.186062204855929,1.2748636606916228,1.2750970422651107,3.2835371608168358,6957.421230112167,16243.107769423557,6504.020115493804,0.00019719182030800099,21373.519321369226,2179.4924180397206,19440.95137423711,1982.4253312025116,0.909581201014475,0.9095812010144751,37361.87571529728,35405.22815468563,1.0695512326298566,0.8,4509.182586008962,4273.035954225843,1.0695512326298566,0.8,17887.488988751174,17887.488988751174,1.0,0.8,4632.441516551485,4632.441516551485,5.587212004752604,5.299005567737493,-2.0591842979599653,7.358189865697458,3.5,3.5,1.0,0.6,0.00018305441690083724,1.001345028223939,0.00018280853426267703,200.86010220424498,0.0,1.1885296734026618e-06,3.3682930944231435,0.010070473892237804,6.414292749908541e-05,0.00011891148940175183,0.0004977708915077997,0.09306200833765386,0.09306200833765386,0.09306200833765386,0.09306989811487061,0.0,0.0,0.0,0.0,0.0,0.0,1.0,1.0,0.0,1.0,1.0,507633.7015148,589.1675730493904,0.0,0.09306200833765386,0.09307057098051245,0.09307057098051254,0.375,0.375,0.5,6.611434197151883,-7.844391802791506e-12,-7.844391802791506e-12,-7.844391802791506e-12,-7.844391802791506e-12,-7.844391802791506e-12,-7.844391802791506e-12,26434.668269623457,20235.215962618597,0.765480230590646,1.1801213657429952,3.796062268218834,1.0936411836114572,0.6724047080747992,41059.97430708969,25750.0,0.0,0.0,0.0,0.0,0.0,0.0,0.0,0.0,0.0,0.0,0.0,0.0,0.0,0.0,0.0,0.0,0.0,0.0,0.0,0.0,41063.34260018411,25750.0,1.0,0.0,0.0,6.0,0.9,167190.3635292044,27865.060588200733,260.5958499050984,260.5958499050984,-12.554150094901559,242.80256950204918,278.38913007763523,149658.4360390431,149754.96702970154,-96.53099065842937,0.0,nan,278.38913007763523,5.239130077635252,271.2718181138672,-1.8781818861327793,264.15450606444733,-8.995493935552645,257.0371939350708,-16.112806064929202,249.91988173752054,-23.230118262479436,242.80256950204918,-30.347430497950796,1.0,1.0,26022.012520719443,26022.012520719443,277.2888269933759,4.138826993375915,277.2888269933759,277.2888269933759,75932.95544473887,75985.27603954557,-52.32059480670432,0.0,8546.071908451686,8546.071908451686,0.8688478243774227,4206.992515880209,277.2888269933759,4.138826993375915,1.0,0.002,1.3552996264310333,5.228984916547345e-08,0.002101073418782602,1.7962236979178516e-08,1.0,1.050536709391301,0.06519751546689845,0.0001010913810195811,0.999992714779609,0.999992714779609,0.0,0.09306989294089099,6.780396215047056e-07,0.0,0.0,0.0,1602164.1703262106,268.3975753337138,0.0,1.0,1278385.0414272544,2623.074879344721,,,,,,,,,,,,,,,,,13.0,16243.107769423557
1950.0,-32.33311129940145,5.298190912770155,34.97623633640591,24.91605064077305,7.215487643334649,-28.37477645859991,-41.81543287178499,3.649640634296424,-4.752672653952402,-4.752672653960793,40.79258902065186,41304.315706065805,25880.973684332188,25880.973684332188,67185.28939039799,74466.78793631775,75986.00664158963,25880.973684332188,101866.98032592182,101866.98032592182,101866.98032592182,128301.38783675019,125285.0960594778,3016.291777272389,0.0,89468.41094429573,57958.71599827484,35010.77216224543,26434.40751082838,61445.179673073806,20234.97766212923,1450.0,0.0,0.8853067753464791,2.9110723906976532,0.001494314320929203,1.0,1.0,-4.752672653952402,358087.8862685571,1588992.291566444,4.437436597268021,1588992.291566444,4.437436597268021,0.7654787667868226,0.09306978124503792,4.185963384661267,101325.0,128351.07116782667,1.2667265844345095,1.0,0.0,4.185963384661267,1.2748478062172088,1.275080871409053,3.283500480800186,6957.343509558367,16243.107769423557,6504.100562403441,0.00019721130041853622,21373.4337171073,2179.483688834342,19441.19183543352,1982.4498514205688,0.9095960945139475,0.9095960945139474,37361.17011344686,35405.22815468563,1.0695259837788273,0.8,4509.097427340783,4273.035954225843,1.0695259837788273,0.8,17887.488988751174,17887.488988751174,1.0,0.8,4632.441516551485,4632.441516551485,5.586897015722865,5.298190912770155,-2.059584121865861,7.357775034636017,3.5,3.5,1.0,0.6,0.00018280853426267703,1.0007220662013925,0.0001826766296426278,200.86581929422636,0.0,1.6462670610369997e-06,4.665520850978857,0.010119861904068914,6.410808792571021e-05,0.00011870044633696682,0.0004968757221094928,0.09306139651983207,0.09306139651983207,0.09306139651983207,0.09306909774893007,0.0,0.0,0.0,0.0,0.0,0.0,1.0,1.0,0.0,1.0,1.0,507631.8720696815,589.1681524204314,0.0,0.09306139651983207,0.09306978124503788,0.09306978124503797,0.375,0.375,0.5,6.611333578701943,8.412825991399586e-12,8.412825991399586e-12,8.412825991399586e-12,8.412825991399586e-12,8.412825991399586e-12,8.412825991399586e-12,26434.40751082838,20234.97766212923,0.7654787667868226,1.1797602039353805,3.796104057923155,1.0934183893328182,0.6722140927218409,41059.97430708969,25750.0,0.0,0.0,0.0,0.0,0.0,0.0,0.0,0.0,0.0,0.0,0.0,0.0,0.0,0.0,0.0,0.0,0.0,0.0,0.0,0.0,41064.639827940664,25750.0,1.0,0.0,0.0,6.0,0.9,167190.3635292044,27865.060588200733,260.5918063417125,260.5918063417125,-12.55819365828745,242.7954138673939,278.38819963324386,149727.57526366922,149750.54238023542,-22.96711656618543,0.0,nan,278.38819963324386,5.23819963324388,271.26964201934896,-1.880357980651013,264.15108460837394,-8.998915391626042,257.0325274242315,-16.11747257576849,249.91397049768312,-23.236029502316853,242.7954138673939,-30.354586132606073,1.0,1.0,26022.012520719443,26022.012520719443,277.2886644955011,4.138664495501132,277.2886644955011,277.2886644955011,75945.01283154992,75986.00664158963,-40.993810039712116,0.0,8546.071908451686,8546.071908451686,0.8688541137912187,4206.893201584574,277.2886644955011,4.138664495501132,1.0,0.002,1.3552996265441453,5.2280239680013736e-08,0.0021010723378009533,1.7959099726743576e-08,1.0,1.0505361689004766,0.06519685172712641,0.00010109029690068012,0.999992647746522,0.999992647746522,0.0,0.09306909697241507,6.842726228585416e-07,0.0,0.0,0.0,1602163.885873285,268.3973273460476,0.0,1.0,1278385.8964256705,2623.071372192914,,,,,,,,,,,,,,,,,7.0,16243.107769423557
1980.0,-32.33311129940145,5.298190912770155,34.97623633640591,24.916057485993974,7.215487643334649,-28.37477645859991,-41.81561622591687,3.649640634296424,-4.752672653952402,-4.752672653960793,40.79258902065186,41305.11021043714,25880.973684332188,25880.973684332188,67186.08389476933,74466.83087873069,75986.00664158963,25880.973684332188,101866.98032592182,101866.98032592182,101866.98032592182,128301.38783675019,125285.0960594778,3016.291777272389,0.0,89468.45671317977,57957.9441819048,35011.680590305514,26434.40751082838,61446.08810113389,20234.97766212923,1450.0,0.0,0.8853067753464791,2.9110723906976532,0.001494314320929203,1.0,1.0,-4.752672653952402,358087.8862685571,1588992.291566444,4.437436597268021,1588992.291566444,4.437436597268021,0.7654787667868226,0.09306978124503792,4.1859651951959655,101325.0,128351.07116782667,1.2667265844345095,1.0,0.0,4.1859651951959655,1.2748480765127155,1.2750809735868687,3.2835012048231413,6957.345043676129,16243.107769423557,6504.098974660894,0.00019721091591238233,21373.435406452612,2179.4838610996226,19441.187089564795,1982.4493674766404,0.9095958005747418,0.9095958005747418,37361.18304116471,35405.22815468563,1.0695264463757796,0.8,4509.098987579371,4273.035954225843,1.0695264463757796,0.8,17887.488988751174,17887.488988751174,1.0,0.8,4632.441516551485,4632.441516551485,5.586897015722865,5.298190912770155,-2.059584121865861,7.357775034636017,3.5,3.5,1.0,0.6,0.0001826766296426278,1.0,0.0001826766296426278,200.86581929422636,0.0,8.831709858293915e-07,2.5029065738404954,0.010146357033643796,6.410673686977546e-05,0.00011856989277285235,0.0004963294443452776,0.09306139651983207,0.09306139651983207,0.09306139651983207,0.09306909774893007,0.0,0.0,0.0,0.0,0.0,0.0,1.0,1.0,0.0,1.0,1.0,507631.8720696815,589.1681524204314,0.0,0.09306139651983207,0.09306978124503788,0.09306978124503797,0.375,0.375,0.5,6.611333578701943,8.412825991399586e-12,8.412825991399586e-12,8.412825991399586e-12,8.412825991399586e-12,8.412825991399586e-12,8.412825991399586e-12,26434.40751082838,20234.97766212923,0.7654787667868226,1.179752285923522,3.7961056824124846,1.0934151541785377,0.6722170847142166,41059.97430708969,25750.0,0.0,0.0,0.0,0.0,0.0,0.0,0.0,0.0,0.0,0.0,0.0,0.0,0.0,0.0,0.0,0.0,0.0,0.0,0.0,0.0,41062.47721366353,25750.0,1.0,0.0,0.0,6.0,0.9,167190.3635292044,27865.060588200733,260.5918063417125,260.5918063417125,-12.55819365828745,242.7954138673939,278.38819963324386,149727.6400295873,149750.6071461535,-22.96711656618543,0.0,nan,278.38819963324386,5.23819963324388,271.26964201934896,-1.880357980651013,264.15108460837394,-8.998915391626042,257.0325274242315,-16.11747257576849,249.91397049768312,-23.236029502316853,242.7954138673939,-30.354586132606073,1.0,1.0,26022.012520719443,26022.012520719443,277.2886644955011,4.138664495501132,277.2886644955011,277.2886644955011,75945.06062799426,75986.00664158963,-40.94601359537046,0.0,8546.071908451686,8546.071908451686,0.8688539985597339,4206.895021171946,277.2886644955011,4.138664495501132,1.0,0.002,1.3552996265441453,5.2280239680013736e-08,0.0021010723378009533,1.7959099726743576e-08,1.0,1.0505361689004766,0.06519685172712641,0.00010109029690068012,0.999992647746522,0.999992647746522,0.0,0.09306909697241507,6.842726228585416e-07,0.0,0.0,0.0,1602163.885873285,268.3973273460476,0.0,1.0,1278385.8964256705,2623.071372192914,,,,,,,,,,,,,,,,,10.0,16243.107769423557
2010.0,-32.33311129940145,5.298190912770155,34.97623633640591,24.916057485993974,7.215487643334649,-28.37477645859991,-41.81561622591687,3.649640634296424,-4.752672653952402,-4.752672653960793,40.79258902065186,41305.11021043714,25880.973684332188,25880.973684332188,67186.08389476933,74466.83087873069,75986.00664158963,25880.973684332188,101866.98032592182,101866.98032592182,101866.98032592182,128301.38783675019,125285.0960594778,3016.291777272389,0.0,89468.45671317977,57957.9441819048,35011.680590305514,26434.40751082838,61446.08810113389,20234.97766212923,1450.0,0.0,0.8853067753464791,2.9110723906976532,0.001494314320929203,1.0,1.0,-4.752672653952402,358087.8862685571,1588992.291566444,4.437436597268021,1588992.291566444,4.437436597268021,0.7654787667868226,0.09306978124503792,4.1859651951959655,101325.0,128351.07116782667,1.2667265844345095,1.0,0.0,4.1859651951959655,1.2748480765127155,1.2750809735868687,3.2835012048231413,6957.345043676129,16243.107769423557,6504.098974660894,0.00019721091591238233,21373.435406452612,2179.4838610996226,19441.187089564795,1982.4493674766404,0.9095958005747418,0.9095958005747418,37361.18304116471,35405.22815468563,1.0695264463757796,0.8,4509.098987579371,4273.035954225843,1.0695264463757796,0.8,17887.488988751174,17887.488988751174,1.0,0.8,4632.441516551485,4632.441516551485,5.586897015722865,5.298190912770155,-2.059584121865861,7.357775034636017,3.5,3.5,1.0,0.6,0.0001826766296426278,1.0,0.0001826766296426278,200.86581929422636,0.0,0.0,0.0,0.010146357033643796,6.410673686977546e-05,0.00011856989277285235,0.0004963294443452776,0.09306139651983207,0.09306139651983207,0.09306139651983207,0.09306909774893007,0.0,0.0,0.0,0.0,0.0,0.0,1.0,1.0,0.0,1.0,1.0,507631.8720696815,589.1681524204314,0.0,0.09306139651983207,0.09306978124503788,0.09306978124503797,0.375,0.375,0.5,6.611333578701943,8.412825991399586e-12,8.412825991399586e-12,8.412825991399586e-12,8.412825991399586e-12,8.412825991399586e-12,8.412825991399586e-12,26434.40751082838,20234.97766212923,0.7654787667868226,1.179752285923522,3.7961056824124846,1.0934151541785377,0.6722170847142166,41059.97430708969,25750.0,0.0,0.0,0.0,0.0,0.0,0.0,0.0,0.0,0.0,0.0,0.0,0.0,0.0,0.0,0.0,0.0,0.0,0.0,0.0,0.0,41059.97430708969,25750.0,1.0,0.0,0.0,6.0,0.9,167190.3635292044,27865.060588200733,260.5918063417125,260.5918063417125,-12.55819365828745,242.7954138673939,278.38819963324386,149727.6400295873,149750.6071461535,-22.96711656618543,0.0,nan,278.38819963324386,5.23819963324388,271.26964201934896,-1.880357980651013,264.15108460837394,-8.998915391626042,257.0325274242315,-16.11747257576849,249.91397049768312,-23.236029502316853,242.7954138673939,-30.354586132606073,1.0,1.0,26022.012520719443,26022.012520719443,277.2886644955011,4.138664495501132,277.2886644955011,277.2886644955011,75945.06062799426,75986.00664158963,-40.94601359537046,0.0,8546.071908451686,8546.071908451686,0.8688539985597339,4206.895021171946,277.2886644955011,4.138664495501132,1.0,0.002,1.3552996265441453,5.2280239680013736e-08,0.0021010723378009533,1.7959099726743576e-08,1.0,1.0505361689004766,0.06519685172712641,0.00010109029690068012,0.999992647746522,0.999992647746522,0.0,0.09306909697241507,6.842726228585416e-07,0.0,0.0,0.0,1602163.885873285,268.3973273460476,0.0,1.0,1278385.8964256705,2623.071372192914,,,,,,,,,,,,,,,,,10.0,16243.107769423557
2040.0,-32.33311129940145,5.298190912770155,34.97623633640591,24.916057485993974,7.215487643334649,-28.37477645859991,-41.81561622591687,3.649640634296424,-4.752672653952402,-4.752672653960793,40.79258902065186,41305.11021043714,25880.973684332188,25880.973684332188,67186.08389476933,74466.83087873069,75986.00664158963,25880.973684332188,101866.98032592182,101866.98032592182,101866.98032592182,128301.38783675019,125285.0960594778,3016.291777272389,0.0,89468.45671317977,57957.9441819048,35011.680590305514,26434.40751082838,61446.08810113389,20234.97766212923,1450.0,0.0,0.8853067753464791,2.9110723906976532,0.001494314320929203,1.0,1.0,-4.752672653952402,358087.8862685571,1588992.291566444,4.437436597268021,1588992.291566444,4.437436597268021,0.7654787667868226,0.09306978124503792,4.1859651951959655,101325.0,128351.07116782667,1.2667265844345095,1.0,0.0,4.1859651951959655,1.2748480765127155,1.2750809735868687,3.2835012048231413,6957.345043676129,16243.107769423557,6504.098974660894,0.00019721091591238233,21373.435406452612,2179.4838610996226,19441.187089564795,1982.4493674766404,0.9095958005747418,0.9095958005747418,37361.18304116471,35405.22815468563,1.0695264463757796,0.8,4509.098987579371,4273.035954225843,1.0695264463757796,0.8,17887.488988751174,17887.488988751174,1.0,0.8,4632.441516551485,4632.441516551485,5.586897015722865,5.298190912770155,-2.059584121865861,7.357775034636017,3.5,3.5,1.0,0.6,0.0001826766296426278,1.0,0.0001826766296426278,200.86581929422636,0.0,0.0,0.0,0.010146357033643796,6.410673686977546e-05,0.00011856989277285235,0.0004963294443452776,0.09306139651983207,0.09306139651983207,0.09306139651983207,0.09306909774893007,0.0,0.0,0.0,0.0,0.0,0.0,1.0,1.0,0.0,1.0,1.0,507631.8720696815,589.1681524204314,0.0,0.09306139651983207,0.09306978124503788,0.09306978124503797,0.375,0.375,0.5,6.611333578701943,8.412825991399586e-12,8.412825991399586e-12,8.412825991399586e-12,8.412825991399586e-12,8.412825991399586e-12,8.412825991399586e-12,26434.40751082838,20234.97766212923,0.7654787667868226,1.179752285923522,3.7961056824124846,1.0934151541785377,0.6722170847142166,41059.97430708969,25750.0,0.0,0.0,0.0,0.0,0.0,0.0,0.0,0.0,0.0,0.0,0.0,0.0,0.0,0.0,0.0,0.0,0.0,0.0,0.0,0.0,41059.97430708969,25750.0,1.0,0.0,0.0,6.0,0.9,167190.3635292044,27865.060588200733,260.5918063417125,260.5918063417125,-12.55819365828745,242.7954138673939,278.38819963324386,149727.6400295873,149750.6071461535,-22.96711656618543,0.0,nan,278.38819963324386,5.23819963324388,271.26964201934896,-1.880357980651013,264.15108460837394,-8.998915391626042,257.0325274242315,-16.11747257576849,249.91397049768312,-23.236029502316853,242.7954138673939,-30.354586132606073,1.0,1.0,26022.012520719443,26022.012520719443,277.2886644955011,4.138664495501132,277.2886644955011,277.2886644955011,75945.06062799426,75986.00664158963,-40.94601359537046,0.0,8546.071908451686,8546.071908451686,0.8688539985597339,4206.895021171946,277.2886644955011,4.138664495501132,1.0,0.002,1.3552996265441453,5.2280239680013736e-08,0.0021010723378009533,1.7959099726743576e-08,1.0,1.0505361689004766,0.06519685172712641,0.00010109029690068012,0.999992647746522,0.999992647746522,0.0,0.09306909697241507,6.842726228585416e-07,0.0,0.0,0.0,1602163.885873285,268.3973273460476,0.0,1.0,1278385.8964256705,2623.071372192914,,,,,,,,,,,,,,,,,10.0,16243.107769423557
2070.0,-32.33311129940145,5.298190912770155,34.97623633640591,24.916057485993974,7.215487643334649,-28.37477645859991,-41.81561622591687,3.649640634296424,-4.752672653952402,-4.752672653960793,40.79258902065186,41305.11021043714,25880.973684332188,25880.973684332188,67186.08389476933,74466.83087873069,75986.00664158963,25880.973684332188,101866.98032592182,101866.98032592182,101866.98032592182,128301.38783675019,125285.0960594778,3016.291777272389,0.0,89468.45671317977,57957.9441819048,35011.680590305514,26434.40751082838,61446.08810113389,20234.97766212923,1450.0,0.0,0.8853067753464791,2.9110723906976532,0.001494314320929203,1.0,1.0,-4.752672653952402,358087.8862685571,1588992.291566444,4.437436597268021,1588992.291566444,4.437436597268021,0.7654787667868226,0.09306978124503792,4.1859651951959655,101325.0,128351.07116782667,1.2667265844345095,1.0,0.0,4.1859651951959655,1.2748480765127155,1.2750809735868687,3.2835012048231413,6957.345043676129,16243.107769423557,6504.098974660894,0.00019721091591238233,21373.435406452612,2179.4838610996226,19441.187089564795,1982.4493674766404,0.9095958005747418,0.9095958005747418,37361.18304116471,35405.22815468563,1.0695264463757796,0.8,4509.098987579371,4273.035954225843,1.0695264463757796,0.8,17887.488988751174,17887.488988751174,1.0,0.8,4632.441516551485,4632.441516551485,5.586897015722865,5.298190912770155,-2.059584121865861,7.357775034636017,3.5,3.5,1.0,0.6,0.0001826766296426278,1.0,0.0001826766296426278,200.86581929422636,0.0,0.0,0.0,0.010146357033643796,6.410673686977546e-05,0.00011856989277285235,0.0004963294443452776,0.09306139651983207,0.09306139651983207,0.09306139651983207,0.09306909774893007,0.0,0.0,0.0,0.0,0.0,0.0,1.0,1.0,0.0,1.0,1.0,507631.8720696815,589.1681524204314,0.0,0.09306139651983207,0.09306978124503788,0.09306978124503797,0.375,0.375,0.5,6.611333578701943,8.412825991399586e-12,8.412825991399586e-12,8.412825991399586e-12,8.412825991399586e-12,8.412825991399586e-12,8.412825991399586e-12,26434.40751082838,20234.97766212923,0.7654787667868226,1.179752285923522,3.7961056824124846,1.0934151541785377,0.6722170847142166,41059.97430708969,25750.0,0.0,0.0,0.0,0.0,0.0,0.0,0.0,0.0,0.0,0.0,0.0,0.0,0.0,0.0,0.0,0.0,0.0,0.0,0.0,0.0,41059.97430708969,25750.0,1.0,0.0,0.0,6.0,0.9,167190.3635292044,27865.060588200733,260.5918063417125,260.5918063417125,-12.55819365828745,242.7954138673939,278.38819963324386,149727.6400295873,149750.6071461535,-22.96711656618543,0.0,nan,278.38819963324386,5.23819963324388,271.26964201934896,-1.880357980651013,264.15108460837394,-8.998915391626042,257.0325274242315,-16.11747257576849,249.91397049768312,-23.236029502316853,242.7954138673939,-30.354586132606073,1.0,1.0,26022.012520719443,26022.012520719443,277.2886644955011,4.138664495501132,277.2886644955011,277.2886644955011,75945.06062799426,75986.00664158963,-40.94601359537046,0.0,8546.071908451686,8546.071908451686,0.8688539985597339,4206.895021171946,277.2886644955011,4.138664495501132,1.0,0.002,1.3552996265441453,5.2280239680013736e-08,0.0021010723378009533,1.7959099726743576e-08,1.0,1.0505361689004766,0.06519685172712641,0.00010109029690068012,0.999992647746522,0.999992647746522,0.0,0.09306909697241507,6.842726228585416e-07,0.0,0.0,0.0,1602163.885873285,268.3973273460476,0.0,1.0,1278385.8964256705,2623.071372192914,,,,,,,,,,,,,,,,,10.0,16243.107769423557
2100.0,-32.33311129940145,5.298190912770155,34.97623633640591,24.916057485993974,7.215487643334649,-28.37477645859991,-41.81561622591687,3.649640634296424,-4.752672653952402,-4.752672653960793,40.79258902065186,41305.11021043714,25880.973684332188,25880.973684332188,67186.08389476933,74466.83087873069,75986.00664158963,25880.973684332188,101866.98032592182,101866.98032592182,101866.98032592182,128301.38783675019,125285.0960594778,3016.291777272389,0.0,89468.45671317977,57957.9441819048,35011.680590305514,26434.40751082838,61446.08810113389,20234.97766212923,1450.0,0.0,0.8853067753464791,2.9110723906976532,0.001494314320929203,1.0,1.0,-4.752672653952402,358087.8862685571,1588992.291566444,4.437436597268021,1588992.291566444,4.437436597268021,0.7654787667868226,0.09306978124503792,4.1859651951959655,101325.0,128351.07116782667,1.2667265844345095,1.0,0.0,4.1859651951959655,1.2748480765127155,1.2750809735868687,3.2835012048231413,6957.345043676129,16243.107769423557,6504.098974660894,0.00019721091591238233,21373.435406452612,2179.4838610996226,19441.187089564795,1982.4493674766404,0.9095958005747418,0.9095958005747418,37361.18304116471,35405.22815468563,1.0695264463757796,0.8,4509.098987579371,4273.035954225843,1.0695264463757796,0.8,17887.488988751174,17887.488988751174,1.0,0.8,4632.441516551485,4632.441516551485,5.586897015722865,5.298190912770155,-2.059584121865861,7.357775034636017,3.5,3.5,1.0,0.6,0.0001826766296426278,1.0,0.0001826766296426278,200.86581929422636,0.0,0.0,0.0,0.010146357033643796,6.410673686977546e-05,0.00011856989277285235,0.0004963294443452776,0.09306139651983207,0.09306139651983207,0.09306139651983207,0.09306909774893007,0.0,0.0,0.0,0.0,0.0,0.0,1.0,1.0,0.0,1.0,1.0,507631.8720696815,589.1681524204314,0.0,0.09306139651983207,0.09306978124503788,0.09306978124503797,0.375,0.375,0.5,6.611333578701943,8.412825991399586e-12,8.412825991399586e-12,8.412825991399586e-12,8.412825991399586e-12,8.412825991399586e-12,8.412825991399586e-12,26434.40751082838,20234.97766212923,0.7654787667868226,1.179752285923522,3.7961056824124846,1.0934151541785377,0.6722170847142166,41059.97430708969,25750.0,0.0,0.0,0.0,0.0,0.0,0.0,0.0,0.0,0.0,0.0,0.0,0.0,0.0,0.0,0.0,0.0,0.0,0.0,0.0,0.0,41059.97430708969,25750.0,1.0,0.0,0.0,6.0,0.9,167190.3635292044,27865.060588200733,260.5918063417125,260.5918063417125,-12.55819365828745,242.7954138673939,278.38819963324386,149727.6400295873,149750.6071461535,-22.96711656618543,0.0,nan,278.38819963324386,5.23819963324388,271.26964201934896,-1.880357980651013,264.15108460837394,-8.998915391626042,257.0325274242315,-16.11747257576849,249.91397049768312,-23.236029502316853,242.7954138673939,-30.354586132606073,1.0,1.0,26022.012520719443,26022.012520719443,277.2886644955011,4.138664495501132,277.2886644955011,277.2886644955011,75945.06062799426,75986.00664158963,-40.94601359537046,0.0,8546.071908451686,8546.071908451686,0.8688539985597339,4206.895021171946,277.2886644955011,4.138664495501132,1.0,0.002,1.3552996265441453,5.2280239680013736e-08,0.0021010723378009533,1.7959099726743576e-08,1.0,1.0505361689004766,0.06519685172712641,0.00010109029690068012,0.999992647746522,0.999992647746522,0.0,0.09306909697241507,6.842726228585416e-07,0.0,0.0,0.0,1602163.885873285,268.3973273460476,0.0,1.0,1278385.8964256705,2623.071372192914,,,,,,,,,,,,,,,,,10.0,16243.107769423557
2130.0,-32.33311129940145,5.298190912770155,34.97623633640591,24.916057485993974,7.215487643334649,-28.37477645859991,-41.81561622591687,3.649640634296424,-4.752672653952402,-4.752672653960793,40.79258902065186,41305.11021043714,25880.973684332188,25880.973684332188,67186.08389476933,74466.83087873069,75986.00664158963,25880.973684332188,101866.98032592182,101866.98032592182,101866.98032592182,128301.38783675019,125285.0960594778,3016.291777272389,0.0,89468.45671317977,57957.9441819048,35011.680590305514,26434.40751082838,61446.08810113389,20234.97766212923,1450.0,0.0,0.8853067753464791,2.9110723906976532,0.001494314320929203,1.0,1.0,-4.752672653952402,358087.8862685571,1588992.291566444,4.437436597268021,1588992.291566444,4.437436597268021,0.7654787667868226,0.09306978124503792,4.1859651951959655,101325.0,128351.07116782667,1.2667265844345095,1.0,0.0,4.1859651951959655,1.2748480765127155,1.2750809735868687,3.2835012048231413,6957.345043676129,16243.107769423557,6504.098974660894,0.00019721091591238233,21373.435406452612,2179.4838610996226,19441.187089564795,1982.4493674766404,0.9095958005747418,0.9095958005747418,37361.18304116471,35405.22815468563,1.0695264463757796,0.8,4509.098987579371,4273.035954225843,1.0695264463757796,0.8,17887.488988751174,17887.488988751174,1.0,0.8,4632.441516551485,4632.441516551485,5.586897015722865,5.298190912770155,-2.059584121865861,7.357775034636017,3.5,3.5,1.0,0.6,0.0001826766296426278,1.0,0.0001826766296426278,200.86581929422636,0.0,0.0,0.0,0.010146357033643796,6.410673686977546e-05,0.00011856989277285235,0.0004963294443452776,0.09306139651983207,0.09306139651983207,0.09306139651983207,0.09306909774893007,0.0,0.0,0.0,0.0,0.0,0.0,1.0,1.0,0.0,1.0,1.0,507631.8720696815,589.1681524204314,0.0,0.09306139651983207,0.09306978124503788,0.09306978124503797,0.375,0.375,0.5,6.611333578701943,8.412825991399586e-12,8.412825991399586e-12,8.412825991399586e-12,8.412825991399586e-12,8.412825991399586e-12,8.412825991399586e-12,26434.40751082838,20234.97766212923,0.7654787667868226,1.179752285923522,3.7961056824124846,1.0934151541785377,0.6722170847142166,41059.97430708969,25750.0,0.0,0.0,0.0,0.0,0.0,0.0,0.0,0.0,0.0,0.0,0.0,0.0,0.0,0.0,0.0,0.0,0.0,0.0,0.0,0.0,41059.97430708969,25750.0,1.0,0.0,0.0,6.0,0.9,167190.3635292044,27865.060588200733,260.5918063417125,260.5918063417125,-12.55819365828745,242.7954138673939,278.38819963324386,149727.6400295873,149750.6071461535,-22.96711656618543,0.0,nan,278.38819963324386,5.23819963324388,271.26964201934896,-1.880357980651013,264.15108460837394,-8.998915391626042,257.0325274242315,-16.11747257576849,249.91397049768312,-23.236029502316853,242.7954138673939,-30.354586132606073,1.0,1.0,26022.012520719443,26022.012520719443,277.2886644955011,4.138664495501132,277.2886644955011,277.2886644955011,75945.06062799426,75986.00664158963,-40.94601359537046,0.0,8546.071908451686,8546.071908451686,0.8688539985597339,4206.895021171946,277.2886644955011,4.138664495501132,1.0,0.002,1.3552996265441453,5.2280239680013736e-08,0.0021010723378009533,1.7959099726743576e-08,1.0,1.0505361689004766,0.06519685172712641,0.00010109029690068012,0.999992647746522,0.999992647746522,0.0,0.09306909697241507,6.842726228585416e-07,0.0,0.0,0.0,1602163.885873285,268.3973273460476,0.0,1.0,1278385.8964256705,2623.071372192914,,,,,,,,,,,,,,,,,10.0,16243.107769423557
2160.0,-32.33311129940145,5.298190912770155,34.97623633640591,24.916057485993974,7.215487643334649,-28.37477645859991,-41.81561622591687,3.649640634296424,-4.752672653952402,-4.752672653960793,40.79258902065186,41305.11021043714,25880.973684332188,25880.973684332188,67186.08389476933,74466.83087873069,75986.00664158963,25880.973684332188,101866.98032592182,101866.98032592182,101866.98032592182,128301.38783675019,125285.0960594778,3016.291777272389,0.0,89468.45671317977,57957.9441819048,35011.680590305514,26434.40751082838,61446.08810113389,20234.97766212923,1450.0,0.0,0.8853067753464791,2.9110723906976532,0.001494314320929203,1.0,1.0,-4.752672653952402,358087.8862685571,1588992.291566444,4.437436597268021,1588992.291566444,4.437436597268021,0.7654787667868226,0.09306978124503792,4.1859651951959655,101325.0,128351.07116782667,1.2667265844345095,1.0,0.0,4.1859651951959655,1.2748480765127155,1.2750809735868687,3.2835012048231413,6957.345043676129,16243.107769423557,6504.098974660894,0.00019721091591238233,21373.435406452612,2179.4838610996226,19441.187089564795,1982.4493674766404,0.9095958005747418,0.9095958005747418,37361.18304116471,35405.22815468563,1.0695264463757796,0.8,4509.098987579371,4273.035954225843,1.0695264463757796,0.8,17887.488988751174,17887.488988751174,1.0,0.8,4632.441516551485,4632.441516551485,5.586897015722865,5.298190912770155,-2.059584121865861,7.357775034636017,3.5,3.5,1.0,0.6,0.0001826766296426278,1.0,0.0001826766296426278,200.86581929422636,0.0,0.0,0.0,0.010146357033643796,6.410673686977546e-05,0.00011856989277285235,0.0004963294443452776,0.09306139651983207,0.09306139651983207,0.09306139651983207,0.09306909774893007,0.0,0.0,0.0,0.0,0.0,0.0,1.0,1.0,0.0,1.0,1.0,507631.8720696815,589.1681524204314,0.0,0.09306139651983207,0.09306978124503788,0.09306978124503797,0.375,0.375,0.5,6.611333578701943,8.412825991399586e-12,8.412825991399586e-12,8.412825991399586e-12,8.412825991399586e-12,8.412825991399586e-12,8.412825991399586e-12,26434.40751082838,20234.97766212923,0.7654787667868226,1.179752285923522,3.7961056824124846,1.0934151541785377,0.6722170847142166,41059.97430708969,25750.0,0.0,0.0,0.0,0.0,0.0,0.0,0.0,0.0,0.0,0.0,0.0,0.0,0.0,0.0,0.0,0.0,0.0,0.0,0.0,0.0,41059.97430708969,25750.0,1.0,0.0,0.0,6.0,0.9,167190.3635292044,27865.060588200733,260.5918063417125,260.5918063417125,-12.55819365828745,242.7954138673939,278.38819963324386,149727.6400295873,149750.6071461535,-22.96711656618543,0.0,nan,278.38819963324386,5.23819963324388,271.26964201934896,-1.880357980651013,264.15108460837394,-8.998915391626042,257.0325274242315,-16.11747257576849,249.91397049768312,-23.236029502316853,242.7954138673939,-30.354586132606073,1.0,1.0,26022.012520719443,26022.012520719443,277.2886644955011,4.138664495501132,277.2886644955011,277.2886644955011,75945.06062799426,75986.00664158963,-40.94601359537046,0.0,8546.071908451686,8546.071908451686,0.8688539985597339,4206.895021171946,277.2886644955011,4.138664495501132,1.0,0.002,1.3552996265441453,5.2280239680013736e-08,0.0021010723378009533,1.7959099726743576e-08,1.0,1.0505361689004766,0.06519685172712641,0.00010109029690068012,0.999992647746522,0.999992647746522,0.0,0.09306909697241507,6.842726228585416e-07,0.0,0.0,0.0,1602163.885873285,268.3973273460476,0.0,1.0,1278385.8964256705,2623.071372192914,,,,,,,,,,,,,,,,,10.0,16243.107769423557
2190.0,-32.33311129940145,5.298190912770155,34.97623633640591,24.916057485993974,7.215487643334649,-28.37477645859991,-41.81561622591687,3.649640634296424,-4.752672653952402,-4.752672653960793,40.79258902065186,41305.11021043714,25880.973684332188,25880.973684332188,67186.08389476933,74466.83087873069,75986.00664158963,25880.973684332188,101866.98032592182,101866.98032592182,101866.98032592182,128301.38783675019,125285.0960594778,3016.291777272389,0.0,89468.45671317977,57957.9441819048,35011.680590305514,26434.40751082838,61446.08810113389,20234.97766212923,1450.0,0.0,0.8853067753464791,2.9110723906976532,0.001494314320929203,1.0,1.0,-4.752672653952402,358087.8862685571,1588992.291566444,4.437436597268021,1588992.291566444,4.437436597268021,0.7654787667868226,0.09306978124503792,4.1859651951959655,101325.0,128351.07116782667,1.2667265844345095,1.0,0.0,4.1859651951959655,1.2748480765127155,1.2750809735868687,3.2835012048231413,6957.345043676129,16243.107769423557,6504.098974660894,0.00019721091591238233,21373.435406452612,2179.4838610996226,19441.187089564795,1982.4493674766404,0.9095958005747418,0.9095958005747418,37361.18304116471,35405.22815468563,1.0695264463757796,0.8,4509.098987579371,4273.035954225843,1.0695264463757796,0.8,17887.488988751174,17887.488988751174,1.0,0.8,4632.441516551485,4632.441516551485,5.586897015722865,5.298190912770155,-2.059584121865861,7.357775034636017,3.5,3.5,1.0,0.6,0.0001826766296426278,1.0,0.0001826766296426278,200.86581929422636,0.0,0.0,0.0,0.010146357033643796,6.410673686977546e-05,0.00011856989277285235,0.0004963294443452776,0.09306139651983207,0.09306139651983207,0.09306139651983207,0.09306909774893007,0.0,0.0,0.0,0.0,0.0,0.0,1.0,1.0,0.0,1.0,1.0,507631.8720696815,589.1681524204314,0.0,0.09306139651983207,0.09306978124503788,0.09306978124503797,0.375,0.375,0.5,6.611333578701943,8.412825991399586e-12,8.412825991399586e-12,8.412825991399586e-12,8.412825991399586e-12,8.412825991399586e-12,8.412825991399586e-12,26434.40751082838,20234.97766212923,0.7654787667868226,1.179752285923522,3.7961056824124846,1.0934151541785377,0.6722170847142166,41059.97430708969,25750.0,0.0,0.0,0.0,0.0,0.0,0.0,0.0,0.0,0.0,0.0,0.0,0.0,0.0,0.0,0.0,0.0,0.0,0.0,0.0,0.0,41059.97430708969,25750.0,1.0,0.0,0.0,6.0,0.9,167190.3635292044,27865.060588200733,260.5918063417125,260.5918063417125,-12.55819365828745,242.7954138673939,278.38819963324386,149727.6400295873,149750.6071461535,-22.96711656618543,0.0,nan,278.38819963324386,5.23819963324388,271.26964201934896,-1.880357980651013,264.15108460837394,-8.998915391626042,257.0325274242315,-16.11747257576849,249.91397049768312,-23.236029502316853,242.7954138673939,-30.354586132606073,1.0,1.0,26022.012520719443,26022.012520719443,277.2886644955011,4.138664495501132,277.2886644955011,277.2886644955011,75945.06062799426,75986.00664158963,-40.94601359537046,0.0,8546.071908451686,8546.071908451686,0.8688539985597339,4206.895021171946,277.2886644955011,4.138664495501132,1.0,0.002,1.3552996265441453,5.2280239680013736e-08,0.0021010723378009533,1.7959099726743576e-08,1.0,1.0505361689004766,0.06519685172712641,0.00010109029690068012,0.999992647746522,0.999992647746522,0.0,0.09306909697241507,6.842726228585416e-07,0.0,0.0,0.0,1602163.885873285,268.3973273460476,0.0,1.0,1278385.8964256705,2623.071372192914,,,,,,,,,,,,,,,,,10.0,16243.107769423557
2220.0,-32.33311129940145,5.298190912770155,34.97623633640591,24.916057485993974,7.215487643334649,-28.37477645859991,-41.81561622591687,3.649640634296424,-4.752672653952402,-4.752672653960793,40.79258902065186,41305.11021043714,25880.973684332188,25880.973684332188,67186.08389476933,74466.83087873069,75986.00664158963,25880.973684332188,101866.98032592182,101866.98032592182,101866.98032592182,128301.38783675019,125285.0960594778,3016.291777272389,0.0,89468.45671317977,57957.9441819048,35011.680590305514,26434.40751082838,61446.08810113389,20234.97766212923,1450.0,0.0,0.8853067753464791,2.9110723906976532,0.001494314320929203,1.0,1.0,-4.752672653952402,358087.8862685571,1588992.291566444,4.437436597268021,1588992.291566444,4.437436597268021,0.7654787667868226,0.09306978124503792,4.1859651951959655,101325.0,128351.07116782667,1.2667265844345095,1.0,0.0,4.1859651951959655,1.2748480765127155,1.2750809735868687,3.2835012048231413,6957.345043676129,16243.107769423557,6504.098974660894,0.00019721091591238233,21373.435406452612,2179.4838610996226,19441.187089564795,1982.4493674766404,0.9095958005747418,0.9095958005747418,37361.18304116471,35405.22815468563,1.0695264463757796,0.8,4509.098987579371,4273.035954225843,1.0695264463757796,0.8,17887.488988751174,17887.488988751174,1.0,0.8,4632.441516551485,4632.441516551485,5.586897015722865,5.298190912770155,-2.059584121865861,7.357775034636017,3.5,3.5,1.0,0.6,0.0001826766296426278,1.0,0.0001826766296426278,200.86581929422636,0.0,0.0,0.0,0.010146357033643796,6.410673686977546e-05,0.00011856989277285235,0.0004963294443452776,0.09306139651983207,0.09306139651983207,0.09306139651983207,0.09306909774893007,0.0,0.0,0.0,0.0,0.0,0.0,1.0,1.0,0.0,1.0,1.0,507631.8720696815,589.1681524204314,0.0,0.09306139651983207,0.09306978124503788,0.09306978124503797,0.375,0.375,0.5,6.611333578701943,8.412825991399586e-12,8.412825991399586e-12,8.412825991399586e-12,8.412825991399586e-12,8.412825991399586e-12,8.412825991399586e-12,26434.40751082838,20234.97766212923,0.7654787667868226,1.179752285923522,3.7961056824124846,1.0934151541785377,0.6722170847142166,41059.97430708969,25750.0,0.0,0.0,0.0,0.0,0.0,0.0,0.0,0.0,0.0,0.0,0.0,0.0,0.0,0.0,0.0,0.0,0.0,0.0,0.0,0.0,41059.97430708969,25750.0,1.0,0.0,0.0,6.0,0.9,167190.3635292044,27865.060588200733,260.5918063417125,260.5918063417125,-12.55819365828745,242.7954138673939,278.38819963324386,149727.6400295873,149750.6071461535,-22.96711656618543,0.0,nan,278.38819963324386,5.23819963324388,271.26964201934896,-1.880357980651013,264.15108460837394,-8.998915391626042,257.0325274242315,-16.11747257576849,249.91397049768312,-23.236029502316853,242.7954138673939,-30.354586132606073,1.0,1.0,26022.012520719443,26022.012520719443,277.2886644955011,4.138664495501132,277.2886644955011,277.2886644955011,75945.06062799426,75986.00664158963,-40.94601359537046,0.0,8546.071908451686,8546.071908451686,0.8688539985597339,4206.895021171946,277.2886644955011,4.138664495501132,1.0,0.002,1.3552996265441453,5.2280239680013736e-08,0.0021010723378009533,1.7959099726743576e-08,1.0,1.0505361689004766,0.06519685172712641,0.00010109029690068012,0.999992647746522,0.999992647746522,0.0,0.09306909697241507,6.842726228585416e-07,0.0,0.0,0.0,1602163.885873285,268.3973273460476,0.0,1.0,1278385.8964256705,2623.071372192914,,,,,,,,,,,,,,,,,10.0,16243.107769423557
2250.0,-32.33311129940145,5.298190912770155,34.97623633640591,24.916057485993974,7.215487643334649,-28.37477645859991,-41.81561622591687,3.649640634296424,-4.752672653952402,-4.752672653960793,40.79258902065186,41305.11021043714,25880.973684332188,25880.973684332188,67186.08389476933,74466.83087873069,75986.00664158963,25880.973684332188,101866.98032592182,101866.98032592182,101866.98032592182,128301.38783675019,125285.0960594778,3016.291777272389,0.0,89468.45671317977,57957.9441819048,35011.680590305514,26434.40751082838,61446.08810113389,20234.97766212923,1450.0,0.0,0.8853067753464791,2.9110723906976532,0.001494314320929203,1.0,1.0,-4.752672653952402,358087.8862685571,1588992.291566444,4.437436597268021,1588992.291566444,4.437436597268021,0.7654787667868226,0.09306978124503792,4.1859651951959655,101325.0,128351.07116782667,1.2667265844345095,1.0,0.0,4.1859651951959655,1.2748480765127155,1.2750809735868687,3.2835012048231413,6957.345043676129,16243.107769423557,6504.098974660894,0.00019721091591238233,21373.435406452612,2179.4838610996226,19441.187089564795,1982.4493674766404,0.9095958005747418,0.9095958005747418,37361.18304116471,35405.22815468563,1.0695264463757796,0.8,4509.098987579371,4273.035954225843,1.0695264463757796,0.8,17887.488988751174,17887.488988751174,1.0,0.8,4632.441516551485,4632.441516551485,5.586897015722865,5.298190912770155,-2.059584121865861,7.357775034636017,3.5,3.5,1.0,0.6,0.0001826766296426278,1.0,0.0001826766296426278,200.86581929422636,0.0,0.0,0.0,0.010146357033643796,6.410673686977546e-05,0.00011856989277285235,0.0004963294443452776,0.09306139651983207,0.09306139651983207,0.09306139651983207,0.09306909774893007,0.0,0.0,0.0,0.0,0.0,0.0,1.0,1.0,0.0,1.0,1.0,507631.8720696815,589.1681524204314,0.0,0.09306139651983207,0.09306978124503788,0.09306978124503797,0.375,0.375,0.5,6.611333578701943,8.412825991399586e-12,8.412825991399586e-12,8.412825991399586e-12,8.412825991399586e-12,8.412825991399586e-12,8.412825991399586e-12,26434.40751082838,20234.97766212923,0.7654787667868226,1.179752285923522,3.7961056824124846,1.0934151541785377,0.6722170847142166,41059.97430708969,25750.0,0.0,0.0,0.0,0.0,0.0,0.0,0.0,0.0,0.0,0.0,0.0,0.0,0.0,0.0,0.0,0.0,0.0,0.0,0.0,0.0,41059.97430708969,25750.0,1.0,0.0,0.0,6.0,0.9,167190.3635292044,27865.060588200733,260.5918063417125,260.5918063417125,-12.55819365828745,242.7954138673939,278.38819963324386,149727.6400295873,149750.6071461535,-22.96711656618543,0.0,nan,278.38819963324386,5.23819963324388,271.26964201934896,-1.880357980651013,264.15108460837394,-8.998915391626042,257.0325274242315,-16.11747257576849,249.91397049768312,-23.236029502316853,242.7954138673939,-30.354586132606073,1.0,1.0,26022.012520719443,26022.012520719443,277.2886644955011,4.138664495501132,277.2886644955011,277.2886644955011,75945.06062799426,75986.00664158963,-40.94601359537046,0.0,8546.071908451686,8546.071908451686,0.8688539985597339,4206.895021171946,277.2886644955011,4.138664495501132,1.0,0.002,1.3552996265441453,5.2280239680013736e-08,0.0021010723378009533,1.7959099726743576e-08,1.0,1.0505361689004766,0.06519685172712641,0.00010109029690068012,0.999992647746522,0.999992647746522,0.0,0.09306909697241507,6.842726228585416e-07,0.0,0.0,0.0,1602163.885873285,268.3973273460476,0.0,1.0,1278385.8964256705,2623.071372192914,,,,,,,,,,,,,,,,,10.0,16243.107769423557
2280.0,-32.33311129940145,5.298190912770155,34.97623633640591,24.916057485993974,7.215487643334649,-28.37477645859991,-41.81561622591687,3.649640634296424,-4.752672653952402,-4.752672653960793,40.79258902065186,41305.11021043714,25880.973684332188,25880.973684332188,67186.08389476933,74466.83087873069,75986.00664158963,25880.973684332188,101866.98032592182,101866.98032592182,101866.98032592182,128301.38783675019,125285.0960594778,3016.291777272389,0.0,89468.45671317977,57957.9441819048,35011.680590305514,26434.40751082838,61446.08810113389,20234.97766212923,1450.0,0.0,0.8853067753464791,2.9110723906976532,0.001494314320929203,1.0,1.0,-4.752672653952402,358087.8862685571,1588992.291566444,4.437436597268021,1588992.291566444,4.437436597268021,0.7654787667868226,0.09306978124503792,4.1859651951959655,101325.0,128351.07116782667,1.2667265844345095,1.0,0.0,4.1859651951959655,1.2748480765127155,1.2750809735868687,3.2835012048231413,6957.345043676129,16243.107769423557,6504.098974660894,0.00019721091591238233,21373.435406452612,2179.4838610996226,19441.187089564795,1982.4493674766404,0.9095958005747418,0.9095958005747418,37361.18304116471,35405.22815468563,1.0695264463757796,0.8,4509.098987579371,4273.035954225843,1.0695264463757796,0.8,17887.488988751174,17887.488988751174,1.0,0.8,4632.441516551485,4632.441516551485,5.586897015722865,5.298190912770155,-2.059584121865861,7.357775034636017,3.5,3.5,1.0,0.6,0.0001826766296426278,1.0,0.0001826766296426278,200.86581929422636,0.0,0.0,0.0,0.010146357033643796,6.410673686977546e-05,0.00011856989277285235,0.0004963294443452776,0.09306139651983207,0.09306139651983207,0.09306139651983207,0.09306909774893007,0.0,0.0,0.0,0.0,0.0,0.0,1.0,1.0,0.0,1.0,1.0,507631.8720696815,589.1681524204314,0.0,0.09306139651983207,0.09306978124503788,0.09306978124503797,0.375,0.375,0.5,6.611333578701943,8.412825991399586e-12,8.412825991399586e-12,8.412825991399586e-12,8.412825991399586e-12,8.412825991399586e-12,8.412825991399586e-12,26434.40751082838,20234.97766212923,0.7654787667868226,1.179752285923522,3.7961056824124846,1.0934151541785377,0.6722170847142166,41059.97430708969,25750.0,0.0,0.0,0.0,0.0,0.0,0.0,0.0,0.0,0.0,0.0,0.0,0.0,0.0,0.0,0.0,0.0,0.0,0.0,0.0,0.0,41059.97430708969,25750.0,1.0,0.0,0.0,6.0,0.9,167190.3635292044,27865.060588200733,260.5918063417125,260.5918063417125,-12.55819365828745,242.7954138673939,278.38819963324386,149727.6400295873,149750.6071461535,-22.96711656618543,0.0,nan,278.38819963324386,5.23819963324388,271.26964201934896,-1.880357980651013,264.15108460837394,-8.998915391626042,257.0325274242315,-16.11747257576849,249.91397049768312,-23.236029502316853,242.7954138673939,-30.354586132606073,1.0,1.0,26022.012520719443,26022.012520719443,277.2886644955011,4.138664495501132,277.2886644955011,277.2886644955011,75945.06062799426,75986.00664158963,-40.94601359537046,0.0,8546.071908451686,8546.071908451686,0.8688539985597339,4206.895021171946,277.2886644955011,4.138664495501132,1.0,0.002,1.3552996265441453,5.2280239680013736e-08,0.0021010723378009533,1.7959099726743576e-08,1.0,1.0505361689004766,0.06519685172712641,0.00010109029690068012,0.999992647746522,0.999992647746522,0.0,0.09306909697241507,6.842726228585416e-07,0.0,0.0,0.0,1602163.885873285,268.3973273460476,0.0,1.0,1278385.8964256705,2623.071372192914,,,,,,,,,,,,,,,,,10.0,16243.107769423557
2310.0,-32.33311129940145,5.298190912770155,34.97623633640591,24.916057485993974,7.215487643334649,-28.37477645859991,-41.81561622591687,3.649640634296424,-4.752672653952402,-4.752672653960793,40.79258902065186,41305.11021043714,25880.973684332188,25880.973684332188,67186.08389476933,74466.83087873069,75986.00664158963,25880.973684332188,101866.98032592182,101866.98032592182,101866.98032592182,128301.38783675019,125285.0960594778,3016.291777272389,0.0,89468.45671317977,57957.9441819048,35011.680590305514,26434.40751082838,61446.08810113389,20234.97766212923,1450.0,0.0,0.8853067753464791,2.9110723906976532,0.001494314320929203,1.0,1.0,-4.752672653952402,358087.8862685571,1588992.291566444,4.437436597268021,1588992.291566444,4.437436597268021,0.7654787667868226,0.09306978124503792,4.1859651951959655,101325.0,128351.07116782667,1.2667265844345095,1.0,0.0,4.1859651951959655,1.2748480765127155,1.2750809735868687,3.2835012048231413,6957.345043676129,16243.107769423557,6504.098974660894,0.00019721091591238233,21373.435406452612,2179.4838610996226,19441.187089564795,1982.4493674766404,0.9095958005747418,0.9095958005747418,37361.18304116471,35405.22815468563,1.0695264463757796,0.8,4509.098987579371,4273.035954225843,1.0695264463757796,0.8,17887.488988751174,17887.488988751174,1.0,0.8,4632.441516551485,4632.441516551485,5.586897015722865,5.298190912770155,-2.059584121865861,7.357775034636017,3.5,3.5,1.0,0.6,0.0001826766296426278,1.0,0.0001826766296426278,200.86581929422636,0.0,0.0,0.0,0.010146357033643796,6.410673686977546e-05,0.00011856989277285235,0.0004963294443452776,0.09306139651983207,0.09306139651983207,0.09306139651983207,0.09306909774893007,0.0,0.0,0.0,0.0,0.0,0.0,1.0,1.0,0.0,1.0,1.0,507631.8720696815,589.1681524204314,0.0,0.09306139651983207,0.09306978124503788,0.09306978124503797,0.375,0.375,0.5,6.611333578701943,8.412825991399586e-12,8.412825991399586e-12,8.412825991399586e-12,8.412825991399586e-12,8.412825991399586e-12,8.412825991399586e-12,26434.40751082838,20234.97766212923,0.7654787667868226,1.179752285923522,3.7961056824124846,1.0934151541785377,0.6722170847142166,41059.97430708969,25750.0,0.0,0.0,0.0,0.0,0.0,0.0,0.0,0.0,0.0,0.0,0.0,0.0,0.0,0.0,0.0,0.0,0.0,0.0,0.0,0.0,41059.97430708969,25750.0,1.0,0.0,0.0,6.0,0.9,167190.3635292044,27865.060588200733,260.5918063417125,260.5918063417125,-12.55819365828745,242.7954138673939,278.38819963324386,149727.6400295873,149750.6071461535,-22.96711656618543,0.0,nan,278.38819963324386,5.23819963324388,271.26964201934896,-1.880357980651013,264.15108460837394,-8.998915391626042,257.0325274242315,-16.11747257576849,249.91397049768312,-23.236029502316853,242.7954138673939,-30.354586132606073,1.0,1.0,26022.012520719443,26022.012520719443,277.2886644955011,4.138664495501132,277.2886644955011,277.2886644955011,75945.06062799426,75986.00664158963,-40.94601359537046,0.0,8546.071908451686,8546.071908451686,0.8688539985597339,4206.895021171946,277.2886644955011,4.138664495501132,1.0,0.002,1.3552996265441453,5.2280239680013736e-08,0.0021010723378009533,1.7959099726743576e-08,1.0,1.0505361689004766,0.06519685172712641,0.00010109029690068012,0.999992647746522,0.999992647746522,0.0,0.09306909697241507,6.842726228585416e-07,0.0,0.0,0.0,1602163.885873285,268.3973273460476,0.0,1.0,1278385.8964256705,2623.071372192914,,,,,,,,,,,,,,,,,10.0,16243.107769423557
2340.0,-32.33311129940145,5.298190912770155,34.97623633640591,24.916057485993974,7.215487643334649,-28.37477645859991,-41.81561622591687,3.649640634296424,-4.752672653952402,-4.752672653960793,40.79258902065186,41305.11021043714,25880.973684332188,25880.973684332188,67186.08389476933,74466.83087873069,75986.00664158963,25880.973684332188,101866.98032592182,101866.98032592182,101866.98032592182,128301.38783675019,125285.0960594778,3016.291777272389,0.0,89468.45671317977,57957.9441819048,35011.680590305514,26434.40751082838,61446.08810113389,20234.97766212923,1450.0,0.0,0.8853067753464791,2.9110723906976532,0.001494314320929203,1.0,1.0,-4.752672653952402,358087.8862685571,1588992.291566444,4.437436597268021,1588992.291566444,4.437436597268021,0.7654787667868226,0.09306978124503792,4.1859651951959655,101325.0,128351.07116782667,1.2667265844345095,1.0,0.0,4.1859651951959655,1.2748480765127155,1.2750809735868687,3.2835012048231413,6957.345043676129,16243.107769423557,6504.098974660894,0.00019721091591238233,21373.435406452612,2179.4838610996226,19441.187089564795,1982.4493674766404,0.9095958005747418,0.9095958005747418,37361.18304116471,35405.22815468563,1.0695264463757796,0.8,4509.098987579371,4273.035954225843,1.0695264463757796,0.8,17887.488988751174,17887.488988751174,1.0,0.8,4632.441516551485,4632.441516551485,5.586897015722865,5.298190912770155,-2.059584121865861,7.357775034636017,3.5,3.5,1.0,0.6,0.0001826766296426278,1.0,0.0001826766296426278,200.86581929422636,0.0,0.0,0.0,0.010146357033643796,6.410673686977546e-05,0.00011856989277285235,0.0004963294443452776,0.09306139651983207,0.09306139651983207,0.09306139651983207,0.09306909774893007,0.0,0.0,0.0,0.0,0.0,0.0,1.0,1.0,0.0,1.0,1.0,507631.8720696815,589.1681524204314,0.0,0.09306139651983207,0.09306978124503788,0.09306978124503797,0.375,0.375,0.5,6.611333578701943,8.412825991399586e-12,8.412825991399586e-12,8.412825991399586e-12,8.412825991399586e-12,8.412825991399586e-12,8.412825991399586e-12,26434.40751082838,20234.97766212923,0.7654787667868226,1.179752285923522,3.7961056824124846,1.0934151541785377,0.6722170847142166,41059.97430708969,25750.0,0.0,0.0,0.0,0.0,0.0,0.0,0.0,0.0,0.0,0.0,0.0,0.0,0.0,0.0,0.0,0.0,0.0,0.0,0.0,0.0,41059.97430708969,25750.0,1.0,0.0,0.0,6.0,0.9,167190.3635292044,27865.060588200733,260.5918063417125,260.5918063417125,-12.55819365828745,242.7954138673939,278.38819963324386,149727.6400295873,149750.6071461535,-22.96711656618543,0.0,nan,278.38819963324386,5.23819963324388,271.26964201934896,-1.880357980651013,264.15108460837394,-8.998915391626042,257.0325274242315,-16.11747257576849,249.91397049768312,-23.236029502316853,242.7954138673939,-30.354586132606073,1.0,1.0,26022.012520719443,26022.012520719443,277.2886644955011,4.138664495501132,277.2886644955011,277.2886644955011,75945.06062799426,75986.00664158963,-40.94601359537046,0.0,8546.071908451686,8546.071908451686,0.8688539985597339,4206.895021171946,277.2886644955011,4.138664495501132,1.0,0.002,1.3552996265441453,5.2280239680013736e-08,0.0021010723378009533,1.7959099726743576e-08,1.0,1.0505361689004766,0.06519685172712641,0.00010109029690068012,0.999992647746522,0.999992647746522,0.0,0.09306909697241507,6.842726228585416e-07,0.0,0.0,0.0,1602163.885873285,268.3973273460476,0.0,1.0,1278385.8964256705,2623.071372192914,,,,,,,,,,,,,,,,,10.0,16243.107769423557
2370.0,-32.33311129940145,5.298190912770155,34.97623633640591,24.916057485993974,7.215487643334649,-28.37477645859991,-41.81561622591687,3.649640634296424,-4.752672653952402,-4.752672653960793,40.79258902065186,41305.11021043714,25880.973684332188,25880.973684332188,67186.08389476933,74466.83087873069,75986.00664158963,25880.973684332188,101866.98032592182,101866.98032592182,101866.98032592182,128301.38783675019,125285.0960594778,3016.291777272389,0.0,89468.45671317977,57957.9441819048,35011.680590305514,26434.40751082838,61446.08810113389,20234.97766212923,1450.0,0.0,0.8853067753464791,2.9110723906976532,0.001494314320929203,1.0,1.0,-4.752672653952402,358087.8862685571,1588992.291566444,4.437436597268021,1588992.291566444,4.437436597268021,0.7654787667868226,0.09306978124503792,4.1859651951959655,101325.0,128351.07116782667,1.2667265844345095,1.0,0.0,4.1859651951959655,1.2748480765127155,1.2750809735868687,3.2835012048231413,6957.345043676129,16243.107769423557,6504.098974660894,0.00019721091591238233,21373.435406452612,2179.4838610996226,19441.187089564795,1982.4493674766404,0.9095958005747418,0.9095958005747418,37361.18304116471,35405.22815468563,1.0695264463757796,0.8,4509.098987579371,4273.035954225843,1.0695264463757796,0.8,17887.488988751174,17887.488988751174,1.0,0.8,4632.441516551485,4632.441516551485,5.586897015722865,5.298190912770155,-2.059584121865861,7.357775034636017,3.5,3.5,1.0,0.6,0.0001826766296426278,1.0,0.0001826766296426278,200.86581929422636,0.0,0.0,0.0,0.010146357033643796,6.410673686977546e-05,0.00011856989277285235,0.0004963294443452776,0.09306139651983207,0.09306139651983207,0.09306139651983207,0.09306909774893007,0.0,0.0,0.0,0.0,0.0,0.0,1.0,1.0,0.0,1.0,1.0,507631.8720696815,589.1681524204314,0.0,0.09306139651983207,0.09306978124503788,0.09306978124503797,0.375,0.375,0.5,6.611333578701943,8.412825991399586e-12,8.412825991399586e-12,8.412825991399586e-12,8.412825991399586e-12,8.412825991399586e-12,8.412825991399586e-12,26434.40751082838,20234.97766212923,0.7654787667868226,1.179752285923522,3.7961056824124846,1.0934151541785377,0.6722170847142166,41059.97430708969,25750.0,0.0,0.0,0.0,0.0,0.0,0.0,0.0,0.0,0.0,0.0,0.0,0.0,0.0,0.0,0.0,0.0,0.0,0.0,0.0,0.0,41059.97430708969,25750.0,1.0,0.0,0.0,6.0,0.9,167190.3635292044,27865.060588200733,260.5918063417125,260.5918063417125,-12.55819365828745,242.7954138673939,278.38819963324386,149727.6400295873,149750.6071461535,-22.96711656618543,0.0,nan,278.38819963324386,5.23819963324388,271.26964201934896,-1.880357980651013,264.15108460837394,-8.998915391626042,257.0325274242315,-16.11747257576849,249.91397049768312,-23.236029502316853,242.7954138673939,-30.354586132606073,1.0,1.0,26022.012520719443,26022.012520719443,277.2886644955011,4.138664495501132,277.2886644955011,277.2886644955011,75945.06062799426,75986.00664158963,-40.94601359537046,0.0,8546.071908451686,8546.071908451686,0.8688539985597339,4206.895021171946,277.2886644955011,4.138664495501132,1.0,0.002,1.3552996265441453,5.2280239680013736e-08,0.0021010723378009533,1.7959099726743576e-08,1.0,1.0505361689004766,0.06519685172712641,0.00010109029690068012,0.999992647746522,0.999992647746522,0.0,0.09306909697241507,6.842726228585416e-07,0.0,0.0,0.0,1602163.885873285,268.3973273460476,0.0,1.0,1278385.8964256705,2623.071372192914,,,,,,,,,,,,,,,,,10.0,16243.107769423557
2400.0,-32.33311129940145,5.298190912770155,34.97623633640591,24.916057485993974,7.215487643334649,-28.37477645859991,-41.81561622591687,3.649640634296424,-4.752672653952402,-4.752672653960793,40.79258902065186,41305.11021043714,25880.973684332188,25880.973684332188,67186.08389476933,74466.83087873069,75986.00664158963,25880.973684332188,101866.98032592182,101866.98032592182,101866.98032592182,128301.38783675019,125285.0960594778,3016.291777272389,0.0,89468.45671317977,57957.9441819048,35011.680590305514,26434.40751082838,61446.08810113389,20234.97766212923,1450.0,0.0,0.8853067753464791,2.9110723906976532,0.001494314320929203,1.0,1.0,-4.752672653952402,358087.8862685571,1588992.291566444,4.437436597268021,1588992.291566444,4.437436597268021,0.7654787667868226,0.09306978124503792,4.1859651951959655,101325.0,128351.07116782667,1.2667265844345095,1.0,0.0,4.1859651951959655,1.2748480765127155,1.2750809735868687,3.2835012048231413,6957.345043676129,16243.107769423557,6504.098974660894,0.00019721091591238233,21373.435406452612,2179.4838610996226,19441.187089564795,1982.4493674766404,0.9095958005747418,0.9095958005747418,37361.18304116471,35405.22815468563,1.0695264463757796,0.8,4509.098987579371,4273.035954225843,1.0695264463757796,0.8,17887.488988751174,17887.488988751174,1.0,0.8,4632.441516551485,4632.441516551485,5.586897015722865,5.298190912770155,-2.059584121865861,7.357775034636017,3.5,3.5,1.0,0.6,0.0001826766296426278,1.0,0.0001826766296426278,200.86581929422636,0.0,0.0,0.0,0.010146357033643796,6.410673686977546e-05,0.00011856989277285235,0.0004963294443452776,0.09306139651983207,0.09306139651983207,0.09306139651983207,0.09306909774893007,0.0,0.0,0.0,0.0,0.0,0.0,1.0,1.0,0.0,1.0,1.0,507631.8720696815,589.1681524204314,0.0,0.09306139651983207,0.09306978124503788,0.09306978124503797,0.375,0.375,0.5,6.611333578701943,8.412825991399586e-12,8.412825991399586e-12,8.412825991399586e-12,8.412825991399586e-12,8.412825991399586e-12,8.412825991399586e-12,26434.40751082838,20234.97766212923,0.7654787667868226,1.179752285923522,3.7961056824124846,1.0934151541785377,0.6722170847142166,41059.97430708969,25750.0,0.0,0.0,0.0,0.0,0.0,0.0,0.0,0.0,0.0,0.0,0.0,0.0,0.0,0.0,0.0,0.0,0.0,0.0,0.0,0.0,41059.97430708969,25750.0,1.0,0.0,0.0,6.0,0.9,167190.3635292044,27865.060588200733,260.5918063417125,260.5918063417125,-12.55819365828745,242.7954138673939,278.38819963324386,149727.6400295873,149750.6071461535,-22.96711656618543,0.0,nan,278.38819963324386,5.23819963324388,271.26964201934896,-1.880357980651013,264.15108460837394,-8.998915391626042,257.0325274242315,-16.11747257576849,249.91397049768312,-23.236029502316853,242.7954138673939,-30.354586132606073,1.0,1.0,26022.012520719443,26022.012520719443,277.2886644955011,4.138664495501132,277.2886644955011,277.2886644955011,75945.06062799426,75986.00664158963,-40.94601359537046,0.0,8546.071908451686,8546.071908451686,0.8688539985597339,4206.895021171946,277.2886644955011,4.138664495501132,1.0,0.002,1.3552996265441453,5.2280239680013736e-08,0.0021010723378009533,1.7959099726743576e-08,1.0,1.0505361689004766,0.06519685172712641,0.00010109029690068012,0.999992647746522,0.999992647746522,0.0,0.09306909697241507,6.842726228585416e-07,0.0,0.0,0.0,1602163.885873285,268.3973273460476,0.0,1.0,1278385.8964256705,2623.071372192914,,,,,,,,,,,,,,,,,10.0,16243.107769423557
2430.0,-32.33311129940145,5.298190912770155,34.97623633640591,24.916057485993974,7.215487643334649,-28.37477645859991,-41.81561622591687,3.649640634296424,-4.752672653952402,-4.752672653960793,40.79258902065186,41305.11021043714,25880.973684332188,25880.973684332188,67186.08389476933,74466.83087873069,75986.00664158963,25880.973684332188,101866.98032592182,101866.98032592182,101866.98032592182,128301.38783675019,125285.0960594778,3016.291777272389,0.0,89468.45671317977,57957.9441819048,35011.680590305514,26434.40751082838,61446.08810113389,20234.97766212923,1450.0,0.0,0.8853067753464791,2.9110723906976532,0.001494314320929203,1.0,1.0,-4.752672653952402,358087.8862685571,1588992.291566444,4.437436597268021,1588992.291566444,4.437436597268021,0.7654787667868226,0.09306978124503792,4.1859651951959655,101325.0,128351.07116782667,1.2667265844345095,1.0,0.0,4.1859651951959655,1.2748480765127155,1.2750809735868687,3.2835012048231413,6957.345043676129,16243.107769423557,6504.098974660894,0.00019721091591238233,21373.435406452612,2179.4838610996226,19441.187089564795,1982.4493674766404,0.9095958005747418,0.9095958005747418,37361.18304116471,35405.22815468563,1.0695264463757796,0.8,4509.098987579371,4273.035954225843,1.0695264463757796,0.8,17887.488988751174,17887.488988751174,1.0,0.8,4632.441516551485,4632.441516551485,5.586897015722865,5.298190912770155,-2.059584121865861,7.357775034636017,3.5,3.5,1.0,0.6,0.0001826766296426278,1.0,0.0001826766296426278,200.86581929422636,0.0,0.0,0.0,0.010146357033643796,6.410673686977546e-05,0.00011856989277285235,0.0004963294443452776,0.09306139651983207,0.09306139651983207,0.09306139651983207,0.09306909774893007,0.0,0.0,0.0,0.0,0.0,0.0,1.0,1.0,0.0,1.0,1.0,507631.8720696815,589.1681524204314,0.0,0.09306139651983207,0.09306978124503788,0.09306978124503797,0.375,0.375,0.5,6.611333578701943,8.412825991399586e-12,8.412825991399586e-12,8.412825991399586e-12,8.412825991399586e-12,8.412825991399586e-12,8.412825991399586e-12,26434.40751082838,20234.97766212923,0.7654787667868226,1.179752285923522,3.7961056824124846,1.0934151541785377,0.6722170847142166,41059.97430708969,25750.0,0.0,0.0,0.0,0.0,0.0,0.0,0.0,0.0,0.0,0.0,0.0,0.0,0.0,0.0,0.0,0.0,0.0,0.0,0.0,0.0,41059.97430708969,25750.0,1.0,0.0,0.0,6.0,0.9,167190.3635292044,27865.060588200733,260.5918063417125,260.5918063417125,-12.55819365828745,242.7954138673939,278.38819963324386,149727.6400295873,149750.6071461535,-22.96711656618543,0.0,nan,278.38819963324386,5.23819963324388,271.26964201934896,-1.880357980651013,264.15108460837394,-8.998915391626042,257.0325274242315,-16.11747257576849,249.91397049768312,-23.236029502316853,242.7954138673939,-30.354586132606073,1.0,1.0,26022.012520719443,26022.012520719443,277.2886644955011,4.138664495501132,277.2886644955011,277.2886644955011,75945.06062799426,75986.00664158963,-40.94601359537046,0.0,8546.071908451686,8546.071908451686,0.8688539985597339,4206.895021171946,277.2886644955011,4.138664495501132,1.0,0.002,1.3552996265441453,5.2280239680013736e-08,0.0021010723378009533,1.7959099726743576e-08,1.0,1.0505361689004766,0.06519685172712641,0.00010109029690068012,0.999992647746522,0.999992647746522,0.0,0.09306909697241507,6.842726228585416e-07,0.0,0.0,0.0,1602163.885873285,268.3973273460476,0.0,1.0,1278385.8964256705,2623.071372192914,,,,,,,,,,,,,,,,,10.0,16243.107769423557
2460.0,-32.33311129940145,5.298190912770155,34.97623633640591,24.916057485993974,7.215487643334649,-28.37477645859991,-41.81561622591687,3.649640634296424,-4.752672653952402,-4.752672653960793,40.79258902065186,41305.11021043714,25880.973684332188,25880.973684332188,67186.08389476933,74466.83087873069,75986.00664158963,25880.973684332188,101866.98032592182,101866.98032592182,101866.98032592182,128301.38783675019,125285.0960594778,3016.291777272389,0.0,89468.45671317977,57957.9441819048,35011.680590305514,26434.40751082838,61446.08810113389,20234.97766212923,1450.0,0.0,0.8853067753464791,2.9110723906976532,0.001494314320929203,1.0,1.0,-4.752672653952402,358087.8862685571,1588992.291566444,4.437436597268021,1588992.291566444,4.437436597268021,0.7654787667868226,0.09306978124503792,4.1859651951959655,101325.0,128351.07116782667,1.2667265844345095,1.0,0.0,4.1859651951959655,1.2748480765127155,1.2750809735868687,3.2835012048231413,6957.345043676129,16243.107769423557,6504.098974660894,0.00019721091591238233,21373.435406452612,2179.4838610996226,19441.187089564795,1982.4493674766404,0.9095958005747418,0.9095958005747418,37361.18304116471,35405.22815468563,1.0695264463757796,0.8,4509.098987579371,4273.035954225843,1.0695264463757796,0.8,17887.488988751174,17887.488988751174,1.0,0.8,4632.441516551485,4632.441516551485,5.586897015722865,5.298190912770155,-2.059584121865861,7.357775034636017,3.5,3.5,1.0,0.6,0.0001826766296426278,1.0,0.0001826766296426278,200.86581929422636,0.0,0.0,0.0,0.010146357033643796,6.410673686977546e-05,0.00011856989277285235,0.0004963294443452776,0.09306139651983207,0.09306139651983207,0.09306139651983207,0.09306909774893007,0.0,0.0,0.0,0.0,0.0,0.0,1.0,1.0,0.0,1.0,1.0,507631.8720696815,589.1681524204314,0.0,0.09306139651983207,0.09306978124503788,0.09306978124503797,0.375,0.375,0.5,6.611333578701943,8.412825991399586e-12,8.412825991399586e-12,8.412825991399586e-12,8.412825991399586e-12,8.412825991399586e-12,8.412825991399586e-12,26434.40751082838,20234.97766212923,0.7654787667868226,1.179752285923522,3.7961056824124846,1.0934151541785377,0.6722170847142166,41059.97430708969,25750.0,0.0,0.0,0.0,0.0,0.0,0.0,0.0,0.0,0.0,0.0,0.0,0.0,0.0,0.0,0.0,0.0,0.0,0.0,0.0,0.0,41059.97430708969,25750.0,1.0,0.0,0.0,6.0,0.9,167190.3635292044,27865.060588200733,260.5918063417125,260.5918063417125,-12.55819365828745,242.7954138673939,278.38819963324386,149727.6400295873,149750.6071461535,-22.96711656618543,0.0,nan,278.38819963324386,5.23819963324388,271.26964201934896,-1.880357980651013,264.15108460837394,-8.998915391626042,257.0325274242315,-16.11747257576849,249.91397049768312,-23.236029502316853,242.7954138673939,-30.354586132606073,1.0,1.0,26022.012520719443,26022.012520719443,277.2886644955011,4.138664495501132,277.2886644955011,277.2886644955011,75945.06062799426,75986.00664158963,-40.94601359537046,0.0,8546.071908451686,8546.071908451686,0.8688539985597339,4206.895021171946,277.2886644955011,4.138664495501132,1.0,0.002,1.3552996265441453,5.2280239680013736e-08,0.0021010723378009533,1.7959099726743576e-08,1.0,1.0505361689004766,0.06519685172712641,0.00010109029690068012,0.999992647746522,0.999992647746522,0.0,0.09306909697241507,6.842726228585416e-07,0.0,0.0,0.0,1602163.885873285,268.3973273460476,0.0,1.0,1278385.8964256705,2623.071372192914,,,,,,,,,,,,,,,,,10.0,16243.107769423557
2490.0,-32.33311129940145,5.298190912770155,34.97623633640591,24.916057485993974,7.215487643334649,-28.37477645859991,-41.81561622591687,3.649640634296424,-4.752672653952402,-4.752672653960793,40.79258902065186,41305.11021043714,25880.973684332188,25880.973684332188,67186.08389476933,74466.83087873069,75986.00664158963,25880.973684332188,101866.98032592182,101866.98032592182,101866.98032592182,128301.38783675019,125285.0960594778,3016.291777272389,0.0,89468.45671317977,57957.9441819048,35011.680590305514,26434.40751082838,61446.08810113389,20234.97766212923,1450.0,0.0,0.8853067753464791,2.9110723906976532,0.001494314320929203,1.0,1.0,-4.752672653952402,358087.8862685571,1588992.291566444,4.437436597268021,1588992.291566444,4.437436597268021,0.7654787667868226,0.09306978124503792,4.1859651951959655,101325.0,128351.07116782667,1.2667265844345095,1.0,0.0,4.1859651951959655,1.2748480765127155,1.2750809735868687,3.2835012048231413,6957.345043676129,16243.107769423557,6504.098974660894,0.00019721091591238233,21373.435406452612,2179.4838610996226,19441.187089564795,1982.4493674766404,0.9095958005747418,0.9095958005747418,37361.18304116471,35405.22815468563,1.0695264463757796,0.8,4509.098987579371,4273.035954225843,1.0695264463757796,0.8,17887.488988751174,17887.488988751174,1.0,0.8,4632.441516551485,4632.441516551485,5.586897015722865,5.298190912770155,-2.059584121865861,7.357775034636017,3.5,3.5,1.0,0.6,0.0001826766296426278,1.0,0.0001826766296426278,200.86581929422636,0.0,0.0,0.0,0.010146357033643796,6.410673686977546e-05,0.00011856989277285235,0.0004963294443452776,0.09306139651983207,0.09306139651983207,0.09306139651983207,0.09306909774893007,0.0,0.0,0.0,0.0,0.0,0.0,1.0,1.0,0.0,1.0,1.0,507631.8720696815,589.1681524204314,0.0,0.09306139651983207,0.09306978124503788,0.09306978124503797,0.375,0.375,0.5,6.611333578701943,8.412825991399586e-12,8.412825991399586e-12,8.412825991399586e-12,8.412825991399586e-12,8.412825991399586e-12,8.412825991399586e-12,26434.40751082838,20234.97766212923,0.7654787667868226,1.179752285923522,3.7961056824124846,1.0934151541785377,0.6722170847142166,41059.97430708969,25750.0,0.0,0.0,0.0,0.0,0.0,0.0,0.0,0.0,0.0,0.0,0.0,0.0,0.0,0.0,0.0,0.0,0.0,0.0,0.0,0.0,41059.97430708969,25750.0,1.0,0.0,0.0,6.0,0.9,167190.3635292044,27865.060588200733,260.5918063417125,260.5918063417125,-12.55819365828745,242.7954138673939,278.38819963324386,149727.6400295873,149750.6071461535,-22.96711656618543,0.0,nan,278.38819963324386,5.23819963324388,271.26964201934896,-1.880357980651013,264.15108460837394,-8.998915391626042,257.0325274242315,-16.11747257576849,249.91397049768312,-23.236029502316853,242.7954138673939,-30.354586132606073,1.0,1.0,26022.012520719443,26022.012520719443,277.2886644955011,4.138664495501132,277.2886644955011,277.2886644955011,75945.06062799426,75986.00664158963,-40.94601359537046,0.0,8546.071908451686,8546.071908451686,0.8688539985597339,4206.895021171946,277.2886644955011,4.138664495501132,1.0,0.002,1.3552996265441453,5.2280239680013736e-08,0.0021010723378009533,1.7959099726743576e-08,1.0,1.0505361689004766,0.06519685172712641,0.00010109029690068012,0.999992647746522,0.999992647746522,0.0,0.09306909697241507,6.842726228585416e-07,0.0,0.0,0.0,1602163.885873285,268.3973273460476,0.0,1.0,1278385.8964256705,2623.071372192914,,,,,,,,,,,,,,,,,10.0,16243.107769423557
2520.0,-32.33311129940145,5.298190912770155,34.97623633640591,24.916057485993974,7.215487643334649,-28.37477645859991,-41.81561622591687,3.649640634296424,-4.752672653952402,-4.752672653960793,40.79258902065186,41305.11021043714,25880.973684332188,25880.973684332188,67186.08389476933,74466.83087873069,75986.00664158963,25880.973684332188,101866.98032592182,101866.98032592182,101866.98032592182,128301.38783675019,125285.0960594778,3016.291777272389,0.0,89468.45671317977,57957.9441819048,35011.680590305514,26434.40751082838,61446.08810113389,20234.97766212923,1450.0,0.0,0.8853067753464791,2.9110723906976532,0.001494314320929203,1.0,1.0,-4.752672653952402,358087.8862685571,1588992.291566444,4.437436597268021,1588992.291566444,4.437436597268021,0.7654787667868226,0.09306978124503792,4.1859651951959655,101325.0,128351.07116782667,1.2667265844345095,1.0,0.0,4.1859651951959655,1.2748480765127155,1.2750809735868687,3.2835012048231413,6957.345043676129,16243.107769423557,6504.098974660894,0.00019721091591238233,21373.435406452612,2179.4838610996226,19441.187089564795,1982.4493674766404,0.9095958005747418,0.9095958005747418,37361.18304116471,35405.22815468563,1.0695264463757796,0.8,4509.098987579371,4273.035954225843,1.0695264463757796,0.8,17887.488988751174,17887.488988751174,1.0,0.8,4632.441516551485,4632.441516551485,5.586897015722865,5.298190912770155,-2.059584121865861,7.357775034636017,3.5,3.5,1.0,0.6,0.0001826766296426278,1.0,0.0001826766296426278,200.86581929422636,0.0,0.0,0.0,0.010146357033643796,6.410673686977546e-05,0.00011856989277285235,0.0004963294443452776,0.09306139651983207,0.09306139651983207,0.09306139651983207,0.09306909774893007,0.0,0.0,0.0,0.0,0.0,0.0,1.0,1.0,0.0,1.0,1.0,507631.8720696815,589.1681524204314,0.0,0.09306139651983207,0.09306978124503788,0.09306978124503797,0.375,0.375,0.5,6.611333578701943,8.412825991399586e-12,8.412825991399586e-12,8.412825991399586e-12,8.412825991399586e-12,8.412825991399586e-12,8.412825991399586e-12,26434.40751082838,20234.97766212923,0.7654787667868226,1.179752285923522,3.7961056824124846,1.0934151541785377,0.6722170847142166,41059.97430708969,25750.0,0.0,0.0,0.0,0.0,0.0,0.0,0.0,0.0,0.0,0.0,0.0,0.0,0.0,0.0,0.0,0.0,0.0,0.0,0.0,0.0,41059.97430708969,25750.0,1.0,0.0,0.0,6.0,0.9,167190.3635292044,27865.060588200733,260.5918063417125,260.5918063417125,-12.55819365828745,242.7954138673939,278.38819963324386,149727.6400295873,149750.6071461535,-22.96711656618543,0.0,nan,278.38819963324386,5.23819963324388,271.26964201934896,-1.880357980651013,264.15108460837394,-8.998915391626042,257.0325274242315,-16.11747257576849,249.91397049768312,-23.236029502316853,242.7954138673939,-30.354586132606073,1.0,1.0,26022.012520719443,26022.012520719443,277.2886644955011,4.138664495501132,277.2886644955011,277.2886644955011,75945.06062799426,75986.00664158963,-40.94601359537046,0.0,8546.071908451686,8546.071908451686,0.8688539985597339,4206.895021171946,277.2886644955011,4.138664495501132,1.0,0.002,1.3552996265441453,5.2280239680013736e-08,0.0021010723378009533,1.7959099726743576e-08,1.0,1.0505361689004766,0.06519685172712641,0.00010109029690068012,0.999992647746522,0.999992647746522,0.0,0.09306909697241507,6.842726228585416e-07,0.0,0.0,0.0,1602163.885873285,268.3973273460476,0.0,1.0,1278385.8964256705,2623.071372192914,,,,,,,,,,,,,,,,,10.0,16243.107769423557
2550.0,-32.33311129940145,5.298190912770155,34.97623633640591,24.916057485993974,7.215487643334649,-28.37477645859991,-41.81561622591687,3.649640634296424,-4.752672653952402,-4.752672653960793,40.79258902065186,41305.11021043714,25880.973684332188,25880.973684332188,67186.08389476933,74466.83087873069,75986.00664158963,25880.973684332188,101866.98032592182,101866.98032592182,101866.98032592182,128301.38783675019,125285.0960594778,3016.291777272389,0.0,89468.45671317977,57957.9441819048,35011.680590305514,26434.40751082838,61446.08810113389,20234.97766212923,1450.0,0.0,0.8853067753464791,2.9110723906976532,0.001494314320929203,1.0,1.0,-4.752672653952402,358087.8862685571,1588992.291566444,4.437436597268021,1588992.291566444,4.437436597268021,0.7654787667868226,0.09306978124503792,4.1859651951959655,101325.0,128351.07116782667,1.2667265844345095,1.0,0.0,4.1859651951959655,1.2748480765127155,1.2750809735868687,3.2835012048231413,6957.345043676129,16243.107769423557,6504.098974660894,0.00019721091591238233,21373.435406452612,2179.4838610996226,19441.187089564795,1982.4493674766404,0.9095958005747418,0.9095958005747418,37361.18304116471,35405.22815468563,1.0695264463757796,0.8,4509.098987579371,4273.035954225843,1.0695264463757796,0.8,17887.488988751174,17887.488988751174,1.0,0.8,4632.441516551485,4632.441516551485,5.586897015722865,5.298190912770155,-2.059584121865861,7.357775034636017,3.5,3.5,1.0,0.6,0.0001826766296426278,1.0,0.0001826766296426278,200.86581929422636,0.0,0.0,0.0,0.010146357033643796,6.410673686977546e-05,0.00011856989277285235,0.0004963294443452776,0.09306139651983207,0.09306139651983207,0.09306139651983207,0.09306909774893007,0.0,0.0,0.0,0.0,0.0,0.0,1.0,1.0,0.0,1.0,1.0,507631.8720696815,589.1681524204314,0.0,0.09306139651983207,0.09306978124503788,0.09306978124503797,0.375,0.375,0.5,6.611333578701943,8.412825991399586e-12,8.412825991399586e-12,8.412825991399586e-12,8.412825991399586e-12,8.412825991399586e-12,8.412825991399586e-12,26434.40751082838,20234.97766212923,0.7654787667868226,1.179752285923522,3.7961056824124846,1.0934151541785377,0.6722170847142166,41059.97430708969,25750.0,0.0,0.0,0.0,0.0,0.0,0.0,0.0,0.0,0.0,0.0,0.0,0.0,0.0,0.0,0.0,0.0,0.0,0.0,0.0,0.0,41059.97430708969,25750.0,1.0,0.0,0.0,6.0,0.9,167190.3635292044,27865.060588200733,260.5918063417125,260.5918063417125,-12.55819365828745,242.7954138673939,278.38819963324386,149727.6400295873,149750.6071461535,-22.96711656618543,0.0,nan,278.38819963324386,5.23819963324388,271.26964201934896,-1.880357980651013,264.15108460837394,-8.998915391626042,257.0325274242315,-16.11747257576849,249.91397049768312,-23.236029502316853,242.7954138673939,-30.354586132606073,1.0,1.0,26022.012520719443,26022.012520719443,277.2886644955011,4.138664495501132,277.2886644955011,277.2886644955011,75945.06062799426,75986.00664158963,-40.94601359537046,0.0,8546.071908451686,8546.071908451686,0.8688539985597339,4206.895021171946,277.2886644955011,4.138664495501132,1.0,0.002,1.3552996265441453,5.2280239680013736e-08,0.0021010723378009533,1.7959099726743576e-08,1.0,1.0505361689004766,0.06519685172712641,0.00010109029690068012,0.999992647746522,0.999992647746522,0.0,0.09306909697241507,6.842726228585416e-07,0.0,0.0,0.0,1602163.885873285,268.3973273460476,0.0,1.0,1278385.8964256705,2623.071372192914,,,,,,,,,,,,,,,,,10.0,16243.107769423557
2580.0,-32.33311129940145,5.298190912770155,34.97623633640591,24.916057485993974,7.215487643334649,-28.37477645859991,-41.81561622591687,3.649640634296424,-4.752672653952402,-4.752672653960793,40.79258902065186,41305.11021043714,25880.973684332188,25880.973684332188,67186.08389476933,74466.83087873069,75986.00664158963,25880.973684332188,101866.98032592182,101866.98032592182,101866.98032592182,128301.38783675019,125285.0960594778,3016.291777272389,0.0,89468.45671317977,57957.9441819048,35011.680590305514,26434.40751082838,61446.08810113389,20234.97766212923,1450.0,0.0,0.8853067753464791,2.9110723906976532,0.001494314320929203,1.0,1.0,-4.752672653952402,358087.8862685571,1588992.291566444,4.437436597268021,1588992.291566444,4.437436597268021,0.7654787667868226,0.09306978124503792,4.1859651951959655,101325.0,128351.07116782667,1.2667265844345095,1.0,0.0,4.1859651951959655,1.2748480765127155,1.2750809735868687,3.2835012048231413,6957.345043676129,16243.107769423557,6504.098974660894,0.00019721091591238233,21373.435406452612,2179.4838610996226,19441.187089564795,1982.4493674766404,0.9095958005747418,0.9095958005747418,37361.18304116471,35405.22815468563,1.0695264463757796,0.8,4509.098987579371,4273.035954225843,1.0695264463757796,0.8,17887.488988751174,17887.488988751174,1.0,0.8,4632.441516551485,4632.441516551485,5.586897015722865,5.298190912770155,-2.059584121865861,7.357775034636017,3.5,3.5,1.0,0.6,0.0001826766296426278,1.0,0.0001826766296426278,200.86581929422636,0.0,0.0,0.0,0.010146357033643796,6.410673686977546e-05,0.00011856989277285235,0.0004963294443452776,0.09306139651983207,0.09306139651983207,0.09306139651983207,0.09306909774893007,0.0,0.0,0.0,0.0,0.0,0.0,1.0,1.0,0.0,1.0,1.0,507631.8720696815,589.1681524204314,0.0,0.09306139651983207,0.09306978124503788,0.09306978124503797,0.375,0.375,0.5,6.611333578701943,8.412825991399586e-12,8.412825991399586e-12,8.412825991399586e-12,8.412825991399586e-12,8.412825991399586e-12,8.412825991399586e-12,26434.40751082838,20234.97766212923,0.7654787667868226,1.179752285923522,3.7961056824124846,1.0934151541785377,0.6722170847142166,41059.97430708969,25750.0,0.0,0.0,0.0,0.0,0.0,0.0,0.0,0.0,0.0,0.0,0.0,0.0,0.0,0.0,0.0,0.0,0.0,0.0,0.0,0.0,41059.97430708969,25750.0,1.0,0.0,0.0,6.0,0.9,167190.3635292044,27865.060588200733,260.5918063417125,260.5918063417125,-12.55819365828745,242.7954138673939,278.38819963324386,149727.6400295873,149750.6071461535,-22.96711656618543,0.0,nan,278.38819963324386,5.23819963324388,271.26964201934896,-1.880357980651013,264.15108460837394,-8.998915391626042,257.0325274242315,-16.11747257576849,249.91397049768312,-23.236029502316853,242.7954138673939,-30.354586132606073,1.0,1.0,26022.012520719443,26022.012520719443,277.2886644955011,4.138664495501132,277.2886644955011,277.2886644955011,75945.06062799426,75986.00664158963,-40.94601359537046,0.0,8546.071908451686,8546.071908451686,0.8688539985597339,4206.895021171946,277.2886644955011,4.138664495501132,1.0,0.002,1.3552996265441453,5.2280239680013736e-08,0.0021010723378009533,1.7959099726743576e-08,1.0,1.0505361689004766,0.06519685172712641,0.00010109029690068012,0.999992647746522,0.999992647746522,0.0,0.09306909697241507,6.842726228585416e-07,0.0,0.0,0.0,1602163.885873285,268.3973273460476,0.0,1.0,1278385.8964256705,2623.071372192914,,,,,,,,,,,,,,,,,10.0,16243.107769423557
2610.0,-32.33311129940145,5.298190912770155,34.97623633640591,24.916057485993974,7.215487643334649,-28.37477645859991,-41.81561622591687,3.649640634296424,-4.752672653952402,-4.752672653960793,40.79258902065186,41305.11021043714,25880.973684332188,25880.973684332188,67186.08389476933,74466.83087873069,75986.00664158963,25880.973684332188,101866.98032592182,101866.98032592182,101866.98032592182,128301.38783675019,125285.0960594778,3016.291777272389,0.0,89468.45671317977,57957.9441819048,35011.680590305514,26434.40751082838,61446.08810113389,20234.97766212923,1450.0,0.0,0.8853067753464791,2.9110723906976532,0.001494314320929203,1.0,1.0,-4.752672653952402,358087.8862685571,1588992.291566444,4.437436597268021,1588992.291566444,4.437436597268021,0.7654787667868226,0.09306978124503792,4.1859651951959655,101325.0,128351.07116782667,1.2667265844345095,1.0,0.0,4.1859651951959655,1.2748480765127155,1.2750809735868687,3.2835012048231413,6957.345043676129,16243.107769423557,6504.098974660894,0.00019721091591238233,21373.435406452612,2179.4838610996226,19441.187089564795,1982.4493674766404,0.9095958005747418,0.9095958005747418,37361.18304116471,35405.22815468563,1.0695264463757796,0.8,4509.098987579371,4273.035954225843,1.0695264463757796,0.8,17887.488988751174,17887.488988751174,1.0,0.8,4632.441516551485,4632.441516551485,5.586897015722865,5.298190912770155,-2.059584121865861,7.357775034636017,3.5,3.5,1.0,0.6,0.0001826766296426278,1.0,0.0001826766296426278,200.86581929422636,0.0,0.0,0.0,0.010146357033643796,6.410673686977546e-05,0.00011856989277285235,0.0004963294443452776,0.09306139651983207,0.09306139651983207,0.09306139651983207,0.09306909774893007,0.0,0.0,0.0,0.0,0.0,0.0,1.0,1.0,0.0,1.0,1.0,507631.8720696815,589.1681524204314,0.0,0.09306139651983207,0.09306978124503788,0.09306978124503797,0.375,0.375,0.5,6.611333578701943,8.412825991399586e-12,8.412825991399586e-12,8.412825991399586e-12,8.412825991399586e-12,8.412825991399586e-12,8.412825991399586e-12,26434.40751082838,20234.97766212923,0.7654787667868226,1.179752285923522,3.7961056824124846,1.0934151541785377,0.6722170847142166,41059.97430708969,25750.0,0.0,0.0,0.0,0.0,0.0,0.0,0.0,0.0,0.0,0.0,0.0,0.0,0.0,0.0,0.0,0.0,0.0,0.0,0.0,0.0,41059.97430708969,25750.0,1.0,0.0,0.0,6.0,0.9,167190.3635292044,27865.060588200733,260.5918063417125,260.5918063417125,-12.55819365828745,242.7954138673939,278.38819963324386,149727.6400295873,149750.6071461535,-22.96711656618543,0.0,nan,278.38819963324386,5.23819963324388,271.26964201934896,-1.880357980651013,264.15108460837394,-8.998915391626042,257.0325274242315,-16.11747257576849,249.91397049768312,-23.236029502316853,242.7954138673939,-30.354586132606073,1.0,1.0,26022.012520719443,26022.012520719443,277.2886644955011,4.138664495501132,277.2886644955011,277.2886644955011,75945.06062799426,75986.00664158963,-40.94601359537046,0.0,8546.071908451686,8546.071908451686,0.8688539985597339,4206.895021171946,277.2886644955011,4.138664495501132,1.0,0.002,1.3552996265441453,5.2280239680013736e-08,0.0021010723378009533,1.7959099726743576e-08,1.0,1.0505361689004766,0.06519685172712641,0.00010109029690068012,0.999992647746522,0.999992647746522,0.0,0.09306909697241507,6.842726228585416e-07,0.0,0.0,0.0,1602163.885873285,268.3973273460476,0.0,1.0,1278385.8964256705,2623.071372192914,,,,,,,,,,,,,,,,,10.0,16243.107769423557
2640.0,-32.33311129940145,5.298190912770155,34.97623633640591,24.916057485993974,7.215487643334649,-28.37477645859991,-41.81561622591687,3.649640634296424,-4.752672653952402,-4.752672653960793,40.79258902065186,41305.11021043714,25880.973684332188,25880.973684332188,67186.08389476933,74466.83087873069,75986.00664158963,25880.973684332188,101866.98032592182,101866.98032592182,101866.98032592182,128301.38783675019,125285.0960594778,3016.291777272389,0.0,89468.45671317977,57957.9441819048,35011.680590305514,26434.40751082838,61446.08810113389,20234.97766212923,1450.0,0.0,0.8853067753464791,2.9110723906976532,0.001494314320929203,1.0,1.0,-4.752672653952402,358087.8862685571,1588992.291566444,4.437436597268021,1588992.291566444,4.437436597268021,0.7654787667868226,0.09306978124503792,4.1859651951959655,101325.0,128351.07116782667,1.2667265844345095,1.0,0.0,4.1859651951959655,1.2748480765127155,1.2750809735868687,3.2835012048231413,6957.345043676129,16243.107769423557,6504.098974660894,0.00019721091591238233,21373.435406452612,2179.4838610996226,19441.187089564795,1982.4493674766404,0.9095958005747418,0.9095958005747418,37361.18304116471,35405.22815468563,1.0695264463757796,0.8,4509.098987579371,4273.035954225843,1.0695264463757796,0.8,17887.488988751174,17887.488988751174,1.0,0.8,4632.441516551485,4632.441516551485,5.586897015722865,5.298190912770155,-2.059584121865861,7.357775034636017,3.5,3.5,1.0,0.6,0.0001826766296426278,1.0,0.0001826766296426278,200.86581929422636,0.0,0.0,0.0,0.010146357033643796,6.410673686977546e-05,0.00011856989277285235,0.0004963294443452776,0.09306139651983207,0.09306139651983207,0.09306139651983207,0.09306909774893007,0.0,0.0,0.0,0.0,0.0,0.0,1.0,1.0,0.0,1.0,1.0,507631.8720696815,589.1681524204314,0.0,0.09306139651983207,0.09306978124503788,0.09306978124503797,0.375,0.375,0.5,6.611333578701943,8.412825991399586e-12,8.412825991399586e-12,8.412825991399586e-12,8.412825991399586e-12,8.412825991399586e-12,8.412825991399586e-12,26434.40751082838,20234.97766212923,0.7654787667868226,1.179752285923522,3.7961056824124846,1.0934151541785377,0.6722170847142166,41059.97430708969,25750.0,0.0,0.0,0.0,0.0,0.0,0.0,0.0,0.0,0.0,0.0,0.0,0.0,0.0,0.0,0.0,0.0,0.0,0.0,0.0,0.0,41059.97430708969,25750.0,1.0,0.0,0.0,6.0,0.9,167190.3635292044,27865.060588200733,260.5918063417125,260.5918063417125,-12.55819365828745,242.7954138673939,278.38819963324386,149727.6400295873,149750.6071461535,-22.96711656618543,0.0,nan,278.38819963324386,5.23819963324388,271.26964201934896,-1.880357980651013,264.15108460837394,-8.998915391626042,257.0325274242315,-16.11747257576849,249.91397049768312,-23.236029502316853,242.7954138673939,-30.354586132606073,1.0,1.0,26022.012520719443,26022.012520719443,277.2886644955011,4.138664495501132,277.2886644955011,277.2886644955011,75945.06062799426,75986.00664158963,-40.94601359537046,0.0,8546.071908451686,8546.071908451686,0.8688539985597339,4206.895021171946,277.2886644955011,4.138664495501132,1.0,0.002,1.3552996265441453,5.2280239680013736e-08,0.0021010723378009533,1.7959099726743576e-08,1.0,1.0505361689004766,0.06519685172712641,0.00010109029690068012,0.999992647746522,0.999992647746522,0.0,0.09306909697241507,6.842726228585416e-07,0.0,0.0,0.0,1602163.885873285,268.3973273460476,0.0,1.0,1278385.8964256705,2623.071372192914,,,,,,,,,,,,,,,,,10.0,16243.107769423557
2670.0,-32.33311129940145,5.298190912770155,34.97623633640591,24.916057485993974,7.215487643334649,-28.37477645859991,-41.81561622591687,3.649640634296424,-4.752672653952402,-4.752672653960793,40.79258902065186,41305.11021043714,25880.973684332188,25880.973684332188,67186.08389476933,74466.83087873069,75986.00664158963,25880.973684332188,101866.98032592182,101866.98032592182,101866.98032592182,128301.38783675019,125285.0960594778,3016.291777272389,0.0,89468.45671317977,57957.9441819048,35011.680590305514,26434.40751082838,61446.08810113389,20234.97766212923,1450.0,0.0,0.8853067753464791,2.9110723906976532,0.001494314320929203,1.0,1.0,-4.752672653952402,358087.8862685571,1588992.291566444,4.437436597268021,1588992.291566444,4.437436597268021,0.7654787667868226,0.09306978124503792,4.1859651951959655,101325.0,128351.07116782667,1.2667265844345095,1.0,0.0,4.1859651951959655,1.2748480765127155,1.2750809735868687,3.2835012048231413,6957.345043676129,16243.107769423557,6504.098974660894,0.00019721091591238233,21373.435406452612,2179.4838610996226,19441.187089564795,1982.4493674766404,0.9095958005747418,0.9095958005747418,37361.18304116471,35405.22815468563,1.0695264463757796,0.8,4509.098987579371,4273.035954225843,1.0695264463757796,0.8,17887.488988751174,17887.488988751174,1.0,0.8,4632.441516551485,4632.441516551485,5.586897015722865,5.298190912770155,-2.059584121865861,7.357775034636017,3.5,3.5,1.0,0.6,0.0001826766296426278,1.0,0.0001826766296426278,200.86581929422636,0.0,0.0,0.0,0.010146357033643796,6.410673686977546e-05,0.00011856989277285235,0.0004963294443452776,0.09306139651983207,0.09306139651983207,0.09306139651983207,0.09306909774893007,0.0,0.0,0.0,0.0,0.0,0.0,1.0,1.0,0.0,1.0,1.0,507631.8720696815,589.1681524204314,0.0,0.09306139651983207,0.09306978124503788,0.09306978124503797,0.375,0.375,0.5,6.611333578701943,8.412825991399586e-12,8.412825991399586e-12,8.412825991399586e-12,8.412825991399586e-12,8.412825991399586e-12,8.412825991399586e-12,26434.40751082838,20234.97766212923,0.7654787667868226,1.179752285923522,3.7961056824124846,1.0934151541785377,0.6722170847142166,41059.97430708969,25750.0,0.0,0.0,0.0,0.0,0.0,0.0,0.0,0.0,0.0,0.0,0.0,0.0,0.0,0.0,0.0,0.0,0.0,0.0,0.0,0.0,41059.97430708969,25750.0,1.0,0.0,0.0,6.0,0.9,167190.3635292044,27865.060588200733,260.5918063417125,260.5918063417125,-12.55819365828745,242.7954138673939,278.38819963324386,149727.6400295873,149750.6071461535,-22.96711656618543,0.0,nan,278.38819963324386,5.23819963324388,271.26964201934896,-1.880357980651013,264.15108460837394,-8.998915391626042,257.0325274242315,-16.11747257576849,249.91397049768312,-23.236029502316853,242.7954138673939,-30.354586132606073,1.0,1.0,26022.012520719443,26022.012520719443,277.2886644955011,4.138664495501132,277.2886644955011,277.2886644955011,75945.06062799426,75986.00664158963,-40.94601359537046,0.0,8546.071908451686,8546.071908451686,0.8688539985597339,4206.895021171946,277.2886644955011,4.138664495501132,1.0,0.002,1.3552996265441453,5.2280239680013736e-08,0.0021010723378009533,1.7959099726743576e-08,1.0,1.0505361689004766,0.06519685172712641,0.00010109029690068012,0.999992647746522,0.999992647746522,0.0,0.09306909697241507,6.842726228585416e-07,0.0,0.0,0.0,1602163.885873285,268.3973273460476,0.0,1.0,1278385.8964256705,2623.071372192914,,,,,,,,,,,,,,,,,10.0,16243.107769423557
2700.0,-32.33311129940145,5.298190912770155,34.97623633640591,24.916057485993974,7.215487643334649,-28.37477645859991,-41.81561622591687,3.649640634296424,-4.752672653952402,-4.752672653960793,40.79258902065186,41305.11021043714,25880.973684332188,25880.973684332188,67186.08389476933,74466.83087873069,75986.00664158963,25880.973684332188,101866.98032592182,101866.98032592182,101866.98032592182,128301.38783675019,125285.0960594778,3016.291777272389,0.0,89468.45671317977,57957.9441819048,35011.680590305514,26434.40751082838,61446.08810113389,20234.97766212923,1450.0,0.0,0.8853067753464791,2.9110723906976532,0.001494314320929203,1.0,1.0,-4.752672653952402,358087.8862685571,1588992.291566444,4.437436597268021,1588992.291566444,4.437436597268021,0.7654787667868226,0.09306978124503792,4.1859651951959655,101325.0,128351.07116782667,1.2667265844345095,1.0,0.0,4.1859651951959655,1.2748480765127155,1.2750809735868687,3.2835012048231413,6957.345043676129,16243.107769423557,6504.098974660894,0.00019721091591238233,21373.435406452612,2179.4838610996226,19441.187089564795,1982.4493674766404,0.9095958005747418,0.9095958005747418,37361.18304116471,35405.22815468563,1.0695264463757796,0.8,4509.098987579371,4273.035954225843,1.0695264463757796,0.8,17887.488988751174,17887.488988751174,1.0,0.8,4632.441516551485,4632.441516551485,5.586897015722865,5.298190912770155,-2.059584121865861,7.357775034636017,3.5,3.5,1.0,0.6,0.0001826766296426278,1.0,0.0001826766296426278,200.86581929422636,0.0,0.0,0.0,0.010146357033643796,6.410673686977546e-05,0.00011856989277285235,0.0004963294443452776,0.09306139651983207,0.09306139651983207,0.09306139651983207,0.09306909774893007,0.0,0.0,0.0,0.0,0.0,0.0,1.0,1.0,0.0,1.0,1.0,507631.8720696815,589.1681524204314,0.0,0.09306139651983207,0.09306978124503788,0.09306978124503797,0.375,0.375,0.5,6.611333578701943,8.412825991399586e-12,8.412825991399586e-12,8.412825991399586e-12,8.412825991399586e-12,8.412825991399586e-12,8.412825991399586e-12,26434.40751082838,20234.97766212923,0.7654787667868226,1.179752285923522,3.7961056824124846,1.0934151541785377,0.6722170847142166,41059.97430708969,25750.0,0.0,0.0,0.0,0.0,0.0,0.0,0.0,0.0,0.0,0.0,0.0,0.0,0.0,0.0,0.0,0.0,0.0,0.0,0.0,0.0,41059.97430708969,25750.0,1.0,0.0,0.0,6.0,0.9,167190.3635292044,27865.060588200733,260.5918063417125,260.5918063417125,-12.55819365828745,242.7954138673939,278.38819963324386,149727.6400295873,149750.6071461535,-22.96711656618543,0.0,nan,278.38819963324386,5.23819963324388,271.26964201934896,-1.880357980651013,264.15108460837394,-8.998915391626042,257.0325274242315,-16.11747257576849,249.91397049768312,-23.236029502316853,242.7954138673939,-30.354586132606073,1.0,1.0,26022.012520719443,26022.012520719443,277.2886644955011,4.138664495501132,277.2886644955011,277.2886644955011,75945.06062799426,75986.00664158963,-40.94601359537046,0.0,8546.071908451686,8546.071908451686,0.8688539985597339,4206.895021171946,277.2886644955011,4.138664495501132,1.0,0.002,1.3552996265441453,5.2280239680013736e-08,0.0021010723378009533,1.7959099726743576e-08,1.0,1.0505361689004766,0.06519685172712641,0.00010109029690068012,0.999992647746522,0.999992647746522,0.0,0.09306909697241507,6.842726228585416e-07,0.0,0.0,0.0,1602163.885873285,268.3973273460476,0.0,1.0,1278385.8964256705,2623.071372192914,,,,,,,,,,,,,,,,,10.0,16243.107769423557
2730.0,-32.33311129940145,5.298190912770155,34.97623633640591,24.916057485993974,7.215487643334649,-28.37477645859991,-41.81561622591687,3.649640634296424,-4.752672653952402,-4.752672653960793,40.79258902065186,41305.11021043714,25880.973684332188,25880.973684332188,67186.08389476933,74466.83087873069,75986.00664158963,25880.973684332188,101866.98032592182,101866.98032592182,101866.98032592182,128301.38783675019,125285.0960594778,3016.291777272389,0.0,89468.45671317977,57957.9441819048,35011.680590305514,26434.40751082838,61446.08810113389,20234.97766212923,1450.0,0.0,0.8853067753464791,2.9110723906976532,0.001494314320929203,1.0,1.0,-4.752672653952402,358087.8862685571,1588992.291566444,4.437436597268021,1588992.291566444,4.437436597268021,0.7654787667868226,0.09306978124503792,4.1859651951959655,101325.0,128351.07116782667,1.2667265844345095,1.0,0.0,4.1859651951959655,1.2748480765127155,1.2750809735868687,3.2835012048231413,6957.345043676129,16243.107769423557,6504.098974660894,0.00019721091591238233,21373.435406452612,2179.4838610996226,19441.187089564795,1982.4493674766404,0.9095958005747418,0.9095958005747418,37361.18304116471,35405.22815468563,1.0695264463757796,0.8,4509.098987579371,4273.035954225843,1.0695264463757796,0.8,17887.488988751174,17887.488988751174,1.0,0.8,4632.441516551485,4632.441516551485,5.586897015722865,5.298190912770155,-2.059584121865861,7.357775034636017,3.5,3.5,1.0,0.6,0.0001826766296426278,1.0,0.0001826766296426278,200.86581929422636,0.0,0.0,0.0,0.010146357033643796,6.410673686977546e-05,0.00011856989277285235,0.0004963294443452776,0.09306139651983207,0.09306139651983207,0.09306139651983207,0.09306909774893007,0.0,0.0,0.0,0.0,0.0,0.0,1.0,1.0,0.0,1.0,1.0,507631.8720696815,589.1681524204314,0.0,0.09306139651983207,0.09306978124503788,0.09306978124503797,0.375,0.375,0.5,6.611333578701943,8.412825991399586e-12,8.412825991399586e-12,8.412825991399586e-12,8.412825991399586e-12,8.412825991399586e-12,8.412825991399586e-12,26434.40751082838,20234.97766212923,0.7654787667868226,1.179752285923522,3.7961056824124846,1.0934151541785377,0.6722170847142166,41059.97430708969,25750.0,0.0,0.0,0.0,0.0,0.0,0.0,0.0,0.0,0.0,0.0,0.0,0.0,0.0,0.0,0.0,0.0,0.0,0.0,0.0,0.0,41059.97430708969,25750.0,1.0,0.0,0.0,6.0,0.9,167190.3635292044,27865.060588200733,260.5918063417125,260.5918063417125,-12.55819365828745,242.7954138673939,278.38819963324386,149727.6400295873,149750.6071461535,-22.96711656618543,0.0,nan,278.38819963324386,5.23819963324388,271.26964201934896,-1.880357980651013,264.15108460837394,-8.998915391626042,257.0325274242315,-16.11747257576849,249.91397049768312,-23.236029502316853,242.7954138673939,-30.354586132606073,1.0,1.0,26022.012520719443,26022.012520719443,277.2886644955011,4.138664495501132,277.2886644955011,277.2886644955011,75945.06062799426,75986.00664158963,-40.94601359537046,0.0,8546.071908451686,8546.071908451686,0.8688539985597339,4206.895021171946,277.2886644955011,4.138664495501132,1.0,0.002,1.3552996265441453,5.2280239680013736e-08,0.0021010723378009533,1.7959099726743576e-08,1.0,1.0505361689004766,0.06519685172712641,0.00010109029690068012,0.999992647746522,0.999992647746522,0.0,0.09306909697241507,6.842726228585416e-07,0.0,0.0,0.0,1602163.885873285,268.3973273460476,0.0,1.0,1278385.8964256705,2623.071372192914,,,,,,,,,,,,,,,,,10.0,16243.107769423557
2760.0,-32.33311129940145,5.298190912770155,34.97623633640591,24.916057485993974,7.215487643334649,-28.37477645859991,-41.81561622591687,3.649640634296424,-4.752672653952402,-4.752672653960793,40.79258902065186,41305.11021043714,25880.973684332188,25880.973684332188,67186.08389476933,74466.83087873069,75986.00664158963,25880.973684332188,101866.98032592182,101866.98032592182,101866.98032592182,128301.38783675019,125285.0960594778,3016.291777272389,0.0,89468.45671317977,57957.9441819048,35011.680590305514,26434.40751082838,61446.08810113389,20234.97766212923,1450.0,0.0,0.8853067753464791,2.9110723906976532,0.001494314320929203,1.0,1.0,-4.752672653952402,358087.8862685571,1588992.291566444,4.437436597268021,1588992.291566444,4.437436597268021,0.7654787667868226,0.09306978124503792,4.1859651951959655,101325.0,128351.07116782667,1.2667265844345095,1.0,0.0,4.1859651951959655,1.2748480765127155,1.2750809735868687,3.2835012048231413,6957.345043676129,16243.107769423557,6504.098974660894,0.00019721091591238233,21373.435406452612,2179.4838610996226,19441.187089564795,1982.4493674766404,0.9095958005747418,0.9095958005747418,37361.18304116471,35405.22815468563,1.0695264463757796,0.8,4509.098987579371,4273.035954225843,1.0695264463757796,0.8,17887.488988751174,17887.488988751174,1.0,0.8,4632.441516551485,4632.441516551485,5.586897015722865,5.298190912770155,-2.059584121865861,7.357775034636017,3.5,3.5,1.0,0.6,0.0001826766296426278,1.0,0.0001826766296426278,200.86581929422636,0.0,0.0,0.0,0.010146357033643796,6.410673686977546e-05,0.00011856989277285235,0.0004963294443452776,0.09306139651983207,0.09306139651983207,0.09306139651983207,0.09306909774893007,0.0,0.0,0.0,0.0,0.0,0.0,1.0,1.0,0.0,1.0,1.0,507631.8720696815,589.1681524204314,0.0,0.09306139651983207,0.09306978124503788,0.09306978124503797,0.375,0.375,0.5,6.611333578701943,8.412825991399586e-12,8.412825991399586e-12,8.412825991399586e-12,8.412825991399586e-12,8.412825991399586e-12,8.412825991399586e-12,26434.40751082838,20234.97766212923,0.7654787667868226,1.179752285923522,3.7961056824124846,1.0934151541785377,0.6722170847142166,41059.97430708969,25750.0,0.0,0.0,0.0,0.0,0.0,0.0,0.0,0.0,0.0,0.0,0.0,0.0,0.0,0.0,0.0,0.0,0.0,0.0,0.0,0.0,41059.97430708969,25750.0,1.0,0.0,0.0,6.0,0.9,167190.3635292044,27865.060588200733,260.5918063417125,260.5918063417125,-12.55819365828745,242.7954138673939,278.38819963324386,149727.6400295873,149750.6071461535,-22.96711656618543,0.0,nan,278.38819963324386,5.23819963324388,271.26964201934896,-1.880357980651013,264.15108460837394,-8.998915391626042,257.0325274242315,-16.11747257576849,249.91397049768312,-23.236029502316853,242.7954138673939,-30.354586132606073,1.0,1.0,26022.012520719443,26022.012520719443,277.2886644955011,4.138664495501132,277.2886644955011,277.2886644955011,75945.06062799426,75986.00664158963,-40.94601359537046,0.0,8546.071908451686,8546.071908451686,0.8688539985597339,4206.895021171946,277.2886644955011,4.138664495501132,1.0,0.002,1.3552996265441453,5.2280239680013736e-08,0.0021010723378009533,1.7959099726743576e-08,1.0,1.0505361689004766,0.06519685172712641,0.00010109029690068012,0.999992647746522,0.999992647746522,0.0,0.09306909697241507,6.842726228585416e-07,0.0,0.0,0.0,1602163.885873285,268.3973273460476,0.0,1.0,1278385.8964256705,2623.071372192914,,,,,,,,,,,,,,,,,10.0,16243.107769423557
2790.0,-32.33311129940145,5.298190912770155,34.97623633640591,24.916057485993974,7.215487643334649,-28.37477645859991,-41.81561622591687,3.649640634296424,-4.752672653952402,-4.752672653960793,40.79258902065186,41305.11021043714,25880.973684332188,25880.973684332188,67186.08389476933,74466.83087873069,75986.00664158963,25880.973684332188,101866.98032592182,101866.98032592182,101866.98032592182,128301.38783675019,125285.0960594778,3016.291777272389,0.0,89468.45671317977,57957.9441819048,35011.680590305514,26434.40751082838,61446.08810113389,20234.97766212923,1450.0,0.0,0.8853067753464791,2.9110723906976532,0.001494314320929203,1.0,1.0,-4.752672653952402,358087.8862685571,1588992.291566444,4.437436597268021,1588992.291566444,4.437436597268021,0.7654787667868226,0.09306978124503792,4.1859651951959655,101325.0,128351.07116782667,1.2667265844345095,1.0,0.0,4.1859651951959655,1.2748480765127155,1.2750809735868687,3.2835012048231413,6957.345043676129,16243.107769423557,6504.098974660894,0.00019721091591238233,21373.435406452612,2179.4838610996226,19441.187089564795,1982.4493674766404,0.9095958005747418,0.9095958005747418,37361.18304116471,35405.22815468563,1.0695264463757796,0.8,4509.098987579371,4273.035954225843,1.0695264463757796,0.8,17887.488988751174,17887.488988751174,1.0,0.8,4632.441516551485,4632.441516551485,5.586897015722865,5.298190912770155,-2.059584121865861,7.357775034636017,3.5,3.5,1.0,0.6,0.0001826766296426278,1.0,0.0001826766296426278,200.86581929422636,0.0,0.0,0.0,0.010146357033643796,6.410673686977546e-05,0.00011856989277285235,0.0004963294443452776,0.09306139651983207,0.09306139651983207,0.09306139651983207,0.09306909774893007,0.0,0.0,0.0,0.0,0.0,0.0,1.0,1.0,0.0,1.0,1.0,507631.8720696815,589.1681524204314,0.0,0.09306139651983207,0.09306978124503788,0.09306978124503797,0.375,0.375,0.5,6.611333578701943,8.412825991399586e-12,8.412825991399586e-12,8.412825991399586e-12,8.412825991399586e-12,8.412825991399586e-12,8.412825991399586e-12,26434.40751082838,20234.97766212923,0.7654787667868226,1.179752285923522,3.7961056824124846,1.0934151541785377,0.6722170847142166,41059.97430708969,25750.0,0.0,0.0,0.0,0.0,0.0,0.0,0.0,0.0,0.0,0.0,0.0,0.0,0.0,0.0,0.0,0.0,0.0,0.0,0.0,0.0,41059.97430708969,25750.0,1.0,0.0,0.0,6.0,0.9,167190.3635292044,27865.060588200733,260.5918063417125,260.5918063417125,-12.55819365828745,242.7954138673939,278.38819963324386,149727.6400295873,149750.6071461535,-22.96711656618543,0.0,nan,278.38819963324386,5.23819963324388,271.26964201934896,-1.880357980651013,264.15108460837394,-8.998915391626042,257.0325274242315,-16.11747257576849,249.91397049768312,-23.236029502316853,242.7954138673939,-30.354586132606073,1.0,1.0,26022.012520719443,26022.012520719443,277.2886644955011,4.138664495501132,277.2886644955011,277.2886644955011,75945.06062799426,75986.00664158963,-40.94601359537046,0.0,8546.071908451686,8546.071908451686,0.8688539985597339,4206.895021171946,277.2886644955011,4.138664495501132,1.0,0.002,1.3552996265441453,5.2280239680013736e-08,0.0021010723378009533,1.7959099726743576e-08,1.0,1.0505361689004766,0.06519685172712641,0.00010109029690068012,0.999992647746522,0.999992647746522,0.0,0.09306909697241507,6.842726228585416e-07,0.0,0.0,0.0,1602163.885873285,268.3973273460476,0.0,1.0,1278385.8964256705,2623.071372192914,,,,,,,,,,,,,,,,,10.0,16243.107769423557
2820.0,-32.33311129940145,5.298190912770155,34.97623633640591,24.916057485993974,7.215487643334649,-28.37477645859991,-41.81561622591687,3.649640634296424,-4.752672653952402,-4.752672653960793,40.79258902065186,41305.11021043714,25880.973684332188,25880.973684332188,67186.08389476933,74466.83087873069,75986.00664158963,25880.973684332188,101866.98032592182,101866.98032592182,101866.98032592182,128301.38783675019,125285.0960594778,3016.291777272389,0.0,89468.45671317977,57957.9441819048,35011.680590305514,26434.40751082838,61446.08810113389,20234.97766212923,1450.0,0.0,0.8853067753464791,2.9110723906976532,0.001494314320929203,1.0,1.0,-4.752672653952402,358087.8862685571,1588992.291566444,4.437436597268021,1588992.291566444,4.437436597268021,0.7654787667868226,0.09306978124503792,4.1859651951959655,101325.0,128351.07116782667,1.2667265844345095,1.0,0.0,4.1859651951959655,1.2748480765127155,1.2750809735868687,3.2835012048231413,6957.345043676129,16243.107769423557,6504.098974660894,0.00019721091591238233,21373.435406452612,2179.4838610996226,19441.187089564795,1982.4493674766404,0.9095958005747418,0.9095958005747418,37361.18304116471,35405.22815468563,1.0695264463757796,0.8,4509.098987579371,4273.035954225843,1.0695264463757796,0.8,17887.488988751174,17887.488988751174,1.0,0.8,4632.441516551485,4632.441516551485,5.586897015722865,5.298190912770155,-2.059584121865861,7.357775034636017,3.5,3.5,1.0,0.6,0.0001826766296426278,1.0,0.0001826766296426278,200.86581929422636,0.0,0.0,0.0,0.010146357033643796,6.410673686977546e-05,0.00011856989277285235,0.0004963294443452776,0.09306139651983207,0.09306139651983207,0.09306139651983207,0.09306909774893007,0.0,0.0,0.0,0.0,0.0,0.0,1.0,1.0,0.0,1.0,1.0,507631.8720696815,589.1681524204314,0.0,0.09306139651983207,0.09306978124503788,0.09306978124503797,0.375,0.375,0.5,6.611333578701943,8.412825991399586e-12,8.412825991399586e-12,8.412825991399586e-12,8.412825991399586e-12,8.412825991399586e-12,8.412825991399586e-12,26434.40751082838,20234.97766212923,0.7654787667868226,1.179752285923522,3.7961056824124846,1.0934151541785377,0.6722170847142166,41059.97430708969,25750.0,0.0,0.0,0.0,0.0,0.0,0.0,0.0,0.0,0.0,0.0,0.0,0.0,0.0,0.0,0.0,0.0,0.0,0.0,0.0,0.0,41059.97430708969,25750.0,1.0,0.0,0.0,6.0,0.9,167190.3635292044,27865.060588200733,260.5918063417125,260.5918063417125,-12.55819365828745,242.7954138673939,278.38819963324386,149727.6400295873,149750.6071461535,-22.96711656618543,0.0,nan,278.38819963324386,5.23819963324388,271.26964201934896,-1.880357980651013,264.15108460837394,-8.998915391626042,257.0325274242315,-16.11747257576849,249.91397049768312,-23.236029502316853,242.7954138673939,-30.354586132606073,1.0,1.0,26022.012520719443,26022.012520719443,277.2886644955011,4.138664495501132,277.2886644955011,277.2886644955011,75945.06062799426,75986.00664158963,-40.94601359537046,0.0,8546.071908451686,8546.071908451686,0.8688539985597339,4206.895021171946,277.2886644955011,4.138664495501132,1.0,0.002,1.3552996265441453,5.2280239680013736e-08,0.0021010723378009533,1.7959099726743576e-08,1.0,1.0505361689004766,0.06519685172712641,0.00010109029690068012,0.999992647746522,0.999992647746522,0.0,0.09306909697241507,6.842726228585416e-07,0.0,0.0,0.0,1602163.885873285,268.3973273460476,0.0,1.0,1278385.8964256705,2623.071372192914,,,,,,,,,,,,,,,,,10.0,16243.107769423557
2850.0,-32.33311129940145,5.298190912770155,34.97623633640591,24.916057485993974,7.215487643334649,-28.37477645859991,-41.81561622591687,3.649640634296424,-4.752672653952402,-4.752672653960793,40.79258902065186,41305.11021043714,25880.973684332188,25880.973684332188,67186.08389476933,74466.83087873069,75986.00664158963,25880.973684332188,101866.98032592182,101866.98032592182,101866.98032592182,128301.38783675019,125285.0960594778,3016.291777272389,0.0,89468.45671317977,57957.9441819048,35011.680590305514,26434.40751082838,61446.08810113389,20234.97766212923,1450.0,0.0,0.8853067753464791,2.9110723906976532,0.001494314320929203,1.0,1.0,-4.752672653952402,358087.8862685571,1588992.291566444,4.437436597268021,1588992.291566444,4.437436597268021,0.7654787667868226,0.09306978124503792,4.1859651951959655,101325.0,128351.07116782667,1.2667265844345095,1.0,0.0,4.1859651951959655,1.2748480765127155,1.2750809735868687,3.2835012048231413,6957.345043676129,16243.107769423557,6504.098974660894,0.00019721091591238233,21373.435406452612,2179.4838610996226,19441.187089564795,1982.4493674766404,0.9095958005747418,0.9095958005747418,37361.18304116471,35405.22815468563,1.0695264463757796,0.8,4509.098987579371,4273.035954225843,1.0695264463757796,0.8,17887.488988751174,17887.488988751174,1.0,0.8,4632.441516551485,4632.441516551485,5.586897015722865,5.298190912770155,-2.059584121865861,7.357775034636017,3.5,3.5,1.0,0.6,0.0001826766296426278,1.0,0.0001826766296426278,200.86581929422636,0.0,0.0,0.0,0.010146357033643796,6.410673686977546e-05,0.00011856989277285235,0.0004963294443452776,0.09306139651983207,0.09306139651983207,0.09306139651983207,0.09306909774893007,0.0,0.0,0.0,0.0,0.0,0.0,1.0,1.0,0.0,1.0,1.0,507631.8720696815,589.1681524204314,0.0,0.09306139651983207,0.09306978124503788,0.09306978124503797,0.375,0.375,0.5,6.611333578701943,8.412825991399586e-12,8.412825991399586e-12,8.412825991399586e-12,8.412825991399586e-12,8.412825991399586e-12,8.412825991399586e-12,26434.40751082838,20234.97766212923,0.7654787667868226,1.179752285923522,3.7961056824124846,1.0934151541785377,0.6722170847142166,41059.97430708969,25750.0,0.0,0.0,0.0,0.0,0.0,0.0,0.0,0.0,0.0,0.0,0.0,0.0,0.0,0.0,0.0,0.0,0.0,0.0,0.0,0.0,41059.97430708969,25750.0,1.0,0.0,0.0,6.0,0.9,167190.3635292044,27865.060588200733,260.5918063417125,260.5918063417125,-12.55819365828745,242.7954138673939,278.38819963324386,149727.6400295873,149750.6071461535,-22.96711656618543,0.0,nan,278.38819963324386,5.23819963324388,271.26964201934896,-1.880357980651013,264.15108460837394,-8.998915391626042,257.0325274242315,-16.11747257576849,249.91397049768312,-23.236029502316853,242.7954138673939,-30.354586132606073,1.0,1.0,26022.012520719443,26022.012520719443,277.2886644955011,4.138664495501132,277.2886644955011,277.2886644955011,75945.06062799426,75986.00664158963,-40.94601359537046,0.0,8546.071908451686,8546.071908451686,0.8688539985597339,4206.895021171946,277.2886644955011,4.138664495501132,1.0,0.002,1.3552996265441453,5.2280239680013736e-08,0.0021010723378009533,1.7959099726743576e-08,1.0,1.0505361689004766,0.06519685172712641,0.00010109029690068012,0.999992647746522,0.999992647746522,0.0,0.09306909697241507,6.842726228585416e-07,0.0,0.0,0.0,1602163.885873285,268.3973273460476,0.0,1.0,1278385.8964256705,2623.071372192914,,,,,,,,,,,,,,,,,10.0,16243.107769423557
2880.0,-32.33311129940145,5.298190912770155,34.97623633640591,24.916057485993974,7.215487643334649,-28.37477645859991,-41.81561622591687,3.649640634296424,-4.752672653952402,-4.752672653960793,40.79258902065186,41305.11021043714,25880.973684332188,25880.973684332188,67186.08389476933,74466.83087873069,75986.00664158963,25880.973684332188,101866.98032592182,101866.98032592182,101866.98032592182,128301.38783675019,125285.0960594778,3016.291777272389,0.0,89468.45671317977,57957.9441819048,35011.680590305514,26434.40751082838,61446.08810113389,20234.97766212923,1450.0,0.0,0.8853067753464791,2.9110723906976532,0.001494314320929203,1.0,1.0,-4.752672653952402,358087.8862685571,1588992.291566444,4.437436597268021,1588992.291566444,4.437436597268021,0.7654787667868226,0.09306978124503792,4.1859651951959655,101325.0,128351.07116782667,1.2667265844345095,1.0,0.0,4.1859651951959655,1.2748480765127155,1.2750809735868687,3.2835012048231413,6957.345043676129,16243.107769423557,6504.098974660894,0.00019721091591238233,21373.435406452612,2179.4838610996226,19441.187089564795,1982.4493674766404,0.9095958005747418,0.9095958005747418,37361.18304116471,35405.22815468563,1.0695264463757796,0.8,4509.098987579371,4273.035954225843,1.0695264463757796,0.8,17887.488988751174,17887.488988751174,1.0,0.8,4632.441516551485,4632.441516551485,5.586897015722865,5.298190912770155,-2.059584121865861,7.357775034636017,3.5,3.5,1.0,0.6,0.0001826766296426278,1.0,0.0001826766296426278,200.86581929422636,0.0,0.0,0.0,0.010146357033643796,6.410673686977546e-05,0.00011856989277285235,0.0004963294443452776,0.09306139651983207,0.09306139651983207,0.09306139651983207,0.09306909774893007,0.0,0.0,0.0,0.0,0.0,0.0,1.0,1.0,0.0,1.0,1.0,507631.8720696815,589.1681524204314,0.0,0.09306139651983207,0.09306978124503788,0.09306978124503797,0.375,0.375,0.5,6.611333578701943,8.412825991399586e-12,8.412825991399586e-12,8.412825991399586e-12,8.412825991399586e-12,8.412825991399586e-12,8.412825991399586e-12,26434.40751082838,20234.97766212923,0.7654787667868226,1.179752285923522,3.7961056824124846,1.0934151541785377,0.6722170847142166,41059.97430708969,25750.0,0.0,0.0,0.0,0.0,0.0,0.0,0.0,0.0,0.0,0.0,0.0,0.0,0.0,0.0,0.0,0.0,0.0,0.0,0.0,0.0,41059.97430708969,25750.0,1.0,0.0,0.0,6.0,0.9,167190.3635292044,27865.060588200733,260.5918063417125,260.5918063417125,-12.55819365828745,242.7954138673939,278.38819963324386,149727.6400295873,149750.6071461535,-22.96711656618543,0.0,nan,278.38819963324386,5.23819963324388,271.26964201934896,-1.880357980651013,264.15108460837394,-8.998915391626042,257.0325274242315,-16.11747257576849,249.91397049768312,-23.236029502316853,242.7954138673939,-30.354586132606073,1.0,1.0,26022.012520719443,26022.012520719443,277.2886644955011,4.138664495501132,277.2886644955011,277.2886644955011,75945.06062799426,75986.00664158963,-40.94601359537046,0.0,8546.071908451686,8546.071908451686,0.8688539985597339,4206.895021171946,277.2886644955011,4.138664495501132,1.0,0.002,1.3552996265441453,5.2280239680013736e-08,0.0021010723378009533,1.7959099726743576e-08,1.0,1.0505361689004766,0.06519685172712641,0.00010109029690068012,0.999992647746522,0.999992647746522,0.0,0.09306909697241507,6.842726228585416e-07,0.0,0.0,0.0,1602163.885873285,268.3973273460476,0.0,1.0,1278385.8964256705,2623.071372192914,,,,,,,,,,,,,,,,,10.0,16243.107769423557
2910.0,-32.33311129940145,5.298190912770155,34.97623633640591,24.916057485993974,7.215487643334649,-28.37477645859991,-41.81561622591687,3.649640634296424,-4.752672653952402,-4.752672653960793,40.79258902065186,41305.11021043714,25880.973684332188,25880.973684332188,67186.08389476933,74466.83087873069,75986.00664158963,25880.973684332188,101866.98032592182,101866.98032592182,101866.98032592182,128301.38783675019,125285.0960594778,3016.291777272389,0.0,89468.45671317977,57957.9441819048,35011.680590305514,26434.40751082838,61446.08810113389,20234.97766212923,1450.0,0.0,0.8853067753464791,2.9110723906976532,0.001494314320929203,1.0,1.0,-4.752672653952402,358087.8862685571,1588992.291566444,4.437436597268021,1588992.291566444,4.437436597268021,0.7654787667868226,0.09306978124503792,4.1859651951959655,101325.0,128351.07116782667,1.2667265844345095,1.0,0.0,4.1859651951959655,1.2748480765127155,1.2750809735868687,3.2835012048231413,6957.345043676129,16243.107769423557,6504.098974660894,0.00019721091591238233,21373.435406452612,2179.4838610996226,19441.187089564795,1982.4493674766404,0.9095958005747418,0.9095958005747418,37361.18304116471,35405.22815468563,1.0695264463757796,0.8,4509.098987579371,4273.035954225843,1.0695264463757796,0.8,17887.488988751174,17887.488988751174,1.0,0.8,4632.441516551485,4632.441516551485,5.586897015722865,5.298190912770155,-2.059584121865861,7.357775034636017,3.5,3.5,1.0,0.6,0.0001826766296426278,1.0,0.0001826766296426278,200.86581929422636,0.0,0.0,0.0,0.010146357033643796,6.410673686977546e-05,0.00011856989277285235,0.0004963294443452776,0.09306139651983207,0.09306139651983207,0.09306139651983207,0.09306909774893007,0.0,0.0,0.0,0.0,0.0,0.0,1.0,1.0,0.0,1.0,1.0,507631.8720696815,589.1681524204314,0.0,0.09306139651983207,0.09306978124503788,0.09306978124503797,0.375,0.375,0.5,6.611333578701943,8.412825991399586e-12,8.412825991399586e-12,8.412825991399586e-12,8.412825991399586e-12,8.412825991399586e-12,8.412825991399586e-12,26434.40751082838,20234.97766212923,0.7654787667868226,1.179752285923522,3.7961056824124846,1.0934151541785377,0.6722170847142166,41059.97430708969,25750.0,0.0,0.0,0.0,0.0,0.0,0.0,0.0,0.0,0.0,0.0,0.0,0.0,0.0,0.0,0.0,0.0,0.0,0.0,0.0,0.0,41059.97430708969,25750.0,1.0,0.0,0.0,6.0,0.9,167190.3635292044,27865.060588200733,260.5918063417125,260.5918063417125,-12.55819365828745,242.7954138673939,278.38819963324386,149727.6400295873,149750.6071461535,-22.96711656618543,0.0,nan,278.38819963324386,5.23819963324388,271.26964201934896,-1.880357980651013,264.15108460837394,-8.998915391626042,257.0325274242315,-16.11747257576849,249.91397049768312,-23.236029502316853,242.7954138673939,-30.354586132606073,1.0,1.0,26022.012520719443,26022.012520719443,277.2886644955011,4.138664495501132,277.2886644955011,277.2886644955011,75945.06062799426,75986.00664158963,-40.94601359537046,0.0,8546.071908451686,8546.071908451686,0.8688539985597339,4206.895021171946,277.2886644955011,4.138664495501132,1.0,0.002,1.3552996265441453,5.2280239680013736e-08,0.0021010723378009533,1.7959099726743576e-08,1.0,1.0505361689004766,0.06519685172712641,0.00010109029690068012,0.999992647746522,0.999992647746522,0.0,0.09306909697241507,6.842726228585416e-07,0.0,0.0,0.0,1602163.885873285,268.3973273460476,0.0,1.0,1278385.8964256705,2623.071372192914,,,,,,,,,,,,,,,,,10.0,16243.107769423557
2940.0,-32.33311129940145,5.298190912770155,34.97623633640591,24.916057485993974,7.215487643334649,-28.37477645859991,-41.81561622591687,3.649640634296424,-4.752672653952402,-4.752672653960793,40.79258902065186,41305.11021043714,25880.973684332188,25880.973684332188,67186.08389476933,74466.83087873069,75986.00664158963,25880.973684332188,101866.98032592182,101866.98032592182,101866.98032592182,128301.38783675019,125285.0960594778,3016.291777272389,0.0,89468.45671317977,57957.9441819048,35011.680590305514,26434.40751082838,61446.08810113389,20234.97766212923,1450.0,0.0,0.8853067753464791,2.9110723906976532,0.001494314320929203,1.0,1.0,-4.752672653952402,358087.8862685571,1588992.291566444,4.437436597268021,1588992.291566444,4.437436597268021,0.7654787667868226,0.09306978124503792,4.1859651951959655,101325.0,128351.07116782667,1.2667265844345095,1.0,0.0,4.1859651951959655,1.2748480765127155,1.2750809735868687,3.2835012048231413,6957.345043676129,16243.107769423557,6504.098974660894,0.00019721091591238233,21373.435406452612,2179.4838610996226,19441.187089564795,1982.4493674766404,0.9095958005747418,0.9095958005747418,37361.18304116471,35405.22815468563,1.0695264463757796,0.8,4509.098987579371,4273.035954225843,1.0695264463757796,0.8,17887.488988751174,17887.488988751174,1.0,0.8,4632.441516551485,4632.441516551485,5.586897015722865,5.298190912770155,-2.059584121865861,7.357775034636017,3.5,3.5,1.0,0.6,0.0001826766296426278,1.0,0.0001826766296426278,200.86581929422636,0.0,0.0,0.0,0.010146357033643796,6.410673686977546e-05,0.00011856989277285235,0.0004963294443452776,0.09306139651983207,0.09306139651983207,0.09306139651983207,0.09306909774893007,0.0,0.0,0.0,0.0,0.0,0.0,1.0,1.0,0.0,1.0,1.0,507631.8720696815,589.1681524204314,0.0,0.09306139651983207,0.09306978124503788,0.09306978124503797,0.375,0.375,0.5,6.611333578701943,8.412825991399586e-12,8.412825991399586e-12,8.412825991399586e-12,8.412825991399586e-12,8.412825991399586e-12,8.412825991399586e-12,26434.40751082838,20234.97766212923,0.7654787667868226,1.179752285923522,3.7961056824124846,1.0934151541785377,0.6722170847142166,41059.97430708969,25750.0,0.0,0.0,0.0,0.0,0.0,0.0,0.0,0.0,0.0,0.0,0.0,0.0,0.0,0.0,0.0,0.0,0.0,0.0,0.0,0.0,41059.97430708969,25750.0,1.0,0.0,0.0,6.0,0.9,167190.3635292044,27865.060588200733,260.5918063417125,260.5918063417125,-12.55819365828745,242.7954138673939,278.38819963324386,149727.6400295873,149750.6071461535,-22.96711656618543,0.0,nan,278.38819963324386,5.23819963324388,271.26964201934896,-1.880357980651013,264.15108460837394,-8.998915391626042,257.0325274242315,-16.11747257576849,249.91397049768312,-23.236029502316853,242.7954138673939,-30.354586132606073,1.0,1.0,26022.012520719443,26022.012520719443,277.2886644955011,4.138664495501132,277.2886644955011,277.2886644955011,75945.06062799426,75986.00664158963,-40.94601359537046,0.0,8546.071908451686,8546.071908451686,0.8688539985597339,4206.895021171946,277.2886644955011,4.138664495501132,1.0,0.002,1.3552996265441453,5.2280239680013736e-08,0.0021010723378009533,1.7959099726743576e-08,1.0,1.0505361689004766,0.06519685172712641,0.00010109029690068012,0.999992647746522,0.999992647746522,0.0,0.09306909697241507,6.842726228585416e-07,0.0,0.0,0.0,1602163.885873285,268.3973273460476,0.0,1.0,1278385.8964256705,2623.071372192914,,,,,,,,,,,,,,,,,10.0,16243.107769423557
2970.0,-32.33311129940145,5.298190912770155,34.97623633640591,24.916057485993974,7.215487643334649,-28.37477645859991,-41.81561622591687,3.649640634296424,-4.752672653952402,-4.752672653960793,40.79258902065186,41305.11021043714,25880.973684332188,25880.973684332188,67186.08389476933,74466.83087873069,75986.00664158963,25880.973684332188,101866.98032592182,101866.98032592182,101866.98032592182,128301.38783675019,125285.0960594778,3016.291777272389,0.0,89468.45671317977,57957.9441819048,35011.680590305514,26434.40751082838,61446.08810113389,20234.97766212923,1450.0,0.0,0.8853067753464791,2.9110723906976532,0.001494314320929203,1.0,1.0,-4.752672653952402,358087.8862685571,1588992.291566444,4.437436597268021,1588992.291566444,4.437436597268021,0.7654787667868226,0.09306978124503792,4.1859651951959655,101325.0,128351.07116782667,1.2667265844345095,1.0,0.0,4.1859651951959655,1.2748480765127155,1.2750809735868687,3.2835012048231413,6957.345043676129,16243.107769423557,6504.098974660894,0.00019721091591238233,21373.435406452612,2179.4838610996226,19441.187089564795,1982.4493674766404,0.9095958005747418,0.9095958005747418,37361.18304116471,35405.22815468563,1.0695264463757796,0.8,4509.098987579371,4273.035954225843,1.0695264463757796,0.8,17887.488988751174,17887.488988751174,1.0,0.8,4632.441516551485,4632.441516551485,5.586897015722865,5.298190912770155,-2.059584121865861,7.357775034636017,3.5,3.5,1.0,0.6,0.0001826766296426278,1.0,0.0001826766296426278,200.86581929422636,0.0,0.0,0.0,0.010146357033643796,6.410673686977546e-05,0.00011856989277285235,0.0004963294443452776,0.09306139651983207,0.09306139651983207,0.09306139651983207,0.09306909774893007,0.0,0.0,0.0,0.0,0.0,0.0,1.0,1.0,0.0,1.0,1.0,507631.8720696815,589.1681524204314,0.0,0.09306139651983207,0.09306978124503788,0.09306978124503797,0.375,0.375,0.5,6.611333578701943,8.412825991399586e-12,8.412825991399586e-12,8.412825991399586e-12,8.412825991399586e-12,8.412825991399586e-12,8.412825991399586e-12,26434.40751082838,20234.97766212923,0.7654787667868226,1.179752285923522,3.7961056824124846,1.0934151541785377,0.6722170847142166,41059.97430708969,25750.0,0.0,0.0,0.0,0.0,0.0,0.0,0.0,0.0,0.0,0.0,0.0,0.0,0.0,0.0,0.0,0.0,0.0,0.0,0.0,0.0,41059.97430708969,25750.0,1.0,0.0,0.0,6.0,0.9,167190.3635292044,27865.060588200733,260.5918063417125,260.5918063417125,-12.55819365828745,242.7954138673939,278.38819963324386,149727.6400295873,149750.6071461535,-22.96711656618543,0.0,nan,278.38819963324386,5.23819963324388,271.26964201934896,-1.880357980651013,264.15108460837394,-8.998915391626042,257.0325274242315,-16.11747257576849,249.91397049768312,-23.236029502316853,242.7954138673939,-30.354586132606073,1.0,1.0,26022.012520719443,26022.012520719443,277.2886644955011,4.138664495501132,277.2886644955011,277.2886644955011,75945.06062799426,75986.00664158963,-40.94601359537046,0.0,8546.071908451686,8546.071908451686,0.8688539985597339,4206.895021171946,277.2886644955011,4.138664495501132,1.0,0.002,1.3552996265441453,5.2280239680013736e-08,0.0021010723378009533,1.7959099726743576e-08,1.0,1.0505361689004766,0.06519685172712641,0.00010109029690068012,0.999992647746522,0.999992647746522,0.0,0.09306909697241507,6.842726228585416e-07,0.0,0.0,0.0,1602163.885873285,268.3973273460476,0.0,1.0,1278385.8964256705,2623.071372192914,,,,,,,,,,,,,,,,,10.0,16243.107769423557
3000.0,-32.33311129940145,5.298190912770155,34.97623633640591,24.916057485993974,7.215487643334649,-28.37477645859991,-41.81561622591687,3.649640634296424,-4.752672653952402,-4.752672653960793,40.79258902065186,41305.11021043714,25880.973684332188,25880.973684332188,67186.08389476933,74466.83087873069,75986.00664158963,25880.973684332188,101866.98032592182,101866.98032592182,101866.98032592182,128301.38783675019,125285.0960594778,3016.291777272389,0.0,89468.45671317977,57957.9441819048,35011.680590305514,26434.40751082838,61446.08810113389,20234.97766212923,1450.0,0.0,0.8853067753464791,2.9110723906976532,0.001494314320929203,1.0,1.0,-4.752672653952402,358087.8862685571,1588992.291566444,4.437436597268021,1588992.291566444,4.437436597268021,0.7654787667868226,0.09306978124503792,4.1859651951959655,101325.0,128351.07116782667,1.2667265844345095,1.0,0.0,4.1859651951959655,1.2748480765127155,1.2750809735868687,3.2835012048231413,6957.345043676129,16243.107769423557,6504.098974660894,0.00019721091591238233,21373.435406452612,2179.4838610996226,19441.187089564795,1982.4493674766404,0.9095958005747418,0.9095958005747418,37361.18304116471,35405.22815468563,1.0695264463757796,0.8,4509.098987579371,4273.035954225843,1.0695264463757796,0.8,17887.488988751174,17887.488988751174,1.0,0.8,4632.441516551485,4632.441516551485,5.586897015722865,5.298190912770155,-2.059584121865861,7.357775034636017,3.5,3.5,1.0,0.6,0.0001826766296426278,1.0,0.0001826766296426278,200.86581929422636,0.0,0.0,0.0,0.010146357033643796,6.410673686977546e-05,0.00011856989277285235,0.0004963294443452776,0.09306139651983207,0.09306139651983207,0.09306139651983207,0.09306909774893007,0.0,0.0,0.0,0.0,0.0,0.0,1.0,1.0,0.0,1.0,1.0,507631.8720696815,589.1681524204314,0.0,0.09306139651983207,0.09306978124503788,0.09306978124503797,0.375,0.375,0.5,6.611333578701943,8.412825991399586e-12,8.412825991399586e-12,8.412825991399586e-12,8.412825991399586e-12,8.412825991399586e-12,8.412825991399586e-12,26434.40751082838,20234.97766212923,0.7654787667868226,1.179752285923522,3.7961056824124846,1.0934151541785377,0.6722170847142166,41059.97430708969,25750.0,0.0,0.0,0.0,0.0,0.0,0.0,0.0,0.0,0.0,0.0,0.0,0.0,0.0,0.0,0.0,0.0,0.0,0.0,0.0,0.0,41059.97430708969,25750.0,1.0,0.0,0.0,6.0,0.9,167190.3635292044,27865.060588200733,260.5918063417125,260.5918063417125,-12.55819365828745,242.7954138673939,278.38819963324386,149727.6400295873,149750.6071461535,-22.96711656618543,0.0,nan,278.38819963324386,5.23819963324388,271.26964201934896,-1.880357980651013,264.15108460837394,-8.998915391626042,257.0325274242315,-16.11747257576849,249.91397049768312,-23.236029502316853,242.7954138673939,-30.354586132606073,1.0,1.0,26022.012520719443,26022.012520719443,277.2886644955011,4.138664495501132,277.2886644955011,277.2886644955011,75945.06062799426,75986.00664158963,-40.94601359537046,0.0,8546.071908451686,8546.071908451686,0.8688539985597339,4206.895021171946,277.2886644955011,4.138664495501132,1.0,0.002,1.3552996265441453,5.2280239680013736e-08,0.0021010723378009533,1.7959099726743576e-08,1.0,1.0505361689004766,0.06519685172712641,0.00010109029690068012,0.999992647746522,0.999992647746522,0.0,0.09306909697241507,6.842726228585416e-07,0.0,0.0,0.0,1602163.885873285,268.3973273460476,0.0,1.0,1278385.8964256705,2623.071372192914,,,,,,,,,,,,,,,,,10.0,16243.107769423557
3030.0,-32.33311129940145,5.298190912770155,34.97623633640591,24.916057485993974,7.215487643334649,-28.37477645859991,-41.81561622591687,3.649640634296424,-4.752672653952402,-4.752672653960793,40.79258902065186,41305.11021043714,25880.973684332188,25880.973684332188,67186.08389476933,74466.83087873069,75986.00664158963,25880.973684332188,101866.98032592182,101866.98032592182,101866.98032592182,128301.38783675019,125285.0960594778,3016.291777272389,0.0,89468.45671317977,57957.9441819048,35011.680590305514,26434.40751082838,61446.08810113389,20234.97766212923,1450.0,0.0,0.8853067753464791,2.9110723906976532,0.001494314320929203,1.0,1.0,-4.752672653952402,358087.8862685571,1588992.291566444,4.437436597268021,1588992.291566444,4.437436597268021,0.7654787667868226,0.09306978124503792,4.1859651951959655,101325.0,128351.07116782667,1.2667265844345095,1.0,0.0,4.1859651951959655,1.2748480765127155,1.2750809735868687,3.2835012048231413,6957.345043676129,16243.107769423557,6504.098974660894,0.00019721091591238233,21373.435406452612,2179.4838610996226,19441.187089564795,1982.4493674766404,0.9095958005747418,0.9095958005747418,37361.18304116471,35405.22815468563,1.0695264463757796,0.8,4509.098987579371,4273.035954225843,1.0695264463757796,0.8,17887.488988751174,17887.488988751174,1.0,0.8,4632.441516551485,4632.441516551485,5.586897015722865,5.298190912770155,-2.059584121865861,7.357775034636017,3.5,3.5,1.0,0.6,0.0001826766296426278,1.0,0.0001826766296426278,200.86581929422636,0.0,0.0,0.0,0.010146357033643796,6.410673686977546e-05,0.00011856989277285235,0.0004963294443452776,0.09306139651983207,0.09306139651983207,0.09306139651983207,0.09306909774893007,0.0,0.0,0.0,0.0,0.0,0.0,1.0,1.0,0.0,1.0,1.0,507631.8720696815,589.1681524204314,0.0,0.09306139651983207,0.09306978124503788,0.09306978124503797,0.375,0.375,0.5,6.611333578701943,8.412825991399586e-12,8.412825991399586e-12,8.412825991399586e-12,8.412825991399586e-12,8.412825991399586e-12,8.412825991399586e-12,26434.40751082838,20234.97766212923,0.7654787667868226,1.179752285923522,3.7961056824124846,1.0934151541785377,0.6722170847142166,41059.97430708969,25750.0,0.0,0.0,0.0,0.0,0.0,0.0,0.0,0.0,0.0,0.0,0.0,0.0,0.0,0.0,0.0,0.0,0.0,0.0,0.0,0.0,41059.97430708969,25750.0,1.0,0.0,0.0,6.0,0.9,167190.3635292044,27865.060588200733,260.5918063417125,260.5918063417125,-12.55819365828745,242.7954138673939,278.38819963324386,149727.6400295873,149750.6071461535,-22.96711656618543,0.0,nan,278.38819963324386,5.23819963324388,271.26964201934896,-1.880357980651013,264.15108460837394,-8.998915391626042,257.0325274242315,-16.11747257576849,249.91397049768312,-23.236029502316853,242.7954138673939,-30.354586132606073,1.0,1.0,26022.012520719443,26022.012520719443,277.2886644955011,4.138664495501132,277.2886644955011,277.2886644955011,75945.06062799426,75986.00664158963,-40.94601359537046,0.0,8546.071908451686,8546.071908451686,0.8688539985597339,4206.895021171946,277.2886644955011,4.138664495501132,1.0,0.002,1.3552996265441453,5.2280239680013736e-08,0.0021010723378009533,1.7959099726743576e-08,1.0,1.0505361689004766,0.06519685172712641,0.00010109029690068012,0.999992647746522,0.999992647746522,0.0,0.09306909697241507,6.842726228585416e-07,0.0,0.0,0.0,1602163.885873285,268.3973273460476,0.0,1.0,1278385.8964256705,2623.071372192914,,,,,,,,,,,,,,,,,10.0,16243.107769423557
3060.0,-32.33311129940145,5.298190912770155,34.97623633640591,24.916057485993974,7.215487643334649,-28.37477645859991,-41.81561622591687,3.649640634296424,-4.752672653952402,-4.752672653960793,40.79258902065186,41305.11021043714,25880.973684332188,25880.973684332188,67186.08389476933,74466.83087873069,75986.00664158963,25880.973684332188,101866.98032592182,101866.98032592182,101866.98032592182,128301.38783675019,125285.0960594778,3016.291777272389,0.0,89468.45671317977,57957.9441819048,35011.680590305514,26434.40751082838,61446.08810113389,20234.97766212923,1450.0,0.0,0.8853067753464791,2.9110723906976532,0.001494314320929203,1.0,1.0,-4.752672653952402,358087.8862685571,1588992.291566444,4.437436597268021,1588992.291566444,4.437436597268021,0.7654787667868226,0.09306978124503792,4.1859651951959655,101325.0,128351.07116782667,1.2667265844345095,1.0,0.0,4.1859651951959655,1.2748480765127155,1.2750809735868687,3.2835012048231413,6957.345043676129,16243.107769423557,6504.098974660894,0.00019721091591238233,21373.435406452612,2179.4838610996226,19441.187089564795,1982.4493674766404,0.9095958005747418,0.9095958005747418,37361.18304116471,35405.22815468563,1.0695264463757796,0.8,4509.098987579371,4273.035954225843,1.0695264463757796,0.8,17887.488988751174,17887.488988751174,1.0,0.8,4632.441516551485,4632.441516551485,5.586897015722865,5.298190912770155,-2.059584121865861,7.357775034636017,3.5,3.5,1.0,0.6,0.0001826766296426278,1.0,0.0001826766296426278,200.86581929422636,0.0,0.0,0.0,0.010146357033643796,6.410673686977546e-05,0.00011856989277285235,0.0004963294443452776,0.09306139651983207,0.09306139651983207,0.09306139651983207,0.09306909774893007,0.0,0.0,0.0,0.0,0.0,0.0,1.0,1.0,0.0,1.0,1.0,507631.8720696815,589.1681524204314,0.0,0.09306139651983207,0.09306978124503788,0.09306978124503797,0.375,0.375,0.5,6.611333578701943,8.412825991399586e-12,8.412825991399586e-12,8.412825991399586e-12,8.412825991399586e-12,8.412825991399586e-12,8.412825991399586e-12,26434.40751082838,20234.97766212923,0.7654787667868226,1.179752285923522,3.7961056824124846,1.0934151541785377,0.6722170847142166,41059.97430708969,25750.0,0.0,0.0,0.0,0.0,0.0,0.0,0.0,0.0,0.0,0.0,0.0,0.0,0.0,0.0,0.0,0.0,0.0,0.0,0.0,0.0,41059.97430708969,25750.0,1.0,0.0,0.0,6.0,0.9,167190.3635292044,27865.060588200733,260.5918063417125,260.5918063417125,-12.55819365828745,242.7954138673939,278.38819963324386,149727.6400295873,149750.6071461535,-22.96711656618543,0.0,nan,278.38819963324386,5.23819963324388,271.26964201934896,-1.880357980651013,264.15108460837394,-8.998915391626042,257.0325274242315,-16.11747257576849,249.91397049768312,-23.236029502316853,242.7954138673939,-30.354586132606073,1.0,1.0,26022.012520719443,26022.012520719443,277.2886644955011,4.138664495501132,277.2886644955011,277.2886644955011,75945.06062799426,75986.00664158963,-40.94601359537046,0.0,8546.071908451686,8546.071908451686,0.8688539985597339,4206.895021171946,277.2886644955011,4.138664495501132,1.0,0.002,1.3552996265441453,5.2280239680013736e-08,0.0021010723378009533,1.7959099726743576e-08,1.0,1.0505361689004766,0.06519685172712641,0.00010109029690068012,0.999992647746522,0.999992647746522,0.0,0.09306909697241507,6.842726228585416e-07,0.0,0.0,0.0,1602163.885873285,268.3973273460476,0.0,1.0,1278385.8964256705,2623.071372192914,,,,,,,,,,,,,,,,,10.0,16243.107769423557
3090.0,-32.33311129940145,5.298190912770155,34.97623633640591,24.916057485993974,7.215487643334649,-28.37477645859991,-41.81561622591687,3.649640634296424,-4.752672653952402,-4.752672653960793,40.79258902065186,41305.11021043714,25880.973684332188,25880.973684332188,67186.08389476933,74466.83087873069,75986.00664158963,25880.973684332188,101866.98032592182,101866.98032592182,101866.98032592182,128301.38783675019,125285.0960594778,3016.291777272389,0.0,89468.45671317977,57957.9441819048,35011.680590305514,26434.40751082838,61446.08810113389,20234.97766212923,1450.0,0.0,0.8853067753464791,2.9110723906976532,0.001494314320929203,1.0,1.0,-4.752672653952402,358087.8862685571,1588992.291566444,4.437436597268021,1588992.291566444,4.437436597268021,0.7654787667868226,0.09306978124503792,4.1859651951959655,101325.0,128351.07116782667,1.2667265844345095,1.0,0.0,4.1859651951959655,1.2748480765127155,1.2750809735868687,3.2835012048231413,6957.345043676129,16243.107769423557,6504.098974660894,0.00019721091591238233,21373.435406452612,2179.4838610996226,19441.187089564795,1982.4493674766404,0.9095958005747418,0.9095958005747418,37361.18304116471,35405.22815468563,1.0695264463757796,0.8,4509.098987579371,4273.035954225843,1.0695264463757796,0.8,17887.488988751174,17887.488988751174,1.0,0.8,4632.441516551485,4632.441516551485,5.586897015722865,5.298190912770155,-2.059584121865861,7.357775034636017,3.5,3.5,1.0,0.6,0.0001826766296426278,1.0,0.0001826766296426278,200.86581929422636,0.0,0.0,0.0,0.010146357033643796,6.410673686977546e-05,0.00011856989277285235,0.0004963294443452776,0.09306139651983207,0.09306139651983207,0.09306139651983207,0.09306909774893007,0.0,0.0,0.0,0.0,0.0,0.0,1.0,1.0,0.0,1.0,1.0,507631.8720696815,589.1681524204314,0.0,0.09306139651983207,0.09306978124503788,0.09306978124503797,0.375,0.375,0.5,6.611333578701943,8.412825991399586e-12,8.412825991399586e-12,8.412825991399586e-12,8.412825991399586e-12,8.412825991399586e-12,8.412825991399586e-12,26434.40751082838,20234.97766212923,0.7654787667868226,1.179752285923522,3.7961056824124846,1.0934151541785377,0.6722170847142166,41059.97430708969,25750.0,0.0,0.0,0.0,0.0,0.0,0.0,0.0,0.0,0.0,0.0,0.0,0.0,0.0,0.0,0.0,0.0,0.0,0.0,0.0,0.0,41059.97430708969,25750.0,1.0,0.0,0.0,6.0,0.9,167190.3635292044,27865.060588200733,260.5918063417125,260.5918063417125,-12.55819365828745,242.7954138673939,278.38819963324386,149727.6400295873,149750.6071461535,-22.96711656618543,0.0,nan,278.38819963324386,5.23819963324388,271.26964201934896,-1.880357980651013,264.15108460837394,-8.998915391626042,257.0325274242315,-16.11747257576849,249.91397049768312,-23.236029502316853,242.7954138673939,-30.354586132606073,1.0,1.0,26022.012520719443,26022.012520719443,277.2886644955011,4.138664495501132,277.2886644955011,277.2886644955011,75945.06062799426,75986.00664158963,-40.94601359537046,0.0,8546.071908451686,8546.071908451686,0.8688539985597339,4206.895021171946,277.2886644955011,4.138664495501132,1.0,0.002,1.3552996265441453,5.2280239680013736e-08,0.0021010723378009533,1.7959099726743576e-08,1.0,1.0505361689004766,0.06519685172712641,0.00010109029690068012,0.999992647746522,0.999992647746522,0.0,0.09306909697241507,6.842726228585416e-07,0.0,0.0,0.0,1602163.885873285,268.3973273460476,0.0,1.0,1278385.8964256705,2623.071372192914,,,,,,,,,,,,,,,,,10.0,16243.107769423557
3120.0,-32.33311129940145,5.298190912770155,34.97623633640591,24.916057485993974,7.215487643334649,-28.37477645859991,-41.81561622591687,3.649640634296424,-4.752672653952402,-4.752672653960793,40.79258902065186,41305.11021043714,25880.973684332188,25880.973684332188,67186.08389476933,74466.83087873069,75986.00664158963,25880.973684332188,101866.98032592182,101866.98032592182,101866.98032592182,128301.38783675019,125285.0960594778,3016.291777272389,0.0,89468.45671317977,57957.9441819048,35011.680590305514,26434.40751082838,61446.08810113389,20234.97766212923,1450.0,0.0,0.8853067753464791,2.9110723906976532,0.001494314320929203,1.0,1.0,-4.752672653952402,358087.8862685571,1588992.291566444,4.437436597268021,1588992.291566444,4.437436597268021,0.7654787667868226,0.09306978124503792,4.1859651951959655,101325.0,128351.07116782667,1.2667265844345095,1.0,0.0,4.1859651951959655,1.2748480765127155,1.2750809735868687,3.2835012048231413,6957.345043676129,16243.107769423557,6504.098974660894,0.00019721091591238233,21373.435406452612,2179.4838610996226,19441.187089564795,1982.4493674766404,0.9095958005747418,0.9095958005747418,37361.18304116471,35405.22815468563,1.0695264463757796,0.8,4509.098987579371,4273.035954225843,1.0695264463757796,0.8,17887.488988751174,17887.488988751174,1.0,0.8,4632.441516551485,4632.441516551485,5.586897015722865,5.298190912770155,-2.059584121865861,7.357775034636017,3.5,3.5,1.0,0.6,0.0001826766296426278,1.0,0.0001826766296426278,200.86581929422636,0.0,0.0,0.0,0.010146357033643796,6.410673686977546e-05,0.00011856989277285235,0.0004963294443452776,0.09306139651983207,0.09306139651983207,0.09306139651983207,0.09306909774893007,0.0,0.0,0.0,0.0,0.0,0.0,1.0,1.0,0.0,1.0,1.0,507631.8720696815,589.1681524204314,0.0,0.09306139651983207,0.09306978124503788,0.09306978124503797,0.375,0.375,0.5,6.611333578701943,8.412825991399586e-12,8.412825991399586e-12,8.412825991399586e-12,8.412825991399586e-12,8.412825991399586e-12,8.412825991399586e-12,26434.40751082838,20234.97766212923,0.7654787667868226,1.179752285923522,3.7961056824124846,1.0934151541785377,0.6722170847142166,41059.97430708969,25750.0,0.0,0.0,0.0,0.0,0.0,0.0,0.0,0.0,0.0,0.0,0.0,0.0,0.0,0.0,0.0,0.0,0.0,0.0,0.0,0.0,41059.97430708969,25750.0,1.0,0.0,0.0,6.0,0.9,167190.3635292044,27865.060588200733,260.5918063417125,260.5918063417125,-12.55819365828745,242.7954138673939,278.38819963324386,149727.6400295873,149750.6071461535,-22.96711656618543,0.0,nan,278.38819963324386,5.23819963324388,271.26964201934896,-1.880357980651013,264.15108460837394,-8.998915391626042,257.0325274242315,-16.11747257576849,249.91397049768312,-23.236029502316853,242.7954138673939,-30.354586132606073,1.0,1.0,26022.012520719443,26022.012520719443,277.2886644955011,4.138664495501132,277.2886644955011,277.2886644955011,75945.06062799426,75986.00664158963,-40.94601359537046,0.0,8546.071908451686,8546.071908451686,0.8688539985597339,4206.895021171946,277.2886644955011,4.138664495501132,1.0,0.002,1.3552996265441453,5.2280239680013736e-08,0.0021010723378009533,1.7959099726743576e-08,1.0,1.0505361689004766,0.06519685172712641,0.00010109029690068012,0.999992647746522,0.999992647746522,0.0,0.09306909697241507,6.842726228585416e-07,0.0,0.0,0.0,1602163.885873285,268.3973273460476,0.0,1.0,1278385.8964256705,2623.071372192914,,,,,,,,,,,,,,,,,10.0,16243.107769423557
3150.0,-32.33311129940145,5.298190912770155,34.97623633640591,24.916057485993974,7.215487643334649,-28.37477645859991,-41.81561622591687,3.649640634296424,-4.752672653952402,-4.752672653960793,40.79258902065186,41305.11021043714,25880.973684332188,25880.973684332188,67186.08389476933,74466.83087873069,75986.00664158963,25880.973684332188,101866.98032592182,101866.98032592182,101866.98032592182,128301.38783675019,125285.0960594778,3016.291777272389,0.0,89468.45671317977,57957.9441819048,35011.680590305514,26434.40751082838,61446.08810113389,20234.97766212923,1450.0,0.0,0.8853067753464791,2.9110723906976532,0.001494314320929203,1.0,1.0,-4.752672653952402,358087.8862685571,1588992.291566444,4.437436597268021,1588992.291566444,4.437436597268021,0.7654787667868226,0.09306978124503792,4.1859651951959655,101325.0,128351.07116782667,1.2667265844345095,1.0,0.0,4.1859651951959655,1.2748480765127155,1.2750809735868687,3.2835012048231413,6957.345043676129,16243.107769423557,6504.098974660894,0.00019721091591238233,21373.435406452612,2179.4838610996226,19441.187089564795,1982.4493674766404,0.9095958005747418,0.9095958005747418,37361.18304116471,35405.22815468563,1.0695264463757796,0.8,4509.098987579371,4273.035954225843,1.0695264463757796,0.8,17887.488988751174,17887.488988751174,1.0,0.8,4632.441516551485,4632.441516551485,5.586897015722865,5.298190912770155,-2.059584121865861,7.357775034636017,3.5,3.5,1.0,0.6,0.0001826766296426278,1.0,0.0001826766296426278,200.86581929422636,0.0,0.0,0.0,0.010146357033643796,6.410673686977546e-05,0.00011856989277285235,0.0004963294443452776,0.09306139651983207,0.09306139651983207,0.09306139651983207,0.09306909774893007,0.0,0.0,0.0,0.0,0.0,0.0,1.0,1.0,0.0,1.0,1.0,507631.8720696815,589.1681524204314,0.0,0.09306139651983207,0.09306978124503788,0.09306978124503797,0.375,0.375,0.5,6.611333578701943,8.412825991399586e-12,8.412825991399586e-12,8.412825991399586e-12,8.412825991399586e-12,8.412825991399586e-12,8.412825991399586e-12,26434.40751082838,20234.97766212923,0.7654787667868226,1.179752285923522,3.7961056824124846,1.0934151541785377,0.6722170847142166,41059.97430708969,25750.0,0.0,0.0,0.0,0.0,0.0,0.0,0.0,0.0,0.0,0.0,0.0,0.0,0.0,0.0,0.0,0.0,0.0,0.0,0.0,0.0,41059.97430708969,25750.0,1.0,0.0,0.0,6.0,0.9,167190.3635292044,27865.060588200733,260.5918063417125,260.5918063417125,-12.55819365828745,242.7954138673939,278.38819963324386,149727.6400295873,149750.6071461535,-22.96711656618543,0.0,nan,278.38819963324386,5.23819963324388,271.26964201934896,-1.880357980651013,264.15108460837394,-8.998915391626042,257.0325274242315,-16.11747257576849,249.91397049768312,-23.236029502316853,242.7954138673939,-30.354586132606073,1.0,1.0,26022.012520719443,26022.012520719443,277.2886644955011,4.138664495501132,277.2886644955011,277.2886644955011,75945.06062799426,75986.00664158963,-40.94601359537046,0.0,8546.071908451686,8546.071908451686,0.8688539985597339,4206.895021171946,277.2886644955011,4.138664495501132,1.0,0.002,1.3552996265441453,5.2280239680013736e-08,0.0021010723378009533,1.7959099726743576e-08,1.0,1.0505361689004766,0.06519685172712641,0.00010109029690068012,0.999992647746522,0.999992647746522,0.0,0.09306909697241507,6.842726228585416e-07,0.0,0.0,0.0,1602163.885873285,268.3973273460476,0.0,1.0,1278385.8964256705,2623.071372192914,,,,,,,,,,,,,,,,,10.0,16243.107769423557
3180.0,-32.33311129940145,5.298190912770155,34.97623633640591,24.916057485993974,7.215487643334649,-28.37477645859991,-41.81561622591687,3.649640634296424,-4.752672653952402,-4.752672653960793,40.79258902065186,41305.11021043714,25880.973684332188,25880.973684332188,67186.08389476933,74466.83087873069,75986.00664158963,25880.973684332188,101866.98032592182,101866.98032592182,101866.98032592182,128301.38783675019,125285.0960594778,3016.291777272389,0.0,89468.45671317977,57957.9441819048,35011.680590305514,26434.40751082838,61446.08810113389,20234.97766212923,1450.0,0.0,0.8853067753464791,2.9110723906976532,0.001494314320929203,1.0,1.0,-4.752672653952402,358087.8862685571,1588992.291566444,4.437436597268021,1588992.291566444,4.437436597268021,0.7654787667868226,0.09306978124503792,4.1859651951959655,101325.0,128351.07116782667,1.2667265844345095,1.0,0.0,4.1859651951959655,1.2748480765127155,1.2750809735868687,3.2835012048231413,6957.345043676129,16243.107769423557,6504.098974660894,0.00019721091591238233,21373.435406452612,2179.4838610996226,19441.187089564795,1982.4493674766404,0.9095958005747418,0.9095958005747418,37361.18304116471,35405.22815468563,1.0695264463757796,0.8,4509.098987579371,4273.035954225843,1.0695264463757796,0.8,17887.488988751174,17887.488988751174,1.0,0.8,4632.441516551485,4632.441516551485,5.586897015722865,5.298190912770155,-2.059584121865861,7.357775034636017,3.5,3.5,1.0,0.6,0.0001826766296426278,1.0,0.0001826766296426278,200.86581929422636,0.0,0.0,0.0,0.010146357033643796,6.410673686977546e-05,0.00011856989277285235,0.0004963294443452776,0.09306139651983207,0.09306139651983207,0.09306139651983207,0.09306909774893007,0.0,0.0,0.0,0.0,0.0,0.0,1.0,1.0,0.0,1.0,1.0,507631.8720696815,589.1681524204314,0.0,0.09306139651983207,0.09306978124503788,0.09306978124503797,0.375,0.375,0.5,6.611333578701943,8.412825991399586e-12,8.412825991399586e-12,8.412825991399586e-12,8.412825991399586e-12,8.412825991399586e-12,8.412825991399586e-12,26434.40751082838,20234.97766212923,0.7654787667868226,1.179752285923522,3.7961056824124846,1.0934151541785377,0.6722170847142166,41059.97430708969,25750.0,0.0,0.0,0.0,0.0,0.0,0.0,0.0,0.0,0.0,0.0,0.0,0.0,0.0,0.0,0.0,0.0,0.0,0.0,0.0,0.0,41059.97430708969,25750.0,1.0,0.0,0.0,6.0,0.9,167190.3635292044,27865.060588200733,260.5918063417125,260.5918063417125,-12.55819365828745,242.7954138673939,278.38819963324386,149727.6400295873,149750.6071461535,-22.96711656618543,0.0,nan,278.38819963324386,5.23819963324388,271.26964201934896,-1.880357980651013,264.15108460837394,-8.998915391626042,257.0325274242315,-16.11747257576849,249.91397049768312,-23.236029502316853,242.7954138673939,-30.354586132606073,1.0,1.0,26022.012520719443,26022.012520719443,277.2886644955011,4.138664495501132,277.2886644955011,277.2886644955011,75945.06062799426,75986.00664158963,-40.94601359537046,0.0,8546.071908451686,8546.071908451686,0.8688539985597339,4206.895021171946,277.2886644955011,4.138664495501132,1.0,0.002,1.3552996265441453,5.2280239680013736e-08,0.0021010723378009533,1.7959099726743576e-08,1.0,1.0505361689004766,0.06519685172712641,0.00010109029690068012,0.999992647746522,0.999992647746522,0.0,0.09306909697241507,6.842726228585416e-07,0.0,0.0,0.0,1602163.885873285,268.3973273460476,0.0,1.0,1278385.8964256705,2623.071372192914,,,,,,,,,,,,,,,,,10.0,16243.107769423557
3210.0,-32.33311129940145,5.298190912770155,34.97623633640591,24.916057485993974,7.215487643334649,-28.37477645859991,-41.81561622591687,3.649640634296424,-4.752672653952402,-4.752672653960793,40.79258902065186,41305.11021043714,25880.973684332188,25880.973684332188,67186.08389476933,74466.83087873069,75986.00664158963,25880.973684332188,101866.98032592182,101866.98032592182,101866.98032592182,128301.38783675019,125285.0960594778,3016.291777272389,0.0,89468.45671317977,57957.9441819048,35011.680590305514,26434.40751082838,61446.08810113389,20234.97766212923,1450.0,0.0,0.8853067753464791,2.9110723906976532,0.001494314320929203,1.0,1.0,-4.752672653952402,358087.8862685571,1588992.291566444,4.437436597268021,1588992.291566444,4.437436597268021,0.7654787667868226,0.09306978124503792,4.1859651951959655,101325.0,128351.07116782667,1.2667265844345095,1.0,0.0,4.1859651951959655,1.2748480765127155,1.2750809735868687,3.2835012048231413,6957.345043676129,16243.107769423557,6504.098974660894,0.00019721091591238233,21373.435406452612,2179.4838610996226,19441.187089564795,1982.4493674766404,0.9095958005747418,0.9095958005747418,37361.18304116471,35405.22815468563,1.0695264463757796,0.8,4509.098987579371,4273.035954225843,1.0695264463757796,0.8,17887.488988751174,17887.488988751174,1.0,0.8,4632.441516551485,4632.441516551485,5.586897015722865,5.298190912770155,-2.059584121865861,7.357775034636017,3.5,3.5,1.0,0.6,0.0001826766296426278,1.0,0.0001826766296426278,200.86581929422636,0.0,0.0,0.0,0.010146357033643796,6.410673686977546e-05,0.00011856989277285235,0.0004963294443452776,0.09306139651983207,0.09306139651983207,0.09306139651983207,0.09306909774893007,0.0,0.0,0.0,0.0,0.0,0.0,1.0,1.0,0.0,1.0,1.0,507631.8720696815,589.1681524204314,0.0,0.09306139651983207,0.09306978124503788,0.09306978124503797,0.375,0.375,0.5,6.611333578701943,8.412825991399586e-12,8.412825991399586e-12,8.412825991399586e-12,8.412825991399586e-12,8.412825991399586e-12,8.412825991399586e-12,26434.40751082838,20234.97766212923,0.7654787667868226,1.179752285923522,3.7961056824124846,1.0934151541785377,0.6722170847142166,41059.97430708969,25750.0,0.0,0.0,0.0,0.0,0.0,0.0,0.0,0.0,0.0,0.0,0.0,0.0,0.0,0.0,0.0,0.0,0.0,0.0,0.0,0.0,41059.97430708969,25750.0,1.0,0.0,0.0,6.0,0.9,167190.3635292044,27865.060588200733,260.5918063417125,260.5918063417125,-12.55819365828745,242.7954138673939,278.38819963324386,149727.6400295873,149750.6071461535,-22.96711656618543,0.0,nan,278.38819963324386,5.23819963324388,271.26964201934896,-1.880357980651013,264.15108460837394,-8.998915391626042,257.0325274242315,-16.11747257576849,249.91397049768312,-23.236029502316853,242.7954138673939,-30.354586132606073,1.0,1.0,26022.012520719443,26022.012520719443,277.2886644955011,4.138664495501132,277.2886644955011,277.2886644955011,75945.06062799426,75986.00664158963,-40.94601359537046,0.0,8546.071908451686,8546.071908451686,0.8688539985597339,4206.895021171946,277.2886644955011,4.138664495501132,1.0,0.002,1.3552996265441453,5.2280239680013736e-08,0.0021010723378009533,1.7959099726743576e-08,1.0,1.0505361689004766,0.06519685172712641,0.00010109029690068012,0.999992647746522,0.999992647746522,0.0,0.09306909697241507,6.842726228585416e-07,0.0,0.0,0.0,1602163.885873285,268.3973273460476,0.0,1.0,1278385.8964256705,2623.071372192914,,,,,,,,,,,,,,,,,10.0,16243.107769423557
3240.0,-32.33311129940145,5.298190912770155,34.97623633640591,24.916057485993974,7.215487643334649,-28.37477645859991,-41.81561622591687,3.649640634296424,-4.752672653952402,-4.752672653960793,40.79258902065186,41305.11021043714,25880.973684332188,25880.973684332188,67186.08389476933,74466.83087873069,75986.00664158963,25880.973684332188,101866.98032592182,101866.98032592182,101866.98032592182,128301.38783675019,125285.0960594778,3016.291777272389,0.0,89468.45671317977,57957.9441819048,35011.680590305514,26434.40751082838,61446.08810113389,20234.97766212923,1450.0,0.0,0.8853067753464791,2.9110723906976532,0.001494314320929203,1.0,1.0,-4.752672653952402,358087.8862685571,1588992.291566444,4.437436597268021,1588992.291566444,4.437436597268021,0.7654787667868226,0.09306978124503792,4.1859651951959655,101325.0,128351.07116782667,1.2667265844345095,1.0,0.0,4.1859651951959655,1.2748480765127155,1.2750809735868687,3.2835012048231413,6957.345043676129,16243.107769423557,6504.098974660894,0.00019721091591238233,21373.435406452612,2179.4838610996226,19441.187089564795,1982.4493674766404,0.9095958005747418,0.9095958005747418,37361.18304116471,35405.22815468563,1.0695264463757796,0.8,4509.098987579371,4273.035954225843,1.0695264463757796,0.8,17887.488988751174,17887.488988751174,1.0,0.8,4632.441516551485,4632.441516551485,5.586897015722865,5.298190912770155,-2.059584121865861,7.357775034636017,3.5,3.5,1.0,0.6,0.0001826766296426278,1.0,0.0001826766296426278,200.86581929422636,0.0,0.0,0.0,0.010146357033643796,6.410673686977546e-05,0.00011856989277285235,0.0004963294443452776,0.09306139651983207,0.09306139651983207,0.09306139651983207,0.09306909774893007,0.0,0.0,0.0,0.0,0.0,0.0,1.0,1.0,0.0,1.0,1.0,507631.8720696815,589.1681524204314,0.0,0.09306139651983207,0.09306978124503788,0.09306978124503797,0.375,0.375,0.5,6.611333578701943,8.412825991399586e-12,8.412825991399586e-12,8.412825991399586e-12,8.412825991399586e-12,8.412825991399586e-12,8.412825991399586e-12,26434.40751082838,20234.97766212923,0.7654787667868226,1.179752285923522,3.7961056824124846,1.0934151541785377,0.6722170847142166,41059.97430708969,25750.0,0.0,0.0,0.0,0.0,0.0,0.0,0.0,0.0,0.0,0.0,0.0,0.0,0.0,0.0,0.0,0.0,0.0,0.0,0.0,0.0,41059.97430708969,25750.0,1.0,0.0,0.0,6.0,0.9,167190.3635292044,27865.060588200733,260.5918063417125,260.5918063417125,-12.55819365828745,242.7954138673939,278.38819963324386,149727.6400295873,149750.6071461535,-22.96711656618543,0.0,nan,278.38819963324386,5.23819963324388,271.26964201934896,-1.880357980651013,264.15108460837394,-8.998915391626042,257.0325274242315,-16.11747257576849,249.91397049768312,-23.236029502316853,242.7954138673939,-30.354586132606073,1.0,1.0,26022.012520719443,26022.012520719443,277.2886644955011,4.138664495501132,277.2886644955011,277.2886644955011,75945.06062799426,75986.00664158963,-40.94601359537046,0.0,8546.071908451686,8546.071908451686,0.8688539985597339,4206.895021171946,277.2886644955011,4.138664495501132,1.0,0.002,1.3552996265441453,5.2280239680013736e-08,0.0021010723378009533,1.7959099726743576e-08,1.0,1.0505361689004766,0.06519685172712641,0.00010109029690068012,0.999992647746522,0.999992647746522,0.0,0.09306909697241507,6.842726228585416e-07,0.0,0.0,0.0,1602163.885873285,268.3973273460476,0.0,1.0,1278385.8964256705,2623.071372192914,,,,,,,,,,,,,,,,,10.0,16243.107769423557
3270.0,-32.33311129940145,5.298190912770155,34.97623633640591,24.916057485993974,7.215487643334649,-28.37477645859991,-41.81561622591687,3.649640634296424,-4.752672653952402,-4.752672653960793,40.79258902065186,41305.11021043714,25880.973684332188,25880.973684332188,67186.08389476933,74466.83087873069,75986.00664158963,25880.973684332188,101866.98032592182,101866.98032592182,101866.98032592182,128301.38783675019,125285.0960594778,3016.291777272389,0.0,89468.45671317977,57957.9441819048,35011.680590305514,26434.40751082838,61446.08810113389,20234.97766212923,1450.0,0.0,0.8853067753464791,2.9110723906976532,0.001494314320929203,1.0,1.0,-4.752672653952402,358087.8862685571,1588992.291566444,4.437436597268021,1588992.291566444,4.437436597268021,0.7654787667868226,0.09306978124503792,4.1859651951959655,101325.0,128351.07116782667,1.2667265844345095,1.0,0.0,4.1859651951959655,1.2748480765127155,1.2750809735868687,3.2835012048231413,6957.345043676129,16243.107769423557,6504.098974660894,0.00019721091591238233,21373.435406452612,2179.4838610996226,19441.187089564795,1982.4493674766404,0.9095958005747418,0.9095958005747418,37361.18304116471,35405.22815468563,1.0695264463757796,0.8,4509.098987579371,4273.035954225843,1.0695264463757796,0.8,17887.488988751174,17887.488988751174,1.0,0.8,4632.441516551485,4632.441516551485,5.586897015722865,5.298190912770155,-2.059584121865861,7.357775034636017,3.5,3.5,1.0,0.6,0.0001826766296426278,1.0,0.0001826766296426278,200.86581929422636,0.0,0.0,0.0,0.010146357033643796,6.410673686977546e-05,0.00011856989277285235,0.0004963294443452776,0.09306139651983207,0.09306139651983207,0.09306139651983207,0.09306909774893007,0.0,0.0,0.0,0.0,0.0,0.0,1.0,1.0,0.0,1.0,1.0,507631.8720696815,589.1681524204314,0.0,0.09306139651983207,0.09306978124503788,0.09306978124503797,0.375,0.375,0.5,6.611333578701943,8.412825991399586e-12,8.412825991399586e-12,8.412825991399586e-12,8.412825991399586e-12,8.412825991399586e-12,8.412825991399586e-12,26434.40751082838,20234.97766212923,0.7654787667868226,1.179752285923522,3.7961056824124846,1.0934151541785377,0.6722170847142166,41059.97430708969,25750.0,0.0,0.0,0.0,0.0,0.0,0.0,0.0,0.0,0.0,0.0,0.0,0.0,0.0,0.0,0.0,0.0,0.0,0.0,0.0,0.0,41059.97430708969,25750.0,1.0,0.0,0.0,6.0,0.9,167190.3635292044,27865.060588200733,260.5918063417125,260.5918063417125,-12.55819365828745,242.7954138673939,278.38819963324386,149727.6400295873,149750.6071461535,-22.96711656618543,0.0,nan,278.38819963324386,5.23819963324388,271.26964201934896,-1.880357980651013,264.15108460837394,-8.998915391626042,257.0325274242315,-16.11747257576849,249.91397049768312,-23.236029502316853,242.7954138673939,-30.354586132606073,1.0,1.0,26022.012520719443,26022.012520719443,277.2886644955011,4.138664495501132,277.2886644955011,277.2886644955011,75945.06062799426,75986.00664158963,-40.94601359537046,0.0,8546.071908451686,8546.071908451686,0.8688539985597339,4206.895021171946,277.2886644955011,4.138664495501132,1.0,0.002,1.3552996265441453,5.2280239680013736e-08,0.0021010723378009533,1.7959099726743576e-08,1.0,1.0505361689004766,0.06519685172712641,0.00010109029690068012,0.999992647746522,0.999992647746522,0.0,0.09306909697241507,6.842726228585416e-07,0.0,0.0,0.0,1602163.885873285,268.3973273460476,0.0,1.0,1278385.8964256705,2623.071372192914,,,,,,,,,,,,,,,,,10.0,16243.107769423557
3300.0,-32.33311129940145,5.298190912770155,34.97623633640591,24.916057485993974,7.215487643334649,-28.37477645859991,-41.81561622591687,3.649640634296424,-4.752672653952402,-4.752672653960793,40.79258902065186,41305.11021043714,25880.973684332188,25880.973684332188,67186.08389476933,74466.83087873069,75986.00664158963,25880.973684332188,101866.98032592182,101866.98032592182,101866.98032592182,128301.38783675019,125285.0960594778,3016.291777272389,0.0,89468.45671317977,57957.9441819048,35011.680590305514,26434.40751082838,61446.08810113389,20234.97766212923,1450.0,0.0,0.8853067753464791,2.9110723906976532,0.001494314320929203,1.0,1.0,-4.752672653952402,358087.8862685571,1588992.291566444,4.437436597268021,1588992.291566444,4.437436597268021,0.7654787667868226,0.09306978124503792,4.1859651951959655,101325.0,128351.07116782667,1.2667265844345095,1.0,0.0,4.1859651951959655,1.2748480765127155,1.2750809735868687,3.2835012048231413,6957.345043676129,16243.107769423557,6504.098974660894,0.00019721091591238233,21373.435406452612,2179.4838610996226,19441.187089564795,1982.4493674766404,0.9095958005747418,0.9095958005747418,37361.18304116471,35405.22815468563,1.0695264463757796,0.8,4509.098987579371,4273.035954225843,1.0695264463757796,0.8,17887.488988751174,17887.488988751174,1.0,0.8,4632.441516551485,4632.441516551485,5.586897015722865,5.298190912770155,-2.059584121865861,7.357775034636017,3.5,3.5,1.0,0.6,0.0001826766296426278,1.0,0.0001826766296426278,200.86581929422636,0.0,0.0,0.0,0.010146357033643796,6.410673686977546e-05,0.00011856989277285235,0.0004963294443452776,0.09306139651983207,0.09306139651983207,0.09306139651983207,0.09306909774893007,0.0,0.0,0.0,0.0,0.0,0.0,1.0,1.0,0.0,1.0,1.0,507631.8720696815,589.1681524204314,0.0,0.09306139651983207,0.09306978124503788,0.09306978124503797,0.375,0.375,0.5,6.611333578701943,8.412825991399586e-12,8.412825991399586e-12,8.412825991399586e-12,8.412825991399586e-12,8.412825991399586e-12,8.412825991399586e-12,26434.40751082838,20234.97766212923,0.7654787667868226,1.179752285923522,3.7961056824124846,1.0934151541785377,0.6722170847142166,41059.97430708969,25750.0,0.0,0.0,0.0,0.0,0.0,0.0,0.0,0.0,0.0,0.0,0.0,0.0,0.0,0.0,0.0,0.0,0.0,0.0,0.0,0.0,41059.97430708969,25750.0,1.0,0.0,0.0,6.0,0.9,167190.3635292044,27865.060588200733,260.5918063417125,260.5918063417125,-12.55819365828745,242.7954138673939,278.38819963324386,149727.6400295873,149750.6071461535,-22.96711656618543,0.0,nan,278.38819963324386,5.23819963324388,271.26964201934896,-1.880357980651013,264.15108460837394,-8.998915391626042,257.0325274242315,-16.11747257576849,249.91397049768312,-23.236029502316853,242.7954138673939,-30.354586132606073,1.0,1.0,26022.012520719443,26022.012520719443,277.2886644955011,4.138664495501132,277.2886644955011,277.2886644955011,75945.06062799426,75986.00664158963,-40.94601359537046,0.0,8546.071908451686,8546.071908451686,0.8688539985597339,4206.895021171946,277.2886644955011,4.138664495501132,1.0,0.002,1.3552996265441453,5.2280239680013736e-08,0.0021010723378009533,1.7959099726743576e-08,1.0,1.0505361689004766,0.06519685172712641,0.00010109029690068012,0.999992647746522,0.999992647746522,0.0,0.09306909697241507,6.842726228585416e-07,0.0,0.0,0.0,1602163.885873285,268.3973273460476,0.0,1.0,1278385.8964256705,2623.071372192914,,,,,,,,,,,,,,,,,10.0,16243.107769423557
3330.0,-32.33311129940145,5.298190912770155,34.97623633640591,24.916057485993974,7.215487643334649,-28.37477645859991,-41.81561622591687,3.649640634296424,-4.752672653952402,-4.752672653960793,40.79258902065186,41305.11021043714,25880.973684332188,25880.973684332188,67186.08389476933,74466.83087873069,75986.00664158963,25880.973684332188,101866.98032592182,101866.98032592182,101866.98032592182,128301.38783675019,125285.0960594778,3016.291777272389,0.0,89468.45671317977,57957.9441819048,35011.680590305514,26434.40751082838,61446.08810113389,20234.97766212923,1450.0,0.0,0.8853067753464791,2.9110723906976532,0.001494314320929203,1.0,1.0,-4.752672653952402,358087.8862685571,1588992.291566444,4.437436597268021,1588992.291566444,4.437436597268021,0.7654787667868226,0.09306978124503792,4.1859651951959655,101325.0,128351.07116782667,1.2667265844345095,1.0,0.0,4.1859651951959655,1.2748480765127155,1.2750809735868687,3.2835012048231413,6957.345043676129,16243.107769423557,6504.098974660894,0.00019721091591238233,21373.435406452612,2179.4838610996226,19441.187089564795,1982.4493674766404,0.9095958005747418,0.9095958005747418,37361.18304116471,35405.22815468563,1.0695264463757796,0.8,4509.098987579371,4273.035954225843,1.0695264463757796,0.8,17887.488988751174,17887.488988751174,1.0,0.8,4632.441516551485,4632.441516551485,5.586897015722865,5.298190912770155,-2.059584121865861,7.357775034636017,3.5,3.5,1.0,0.6,0.0001826766296426278,1.0,0.0001826766296426278,200.86581929422636,0.0,0.0,0.0,0.010146357033643796,6.410673686977546e-05,0.00011856989277285235,0.0004963294443452776,0.09306139651983207,0.09306139651983207,0.09306139651983207,0.09306909774893007,0.0,0.0,0.0,0.0,0.0,0.0,1.0,1.0,0.0,1.0,1.0,507631.8720696815,589.1681524204314,0.0,0.09306139651983207,0.09306978124503788,0.09306978124503797,0.375,0.375,0.5,6.611333578701943,8.412825991399586e-12,8.412825991399586e-12,8.412825991399586e-12,8.412825991399586e-12,8.412825991399586e-12,8.412825991399586e-12,26434.40751082838,20234.97766212923,0.7654787667868226,1.179752285923522,3.7961056824124846,1.0934151541785377,0.6722170847142166,41059.97430708969,25750.0,0.0,0.0,0.0,0.0,0.0,0.0,0.0,0.0,0.0,0.0,0.0,0.0,0.0,0.0,0.0,0.0,0.0,0.0,0.0,0.0,41059.97430708969,25750.0,1.0,0.0,0.0,6.0,0.9,167190.3635292044,27865.060588200733,260.5918063417125,260.5918063417125,-12.55819365828745,242.7954138673939,278.38819963324386,149727.6400295873,149750.6071461535,-22.96711656618543,0.0,nan,278.38819963324386,5.23819963324388,271.26964201934896,-1.880357980651013,264.15108460837394,-8.998915391626042,257.0325274242315,-16.11747257576849,249.91397049768312,-23.236029502316853,242.7954138673939,-30.354586132606073,1.0,1.0,26022.012520719443,26022.012520719443,277.2886644955011,4.138664495501132,277.2886644955011,277.2886644955011,75945.06062799426,75986.00664158963,-40.94601359537046,0.0,8546.071908451686,8546.071908451686,0.8688539985597339,4206.895021171946,277.2886644955011,4.138664495501132,1.0,0.002,1.3552996265441453,5.2280239680013736e-08,0.0021010723378009533,1.7959099726743576e-08,1.0,1.0505361689004766,0.06519685172712641,0.00010109029690068012,0.999992647746522,0.999992647746522,0.0,0.09306909697241507,6.842726228585416e-07,0.0,0.0,0.0,1602163.885873285,268.3973273460476,0.0,1.0,1278385.8964256705,2623.071372192914,,,,,,,,,,,,,,,,,10.0,16243.107769423557
3360.0,-32.33311129940145,5.298190912770155,34.97623633640591,24.916057485993974,7.215487643334649,-28.37477645859991,-41.81561622591687,3.649640634296424,-4.752672653952402,-4.752672653960793,40.79258902065186,41305.11021043714,25880.973684332188,25880.973684332188,67186.08389476933,74466.83087873069,75986.00664158963,25880.973684332188,101866.98032592182,101866.98032592182,101866.98032592182,128301.38783675019,125285.0960594778,3016.291777272389,0.0,89468.45671317977,57957.9441819048,35011.680590305514,26434.40751082838,61446.08810113389,20234.97766212923,1450.0,0.0,0.8853067753464791,2.9110723906976532,0.001494314320929203,1.0,1.0,-4.752672653952402,358087.8862685571,1588992.291566444,4.437436597268021,1588992.291566444,4.437436597268021,0.7654787667868226,0.09306978124503792,4.1859651951959655,101325.0,128351.07116782667,1.2667265844345095,1.0,0.0,4.1859651951959655,1.2748480765127155,1.2750809735868687,3.2835012048231413,6957.345043676129,16243.107769423557,6504.098974660894,0.00019721091591238233,21373.435406452612,2179.4838610996226,19441.187089564795,1982.4493674766404,0.9095958005747418,0.9095958005747418,37361.18304116471,35405.22815468563,1.0695264463757796,0.8,4509.098987579371,4273.035954225843,1.0695264463757796,0.8,17887.488988751174,17887.488988751174,1.0,0.8,4632.441516551485,4632.441516551485,5.586897015722865,5.298190912770155,-2.059584121865861,7.357775034636017,3.5,3.5,1.0,0.6,0.0001826766296426278,1.0,0.0001826766296426278,200.86581929422636,0.0,0.0,0.0,0.010146357033643796,6.410673686977546e-05,0.00011856989277285235,0.0004963294443452776,0.09306139651983207,0.09306139651983207,0.09306139651983207,0.09306909774893007,0.0,0.0,0.0,0.0,0.0,0.0,1.0,1.0,0.0,1.0,1.0,507631.8720696815,589.1681524204314,0.0,0.09306139651983207,0.09306978124503788,0.09306978124503797,0.375,0.375,0.5,6.611333578701943,8.412825991399586e-12,8.412825991399586e-12,8.412825991399586e-12,8.412825991399586e-12,8.412825991399586e-12,8.412825991399586e-12,26434.40751082838,20234.97766212923,0.7654787667868226,1.179752285923522,3.7961056824124846,1.0934151541785377,0.6722170847142166,41059.97430708969,25750.0,0.0,0.0,0.0,0.0,0.0,0.0,0.0,0.0,0.0,0.0,0.0,0.0,0.0,0.0,0.0,0.0,0.0,0.0,0.0,0.0,41059.97430708969,25750.0,1.0,0.0,0.0,6.0,0.9,167190.3635292044,27865.060588200733,260.5918063417125,260.5918063417125,-12.55819365828745,242.7954138673939,278.38819963324386,149727.6400295873,149750.6071461535,-22.96711656618543,0.0,nan,278.38819963324386,5.23819963324388,271.26964201934896,-1.880357980651013,264.15108460837394,-8.998915391626042,257.0325274242315,-16.11747257576849,249.91397049768312,-23.236029502316853,242.7954138673939,-30.354586132606073,1.0,1.0,26022.012520719443,26022.012520719443,277.2886644955011,4.138664495501132,277.2886644955011,277.2886644955011,75945.06062799426,75986.00664158963,-40.94601359537046,0.0,8546.071908451686,8546.071908451686,0.8688539985597339,4206.895021171946,277.2886644955011,4.138664495501132,1.0,0.002,1.3552996265441453,5.2280239680013736e-08,0.0021010723378009533,1.7959099726743576e-08,1.0,1.0505361689004766,0.06519685172712641,0.00010109029690068012,0.999992647746522,0.999992647746522,0.0,0.09306909697241507,6.842726228585416e-07,0.0,0.0,0.0,1602163.885873285,268.3973273460476,0.0,1.0,1278385.8964256705,2623.071372192914,,,,,,,,,,,,,,,,,10.0,16243.107769423557
3390.0,-32.33311129940145,5.298190912770155,34.97623633640591,24.916057485993974,7.215487643334649,-28.37477645859991,-41.81561622591687,3.649640634296424,-4.752672653952402,-4.752672653960793,40.79258902065186,41305.11021043714,25880.973684332188,25880.973684332188,67186.08389476933,74466.83087873069,75986.00664158963,25880.973684332188,101866.98032592182,101866.98032592182,101866.98032592182,128301.38783675019,125285.0960594778,3016.291777272389,0.0,89468.45671317977,57957.9441819048,35011.680590305514,26434.40751082838,61446.08810113389,20234.97766212923,1450.0,0.0,0.8853067753464791,2.9110723906976532,0.001494314320929203,1.0,1.0,-4.752672653952402,358087.8862685571,1588992.291566444,4.437436597268021,1588992.291566444,4.437436597268021,0.7654787667868226,0.09306978124503792,4.1859651951959655,101325.0,128351.07116782667,1.2667265844345095,1.0,0.0,4.1859651951959655,1.2748480765127155,1.2750809735868687,3.2835012048231413,6957.345043676129,16243.107769423557,6504.098974660894,0.00019721091591238233,21373.435406452612,2179.4838610996226,19441.187089564795,1982.4493674766404,0.9095958005747418,0.9095958005747418,37361.18304116471,35405.22815468563,1.0695264463757796,0.8,4509.098987579371,4273.035954225843,1.0695264463757796,0.8,17887.488988751174,17887.488988751174,1.0,0.8,4632.441516551485,4632.441516551485,5.586897015722865,5.298190912770155,-2.059584121865861,7.357775034636017,3.5,3.5,1.0,0.6,0.0001826766296426278,1.0,0.0001826766296426278,200.86581929422636,0.0,0.0,0.0,0.010146357033643796,6.410673686977546e-05,0.00011856989277285235,0.0004963294443452776,0.09306139651983207,0.09306139651983207,0.09306139651983207,0.09306909774893007,0.0,0.0,0.0,0.0,0.0,0.0,1.0,1.0,0.0,1.0,1.0,507631.8720696815,589.1681524204314,0.0,0.09306139651983207,0.09306978124503788,0.09306978124503797,0.375,0.375,0.5,6.611333578701943,8.412825991399586e-12,8.412825991399586e-12,8.412825991399586e-12,8.412825991399586e-12,8.412825991399586e-12,8.412825991399586e-12,26434.40751082838,20234.97766212923,0.7654787667868226,1.179752285923522,3.7961056824124846,1.0934151541785377,0.6722170847142166,41059.97430708969,25750.0,0.0,0.0,0.0,0.0,0.0,0.0,0.0,0.0,0.0,0.0,0.0,0.0,0.0,0.0,0.0,0.0,0.0,0.0,0.0,0.0,41059.97430708969,25750.0,1.0,0.0,0.0,6.0,0.9,167190.3635292044,27865.060588200733,260.5918063417125,260.5918063417125,-12.55819365828745,242.7954138673939,278.38819963324386,149727.6400295873,149750.6071461535,-22.96711656618543,0.0,nan,278.38819963324386,5.23819963324388,271.26964201934896,-1.880357980651013,264.15108460837394,-8.998915391626042,257.0325274242315,-16.11747257576849,249.91397049768312,-23.236029502316853,242.7954138673939,-30.354586132606073,1.0,1.0,26022.012520719443,26022.012520719443,277.2886644955011,4.138664495501132,277.2886644955011,277.2886644955011,75945.06062799426,75986.00664158963,-40.94601359537046,0.0,8546.071908451686,8546.071908451686,0.8688539985597339,4206.895021171946,277.2886644955011,4.138664495501132,1.0,0.002,1.3552996265441453,5.2280239680013736e-08,0.0021010723378009533,1.7959099726743576e-08,1.0,1.0505361689004766,0.06519685172712641,0.00010109029690068012,0.999992647746522,0.999992647746522,0.0,0.09306909697241507,6.842726228585416e-07,0.0,0.0,0.0,1602163.885873285,268.3973273460476,0.0,1.0,1278385.8964256705,2623.071372192914,,,,,,,,,,,,,,,,,10.0,16243.107769423557
3420.0,-32.33311129940145,5.298190912770155,34.97623633640591,24.916057485993974,7.215487643334649,-28.37477645859991,-41.81561622591687,3.649640634296424,-4.752672653952402,-4.752672653960793,40.79258902065186,41305.11021043714,25880.973684332188,25880.973684332188,67186.08389476933,74466.83087873069,75986.00664158963,25880.973684332188,101866.98032592182,101866.98032592182,101866.98032592182,128301.38783675019,125285.0960594778,3016.291777272389,0.0,89468.45671317977,57957.9441819048,35011.680590305514,26434.40751082838,61446.08810113389,20234.97766212923,1450.0,0.0,0.8853067753464791,2.9110723906976532,0.001494314320929203,1.0,1.0,-4.752672653952402,358087.8862685571,1588992.291566444,4.437436597268021,1588992.291566444,4.437436597268021,0.7654787667868226,0.09306978124503792,4.1859651951959655,101325.0,128351.07116782667,1.2667265844345095,1.0,0.0,4.1859651951959655,1.2748480765127155,1.2750809735868687,3.2835012048231413,6957.345043676129,16243.107769423557,6504.098974660894,0.00019721091591238233,21373.435406452612,2179.4838610996226,19441.187089564795,1982.4493674766404,0.9095958005747418,0.9095958005747418,37361.18304116471,35405.22815468563,1.0695264463757796,0.8,4509.098987579371,4273.035954225843,1.0695264463757796,0.8,17887.488988751174,17887.488988751174,1.0,0.8,4632.441516551485,4632.441516551485,5.586897015722865,5.298190912770155,-2.059584121865861,7.357775034636017,3.5,3.5,1.0,0.6,0.0001826766296426278,1.0,0.0001826766296426278,200.86581929422636,0.0,0.0,0.0,0.010146357033643796,6.410673686977546e-05,0.00011856989277285235,0.0004963294443452776,0.09306139651983207,0.09306139651983207,0.09306139651983207,0.09306909774893007,0.0,0.0,0.0,0.0,0.0,0.0,1.0,1.0,0.0,1.0,1.0,507631.8720696815,589.1681524204314,0.0,0.09306139651983207,0.09306978124503788,0.09306978124503797,0.375,0.375,0.5,6.611333578701943,8.412825991399586e-12,8.412825991399586e-12,8.412825991399586e-12,8.412825991399586e-12,8.412825991399586e-12,8.412825991399586e-12,26434.40751082838,20234.97766212923,0.7654787667868226,1.179752285923522,3.7961056824124846,1.0934151541785377,0.6722170847142166,41059.97430708969,25750.0,0.0,0.0,0.0,0.0,0.0,0.0,0.0,0.0,0.0,0.0,0.0,0.0,0.0,0.0,0.0,0.0,0.0,0.0,0.0,0.0,41059.97430708969,25750.0,1.0,0.0,0.0,6.0,0.9,167190.3635292044,27865.060588200733,260.5918063417125,260.5918063417125,-12.55819365828745,242.7954138673939,278.38819963324386,149727.6400295873,149750.6071461535,-22.96711656618543,0.0,nan,278.38819963324386,5.23819963324388,271.26964201934896,-1.880357980651013,264.15108460837394,-8.998915391626042,257.0325274242315,-16.11747257576849,249.91397049768312,-23.236029502316853,242.7954138673939,-30.354586132606073,1.0,1.0,26022.012520719443,26022.012520719443,277.2886644955011,4.138664495501132,277.2886644955011,277.2886644955011,75945.06062799426,75986.00664158963,-40.94601359537046,0.0,8546.071908451686,8546.071908451686,0.8688539985597339,4206.895021171946,277.2886644955011,4.138664495501132,1.0,0.002,1.3552996265441453,5.2280239680013736e-08,0.0021010723378009533,1.7959099726743576e-08,1.0,1.0505361689004766,0.06519685172712641,0.00010109029690068012,0.999992647746522,0.999992647746522,0.0,0.09306909697241507,6.842726228585416e-07,0.0,0.0,0.0,1602163.885873285,268.3973273460476,0.0,1.0,1278385.8964256705,2623.071372192914,,,,,,,,,,,,,,,,,10.0,16243.107769423557
3450.0,-32.33311129940145,5.298190912770155,34.97623633640591,24.916057485993974,7.215487643334649,-28.37477645859991,-41.81561622591687,3.649640634296424,-4.752672653952402,-4.752672653960793,40.79258902065186,41305.11021043714,25880.973684332188,25880.973684332188,67186.08389476933,74466.83087873069,75986.00664158963,25880.973684332188,101866.98032592182,101866.98032592182,101866.98032592182,128301.38783675019,125285.0960594778,3016.291777272389,0.0,89468.45671317977,57957.9441819048,35011.680590305514,26434.40751082838,61446.08810113389,20234.97766212923,1450.0,0.0,0.8853067753464791,2.9110723906976532,0.001494314320929203,1.0,1.0,-4.752672653952402,358087.8862685571,1588992.291566444,4.437436597268021,1588992.291566444,4.437436597268021,0.7654787667868226,0.09306978124503792,4.1859651951959655,101325.0,128351.07116782667,1.2667265844345095,1.0,0.0,4.1859651951959655,1.2748480765127155,1.2750809735868687,3.2835012048231413,6957.345043676129,16243.107769423557,6504.098974660894,0.00019721091591238233,21373.435406452612,2179.4838610996226,19441.187089564795,1982.4493674766404,0.9095958005747418,0.9095958005747418,37361.18304116471,35405.22815468563,1.0695264463757796,0.8,4509.098987579371,4273.035954225843,1.0695264463757796,0.8,17887.488988751174,17887.488988751174,1.0,0.8,4632.441516551485,4632.441516551485,5.586897015722865,5.298190912770155,-2.059584121865861,7.357775034636017,3.5,3.5,1.0,0.6,0.0001826766296426278,1.0,0.0001826766296426278,200.86581929422636,0.0,0.0,0.0,0.010146357033643796,6.410673686977546e-05,0.00011856989277285235,0.0004963294443452776,0.09306139651983207,0.09306139651983207,0.09306139651983207,0.09306909774893007,0.0,0.0,0.0,0.0,0.0,0.0,1.0,1.0,0.0,1.0,1.0,507631.8720696815,589.1681524204314,0.0,0.09306139651983207,0.09306978124503788,0.09306978124503797,0.375,0.375,0.5,6.611333578701943,8.412825991399586e-12,8.412825991399586e-12,8.412825991399586e-12,8.412825991399586e-12,8.412825991399586e-12,8.412825991399586e-12,26434.40751082838,20234.97766212923,0.7654787667868226,1.179752285923522,3.7961056824124846,1.0934151541785377,0.6722170847142166,41059.97430708969,25750.0,0.0,0.0,0.0,0.0,0.0,0.0,0.0,0.0,0.0,0.0,0.0,0.0,0.0,0.0,0.0,0.0,0.0,0.0,0.0,0.0,41059.97430708969,25750.0,1.0,0.0,0.0,6.0,0.9,167190.3635292044,27865.060588200733,260.5918063417125,260.5918063417125,-12.55819365828745,242.7954138673939,278.38819963324386,149727.6400295873,149750.6071461535,-22.96711656618543,0.0,nan,278.38819963324386,5.23819963324388,271.26964201934896,-1.880357980651013,264.15108460837394,-8.998915391626042,257.0325274242315,-16.11747257576849,249.91397049768312,-23.236029502316853,242.7954138673939,-30.354586132606073,1.0,1.0,26022.012520719443,26022.012520719443,277.2886644955011,4.138664495501132,277.2886644955011,277.2886644955011,75945.06062799426,75986.00664158963,-40.94601359537046,0.0,8546.071908451686,8546.071908451686,0.8688539985597339,4206.895021171946,277.2886644955011,4.138664495501132,1.0,0.002,1.3552996265441453,5.2280239680013736e-08,0.0021010723378009533,1.7959099726743576e-08,1.0,1.0505361689004766,0.06519685172712641,0.00010109029690068012,0.999992647746522,0.999992647746522,0.0,0.09306909697241507,6.842726228585416e-07,0.0,0.0,0.0,1602163.885873285,268.3973273460476,0.0,1.0,1278385.8964256705,2623.071372192914,,,,,,,,,,,,,,,,,10.0,16243.107769423557
3480.0,-32.33311129940145,5.298190912770155,34.97623633640591,24.916057485993974,7.215487643334649,-28.37477645859991,-41.81561622591687,3.649640634296424,-4.752672653952402,-4.752672653960793,40.79258902065186,41305.11021043714,25880.973684332188,25880.973684332188,67186.08389476933,74466.83087873069,75986.00664158963,25880.973684332188,101866.98032592182,101866.98032592182,101866.98032592182,128301.38783675019,125285.0960594778,3016.291777272389,0.0,89468.45671317977,57957.9441819048,35011.680590305514,26434.40751082838,61446.08810113389,20234.97766212923,1450.0,0.0,0.8853067753464791,2.9110723906976532,0.001494314320929203,1.0,1.0,-4.752672653952402,358087.8862685571,1588992.291566444,4.437436597268021,1588992.291566444,4.437436597268021,0.7654787667868226,0.09306978124503792,4.1859651951959655,101325.0,128351.07116782667,1.2667265844345095,1.0,0.0,4.1859651951959655,1.2748480765127155,1.2750809735868687,3.2835012048231413,6957.345043676129,16243.107769423557,6504.098974660894,0.00019721091591238233,21373.435406452612,2179.4838610996226,19441.187089564795,1982.4493674766404,0.9095958005747418,0.9095958005747418,37361.18304116471,35405.22815468563,1.0695264463757796,0.8,4509.098987579371,4273.035954225843,1.0695264463757796,0.8,17887.488988751174,17887.488988751174,1.0,0.8,4632.441516551485,4632.441516551485,5.586897015722865,5.298190912770155,-2.059584121865861,7.357775034636017,3.5,3.5,1.0,0.6,0.0001826766296426278,1.0,0.0001826766296426278,200.86581929422636,0.0,0.0,0.0,0.010146357033643796,6.410673686977546e-05,0.00011856989277285235,0.0004963294443452776,0.09306139651983207,0.09306139651983207,0.09306139651983207,0.09306909774893007,0.0,0.0,0.0,0.0,0.0,0.0,1.0,1.0,0.0,1.0,1.0,507631.8720696815,589.1681524204314,0.0,0.09306139651983207,0.09306978124503788,0.09306978124503797,0.375,0.375,0.5,6.611333578701943,8.412825991399586e-12,8.412825991399586e-12,8.412825991399586e-12,8.412825991399586e-12,8.412825991399586e-12,8.412825991399586e-12,26434.40751082838,20234.97766212923,0.7654787667868226,1.179752285923522,3.7961056824124846,1.0934151541785377,0.6722170847142166,41059.97430708969,25750.0,0.0,0.0,0.0,0.0,0.0,0.0,0.0,0.0,0.0,0.0,0.0,0.0,0.0,0.0,0.0,0.0,0.0,0.0,0.0,0.0,41059.97430708969,25750.0,1.0,0.0,0.0,6.0,0.9,167190.3635292044,27865.060588200733,260.5918063417125,260.5918063417125,-12.55819365828745,242.7954138673939,278.38819963324386,149727.6400295873,149750.6071461535,-22.96711656618543,0.0,nan,278.38819963324386,5.23819963324388,271.26964201934896,-1.880357980651013,264.15108460837394,-8.998915391626042,257.0325274242315,-16.11747257576849,249.91397049768312,-23.236029502316853,242.7954138673939,-30.354586132606073,1.0,1.0,26022.012520719443,26022.012520719443,277.2886644955011,4.138664495501132,277.2886644955011,277.2886644955011,75945.06062799426,75986.00664158963,-40.94601359537046,0.0,8546.071908451686,8546.071908451686,0.8688539985597339,4206.895021171946,277.2886644955011,4.138664495501132,1.0,0.002,1.3552996265441453,5.2280239680013736e-08,0.0021010723378009533,1.7959099726743576e-08,1.0,1.0505361689004766,0.06519685172712641,0.00010109029690068012,0.999992647746522,0.999992647746522,0.0,0.09306909697241507,6.842726228585416e-07,0.0,0.0,0.0,1602163.885873285,268.3973273460476,0.0,1.0,1278385.8964256705,2623.071372192914,,,,,,,,,,,,,,,,,10.0,16243.107769423557
3510.0,-32.33311129940145,5.298190912770155,34.97623633640591,24.916057485993974,7.215487643334649,-28.37477645859991,-41.81561622591687,3.649640634296424,-4.752672653952402,-4.752672653960793,40.79258902065186,41305.11021043714,25880.973684332188,25880.973684332188,67186.08389476933,74466.83087873069,75986.00664158963,25880.973684332188,101866.98032592182,101866.98032592182,101866.98032592182,128301.38783675019,125285.0960594778,3016.291777272389,0.0,89468.45671317977,57957.9441819048,35011.680590305514,26434.40751082838,61446.08810113389,20234.97766212923,1450.0,0.0,0.8853067753464791,2.9110723906976532,0.001494314320929203,1.0,1.0,-4.752672653952402,358087.8862685571,1588992.291566444,4.437436597268021,1588992.291566444,4.437436597268021,0.7654787667868226,0.09306978124503792,4.1859651951959655,101325.0,128351.07116782667,1.2667265844345095,1.0,0.0,4.1859651951959655,1.2748480765127155,1.2750809735868687,3.2835012048231413,6957.345043676129,16243.107769423557,6504.098974660894,0.00019721091591238233,21373.435406452612,2179.4838610996226,19441.187089564795,1982.4493674766404,0.9095958005747418,0.9095958005747418,37361.18304116471,35405.22815468563,1.0695264463757796,0.8,4509.098987579371,4273.035954225843,1.0695264463757796,0.8,17887.488988751174,17887.488988751174,1.0,0.8,4632.441516551485,4632.441516551485,5.586897015722865,5.298190912770155,-2.059584121865861,7.357775034636017,3.5,3.5,1.0,0.6,0.0001826766296426278,1.0,0.0001826766296426278,200.86581929422636,0.0,0.0,0.0,0.010146357033643796,6.410673686977546e-05,0.00011856989277285235,0.0004963294443452776,0.09306139651983207,0.09306139651983207,0.09306139651983207,0.09306909774893007,0.0,0.0,0.0,0.0,0.0,0.0,1.0,1.0,0.0,1.0,1.0,507631.8720696815,589.1681524204314,0.0,0.09306139651983207,0.09306978124503788,0.09306978124503797,0.375,0.375,0.5,6.611333578701943,8.412825991399586e-12,8.412825991399586e-12,8.412825991399586e-12,8.412825991399586e-12,8.412825991399586e-12,8.412825991399586e-12,26434.40751082838,20234.97766212923,0.7654787667868226,1.179752285923522,3.7961056824124846,1.0934151541785377,0.6722170847142166,41059.97430708969,25750.0,0.0,0.0,0.0,0.0,0.0,0.0,0.0,0.0,0.0,0.0,0.0,0.0,0.0,0.0,0.0,0.0,0.0,0.0,0.0,0.0,41059.97430708969,25750.0,1.0,0.0,0.0,6.0,0.9,167190.3635292044,27865.060588200733,260.5918063417125,260.5918063417125,-12.55819365828745,242.7954138673939,278.38819963324386,149727.6400295873,149750.6071461535,-22.96711656618543,0.0,nan,278.38819963324386,5.23819963324388,271.26964201934896,-1.880357980651013,264.15108460837394,-8.998915391626042,257.0325274242315,-16.11747257576849,249.91397049768312,-23.236029502316853,242.7954138673939,-30.354586132606073,1.0,1.0,26022.012520719443,26022.012520719443,277.2886644955011,4.138664495501132,277.2886644955011,277.2886644955011,75945.06062799426,75986.00664158963,-40.94601359537046,0.0,8546.071908451686,8546.071908451686,0.8688539985597339,4206.895021171946,277.2886644955011,4.138664495501132,1.0,0.002,1.3552996265441453,5.2280239680013736e-08,0.0021010723378009533,1.7959099726743576e-08,1.0,1.0505361689004766,0.06519685172712641,0.00010109029690068012,0.999992647746522,0.999992647746522,0.0,0.09306909697241507,6.842726228585416e-07,0.0,0.0,0.0,1602163.885873285,268.3973273460476,0.0,1.0,1278385.8964256705,2623.071372192914,,,,,,,,,,,,,,,,,10.0,16243.107769423557
3540.0,-32.33311129940145,5.298190912770155,34.97623633640591,24.916057485993974,7.215487643334649,-28.37477645859991,-41.81561622591687,3.649640634296424,-4.752672653952402,-4.752672653960793,40.79258902065186,41305.11021043714,25880.973684332188,25880.973684332188,67186.08389476933,74466.83087873069,75986.00664158963,25880.973684332188,101866.98032592182,101866.98032592182,101866.98032592182,128301.38783675019,125285.0960594778,3016.291777272389,0.0,89468.45671317977,57957.9441819048,35011.680590305514,26434.40751082838,61446.08810113389,20234.97766212923,1450.0,0.0,0.8853067753464791,2.9110723906976532,0.001494314320929203,1.0,1.0,-4.752672653952402,358087.8862685571,1588992.291566444,4.437436597268021,1588992.291566444,4.437436597268021,0.7654787667868226,0.09306978124503792,4.1859651951959655,101325.0,128351.07116782667,1.2667265844345095,1.0,0.0,4.1859651951959655,1.2748480765127155,1.2750809735868687,3.2835012048231413,6957.345043676129,16243.107769423557,6504.098974660894,0.00019721091591238233,21373.435406452612,2179.4838610996226,19441.187089564795,1982.4493674766404,0.9095958005747418,0.9095958005747418,37361.18304116471,35405.22815468563,1.0695264463757796,0.8,4509.098987579371,4273.035954225843,1.0695264463757796,0.8,17887.488988751174,17887.488988751174,1.0,0.8,4632.441516551485,4632.441516551485,5.586897015722865,5.298190912770155,-2.059584121865861,7.357775034636017,3.5,3.5,1.0,0.6,0.0001826766296426278,1.0,0.0001826766296426278,200.86581929422636,0.0,0.0,0.0,0.010146357033643796,6.410673686977546e-05,0.00011856989277285235,0.0004963294443452776,0.09306139651983207,0.09306139651983207,0.09306139651983207,0.09306909774893007,0.0,0.0,0.0,0.0,0.0,0.0,1.0,1.0,0.0,1.0,1.0,507631.8720696815,589.1681524204314,0.0,0.09306139651983207,0.09306978124503788,0.09306978124503797,0.375,0.375,0.5,6.611333578701943,8.412825991399586e-12,8.412825991399586e-12,8.412825991399586e-12,8.412825991399586e-12,8.412825991399586e-12,8.412825991399586e-12,26434.40751082838,20234.97766212923,0.7654787667868226,1.179752285923522,3.7961056824124846,1.0934151541785377,0.6722170847142166,41059.97430708969,25750.0,0.0,0.0,0.0,0.0,0.0,0.0,0.0,0.0,0.0,0.0,0.0,0.0,0.0,0.0,0.0,0.0,0.0,0.0,0.0,0.0,41059.97430708969,25750.0,1.0,0.0,0.0,6.0,0.9,167190.3635292044,27865.060588200733,260.5918063417125,260.5918063417125,-12.55819365828745,242.7954138673939,278.38819963324386,149727.6400295873,149750.6071461535,-22.96711656618543,0.0,nan,278.38819963324386,5.23819963324388,271.26964201934896,-1.880357980651013,264.15108460837394,-8.998915391626042,257.0325274242315,-16.11747257576849,249.91397049768312,-23.236029502316853,242.7954138673939,-30.354586132606073,1.0,1.0,26022.012520719443,26022.012520719443,277.2886644955011,4.138664495501132,277.2886644955011,277.2886644955011,75945.06062799426,75986.00664158963,-40.94601359537046,0.0,8546.071908451686,8546.071908451686,0.8688539985597339,4206.895021171946,277.2886644955011,4.138664495501132,1.0,0.002,1.3552996265441453,5.2280239680013736e-08,0.0021010723378009533,1.7959099726743576e-08,1.0,1.0505361689004766,0.06519685172712641,0.00010109029690068012,0.999992647746522,0.999992647746522,0.0,0.09306909697241507,6.842726228585416e-07,0.0,0.0,0.0,1602163.885873285,268.3973273460476,0.0,1.0,1278385.8964256705,2623.071372192914,,,,,,,,,,,,,,,,,10.0,16243.107769423557
3570.0,-32.33311129940145,5.298190912770155,34.97623633640591,24.916057485993974,7.215487643334649,-28.37477645859991,-41.81561622591687,3.649640634296424,-4.752672653952402,-4.752672653960793,40.79258902065186,41305.11021043714,25880.973684332188,25880.973684332188,67186.08389476933,74466.83087873069,75986.00664158963,25880.973684332188,101866.98032592182,101866.98032592182,101866.98032592182,128301.38783675019,125285.0960594778,3016.291777272389,0.0,89468.45671317977,57957.9441819048,35011.680590305514,26434.40751082838,61446.08810113389,20234.97766212923,1450.0,0.0,0.8853067753464791,2.9110723906976532,0.001494314320929203,1.0,1.0,-4.752672653952402,358087.8862685571,1588992.291566444,4.437436597268021,1588992.291566444,4.437436597268021,0.7654787667868226,0.09306978124503792,4.1859651951959655,101325.0,128351.07116782667,1.2667265844345095,1.0,0.0,4.1859651951959655,1.2748480765127155,1.2750809735868687,3.2835012048231413,6957.345043676129,16243.107769423557,6504.098974660894,0.00019721091591238233,21373.435406452612,2179.4838610996226,19441.187089564795,1982.4493674766404,0.9095958005747418,0.9095958005747418,37361.18304116471,35405.22815468563,1.0695264463757796,0.8,4509.098987579371,4273.035954225843,1.0695264463757796,0.8,17887.488988751174,17887.488988751174,1.0,0.8,4632.441516551485,4632.441516551485,5.586897015722865,5.298190912770155,-2.059584121865861,7.357775034636017,3.5,3.5,1.0,0.6,0.0001826766296426278,1.0,0.0001826766296426278,200.86581929422636,0.0,0.0,0.0,0.010146357033643796,6.410673686977546e-05,0.00011856989277285235,0.0004963294443452776,0.09306139651983207,0.09306139651983207,0.09306139651983207,0.09306909774893007,0.0,0.0,0.0,0.0,0.0,0.0,1.0,1.0,0.0,1.0,1.0,507631.8720696815,589.1681524204314,0.0,0.09306139651983207,0.09306978124503788,0.09306978124503797,0.375,0.375,0.5,6.611333578701943,8.412825991399586e-12,8.412825991399586e-12,8.412825991399586e-12,8.412825991399586e-12,8.412825991399586e-12,8.412825991399586e-12,26434.40751082838,20234.97766212923,0.7654787667868226,1.179752285923522,3.7961056824124846,1.0934151541785377,0.6722170847142166,41059.97430708969,25750.0,0.0,0.0,0.0,0.0,0.0,0.0,0.0,0.0,0.0,0.0,0.0,0.0,0.0,0.0,0.0,0.0,0.0,0.0,0.0,0.0,41059.97430708969,25750.0,1.0,0.0,0.0,6.0,0.9,167190.3635292044,27865.060588200733,260.5918063417125,260.5918063417125,-12.55819365828745,242.7954138673939,278.38819963324386,149727.6400295873,149750.6071461535,-22.96711656618543,0.0,nan,278.38819963324386,5.23819963324388,271.26964201934896,-1.880357980651013,264.15108460837394,-8.998915391626042,257.0325274242315,-16.11747257576849,249.91397049768312,-23.236029502316853,242.7954138673939,-30.354586132606073,1.0,1.0,26022.012520719443,26022.012520719443,277.2886644955011,4.138664495501132,277.2886644955011,277.2886644955011,75945.06062799426,75986.00664158963,-40.94601359537046,0.0,8546.071908451686,8546.071908451686,0.8688539985597339,4206.895021171946,277.2886644955011,4.138664495501132,1.0,0.002,1.3552996265441453,5.2280239680013736e-08,0.0021010723378009533,1.7959099726743576e-08,1.0,1.0505361689004766,0.06519685172712641,0.00010109029690068012,0.999992647746522,0.999992647746522,0.0,0.09306909697241507,6.842726228585416e-07,0.0,0.0,0.0,1602163.885873285,268.3973273460476,0.0,1.0,1278385.8964256705,2623.071372192914,,,,,,,,,,,,,,,,,10.0,16243.107769423557
3600.0,-32.33311129940145,5.298190912770155,34.97623633640591,24.916057485993974,7.215487643334649,-28.37477645859991,-41.81561622591687,3.649640634296424,-4.752672653952402,-4.752672653960793,40.79258902065186,41305.11021043714,25880.973684332188,25880.973684332188,67186.08389476933,74466.83087873069,75986.00664158963,25880.973684332188,101866.98032592182,101866.98032592182,101866.98032592182,128301.38783675019,125285.0960594778,3016.291777272389,0.0,89468.45671317977,57957.9441819048,35011.680590305514,26434.40751082838,61446.08810113389,20234.97766212923,1450.0,0.0,0.8853067753464791,2.9110723906976532,0.001494314320929203,1.0,1.0,-4.752672653952402,358087.8862685571,1588992.291566444,4.437436597268021,1588992.291566444,4.437436597268021,0.7654787667868226,0.09306978124503792,4.1859651951959655,101325.0,128351.07116782667,1.2667265844345095,1.0,0.0,4.1859651951959655,1.2748480765127155,1.2750809735868687,3.2835012048231413,6957.345043676129,16243.107769423557,6504.098974660894,0.00019721091591238233,21373.435406452612,2179.4838610996226,19441.187089564795,1982.4493674766404,0.9095958005747418,0.9095958005747418,37361.18304116471,35405.22815468563,1.0695264463757796,0.8,4509.098987579371,4273.035954225843,1.0695264463757796,0.8,17887.488988751174,17887.488988751174,1.0,0.8,4632.441516551485,4632.441516551485,5.586897015722865,5.298190912770155,-2.059584121865861,7.357775034636017,3.5,3.5,1.0,0.6,0.0001826766296426278,1.0,0.0001826766296426278,200.86581929422636,0.0,0.0,0.0,0.010146357033643796,6.410673686977546e-05,0.00011856989277285235,0.0004963294443452776,0.09306139651983207,0.09306139651983207,0.09306139651983207,0.09306909774893007,0.0,0.0,0.0,0.0,0.0,0.0,1.0,1.0,0.0,1.0,1.0,507631.8720696815,589.1681524204314,0.0,0.09306139651983207,0.09306978124503788,0.09306978124503797,0.375,0.375,0.5,6.611333578701943,8.412825991399586e-12,8.412825991399586e-12,8.412825991399586e-12,8.412825991399586e-12,8.412825991399586e-12,8.412825991399586e-12,26434.40751082838,20234.97766212923,0.7654787667868226,1.179752285923522,3.7961056824124846,1.0934151541785377,0.6722170847142166,41059.97430708969,25750.0,0.0,0.0,0.0,0.0,0.0,0.0,0.0,0.0,0.0,0.0,0.0,0.0,0.0,0.0,0.0,0.0,0.0,0.0,0.0,0.0,41059.97430708969,25750.0,1.0,0.0,0.0,6.0,0.9,167190.3635292044,27865.060588200733,260.5918063417125,260.5918063417125,-12.55819365828745,242.7954138673939,278.38819963324386,149727.6400295873,149750.6071461535,-22.96711656618543,0.0,nan,278.38819963324386,5.23819963324388,271.26964201934896,-1.880357980651013,264.15108460837394,-8.998915391626042,257.0325274242315,-16.11747257576849,249.91397049768312,-23.236029502316853,242.7954138673939,-30.354586132606073,1.0,1.0,26022.012520719443,26022.012520719443,277.2886644955011,4.138664495501132,277.2886644955011,277.2886644955011,75945.06062799426,75986.00664158963,-40.94601359537046,0.0,8546.071908451686,8546.071908451686,0.8688539985597339,4206.895021171946,277.2886644955011,4.138664495501132,1.0,0.002,1.3552996265441453,5.2280239680013736e-08,0.0021010723378009533,1.7959099726743576e-08,1.0,1.0505361689004766,0.06519685172712641,0.00010109029690068012,0.999992647746522,0.999992647746522,0.0,0.09306909697241507,6.842726228585416e-07,0.0,0.0,0.0,1602163.885873285,268.3973273460476,0.0,1.0,1278385.8964256705,2623.071372192914,,,,,,,,,,,,,,,,,10.0,16243.107769423557
