time_s,room_c,dock_c,sink_c,t2_c,t3_c,t4_c,t5_c,t6_c,t7_c,tevap_c,tcond_c,q_room_w,q_dock_w,q_dock_external_w,q_useful_w,q_cascade_w,q_cascade_refrigerant_w,q_dock_refrigerant_w,q_evap_total_w,q_evap_load_requested_w,q_map_capacity_balance_error_w,q_cond_w,refrigerant_q_condenser_stage_w,refrigerant_q_subcooler_w,refrigerant_q_oil_cooling_w,w_air_comp_w,w_air_turb_w,w_air_input_w,w_ref_comp_w,w_total_input_w,w_ref_isentropic_w,refrigerant_compressor_speed_rpm,refrigerant_compressor_map_capacity_w,refrigerant_compressor_volumetric_efficiency,refrigerant_compressor_suction_density_kg_m3,refrigerant_compressor_displacement_m3_per_rev,low_pressure_receiver_enabled,refrigerant_evaporators_series,refrigerant_evaporator_outlet_c,refrigerant_evaporating_pressure_pa,refrigerant_condensing_pressure_pa,refrigerant_pressure_ratio,refrigerant_condensing_pressure_from_tcond_pa,refrigerant_pressure_ratio_from_tcond,refrigerant_compressor_eta_is_effective,m_ref_kg_s,m_air_kg_s,air_low_pressure_pa,air_high_pressure_pa,air_pressure_ratio,air_damper_opening,air_damper_resistance_head_coefficient,air_compressor_map_mass_flow_kg_s,air_compressor_suction_density_kg_m3,air_compressor_suction_mixture_density_kg_m3,air_compressor_volumetric_flow_m3_s,air_compressor_map_volumetric_flow_cfm,air_compressor_map_speed_eval_rpm,air_compressor_map_head_eval_ft,air_compressor_map_d_q_d_speed_m3_s_per_rpm,air_compressor_actual_head_j_kg,air_compressor_actual_head_m,air_compressor_isentropic_head_j_kg,air_compressor_isentropic_head_m,air_compressor_eta_is_target,air_compressor_eta_is_effective,regenerator_ua_w_k,regenerator_ua_ref_w_k,regenerator_air_flow_ratio,regenerator_ua_flow_exponent,cascade_ua_w_k,cascade_ua_ref_w_k,cascade_air_flow_ratio,cascade_ua_flow_exponent,condenser_ua_w_k,condenser_ua_ref_w_k,condenser_sink_flow_ratio,condenser_ua_flow_exponent,dock_evaporator_ua_w_k,dock_evaporator_ua_ref_w_k,dock_evaporator_lmtd_k,dock_evaporator_air_inlet_c,dock_evaporator_air_outlet_c,dock_evaporator_air_delta_t_k,dock_air_m_dot_kg_s,dock_air_m_dot_nominal_kg_s,dock_air_flow_ratio,dock_evaporator_ua_flow_exponent,humidity_ratio_room_kg_kg_da,room_relative_humidity,room_saturation_humidity_ratio_kg_kg_da,room_dry_air_mass_kg,room_moisture_infiltration_dry_air_mass_flow_kg_s,room_moisture_deposition_rate_kg_s,room_moisture_deposition_load_w,room_moisture_cumulative_deposited_water_kg,humidity_ratio_supply_vapor_kg_kg_da,humidity_ratio_supply_ice_kg_kg_da,ice_mass_flow_kg_s,valve_flow_kg_s,cascade_valve_flow_kg_s,dock_valve_flow_kg_s,compressor_map_flow_kg_s,receiver_enabled,receiver_mass_kg,receiver_volume_m3,receiver_liquid_mass_kg,receiver_vapor_mass_kg,receiver_liquid_volume_m3,receiver_liquid_fill_fraction,receiver_liquid_fill_fraction_raw,receiver_overfill_mass_kg,receiver_liquid_feed_fraction,receiver_starvation_flow_multiplier,receiver_outlet_enthalpy_j_kg,receiver_outlet_density_kg_m3,receiver_inlet_m_dot_kg_s,receiver_outlet_m_dot_kg_s,m_ref_cascade_kg_s,m_ref_dock_kg_s,valve_opening,cascade_valve_opening,dock_valve_opening,refrigerant_subcooling_k,refrigerant_superheat_k,refrigerant_cascade_superheat_k,refrigerant_dock_superheat_k,refrigerant_raw_superheat_k,refrigerant_raw_cascade_superheat_k,refrigerant_raw_dock_superheat_k,refrigerant_compressor_work_w,refrigerant_compressor_isentropic_work_w,refrigerant_compressor_eta_is_target,cop_air_cycle,cop_vcc,cop_system,cop_room_only,base_room_load_w,base_dock_load_w,infiltration_magnitude_w,infiltration_room_w,infiltration_dock_w,infiltration_q_m3_s,infiltration_q_unprotected_m3_s,infiltration_sensible_w,infiltration_latent_w,infiltration_total_w,infiltration_cumulative_volume_m3,infiltration_velocity_m_s,infiltration_region_density_kg_m3,infiltration_indoor_density_kg_m3,infiltration_outdoor_density_kg_m3,infiltration_room_humidity_ratio_kg_kg_da,infiltration_outdoor_humidity_ratio_kg_kg_da,infiltration_stage,infiltration_door_open_fraction,infiltration_effective_length_m,infiltration_effective_volume_m3,infiltration_maximum_effective_length_m,load_w,dock_load_w,regenerator_model_transient,regenerator_model_lumped_matrix,regenerator_model_two_lump_matrix,regenerator_cell_count,regenerator_gas_effectiveness,regenerator_solid_capacitance_j_k,regenerator_solid_capacitance_per_cell_j_k,regenerator_solid_mean_k,regenerator_matrix_k,regenerator_matrix_c,regenerator_solid_min_k,regenerator_solid_max_k,regenerator_q_hot_to_solid_w,regenerator_q_solid_to_cold_w,regenerator_q_solid_net_total_w,regenerator_q_heat_leak_w,regenerator_q_hot_to_cold_w,regenerator_cell_1_k,regenerator_cell_1_c,regenerator_cell_2_k,regenerator_cell_2_c,regenerator_cell_3_k,regenerator_cell_3_c,regenerator_cell_4_k,regenerator_cell_4_c,regenerator_cell_5_k,regenerator_cell_5_c,regenerator_cell_6_k,regenerator_cell_6_c,cascade_exchanger_model_lumped,cascade_exchanger_cell_count,cascade_exchanger_solid_capacitance_j_k,cascade_exchanger_solid_capacitance_per_cell_j_k,cascade_exchanger_matrix_mean_k,cascade_exchanger_matrix_mean_c,cascade_exchanger_matrix_min_k,cascade_exchanger_matrix_max_k,cascade_exchanger_q_air_to_matrix_w,cascade_exchanger_q_matrix_to_refrigerant_w,cascade_exchanger_q_matrix_net_total_w,cascade_exchanger_q_heat_leak_w,cascade_exchanger_air_side_ua_w_k,cascade_exchanger_refrigerant_side_ua_w_k,cascade_exchanger_air_effectiveness,cascade_exchanger_air_capacity_rate_w_k,cascade_exchanger_cell_1_k,cascade_exchanger_cell_1_c,lpr_inventory_enabled,lpr_volume_m3,lpr_liquid_mass_kg,lpr_vapor_mass_kg,lpr_liquid_volume_m3,lpr_vapor_volume_m3,lpr_liquid_fill_fraction,lpr_liquid_fill_fraction_raw,lpr_overfill_mass_kg,lpr_volume_residual_m3,lpr_evaporator_outlet_quality,lpr_evaporator_outlet_quality_raw,lpr_return_superheat_k,lpr_vapor_return_m_dot_kg_s,lpr_liquid_return_m_dot_kg_s,lpr_boil_off_m_dot_kg_s,lpr_boil_off_heat_w,lpr_liquid_carryover_m_dot_kg_s,lpr_suction_enthalpy_j_kg,lpr_suction_temperature_k,lpr_suction_superheat_k,lpr_suction_vapor_quality,lpr_h_fg_j_kg,lpr_cp_vapor_j_kg_k,startup_initialization_enabled,startup_iterations,startup_newton_iterations,startup_cost,startup_solved_air_cycle_pressure_ratio,startup_solved_air_cycle_compressor_mass_flow_speed_rpm,startup_solved_air_cycle_regenerator_ua_w_k,startup_solved_vcc_cycle_cascade_ua_w_k,startup_solved_vcc_cycle_dock_evaporator_ua_w_k,startup_solved_vcc_cycle_condenser_ua_w_k,startup_solved_vcc_cycle_compressor_displacement_m3_per_rev,startup_solved_vcc_cycle_expansion_valves_cascade_opening,startup_solved_vcc_cycle_expansion_valves_cascade_flow_coefficient_m2,startup_solved_boundary_conditions_load_before_w,startup_solved_boundary_conditions_load_after_w,startup_solved_boundary_conditions_sink_m_dot_kg_s,newton_iterations,pid_open_loop_air_speed_step_output
0.0,-30.0,5.0,35.0,27.912404934782558,5.0,-26.5,-40.00001469450069,1.5,-4.99999999999244,-5.0,40.0,37569.03399132045,20599.999999999996,20599.999999999996,58169.03399132045,82472.07457893711,77860.00234009839,20599.999999999996,98460.00234009839,98460.00234009839,98460.00234009839,124543.01380773561,120035.15727815322,4507.856529582389,0.0,95070.15241402936,50167.11182641272,49892.26731957404,26083.011467637225,75975.27878721127,19904.596133433373,1450.0,0.0,0.8869186971918838,2.884698101094474,0.0014957518510113484,1.0,1.0,-4.99999999999244,354655.99021540873,1554533.227913749,4.3832143564516315,1554533.227913749,4.3832143564516315,0.7631249235975,0.09248269563783107,3.5810916838729177,101325.0,128351.07116782667,1.2667265844345095,1.0,0.0,3.5810916838729177,1.2847212910722052,1.2850212022149787,2.7874463580222937,5906.264348255068,14561.403508771931,6454.11178072111,0.00042929714652694296,26547.81301527915,2707.123535078661,19291.772021735764,1967.2132707637945,0.7266802734610458,0.7266802734610458,32395.05729023726,32395.05729023726,1.0,0.8,4287.898129693729,4287.898129693729,1.0,0.8,17904.69674963203,17904.69674963203,1.0,0.8,3099.015535412006,3099.015535412006,6.647272259401979,5.0,-0.8564321250888405,5.8564321250888405,3.5,3.5,1.0,0.6,0.0002334323654385558,1.0,0.0002334323654385558,198.92221095423284,0.0,0.0,0.0,0.0,7.885554614010179e-05,0.00015457681929845402,0.0005535537621092204,0.09248269563783107,0.09248269563783107,0.09248269563783107,0.09248269563783107,0.0,0.0,0.0,0.0,0.0,0.0,1.0,1.0,0.0,1.0,1.0,487378.55335087446,595.7628554101648,0.0,0.09248269563783107,0.09248269563783107,0.09248269563783107,0.375,0.375,0.5,10.0,7.560174708487466e-12,7.560174708487466e-12,7.560174708487466e-12,7.560174708487466e-12,7.560174708487466e-12,7.560174708487466e-12,26083.011467637225,19904.596133433373,0.7631249235975,0.7530031407608757,3.9516937952822238,0.7656310699989416,0.49449024197123914,37569.03399132045,20600.0,0.0,0.0,0.0,0.0,0.0,0.0,0.0,0.0,0.0,0.0,0.0,0.0,0.0,0.0,0.0,0.0,0.0,0.0,0.0,0.0,37569.03399132045,20600.0,1.0,0.0,0.0,6.0,0.9,152975.75209065224,25495.958681775373,260.65000000000003,260.65000000000003,-12.499999999999943,244.89999999999998,276.4,113368.4099822069,113368.4099822069,0.0,0.0,nan,276.4,3.25,270.09999999999997,-3.0500000000000114,263.79999999999995,-9.350000000000023,257.5,-15.649999999999977,251.2,-21.94999999999999,244.89999999999998,-28.25,1.0,1.0,25762.5980482374,25762.5980482374,277.2290405911135,4.0790405911135394,277.2290405911135,277.2290405911135,77860.00234009844,77860.00234009839,4.3655745685100555e-11,0.0,8575.796259387458,8575.796259387458,0.9077109164786514,3598.997142292282,277.2290405911135,4.0790405911135394,1.0,0.002,0.1290764584623183,0.005192456612122998,0.0002000000000000031,0.0017999999999995032,0.10000000000000155,0.10000000000000155,0.0,-4.939625097843958e-16,0.9610161916098616,0.9610161916098616,0.0,0.08887736795168237,0.0036053276861486923,0.0,0.0,0.0,1601879.7459045043,268.15000000000754,0.0,1.0,1279238.0167156027,2619.5792953992536,1.0,251.0,251.0,0.0,1.2667265844345095,14561.403508771931,32395.05729023726,4287.898129693729,3099.015535412006,17904.69674963203,0.0014957518510113484,0.375,6.5224250280443135e-06,37569.03399132045,37569.03399132045,6.1796691888313084,0.0,
30.0,-30.036846048728812,5.04218239500501,34.90128330473863,26.95889960685747,4.912634479967197,-26.507826038366655,-40.00729647288097,0.7708546730467944,-5.649332839541671,-5.649332839583849,39.074069022855056,37776.643007647464,22024.521383253046,22024.521383253046,59801.16439090051,80037.63698246107,77554.84226046197,22024.521383253046,99579.36364371501,99579.36364371501,99579.36364371501,125096.79238956913,120697.76306020617,4399.029329362969,0.0,95074.1189922839,50597.71033240968,49418.23184430468,25517.42874585412,74935.6605901588,19405.1399251547,1450.0,0.0,0.8869688398208224,2.816352356795669,0.0014957518510113484,1.0,1.0,-5.649332839541671,345768.64007844735,1514995.595865141,4.381529786858119,1514995.595865141,4.381529786858119,0.7604661158623791,0.09685655473538532,3.611922554782095,101325.0,128351.07116782667,1.2667265844345095,1.0,0.0,3.611922554782095,1.2881410691206514,1.2884417785918636,2.8039805898338224,5941.298401410267,14561.403508771931,6436.97799494781,0.00042103097113992046,26322.30274882504,2684.1278875890384,19240.557989466426,1961.9908928600926,0.7309602876718404,0.7309602876718404,32617.986160108612,32395.05729023726,1.008609349782364,0.8,4317.405602874343,4287.898129693729,1.008609349782364,0.8,17904.69674963203,17904.69674963203,1.0,0.8,3099.015535412006,3099.015535412006,7.106941262985616,5.04218239500501,-1.2192309335672844,6.261413328572295,3.5,3.5,1.0,0.6,0.0002334323654385558,1.0038429041593693,0.00023253874134223723,198.9526452087558,0.0,0.0,0.0,0.0,7.879059076578602e-05,0.0001546417746727698,0.0005585541138521077,0.0913214062630826,0.0913214062630826,0.0913214062630826,0.09029665296607975,0.0,0.0,0.0,0.0,0.0,0.0,1.0,1.0,0.0,1.0,1.0,486133.3576193676,596.1226717874612,0.0,0.0913214062630826,0.09685655473538535,0.09685655473538528,0.375,0.375,0.5,9.329658529355303,4.217781679471955e-11,4.217781679471955e-11,4.217781679471955e-11,4.217781679471955e-11,4.217781679471955e-11,4.217781679471955e-11,25517.42874585412,19405.1399251547,0.7604661158623791,0.764427248766512,3.999703864453679,0.798033458568778,0.5041210381030339,37569.03399132045,20600.0,0.0,0.0,0.0,0.0,0.0,0.0,0.0,0.0,0.0,0.0,0.0,0.0,0.0,0.0,0.0,0.0,0.0,0.0,0.0,0.0,37569.03399132045,20600.0,1.0,0.0,0.0,6.0,0.9,152975.75209065224,25495.958681775373,260.59580242049526,260.59580242049526,-12.554197579504716,244.86598773758274,276.3255808206329,114044.97379954958,114313.81015257274,-268.8363530231932,0.0,nan,276.3255808206329,3.175580820632945,270.0336861065212,-3.1163138934787753,263.7417781162552,-9.408221883744773,257.4498623084489,-15.700137691551049,251.15791943353045,-21.992080566469525,244.86598773758274,-28.284012262417235,1.0,1.0,25762.5980482374,25762.5980482374,276.54412387448707,3.394123874487093,276.54412387448707,276.54412387448707,77483.1218650846,77554.84226046197,-71.72039537737146,0.0,8575.796259387458,8575.796259387458,0.9058145826088153,3629.982167556005,276.54412387448707,3.394123874487093,1.0,0.002,0.32734581709806027,0.004980384941652382,0.0005065314451219952,0.0017683813251333658,0.2532657225609976,0.2532657225609976,0.0,0.0002749127702553608,0.9321993764602231,0.9321993764602231,0.0,0.09028961993041167,0.006566934804973655,0.0,0.0,0.0,1601129.5541022823,267.5006671604583,0.0,1.0,1281469.4740543538,2610.4655620301487,,,,,,,,,,,,,,,,,14.0,14561.403508771931
60.0,-30.134038469797883,5.008314956877907,34.86758610148229,27.169576787296705,4.983323348511891,-26.612302162542683,-40.10570008596403,0.9327555381684715,-5.809944463421061,-5.809944463453145,38.51205869785309,37695.02741717628,22285.614405881963,22285.614405881963,59980.64182305824,80394.54138191754,77775.24072332418,22285.614405881963,100060.85512920615,100060.85512920615,100060.85512920615,125314.77953509976,121341.95313671035,3972.826398389412,0.0,95072.25804406138,50480.45606327976,49546.44664531291,25253.924405893613,74800.37105120653,19167.077961576557,1450.0,0.0,0.8881925360922323,2.7996460957502247,0.0014957518510113484,1.0,1.0,-5.809944463421061,343597.5857193981,1491371.3195846288,4.340459251080332,1491371.3195846288,4.340459251080332,0.7589742351926679,0.09121801753669126,3.605143101213869,101325.0,128351.07116782667,1.2667265844345095,1.0,0.0,3.605143101213869,1.2873820123829214,1.2876813941610188,2.8003677747064466,5933.643279681289,14561.403508771931,6440.772614373764,0.00042284999078779685,26371.285514866275,2689.1227396579134,19251.900360866533,1963.1474928611233,0.7300326846036257,0.7300326846036257,32568.998695679944,32395.05729023726,1.0067162249571169,0.8,4310.921488485527,4287.898129693729,1.0067162249571169,0.8,17904.69674963203,17904.69674963203,1.0,0.8,3099.015535412006,3099.015535412006,7.191191573978074,5.008314956877907,-1.327325243799268,6.335640200677175,3.5,3.5,1.0,0.6,0.00023253874134223723,1.0101743434760706,0.00023019664164312218,199.03296406670214,0.0,5.926295926162068e-06,16.795122654743302,0.00017778887778486204,7.791764182036566e-05,0.00015462109952187156,0.0005574311902433783,0.09049998987062516,0.09049998987062516,0.09049998987062516,0.08988486191379888,0.0,0.0,0.0,0.0,0.0,0.0,1.0,1.0,0.0,1.0,1.0,485229.1388271937,596.3895931423395,0.0,0.09049998987062516,0.0912180175366913,0.0912180175366912,0.375,0.375,0.5,8.953662792640669,3.205968823749572e-11,3.205968823749572e-11,3.205968823749572e-11,3.205968823749572e-11,3.205968823749572e-11,3.205968823749572e-11,25253.924405893613,19167.077961576557,0.7589742351926679,0.7608018328140232,4.065908891524068,0.8018762605067419,0.5039417169651628,37569.03399132045,20600.0,0.0,0.0,0.0,0.0,0.0,0.0,0.0,0.0,0.0,0.0,0.0,0.0,0.0,0.0,0.0,0.0,0.0,0.0,0.0,0.0,37585.8291139752,20600.0,1.0,0.0,0.0,6.0,0.9,152975.75209065224,25495.958681775373,260.5773063776301,260.5773063776301,-12.572693622369854,244.78409974997442,276.3704960820374,114467.2374655855,114557.79701244282,-90.55954685735387,0.0,nan,276.3704960820374,3.220496082037414,270.0532257253299,-3.0967742746700537,263.7359504502978,-9.414049549702156,257.4186787791159,-15.73132122088407,251.10138747902528,-22.0486125209747,244.78409974997442,-28.36590025002556,1.0,1.0,25762.5980482374,25762.5980482374,276.40921230880434,3.259212308804365,276.40921230880434,276.40921230880434,78508.05202910565,77775.24072332418,732.8113057814626,0.0,8575.796259387458,8575.796259387458,0.9062320873966565,3623.168816719938,276.40921230880434,3.259212308804365,1.0,0.002,0.36643544694427116,0.004901353040828644,0.0005668303833902946,0.0017507044979125374,0.2834151916951473,0.2834151916951473,0.0,0.0003175348813028319,0.9853573809481504,0.9853573809481504,0.0,0.08988234685523655,0.0013356706814547066,0.0,0.0,0.0,1600943.058194856,267.3400555365789,0.0,1.0,1282020.1546528242,2608.223389358456,,,,,,,,,,,,,,,,,11.0,14561.403508771931
90.0,-30.214546089821383,4.7821904431971936,34.85401542994661,27.482619077805452,5.078154774363176,-26.682479047369846,-40.17417373890055,1.1726093612212605,-5.826272813176615,-5.826272813206508,38.22404487394189,37532.506140289195,21853.43430819162,21853.43430819162,59385.94044848082,80957.95606698764,78495.18436846873,21853.43430819162,100348.61867666035,100348.61867666035,100348.61867666035,125488.33523896012,121631.67148586894,3856.6637530911894,0.0,95070.54405703486,50315.19263070796,49728.16825147433,25139.716562299767,74867.8848137741,19062.168885606585,1450.0,0.0,0.8891523404834787,2.7979520706664704,0.0014957518510113484,1.0,1.0,-5.826272813176615,343377.46959873196,1479373.1182983269,4.308299901059641,1479373.1182983269,4.308299901059641,0.7582491568020602,0.09014046192323114,3.5950651759894985,101325.0,128351.07116782667,1.2667265844345095,1.0,0.0,3.5950651759894985,1.2862612325756275,1.2865573410065485,2.794972813407965,5922.212004067416,14561.403508771931,6446.3857129138205,0.0004255529304686004,26444.734491042385,2696.6124508412545,19268.67828803132,1964.8583652961327,0.728639506460471,0.728639506460471,32496.142827084142,32395.05729023726,1.0039020202078346,0.8,4301.278087028007,4287.898129693729,1.0039020202078346,0.8,17904.69674963203,17904.69674963203,1.0,0.8,3099.015535412006,3099.015535412006,7.0517343519177516,4.7821904431971936,-1.4305840580655271,6.212774501262721,3.5,3.5,1.0,0.6,0.00023019664164312218,1.0084265659369631,0.00022827308345376517,199.09953816590124,0.0,1.5538501508486665e-05,44.03611327505121,0.0006439439230394619,7.731549001002655e-05,0.00015288115163309562,0.0005496177043013121,0.09004934588622096,0.09004934588622096,0.09004934588622096,0.08992754708332902,0.0,0.0,0.0,0.0,0.0,0.0,1.0,1.0,0.0,1.0,1.0,484579.44694607495,596.5869296239938,0.0,0.09004934588622096,0.09014046192323119,0.09014046192323107,0.375,0.375,0.5,8.799690404605052,2.9899638320785016e-11,2.9899638320785016e-11,2.9899638320785016e-11,2.9899638320785016e-11,2.9899638320785016e-11,2.9899638320785016e-11,25139.716562299767,19062.168885606585,0.7582491568020602,0.7547534417613792,4.089600219652362,0.793209806797628,0.501316502177767,37569.03399132045,20600.0,0.0,0.0,0.0,0.0,0.0,0.0,0.0,0.0,0.0,0.0,0.0,0.0,0.0,0.0,0.0,0.0,0.0,0.0,0.0,0.0,37613.0701045955,20600.0,1.0,0.0,0.0,6.0,0.9,152975.75209065224,25495.958681775373,260.5808191536253,260.5808191536253,-12.56918084637465,244.71120946583468,276.4503640732454,114779.30743106182,114745.81632572907,33.49110533275842,0.0,nan,276.4503640732454,3.3003640732454187,270.1025739458636,-3.0474260541363947,263.7547615980139,-9.395238401986092,257.4069291233236,-15.74307087667637,251.05907671547095,-22.090923284529026,244.71120946583468,-28.438790534165292,1.0,1.0,25762.5980482374,25762.5980482374,276.47683460612427,3.3268346061242937,276.47683460612427,276.47683460612427,79146.27555560411,78495.18436846873,651.0911871353746,0.0,8575.796259387458,8575.796259387458,0.906852191335801,3613.040501869446,276.47683460612427,3.3268346061242937,1.0,0.002,0.37325609553409167,0.004753235691032413,0.0005773616349625145,0.0016988266930264436,0.28868081748125723,0.28868081748125723,0.0,0.00027618832798895817,0.99758406673487,0.99758406673487,0.0,0.08992268858273661,0.00021777334049451915,0.0,0.0,0.0,1600924.0776155696,267.32372718682336,0.0,1.0,1282076.110752306,2607.9957099494554,,,,,,,,,,,,,,,,,12.0,14561.403508771931
120.0,-30.222725668649627,4.727858952935487,34.854342769915995,27.540164859406673,5.108315024256967,-26.68373793456331,-40.17796543249858,1.2167034483130659,-5.801685918511964,-5.801706695459842,38.21790299111075,37495.74875499454,21690.905235694376,21690.905235694376,59186.65399068892,81015.33596609707,78813.37522264862,21690.905235694376,100504.280458343,100504.280458343,100504.280458343,125649.61129810913,121797.72951415603,3851.881783953103,0.0,95070.36137497789,50279.21779652991,49767.93730938664,25145.330839766128,74913.26814915276,19066.20207132192,1450.0,0.0,0.8892985197271915,2.8005007665038377,0.0014957518510113484,1.0,1.0,-5.784248571447847,343708.6779112931,1479118.055058881,4.303406198666368,1479118.055058881,4.303406198666368,0.7582402551319644,0.09002108924042704,3.5932339305918197,101325.0,128351.07116782667,1.2667265844345095,1.0,0.0,3.5932339305918197,1.286058490717499,1.2863520785383646,2.793989508663121,5920.128499306426,14561.403508771931,6447.40197161696,0.0004260438569743977,26458.160868841464,2697.981560353583,19271.71595330303,1965.1681209488493,0.72838456341833,0.72838456341833,32482.899908600346,32395.05729023726,1.0033906550825222,0.8,4299.52521822183,4287.898129693729,1.0033906550825222,0.8,17904.69674963203,17904.69674963203,1.0,0.8,3099.015535412006,3099.015535412006,6.9992889638130285,4.727858952935487,-1.438709699713944,6.166568652649431,3.5,3.5,1.0,0.6,0.00022827308345376517,1.0008532263218315,0.0002280784808904261,199.10630430182835,0.0,1.2765984904540632e-05,36.17880121946815,0.0010269234701756808,7.728227220998785e-05,0.00015099081124377733,0.0005425453061687255,0.090026913125374,0.090026913125374,0.090026913125374,0.09002426123212444,0.0,0.0,0.0,0.0,0.0,0.0,1.0,1.0,0.0,1.0,1.0,484545.6090721694,596.5976233118646,0.0,0.090026913125374,0.09002108924042711,0.09002108924042698,0.375,0.375,0.5,8.800557259173015,0.01745812401202329,0.01745812401202329,3.8824055081931874e-11,2.0776947906142595e-05,0.01745812401202329,3.8824055081931874e-11,25145.330839766128,19066.20207132192,0.7582402551319644,0.7534117502579827,4.084505463708852,0.7900690418798435,0.5005221328795894,37569.03399132045,20600.0,0.0,0.0,0.0,0.0,0.0,0.0,0.0,0.0,0.0,0.0,0.0,0.0,0.0,0.0,0.0,0.0,0.0,0.0,0.0,0.0,37605.21279253992,20600.0,1.0,0.0,0.0,6.0,0.9,152975.75209065224,25495.958681775373,260.5908276767272,260.5908276767272,-12.559172323272776,244.69647989653706,276.4850831762751,114862.14564155972,114795.27820399821,66.86743756150165,0.0,nan,276.4850831762751,3.335083176275134,270.12742347743665,-3.0225765225633268,263.7697276584768,-9.380272341523153,257.4120133315346,-15.737986668465396,251.05423852010324,-22.095761479896737,244.69647989653706,-28.45352010346292,1.0,1.0,25762.5980482374,25762.5980482374,276.5385040836705,3.3885040836705116,276.5385040836705,276.5385040836705,79102.2771911939,78813.37522264862,288.9019685452804,0.0,8575.796259387458,8575.796259387458,0.9069648002248178,3611.2001002447787,276.5385040836705,3.3885040836705116,1.0,0.002,0.3732533173600258,0.004753084082864653,0.0005773866001746546,0.0016972263066994744,0.2886933000873273,0.2886933000873273,0.0,0.0002746129068741292,1.0,1.0000355627571629,0.017458123973199235,0.09002108924042704,0.0,3.1975729551175215e-06,4.099262699876573,0.0,1600952.6870539594,267.348314081488,2.0776909082087514e-05,1.0,1281991.922441035,2608.3382739826543,,,,,,,,,,,,,,,,,10.0,14561.403508771931
150.0,-30.222731565224496,4.726153406026247,34.85435115091203,27.55060245925563,5.107744892759921,-26.683826150142593,-40.178312024194724,1.2246988887478547,-5.800315877958155,-5.800367471795065,38.21768152951325,37493.51144103233,21684.633008311903,21684.633008311903,59178.14444934423,81047.53385114188,78826.63546956604,21684.633008311903,100511.26847787795,100511.26847787795,100511.26847787795,125656.94812879417,121805.0330130127,3851.915115781472,0.0,95070.31598653796,50273.505585391395,49774.233779051734,25145.67965091623,74919.91342996797,19066.461272851193,1450.0,0.0,0.8893060750230041,2.8006393570340333,0.0014957518510113484,1.0,1.0,-5.754269760777163,343726.7409651667,1479108.858710047,4.303153297170848,1479108.858710047,4.303153297170848,0.75824004511075,0.09002107473096085,3.592900173549904,101325.0,128351.07116782667,1.2667265844345095,1.0,0.0,3.592900173549904,1.2860214164552501,1.286314745536526,2.7938105287960626,5919.749262445125,14561.403508771931,6447.586725761252,0.00042613315782716527,26460.606026970505,2698.230897092331,19272.26819580407,1965.2244340120296,0.7283381255954766,0.7283381255954766,32480.48615040933,32395.05729023726,1.0032974552788372,0.8,4299.205726604943,4287.898129693729,1.0032974552788372,0.8,17904.69674963203,17904.69674963203,1.0,0.8,3099.015535412006,3099.015535412006,6.997265021915737,4.726153406026247,-1.4386320974028646,6.164785503429112,3.5,3.5,1.0,0.6,0.0002280784808904261,1.0000006148407186,0.00022807834065857526,199.10630917961336,0.0,1.2915532398034261e-06,3.6602618816029096,0.0010656700673697837,7.7279236490623e-05,0.0001507992443998031,0.0005418066313752469,0.09002586755203068,0.09002586755203068,0.09002586755203068,0.09002948119711866,0.0,0.0,0.0,0.0,0.0,0.0,1.0,1.0,0.0,1.0,1.0,484544.14213993057,596.5980889991723,0.0,0.09002586755203068,0.09002107473096092,0.0900210747309608,0.375,0.375,0.5,8.80063977528833,0.04609771101792148,0.04609771101792148,3.922195901395753e-12,5.1593836928987e-05,0.04609771101792148,3.922195901395753e-12,25145.67965091623,19066.461272851193,0.75824004511075,0.7532714939915772,4.085479823398233,0.7898853821375742,0.5004478745971818,37569.03399132045,20600.0,0.0,0.0,0.0,0.0,0.0,0.0,0.0,0.0,0.0,0.0,0.0,0.0,0.0,0.0,0.0,0.0,0.0,0.0,0.0,0.0,37572.694253202055,20600.0,1.0,0.0,0.0,6.0,0.9,152975.75209065224,25495.958681775373,260.5911527646162,260.5911527646162,-12.55884723538378,244.69589851801288,276.4862702406116,114839.22507311645,114793.1997973485,46.02527576794847,0.0,nan,276.4862702406116,3.3362702406116114,270.12828825649086,-3.0217117435091154,263.77025260274587,-9.379747397254107,257.41217847267217,-15.73782152732781,251.05402849716367,-22.095971502836306,244.69589851801288,-28.454101481987095,1.0,1.0,25762.5980482374,25762.5980482374,276.54138954823424,3.391389548234258,276.54138954823424,276.54138954823424,79121.45268003593,78826.63546956604,294.8172104698897,0.0,8575.796259387458,8575.796259387458,0.906985321652909,3610.8646744176535,276.54138954823424,3.391389548234258,1.0,0.002,0.3732531210048084,0.004753083033591584,0.0005773878918360159,0.001697141689759085,0.28869394591800795,0.28869394591800795,0.0,0.000274529581595101,1.0,1.0000938965913286,0.04609771101399929,0.09002107473096085,0.0,8.443195486801282e-06,10.824069660514278,0.0,1600954.3239620812,267.3496841220418,5.15938330067911e-05,1.0,1281987.332572705,2608.3569520996225,,,,,,,,,,,,,,,,,9.0,14561.403508771931
180.0,-30.22272704755482,4.724507802534833,34.854360564315414,27.56056770393627,5.107525783576225,-26.68384017028031,-40.17832550508899,1.2322958575014011,-5.7990197401336445,-5.799096090819711,38.21747888407334,37490.201553155275,21678.624020310363,21678.624020310363,59168.82557346564,81077.01145286765,78839.2373336367,21678.624020310363,100517.86135394707,100517.86135394707,100517.86135394707,125663.87500749642,121811.91907717273,3851.955930323689,0.0,95070.30742268384,50268.976599300615,49779.2564704258,25146.01365354935,74925.27012397515,19066.70997329146,1450.0,0.0,0.8893132197643175,2.800770993134042,0.0014957518510113484,1.0,1.0,-5.726663914078074,343743.8896670298,1479100.443754014,4.302914141068097,1479100.443754014,4.302914141068097,0.7582398640191703,0.09002120494715615,3.592576665105592,101325.0,128351.07116782667,1.2667265844345095,1.0,0.0,3.592576665105592,1.2859858099852435,1.2862791307646813,2.793636319476042,5919.380133800547,14561.403508771931,6447.766489312427,0.000426220061606316,26462.98639806189,2698.4736273918097,19272.80552108831,1965.279225942428,0.7282929156665334,0.7282929156665334,32478.14646811294,32395.05729023726,1.003207117339217,0.8,4298.896039875486,4287.898129693729,1.003207117339217,0.8,17904.69674963203,17904.69674963203,1.0,0.8,3099.015535412006,3099.015535412006,6.995326022923032,4.724507802534833,-1.4385693887403228,6.163077191275156,3.5,3.5,1.0,0.6,0.00022807834065857526,0.9999995289391146,0.00022807844809741098,199.10630547687333,0.0,9.30701541698487e-10,0.002637608169173512,0.0010656979884160346,7.727911841670415e-05,0.0001507992222418711,0.0005417577669422183,0.09002488734479697,0.09002488734479697,0.09002488734479697,0.09003443611377482,0.0,0.0,0.0,0.0,0.0,0.0,1.0,1.0,0.0,1.0,1.0,484542.75346881046,596.5985301699986,0.0,0.09002488734479697,0.09002120494715621,0.09002120494715608,0.375,0.375,0.5,8.8007249114478,0.0724321767416427,0.0724321767416427,-5.343281372915953e-12,7.635068607214635e-05,0.0724321767416427,-5.343281372915953e-12,25146.01365354935,19066.70997329146,0.7582398640191703,0.7531289981285371,4.086358851502258,0.7897045346057733,0.5003679198102601,37569.03399132045,20600.0,0.0,0.0,0.0,0.0,0.0,0.0,0.0,0.0,0.0,0.0,0.0,0.0,0.0,0.0,0.0,0.0,0.0,0.0,0.0,0.0,37569.03662892862,20600.0,1.0,0.0,0.0,6.0,0.9,152975.75209065224,25495.958681775373,260.59137755704097,260.59137755704097,-12.558622442959006,244.69546351581218,276.4871346735288,114822.51562609247,114787.7795590722,34.736067020311374,0.0,nan,276.4871346735288,3.3371346735287943,270.1289077229523,-3.0210922770476714,263.7706184288864,-9.379381571113584,257.41228037551787,-15.73771962448211,251.05386062554834,-22.09613937445164,244.69546351581218,-28.4545364841878,1.0,1.0,25762.5980482374,25762.5980482374,276.54413039789677,3.394130397896788,276.54413039789677,276.54413039789677,79139.72180700256,78839.2373336367,300.4844733658538,0.0,8575.796259387458,8575.796259387458,0.907005212252164,3610.5395484311202,276.54413039789677,3.394130397896788,1.0,0.002,0.3732528223263992,0.0047530820381731535,0.0005773889444053163,0.001697061364327756,0.28869447220265815,0.28869447220265815,0.0,0.0002744503087330724,1.0,1.00014752915701,0.07243217674698599,0.09002120494715615,0.0,1.32667357051153e-05,17.007729310258707,0.0,1600955.8661752262,267.35098025986633,7.635069141542772e-05,1.0,1281982.9751866527,2608.374684324294,,,,,,,,,,,,,,,,,9.0,14561.403508771931
210.0,-30.222727696886086,4.721979374941449,34.85437709376948,27.5723673979752,5.107557353689854,-26.683861171224738,-40.1783436658792,1.241309967603628,-5.7970274425443336,-5.797124878382979,38.21717704584505,37486.28567025461,21669.354761848317,21669.354761848317,59155.640432102926,81110.89200695061,78858.2771273028,21669.354761848317,100527.63188915112,100527.63188915112,100527.63188915112,125674.16804361028,121822.02850938213,3852.1395342281394,0.0,95070.26997880689,50263.630338223265,49785.15515620402,25146.53615445916,74931.69131066318,19067.09983761264,1450.0,0.0,0.8893242519854655,2.8009753337385495,0.0014957518510113484,1.0,1.0,-5.698688675951871,343770.4791981319,1479087.9098331782,4.3025448644783335,1479087.9098331782,4.3025448644783335,0.7582396128236345,0.09002412501933921,3.5921951921561384,101325.0,128351.07116782667,1.2667265844345095,1.0,0.0,3.5921951921561384,1.2859435636849417,1.2862368748284119,2.793431448781863,5918.946037383391,14561.403508771931,6447.977808374147,0.0004263222394653115,26465.78620961379,2698.7591287150854,19273.43716790526,1965.3436359924399,0.728239736210977,0.728239736210977,32475.387519972235,32395.05729023726,1.0031005931328774,0.8,4298.530857975468,4287.898129693729,1.0031005931328774,0.8,17904.69674963203,17904.69674963203,1.0,0.8,3099.015535412006,3099.015535412006,6.992334989688084,4.721979374941449,-1.4384626326913352,6.160442007632784,3.5,3.5,1.0,0.6,0.00022807834065857526,0.9999995966453672,0.00022807843265506772,199.10630600907356,0.0,0.0,0.0,0.0010656979884160346,7.727895935365789e-05,0.00015079938130491737,0.0005417008125036444,0.0900233874929202,0.0900233874929202,0.0900233874929202,0.0900421218970855,0.0,0.0,0.0,0.0,0.0,0.0,1.0,1.0,0.0,1.0,1.0,484540.61662901146,596.599209496295,0.0,0.0900233874929202,0.09002412501933926,0.09002412501933914,0.375,0.375,0.5,8.800865931991888,0.09843620243111673,0.09843620243111673,7.389644451905042e-12,9.743583865429173e-05,0.09843620243111673,7.389644451905042e-12,25146.53615445916,19067.09983761264,0.7582396128236345,0.752961109644814,4.087252659272248,0.789460899619181,0.5002727819773649,37569.03399132045,20600.0,0.0,0.0,0.0,0.0,0.0,0.0,0.0,0.0,0.0,0.0,0.0,0.0,0.0,0.0,0.0,0.0,0.0,0.0,0.0,0.0,37569.03399132045,20600.0,1.0,0.0,0.0,6.0,0.9,152975.75209065224,25495.958681775373,260.5916355454185,260.5916355454185,-12.558364454581465,244.69497775891134,276.4881287006788,114806.3075581623,114779.81613583611,26.49142232619996,0.0,nan,276.4881287006788,3.338128700678851,270.1296123995836,-3.0203876004163703,263.7710294616371,-9.378970538362864,257.4123917986535,-15.737608201346461,251.0536731530467,-22.096326846953275,244.69497775891134,-28.455022241088642,1.0,1.0,25762.5980482374,25762.5980482374,276.5483217882727,3.3983217882727104,276.5483217882727,276.5483217882727,79158.27816950151,78858.2771273028,300.0010421987099,0.0,8575.796259387458,8575.796259387458,0.9070286658786584,3610.156168116919,276.5483217882727,3.3983217882727104,1.0,0.002,0.373252244038166,0.004753080601519434,0.0005773903981763632,0.0016969368709473297,0.2886951990881816,0.2886951990881816,0.0,0.00027432726912369294,1.0,1.0002004841282908,0.09843620242372708,0.09002412501933921,0.0,1.8030523852787434e-05,23.11470279928021,0.0,1600958.2120764675,267.35297255745564,9.743583126464728e-05,1.0,1281976.2192159928,2608.402177842024,,,,,,,,,,,,,,,,,10.0,14561.403508771931
240.0,-30.222745814179753,4.720347299990488,34.85438964525094,27.58185400106015,5.107736742061634,-26.68387479544274,-40.17835700707508,1.2485564460413838,-5.795795382021538,-5.795900043014937,38.21700250900966,37483.065649506956,21663.469526591172,21663.469526591172,59146.53517609813,81137.5686081797,78870.04341327414,21663.469526591172,100533.51293986531,100533.51293986531,100533.51293986531,125680.37867572207,121828.07335081343,3852.3053249086424,0.0,95070.24068216105,50259.33910231877,49789.890644269195,25146.86573585676,74936.75638012595,19067.34660969659,1450.0,0.0,0.8893310595568563,2.8011023891296287,0.0014957518510113484,1.0,1.0,-5.687457291344344,343787.0017205993,1479080.6621762896,4.302317000857292,1479080.6621762896,4.302317000857292,0.7582394883712517,0.0900270658601067,3.591888500139451,101325.0,128351.07116782667,1.2667265844345095,1.0,0.0,3.591888500139451,1.2859096037311173,1.2862029071286543,2.7932667193070535,5918.596995393265,14561.403508771931,6448.147657399194,0.00042640438050802653,26468.03782424483,2698.9887295095505,19273.944858007424,1965.3954059752743,0.7281969666958996,0.7281969666958996,32473.169371659762,32395.05729023726,1.003014951087445,0.8,4298.237257815566,4287.898129693729,1.003014951087445,0.8,17904.69674963203,17904.69674963203,1.0,0.8,3099.015535412006,3099.015535412006,6.990435923616972,4.720347299990488,-1.4384215775052258,6.158768877495714,3.5,3.5,1.0,0.6,0.00022807834065857526,1.0000014857510469,0.00022807800179144532,199.1063209666842,0.0,0.0,0.0,0.0010656979884160346,7.72788425036897e-05,0.00015079949815488558,0.0005416549832493339,0.09002247635417546,0.09002247635417546,0.09002247635417546,0.09004689559187072,0.0,0.0,0.0,0.0,0.0,0.0,1.0,1.0,0.0,1.0,1.0,484539.31399295473,596.5996240630902,0.0,0.09002247635417546,0.09002706586010677,0.09002706586010664,0.375,0.375,0.5,8.800961394272335,0.10844275167056594,0.10844275167056594,2.5011104298755527e-12,0.00010466099337236301,0.10844275167056594,2.5011104298755527e-12,25146.86573585676,19067.34660969659,0.7582394883712517,0.7528248237641239,4.088025888180073,0.7892860330926258,0.5001959980676168,37569.03399132045,20600.0,0.0,0.0,0.0,0.0,0.0,0.0,0.0,0.0,0.0,0.0,0.0,0.0,0.0,0.0,0.0,0.0,0.0,0.0,0.0,0.0,37569.03399132045,20600.0,1.0,0.0,0.0,6.0,0.9,152975.75209065224,25495.958681775373,260.59178254592905,260.59178254592905,-12.558217454070927,244.694738338963,276.4886644374941,114796.02047676769,114771.78510586928,24.23537089839256,0.0,nan,276.4886644374941,3.338664437494117,270.12999200752313,-3.020007992476849,263.7712532509172,-9.37874674908278,257.4124592515092,-15.737540748490801,251.05358798916785,-22.096412010832125,244.694738338963,-28.455261661036985,1.0,1.0,25762.5980482374,25762.5980482374,276.5509186578654,3.400918657865418,276.5509186578654,276.5509186578654,79175.72432630514,78870.04341327414,305.68091303099936,0.0,8575.796259387458,8575.796259387458,0.9070475211640563,3609.8479426401486,276.5509186578654,3.400918657865418,1.0,0.002,0.37325180185927004,0.004753079620248339,0.0005773911733404177,0.0016968594894964505,0.28869558667020884,0.28869558667020884,0.0,0.00027425066283686805,1.0,1.00022086107087,0.10844275166806483,0.0900270658601067,0.0,1.9864263915427518e-05,25.465430562870004,0.0,1600959.6543546207,267.35420461797844,0.00010466099087125258,1.0,1281972.0212784908,2608.4192616159908,,,,,,,,,,,,,,,,,9.0,14561.403508771931
270.0,-30.222768115317294,4.718714047310822,34.85440325668878,27.59126212857666,5.1079920129381735,-26.683888245203214,-40.17837045304475,1.2557222004620476,-5.794561043001124,-5.794671214388916,38.21683349005162,37479.83835383234,21657.573639101454,21657.573639101454,59137.41199293379,81163.70238808436,78881.7785608766,21657.573639101454,100539.35219997805,100539.35219997805,100539.35219997805,125686.55088300115,121834.06260317296,3852.4882798281874,0.0,95070.2417363894,50255.058006780295,49794.64858845457,25147.198683023104,74941.84727147767,19067.596290703954,1450.0,0.0,0.8893378670049142,2.801229887013991,0.0014957518510113484,1.0,1.0,-5.678093191595053,343803.5787366525,1479073.6436749909,4.302089143778039,1479073.6436749909,4.302089143778039,0.7582393781131774,0.09003036307673837,3.591582707090106,101325.0,128351.07116782667,1.2667265844345095,1.0,0.0,3.591582707090106,1.2858760245470804,1.2861693198497703,2.7931018531550555,5918.247663800577,14561.403508771931,6448.31758905162,0.000426486574839604,26470.291648501436,2699.2185556231166,19274.452795088353,1965.447201142934,0.7281541530041864,0.7281541530041864,32470.957687410533,32395.05729023726,1.0029295600736594,0.8,4297.944513256704,4287.898129693729,1.0029295600736594,0.8,17904.69674963203,17904.69674963203,1.0,0.8,3099.015535412006,3099.015535412006,6.988533420250228,4.718714047310822,-1.4383786716945668,6.157092719005389,3.5,3.5,1.0,0.6,0.00022807800179144532,1.0000023253604844,0.00022807747142910588,199.10633941471207,0.0,2.249019584631319e-09,0.006373721502845158,0.0010657654590035734,7.727872473621667e-05,0.00015079927705522866,0.000541608075713249,0.09002157200449026,0.09002157200449026,0.09002157200449026,0.09005168356161601,0.0,0.0,0.0,0.0,0.0,0.0,1.0,1.0,0.0,1.0,1.0,484538.01727271307,596.6000369684693,0.0,0.09002157200449026,0.09003036307673842,0.0900303630767383,0.375,0.375,0.5,8.801061162560291,0.11657802279387397,0.11657802279387397,-4.359890226623975e-11,0.00011017138780289315,0.11657802279387397,-4.359890226623975e-11,25147.198683023104,19067.596290703954,0.7582393781131774,0.7526880782631419,4.088776540211636,0.7891106790937227,0.5001189551421279,37569.03399132045,20600.0,0.0,0.0,0.0,0.0,0.0,0.0,0.0,0.0,0.0,0.0,0.0,0.0,0.0,0.0,0.0,0.0,0.0,0.0,0.0,0.0,37569.040365041954,20600.0,1.0,0.0,0.0,6.0,0.9,152975.75209065224,25495.958681775373,260.5919225881391,260.5919225881391,-12.558077411860893,244.69454772889281,276.489140022069,114786.74973059229,114763.31518233632,23.434548255995853,0.0,nan,276.489140022069,3.3391400220690457,270.1303311908019,-3.0196688091980946,263.77145760636864,-9.378542393631335,257.4125296594617,-15.737470340538266,251.0535293212406,-22.096470678759374,244.69454772889281,-28.455452271107163,1.0,1.0,25762.5980482374,25762.5980482374,276.5535158897565,3.403515889756534,276.5535158897565,276.5535158897565,79192.92410912423,78881.7785608766,311.14554824763036,0.0,8575.796259387458,8575.796259387458,0.9070663205792129,3609.5406206255566,276.5535158897565,3.403515889756534,1.0,0.002,0.3732513330158299,0.00475307866721957,0.0005773919120235747,0.0016967818712747234,0.2886959560117874,0.2886959560117874,0.0,0.00027417378329829814,1.0,1.0002374274147012,0.11657802283747287,0.09003036307673837,0.0,2.135545451691088e-05,27.377005250603005,0.0,1600961.096773736,267.35543895699885,0.00011017143140179542,1.0,1281967.8096255832,2608.436401366007,,,,,,,,,,,,,,,,,9.0,14561.403508771931
300.0,-30.22279913129178,4.7170794258885875,34.85441790030565,27.60054306071254,5.108298358778908,-26.683901547818667,-40.17838396886361,1.2628098441350242,-5.793323175337093,-5.793437680318035,38.216669643197726,37476.63728256395,21651.665238785637,21651.665238785637,59128.302521349586,81189.31616492136,78893.50323489898,21651.665238785637,100545.16847368461,100545.16847368461,100545.16847368461,125692.70356846691,121840.0190238873,3852.684544579608,0.0,95070.21541835493,50250.85558728928,49799.28870118405,25147.535094782306,74946.82379596635,19067.84893841411,1450.0,0.0,0.8893446791686402,2.801357894062314,0.0014957518510113484,1.0,1.0,-5.670095680364227,343820.2198621631,1479066.8399708949,4.301861131273344,1479066.8399708949,4.301861131273344,0.7582392813667996,0.09003392813234731,3.591282624582136,101325.0,128351.07116782667,1.2667265844345095,1.0,0.0,3.591282624582136,1.2858428135235447,1.2861361005691383,2.7929406198111297,5917.906029692269,14561.403508771931,6448.48371990251,0.0004265669436477783,26472.496140405223,2699.4433512366836,19274.949371319137,1965.497837826285,0.7281122743049379,0.7281122743049379,32468.7872687113,32395.05729023726,1.002845763696895,0.8,4297.657230718579,4287.898129693729,1.002845763696895,0.8,17904.69674963203,17904.69674963203,1.0,0.8,3099.015535412006,3099.015535412006,6.9866268792057244,4.7170794258885875,-1.4383335773198382,6.155413003208426,3.5,3.5,1.0,0.6,0.00022807747142910588,1.000003234066866,0.00022807673381369814,199.10636507186396,0.0,3.5199501323166297e-09,0.009975538674985329,0.001065871057507543,7.727860635713216e-05,0.00015079886507197372,0.0005415613439396852,0.09002067351591385,0.09002067351591385,0.09002067351591385,0.09005648843994306,0.0,0.0,0.0,0.0,0.0,0.0,1.0,1.0,0.0,1.0,1.0,484536.7255052818,596.6004485087483,0.0,0.09002067351591385,0.09003392813234738,0.09003392813234726,0.375,0.375,0.5,8.801165090034907,0.12334199995382278,0.12334199995382278,-3.865352482534945e-12,0.00011450498095655348,0.12334199995382278,-3.865352482534945e-12,25147.535094782306,19067.84893841411,0.7582392813667996,0.7525536661264177,4.089505433279812,0.7889367357624016,0.5000430356407037,37569.03399132045,20600.0,0.0,0.0,0.0,0.0,0.0,0.0,0.0,0.0,0.0,0.0,0.0,0.0,0.0,0.0,0.0,0.0,0.0,0.0,0.0,0.0,37569.04396685913,20600.0,1.0,0.0,0.0,6.0,0.9,152975.75209065224,25495.958681775373,260.59206102626075,260.59206102626075,-12.557938973739226,244.69439393013357,276.48957658414037,114778.24280751958,114754.83454350689,23.408264012663363,0.0,nan,276.48957658414037,3.3395765841403886,270.1306455909221,-3.0193544090778914,263.77165204041887,-9.378347959581106,257.4126057224443,-15.737394277555666,251.05349228950539,-22.096507710494592,244.69439393013357,-28.455606069866406,1.0,1.0,25762.5980482374,25762.5980482374,276.5561166057972,3.4061166057971946,276.5561166057972,276.5561166057972,79209.78815495997,78893.50323489898,316.2849200609926,0.0,8575.796259387458,8575.796259387458,0.9070847683392717,3609.2390377050465,276.5561166057972,3.4061166057971946,1.0,0.002,0.3732508435221799,0.004753077741828622,0.0005773926243779987,0.0016967039713144197,0.2886963121889993,0.2886963121889993,0.0,0.0002740965956924183,1.0,1.0002512014798226,0.12334199995768813,0.09003392813234731,0.0,2.259563828081435e-05,28.96678538388224,0.0,1600962.5415659205,267.3566768246629,0.00011450498482190596,1.0,1281963.5818155906,2608.45360703044,,,,,,,,,,,,,,,,,9.0,14561.403508771931
330.0,-30.22283758041416,4.7154425989096245,34.85443356649608,27.609721663780533,5.108640497548844,-26.68391473574925,-40.178397519607074,1.2698236773605067,-5.792080681648656,-5.792198680116161,38.21651080617957,37473.44654951298,21645.741034793115,21645.741034793115,59119.18758430609,81214.5098386297,78905.2344577161,21645.741034793115,100550.97549250921,100550.97549250921,100550.97549250921,125698.85064780206,121845.95905738542,3852.8915904166306,0.0,95070.18299690308,50246.703619972046,49803.865974367814,25147.875155292837,74951.74112966066,19068.10468703246,1450.0,0.0,0.8893515004679262,2.8014864847076226,0.0014957518510113484,1.0,1.0,-5.663129385195305,343836.9353657847,1479060.2443197381,4.30163281541079,1479060.2443197381,4.30163281541079,0.7582391979156626,0.09003770280484069,3.5909862525143486,101325.0,128351.07116782667,1.2667265844345095,1.0,0.0,3.5909862525143486,1.2858099504868836,1.2861032290882861,2.7927815079939218,5917.568890844501,14561.403508771931,6448.647610163656,0.00042664624101580387,26474.67194571868,2699.6652216321254,19275.43925027724,1965.5477915778824,0.7280709385105089,0.7280709385105089,32466.643651058705,32395.05729023726,1.0027630034399817,0.8,4297.373495640076,4287.898129693729,1.0027630034399817,0.8,17904.69674963203,17904.69674963203,1.0,0.8,3099.015535412006,3099.015535412006,6.984715238581523,4.7154425989096245,-1.4382861956299955,6.15372879453962,3.5,3.5,1.0,0.6,0.00022807673381369814,1.0000040091313804,0.00022807581942777333,199.10639687790083,0.0,4.895464088571362e-09,0.01387374522701124,0.0010660179214302,7.727848767232687e-05,0.00015079824614137128,0.0005415144287969391,0.09001978022276952,0.09001978022276952,0.09001978022276952,0.09006131306772906,0.0,0.0,0.0,0.0,0.0,0.0,1.0,1.0,0.0,1.0,1.0,484535.4383132687,596.6008587987877,0.0,0.09001978022276952,0.09003770280484075,0.09003770280484062,0.375,0.375,0.5,8.801273092313194,0.12906929492083918,0.12906929492083918,2.3533175408374518e-11,0.00011799846748772325,0.12906929492083918,2.3533175408374518e-11,25147.875155292837,19068.10468703246,0.7582391979156626,0.7524204359717609,4.090216379644066,0.7887633655105425,0.49996765898589124,37569.03399132045,20600.0,0.0,0.0,0.0,0.0,0.0,0.0,0.0,0.0,0.0,0.0,0.0,0.0,0.0,0.0,0.0,0.0,0.0,0.0,0.0,0.0,37569.04786506568,20600.0,1.0,0.0,0.0,6.0,0.9,152975.75209065224,25495.958681775373,260.5922008305528,260.5922008305528,-12.55779916944715,244.6942677852755,276.48998832494215,114770.21247595096,114746.39489873884,23.817577212116134,0.0,nan,276.48998832494215,3.339988324942169,270.13094541234125,-3.0190545876587294,263.77184236808216,-9.378157631917816,257.4126884476984,-15.737311552301605,251.05347264497735,-22.09652735502263,244.6942677852755,-28.455732214724463,1.0,1.0,25762.5980482374,25762.5980482374,276.5587235516058,3.408723551605817,276.5587235516058,276.5587235516058,79226.35566924856,78905.2344577161,321.1212115324597,0.0,8575.796259387458,8575.796259387458,0.9071029874287181,3608.9411837769203,276.5587235516058,3.408723551605817,1.0,0.002,0.3732503373037183,0.0047530768420110635,0.0005773933173820435,0.0016966257411013472,0.2886966586910218,0.2886966586910218,0.0,0.0002740190584833908,1.0,1.000262864725225,0.129069294897306,0.09003770280484069,0.0,2.364607640879634e-05,30.31330839408581,0.0,1600963.9904943097,267.3579193183513,0.00011799844395454784,1.0,1281959.3352413112,2608.4708892216972,,,,,,,,,,,,,,,,,9.0,14561.403508771931
360.0,-30.222882160329522,4.713803002841832,34.85445024741252,27.61882832217964,5.109008758248514,-26.6839342253527,-40.17841588994486,1.276766400457908,-5.790832964183892,-5.79095384063592,38.21635688902256,37470.26088443942,21639.799097564166,21639.799097564166,59110.059982003586,81239.36819208578,78916.98262735635,21639.799097564166,100556.78172492053,100556.78172492053,100556.78172492053,125705.00067592875,121851.8931225593,3853.10755336945,0.0,95070.17420962262,50242.55952449108,49808.460761257265,25148.218951008224,74956.6797122655,19068.363598722193,1450.0,0.0,0.8893583331064496,2.801615694690556,0.0014957518510113484,1.0,1.0,-5.6569546615759805,343853.73028991505,1479053.8529861094,4.301404122442027,1479053.8529861094,4.301404122442027,0.758239127624492,0.09004164428847183,3.5906909364242607,101325.0,128351.07116782667,1.2667265844345095,1.0,0.0,3.5906909364242607,1.2857774226690424,1.2860706926754621,2.7926224812461187,5917.231932248592,14561.403508771931,6448.811358615271,0.0004267254821547587,26476.84690576486,2699.8870058342923,19275.928705357164,1965.5977021059348,0.7280296167426256,0.7280296167426256,32464.507635949984,32395.05729023726,1.002680538058987,0.8,4297.0907668550135,4287.898129693729,1.002680538058987,0.8,17904.69674963203,17904.69674963203,1.0,0.8,3099.015535412006,3099.015535412006,6.982797875741275,4.713803002841832,-1.4382365415971634,6.1520395444389955,3.5,3.5,1.0,0.6,0.00022807581942777333,1.0000046483988185,0.0002280747592453319,199.10643375548796,0.0,6.068669561466865e-09,0.017198609537197096,0.001066199981517044,7.727832677515316e-05,0.00015079749265262018,0.0005414671901032673,0.09001889177881563,0.09001889177881563,0.09001889177881563,0.0900661588176894,0.0,0.0,0.0,0.0,0.0,0.0,1.0,1.0,0.0,1.0,1.0,484534.15561761864,596.6012678600276,0.0,0.09001889177881563,0.0900416442884719,0.09004164428847178,0.375,0.375,0.5,8.8013850955677,0.13399917905991288,0.13399917905991288,8.526512829121202e-13,0.00012087645200153929,0.13399917905991288,8.526512829121202e-13,25148.218951008224,19068.363598722193,0.758239127624492,0.7522870675334155,4.090912660259202,0.7885896254864547,0.49989221812219614,37569.03399132045,20600.0,0.0,0.0,0.0,0.0,0.0,0.0,0.0,0.0,0.0,0.0,0.0,0.0,0.0,0.0,0.0,0.0,0.0,0.0,0.0,0.0,37569.05118992999,20600.0,1.0,0.0,0.0,6.0,0.9,152975.75209065224,25495.958681775373,260.5923435687002,260.5923435687002,-12.55765643129979,244.6941624482051,276.4903847332894,114762.44046676058,114737.97351615621,24.466950604372286,0.0,nan,276.4903847332894,3.3403847332893974,270.1312372686738,-3.0187627313262055,263.7720320901862,-9.377967909813776,257.4127779712877,-15.737222028712267,251.0534669005588,-22.09653309944119,244.6941624482051,-28.455837551794872,1.0,1.0,25762.5980482374,25762.5980482374,276.56133831281517,3.4113383128151895,276.56133831281517,276.56133831281517,79242.67672562535,78916.98262735635,325.69409826899937,0.0,8575.796259387458,8575.796259387458,0.9071211410405574,3608.644391106382,276.56133831281517,3.4113383128151895,1.0,0.002,0.37324981727342416,0.004753075965959665,0.0005773939959863676,0.0016965471565871426,0.2886969979931838,0.2886969979931838,0.0,0.00027394115257351,1.0,1.0002729044111067,0.13399917905906022,0.09004164428847183,0.0,2.455057320194898e-05,31.47273175385162,0.0,1600965.4445788427,267.3591670358161,0.00012087645114888801,1.0,1281955.0686235349,2608.4882531479548,,,,,,,,,,,,,,,,,9.0,14561.403508771931
390.0,-30.222931712016145,4.712159739319809,34.854467941436454,27.62783132437619,5.10939703573847,-26.683947249706453,-40.178429580386705,1.2836414468055104,-5.789579771064382,-5.789703063850656,38.21620779707174,37467.084014484986,21633.837374531155,21633.837374531155,59100.92138901614,81263.87305279436,78928.75588767818,21633.837374531155,100562.59326220934,100562.59326220934,100562.59326220934,125711.1597398464,121857.82865207411,3853.331087772281,0.0,95070.14894678071,50238.480601952346,49812.96482758707,25148.566477637047,74961.53130522411,19068.625664805113,1450.0,0.0,0.8893651779178967,2.801745532165915,0.0014957518510113484,1.0,1.0,-5.651397603833573,343870.60596698115,1479047.6620364885,4.301175024475655,1479047.6620364885,4.301175024475655,0.7582390702770903,0.09004572143313305,3.5903999508704367,101325.0,128351.07116782667,1.2667265844345095,1.0,0.0,3.5903999508704367,1.2857452138696115,1.286038475166405,2.7924661217012643,5916.900625135677,14561.403508771931,6448.972307885119,0.00042680338077736663,26478.98569732668,2700.1051018774688,19276.409793495466,1965.6467594433846,0.7279889801610344,0.7279889801610344,32462.402909153094,32395.05729023726,1.0025992819562364,0.8,4296.812179476234,4287.898129693729,1.0025992819562364,0.8,17904.69674963203,17904.69674963203,1.0,0.8,3099.015535412006,3099.015535412006,6.980874128356053,4.712159739319809,-1.4381849300564964,6.150344669376305,3.5,3.5,1.0,0.6,0.0002280747592453319,1.0000051668144387,0.00022807358083146135,199.106474745859,0.0,7.036304834777206e-09,0.019940887901758603,0.0010664110706620873,7.727820686719509e-05,0.0001507965523781368,0.0005414199342498936,0.09001800798291316,0.09001800798291316,0.09001800798291316,0.09007102603703587,0.0,0.0,0.0,0.0,0.0,0.0,1.0,1.0,0.0,1.0,1.0,484532.877098609,596.601675791786,0.0,0.09001800798291316,0.09004572143313312,0.090045721433133,0.375,0.375,0.5,8.801501071256622,0.13830546001707944,0.13830546001707944,-1.921307557495311e-11,0.00012329278627021267,0.13830546001707944,-1.921307557495311e-11,25148.566477637047,19068.625664805113,0.7582390702770903,0.7521552701021968,4.091593471891355,0.7884166766600906,0.49981748454322045,37569.03399132045,20600.0,0.0,0.0,0.0,0.0,0.0,0.0,0.0,0.0,0.0,0.0,0.0,0.0,0.0,0.0,0.0,0.0,0.0,0.0,0.0,0.0,37569.05393220836,20600.0,1.0,0.0,0.0,6.0,0.9,152975.75209065224,25495.958681775373,260.59249006587737,260.59249006587737,-12.557509934122606,244.69407277096875,276.4907723750565,114754.95175238149,114729.70749035662,25.24426202483882,0.0,nan,276.4907723750565,3.340772375056531,270.13152559740695,-3.0184744025930286,263.7722233781131,-9.37777662188688,257.4128740526229,-15.73712594737708,251.05347222109611,-22.096527778903862,244.69407277096875,-28.455927229031232,1.0,1.0,25762.5980482374,25762.5980482374,276.56396193708485,3.4139619370848777,276.56396193708485,276.56396193708485,79258.69886011239,78928.75588767818,329.9429724342044,0.0,8575.796259387458,8575.796259387458,0.9071390278967778,3608.351950624789,276.56396193708485,3.4139619370848777,1.0,0.002,0.37324928548782904,0.004753075111899257,0.0005773946634891565,0.0016964682110319528,0.28869733174457823,0.28869733174457823,0.0,0.0002738628745211093,1.0,1.000281674466439,0.13830546003629252,0.09004572143313305,0.0,2.53409473218409e-05,32.48584722636886,0.0,1600966.9043348227,267.3604202289356,0.00012329280548328825,1.0,1281950.7816256697,2608.5057001814016,,,,,,,,,,,,,,,,,9.0,14561.403508771931
420.0,-30.222985271212277,4.710512249362244,34.85448665180411,27.63676280099901,5.109801435332844,-26.68396023341853,-40.17844327082855,1.29045101843064,-5.788320811389212,-5.78844616289956,38.21606358380301,37463.907248025585,21627.854329259317,21627.854329259317,59091.7615772849,81288.08993438212,78940.56062731314,21627.854329259317,100568.41495657247,100568.41495657247,100568.41495657247,125717.33277257963,121863.77149467377,3853.56127790585,0.0,95070.13958879322,50234.4213694713,49817.46468813546,25148.91781600716,74966.38250414262,19068.890950938163,1450.0,0.0,0.8893720356491015,2.801876015192366,0.0014957518510113484,1.0,1.0,-5.646337067845877,343887.56492817507,1479041.6736899535,4.300945496528404,1479041.6736899535,4.300945496528404,0.7582390260467156,0.09004991315208985,3.590110437633688,101325.0,128351.07116782667,1.2667265844345095,1.0,0.0,3.590110437633688,1.2857133136676493,1.2860065661732518,2.792310229247353,5916.570307732421,14561.403508771931,6449.132724276506,0.0004268810333895057,26481.1184057769,2700.3225776158934,19276.889288824386,1965.6956543594792,0.7279484572154287,0.7279484572154287,32460.308797911242,32395.05729023726,1.002518436989867,0.8,4296.53499720127,4287.898129693729,1.002518436989867,0.8,17904.69674963203,17904.69674963203,1.0,0.8,3099.015535412006,3099.015535412006,6.978943500644293,4.710512249362244,-1.438131483191932,6.148643732554176,3.5,3.5,1.0,0.6,0.00022807358083146135,1.0000055846858436,0.00022807230711927647,199.10651905135703,0.0,7.820994385247448e-09,0.022164698087791267,0.0010666457004936446,7.72780869594091e-05,0.00015079549387205226,0.0005413724764981817,0.09001712881283336,0.09001712881283336,0.09001712881283336,0.09007591538260316,0.0,0.0,0.0,0.0,0.0,0.0,1.0,1.0,0.0,1.0,1.0,484531.6031726388,596.6020824614388,0.0,0.09001712881283336,0.0900499131520899,0.09004991315208978,0.375,0.375,0.5,8.801620986540255,0.14210909505368363,0.14210909505368363,8.526512829121202e-12,0.00012535151034853698,0.14210909505368363,8.526512829121202e-12,25148.91781600716,19068.890950938163,0.7582390260467156,0.7520235620691472,4.092261345660606,0.7882434713188876,0.4997427646446104,37569.03399132045,20600.0,0.0,0.0,0.0,0.0,0.0,0.0,0.0,0.0,0.0,0.0,0.0,0.0,0.0,0.0,0.0,0.0,0.0,0.0,0.0,0.0,37569.05615601854,20600.0,1.0,0.0,0.0,6.0,0.9,152975.75209065224,25495.958681775373,260.5926407020899,260.5926407020899,-12.557359297910068,244.69399489489902,276.4911558578674,114747.6078318352,114721.52104781182,26.0867840233642,0.0,nan,276.4911558578674,3.3411558578674203,270.13181341909217,-3.018186580907809,263.77241759014436,-9.37758240985562,257.41297630807327,-15.737023691926709,251.05348614246304,-22.096513857536934,244.69399489489902,-28.456005105100957,1.0,1.0,25762.5980482374,25762.5980482374,276.56659535623646,3.416595356236485,276.56659535623646,276.56659535623646,79274.47656653619,78940.56062731314,333.9159392230504,0.0,8575.796259387458,8575.796259387458,0.9071568237079313,3608.0609898218563,276.56659535623646,3.416595356236485,1.0,0.002,0.3732487433977647,0.004753074277807549,0.0005773953223574724,0.0016963888920252161,0.2886976611787362,0.2886976611787362,0.0,0.0002737842143826887,1.0,1.000289421192061,0.14210909504515712,0.09004991315208985,0.0,2.6039341017952286e-05,33.38104139300531,0.0,1600968.370250701,267.36167918861076,0.00012535150182202415,1.0,1281946.4736066647,2608.5232329333844,,,,,,,,,,,,,,,,,9.0,14561.403508771931
450.0,-30.22307068320246,4.707966067866629,34.85451714611967,27.647363568563037,5.110443124150743,-26.683980178956386,-40.178461850713916,1.2985472420341724,-5.7863543605975565,-5.786482753578165,38.21584622693994,37460.07348364211,21618.564572176274,21618.564572176274,59078.63805581839,81316.27000370967,78958.93544328865,21618.564572176274,100577.50001546492,100577.50001546492,100577.50001546492,125726.96962342436,121873.04626448939,3853.9233589349724,0.0,95070.10808252692,50229.6134285912,49822.77183770635,25149.469607959443,74972.2414456658,19069.308071598884,1450.0,0.0,0.8893827188472545,2.8020798551565793,0.0014957518510113484,1.0,1.0,-5.638495437796337,343914.0578941203,1479032.648145639,4.300587935259641,1479032.648145639,4.300587935259641,0.7582389755672511,0.09005646729162531,3.5897680032030963,101325.0,128351.07116782667,1.2667265844345095,1.0,0.0,3.5897680032030963,1.2856753877969378,1.2859686300145352,2.7921262530772437,5916.180484304494,14561.403508771931,6449.321972507627,0.0004269726578780204,26483.635710635695,2700.5792712736456,19277.454964451696,1965.7533372203247,0.727900624184691,0.727900624184691,32457.83185274087,32395.05729023726,1.0024228140734992,0.8,4296.207141983475,4287.898129693729,1.0024228140734992,0.8,17904.69674963203,17904.69674963203,1.0,0.8,3099.015535412006,3099.015535412006,6.975945852850376,4.707966067866629,-1.4380366534343727,6.146002721301001,3.5,3.5,1.0,0.6,0.00022807230711927647,1.0000089060372463,0.00022807027591690435,199.10658970631403,0.0,8.453479980141677e-09,0.023957162263721514,0.0010668993048930488,7.727792422768864e-05,0.00015079438289158784,0.0005413168507669785,0.09001576810479532,0.09001576810479532,0.09001576810479532,0.09008355059427266,0.0,0.0,0.0,0.0,0.0,0.0,1.0,1.0,0.0,1.0,1.0,484529.6274453815,596.6027134589237,0.0,0.09001576810479532,0.09005646729162538,0.09005646729162525,0.375,0.375,0.5,8.801813284878866,0.14798731578184743,0.14798731578184743,1.5347723092418164e-11,0.00012839298062772286,0.14798731578184743,1.5347723092418164e-11,25149.469607959443,19069.308071598884,0.7582389755672511,0.7518665080631256,4.092922681093384,0.7880068264816933,0.4996525748905391,37569.03399132045,20600.0,0.0,0.0,0.0,0.0,0.0,0.0,0.0,0.0,0.0,0.0,0.0,0.0,0.0,0.0,0.0,0.0,0.0,0.0,0.0,0.0,37569.05794848272,20600.0,1.0,0.0,0.0,6.0,0.9,152975.75209065224,25495.958681775373,260.5928776645707,260.5928776645707,-12.557122335429256,244.69389298546787,276.49173712877797,114739.72487554997,114712.23833167551,27.486543874436332,0.0,nan,276.49173712877797,3.341737128777993,270.13225370733295,-3.0177462926670273,263.77271960234856,-9.377280397651418,257.41314221182733,-15.736857788172642,251.0535203516694,-22.096479648330586,244.69389298546787,-28.45610701453211,1.0,1.0,25762.5980482374,25762.5980482374,276.57070140227864,3.4207014022786666,276.57070140227864,276.57070140227864,79290.01051339165,78958.93544328865,331.0750701030047,0.0,8575.796259387458,8575.796259387458,0.9071778717829982,3607.716843219112,276.57070140227864,3.4207014022786666,1.0,0.002,0.3732478951919388,0.004753073055873369,0.0005773963494237383,0.0016962650254106616,0.28869817471186915,0.28869817471186915,0.0,0.00027366137483439976,1.0,1.0003013932237583,0.1479873157664997,0.09005646729162531,0.0,2.7118836727060238e-05,34.76471461076138,0.0,1600970.6596621098,267.3636456394024,0.00012839296527999977,1.0,1281939.7439740396,2608.5506214913676,,,,,,,,,,,,,,,,,10.0,14561.403508771931
480.0,-30.223133503195722,4.706294097123339,34.854539017924395,27.656132960133277,5.110884787603686,-26.684000739366642,-40.178484621550865,1.3052314112501378,-5.785097487747123,-5.785226584711489,38.21572091805409,37456.94876529418,21612.532604579745,21612.532604579745,59069.48136987393,81339.87468337527,78970.70341078806,21612.532604579745,100583.2360153678,100583.2360153678,100583.2360153678,125733.0638601167,121878.88704049177,3854.176819624934,0.0,95070.10140293188,50225.624319710005,49827.19675913541,25149.827844748892,74977.0246038843,19069.57973005334,1450.0,0.0,0.8893895037740133,2.8022102929248525,0.0014957518510113484,1.0,1.0,-5.635833762998516,343931.00865920034,1479027.4448287361,4.300360850260808,1479027.4448287361,4.300360850260808,0.7582389767345837,0.0900610900144311,3.5894836990923844,101325.0,128351.07116782667,1.2667265844345095,1.0,0.0,3.5894836990923844,1.2856440802505193,1.2859373127158216,2.7919731084461112,5915.855989207977,14561.403508771931,6449.479450515377,0.000427048913423511,26485.7314791458,2700.792980186486,19277.92567675529,1965.801336517087,0.7278607990092418,0.7278607990092418,32455.77534812038,32395.05729023726,1.0023434237266975,0.8,4295.934937423473,4287.898129693729,1.0023434237266975,0.8,17904.69674963203,17904.69674963203,1.0,0.8,3099.015535412006,3099.015535412006,6.973999438730278,4.706294097123339,-1.4379937790898074,6.144287876213147,3.5,3.5,1.0,0.6,0.00022807027591690435,1.0000065503318718,0.0002280687819906927,199.1066416726285,0.0,1.3480859243905552e-08,0.038204755097228336,0.001067303730670366,7.727772478999701e-05,0.00015079255112690734,0.0005412674042145889,0.09001491945955141,0.09001491945955141,0.09001491945955141,0.0900884312759007,0.0,0.0,0.0,0.0,0.0,0.0,1.0,1.0,0.0,1.0,1.0,484528.39309741656,596.603108169987,0.0,0.09001491945955141,0.09006109001443117,0.09006109001443105,0.375,0.375,0.5,8.801943942255996,0.14939282171297918,0.14939282171297918,2.808064891723916e-11,0.00012909696437191087,0.14939282171297918,2.808064891723916e-11,25149.827844748892,19069.57973005334,0.7582389767345837,0.7517370271974362,4.093563102041303,0.7878344290393959,0.4995790238834533,37569.03399132045,20600.0,0.0,0.0,0.0,0.0,0.0,0.0,0.0,0.0,0.0,0.0,0.0,0.0,0.0,0.0,0.0,0.0,0.0,0.0,0.0,0.0,37569.07219607555,20600.0,1.0,0.0,0.0,6.0,0.9,152975.75209065224,25495.958681775373,260.59304365533757,260.59304365533757,-12.55695634466241,244.693832340928,276.49213233146753,114732.67491766352,114704.39184730298,28.283070360538417,0.0,nan,276.49213233146753,3.3421323314675533,270.13255556275845,-3.0174444372415223,263.7729295305468,-9.377070469453201,257.4132613161096,-15.736738683890394,251.05355085021486,-22.096449149785116,244.693832340928,-28.45616765907198,1.0,1.0,25762.5980482374,25762.5980482374,276.5733298014483,3.4233298014483466,276.5733298014483,276.5733298014483,79305.35535104839,78970.70341078806,334.65194026032987,0.0,8575.796259387458,8575.796259387458,0.9071953462445796,3607.4311175878465,276.5733298014483,3.4233298014483466,1.0,0.002,0.37324731826923047,0.004753072215150576,0.0005773969535601054,0.0016961857615387728,0.2886984767800527,0.2886984767800527,0.0,0.0002735827150988782,1.0,1.0003042577126007,0.14939282168489854,0.0900610900144311,0.0,2.7378078352520338e-05,35.09692887499842,0.0,1600972.1211311466,267.36490251225285,0.00012909693629126195,1.0,1281935.438385781,2608.568144780911,,,,,,,,,,,,,,,,,9.0,14561.403508771931
510.0,-30.223199320587216,4.704611812101903,34.85456198996811,27.66484657712283,5.11133940451311,-26.684117429444715,-40.17859679935498,1.3118743646780329,-5.783829529360446,-5.783959380110779,38.215600060947914,37454.16351638545,21606.45665595812,21606.45665595812,59060.62017234357,81363.27098670125,78982.56539606945,21606.45665595812,100589.02205202758,100589.02205202758,100589.02205202758,125739.21337087698,121884.7803971618,3854.4329737151793,0.0,95070.09277918584,50221.651818785176,49831.60106711185,25150.191318849404,74981.79238596125,19069.855693311707,1450.0,0.0,0.8893963279206296,2.8023418808782594,0.0014957518510113484,1.0,1.0,-5.633039076809382,343948.1090049844,1479022.4263785353,4.300132455030017,1479022.4263785353,4.300132455030017,0.7582389911689997,0.09006573083206268,3.589201340997147,101325.0,128351.07116782667,1.2667265844345095,1.0,0.0,3.589201340997147,1.2856129661785833,1.2859061896266102,2.791821049896423,5915.533795387713,14561.403508771931,6449.6357621467405,0.00042712461549635096,26487.81267667018,2701.005203272288,19278.392902681808,1965.8489803023265,0.7278212488893712,0.7278212488893712,32453.73288769658,32395.05729023726,1.0022645767939287,0.8,4295.664591791647,4287.898129693729,1.0022645767939287,0.8,17904.69674963203,17904.69674963203,1.0,0.8,3099.015535412006,3099.015535412006,6.97203883267581,4.704611812101903,-1.4379487155336683,6.142560527635571,3.5,3.5,1.0,0.6,0.0002280687819906927,1.000006862879626,0.00022806721679283725,199.1066961184936,0.0,9.91502103016516e-09,0.02809916959948806,0.001067601181301271,7.72767422910161e-05,0.0001507920396996766,0.0005412229911017744,0.09001407220377304,0.09001407220377304,0.09001407220377304,0.09009335297202666,0.0,0.0,0.0,0.0,0.0,0.0,1.0,1.0,0.0,1.0,1.0,484527.15941238793,596.6035028743875,0.0,0.09001407220377304,0.09006573083206273,0.09006573083206261,0.375,0.375,0.5,8.802078927216193,0.1509203033014046,0.1509203033014046,1.2505552149377763e-12,0.0001298507503406654,0.1509203033014046,1.2505552149377763e-12,25150.191318849404,19069.855693311707,0.7582389911689997,0.7516146925711498,4.094192618148645,0.7876661559160251,0.4995101120495214,37569.03399132045,20600.0,0.0,0.0,0.0,0.0,0.0,0.0,0.0,0.0,0.0,0.0,0.0,0.0,0.0,0.0,0.0,0.0,0.0,0.0,0.0,0.0,37569.06209049005,20600.0,1.0,0.0,0.0,6.0,0.9,152975.75209065224,25495.958681775373,260.5932142757933,260.5932142757933,-12.55678572420669,244.69377578267574,276.492532061574,114725.74459933974,114696.65316080334,29.091438536393547,0.0,nan,276.492532061574,3.3425320615740475,270.132862319536,-3.017137680463975,263.77314447528437,-9.376855524715609,257.41338532709057,-15.736614672909411,251.05358568859907,-22.096414311400906,244.69377578267574,-28.456224217324234,1.0,1.0,25762.5980482374,25762.5980482374,276.57598019950683,3.425980199506853,276.57598019950683,276.57598019950683,79320.47553109548,78982.56539606945,337.91013502603164,0.0,8575.796259387458,8575.796259387458,0.9072127005795176,3607.1473477021327,276.57598019950683,3.425980199506853,1.0,0.002,0.37324673670044256,0.0047530713896276715,0.0005773975636667403,0.0016961058139131969,0.28869878183337017,0.28869878183337017,0.0,0.0002735033775799374,1.0,1.000307370594752,0.15092030330015405,0.09006573083206268,0.0,2.7659714574901943e-05,35.45784819076046,0.0,1600973.5955305807,267.36617047063953,0.00012985074909011018,1.0,1281931.0949410317,2608.5858223124455,,,,,,,,,,,,,,,,,9.0,14561.403508771931
540.0,-30.22326542618342,4.702928214618611,34.854585937755324,27.673463767301314,5.111803277508081,-26.684130514092256,-40.178610699344404,1.3184417391569023,-5.782557869863808,-5.7826884914873595,38.21548441570512,37451.04509990274,21600.370414578294,21600.370414578294,59051.415514481036,81386.34934339362,78994.45250480309,21600.370414578294,100594.82291938139,100594.82291938139,100594.82291938139,125745.38086346966,121890.6900901718,3854.6907732978552,0.0,95070.08717389146,50217.73095818514,49835.9513507848,25150.557944088272,74986.50929487307,19070.134380949534,1450.0,0.0,0.8894031514805999,2.802473856091411,0.0014957518510113484,1.0,1.0,-5.630181392130794,343965.25973663724,1479017.6243593728,4.299904081859335,1479017.6243593728,4.299904081859335,0.7582390189253052,0.09007037268273646,3.5889219807993142,101325.0,128351.07116782667,1.2667265844345095,1.0,0.0,3.5889219807993142,1.285582207764017,1.2858754221843494,2.7916705436064193,5915.214890619455,14561.403508771931,6449.790429494506,0.00042719953234092347,26489.872915186003,2701.2152891340065,19278.85521373462,1965.8961229099255,0.7277820952731909,0.7277820952731909,32451.712081183523,32395.05729023726,1.0021865670073904,0.8,4295.3971123305,4287.898129693729,1.0021865670073904,0.8,17904.69674963203,17904.69674963203,1.0,0.8,3099.015535412006,3099.015535412006,6.970074905322017,4.702928214618611,-1.4379020382821128,6.140830252900724,3.5,3.5,1.0,0.6,0.00022806721679283725,1.0000068929350021,0.00022806564475117176,199.10675080279566,0.0,1.038804579245277e-08,0.029439721775811153,0.0010679128226750445,7.727662055004123e-05,0.000150790596242796,0.0005411756853536051,0.09001323134698011,0.09001323134698011,0.09001323134698011,0.09009828712387148,0.0,0.0,0.0,0.0,0.0,0.0,1.0,1.0,0.0,1.0,1.0,484525.9336616622,596.6038952479707,0.0,0.09001323134698011,0.09007037268273652,0.09007037268273639,0.375,0.375,0.5,8.802217492047019,0.15250709935656914,0.15250709935656914,4.8260062612826005e-11,0.00013062162355481632,0.15250709935656914,4.8260062612826005e-11,25150.557944088272,19070.134380949534,0.7582390189253052,0.7514865089319294,4.094808552037682,0.7874938581588096,0.4994371047815039,37569.03399132045,20600.0,0.0,0.0,0.0,0.0,0.0,0.0,0.0,0.0,0.0,0.0,0.0,0.0,0.0,0.0,0.0,0.0,0.0,0.0,0.0,0.0,37569.063431042225,20600.0,1.0,0.0,0.0,6.0,0.9,152975.75209065224,25495.958681775373,260.59338876869725,260.59338876869725,-12.556611231302725,244.69372276330094,276.49293539558005,114718.95120587296,114689.03061171889,29.92059415407162,0.0,nan,276.49293539558005,3.3429353955800707,270.13317310094783,-3.0168268990521483,263.77336361720904,-9.376636382790934,257.4135134937514,-15.736486506248582,251.05362424139417,-22.096375758605802,244.69372276330094,-28.456277236699037,1.0,1.0,25762.5980482374,25762.5980482374,276.5786372111647,3.4286372111646983,276.5786372111647,276.5786372111647,79335.30604830652,78994.45250480309,340.8535435034282,0.0,8575.796259387458,8575.796259387458,0.9072298701501236,3606.866590703311,276.5786372111647,3.4286372111646983,1.0,0.002,0.3732461531392399,0.004753070582701676,0.0005773981750900987,0.0016960256459255313,0.28869908754504936,0.28869908754504936,0.0,0.0002734238210156297,1.0,1.000310604283386,0.15250709930830908,0.09007037268273646,0.0,2.7952257955437175e-05,35.83274688395644,0.0,1600975.0742320698,267.36744213013617,0.0001306215752947537,1.0,1281926.738837439,2608.6035515361664,,,,,,,,,,,,,,,,,9.0,14561.403508771931
570.0,-30.22333279758767,4.701237635522732,34.85461095271162,27.68199664950373,5.112277544649634,-26.68414363900971,-40.17862459933383,1.3249530817516957,-5.781279841798778,-5.781411216466349,38.21537389846532,37447.95780695876,21594.256635097503,21594.256635097503,59042.21444205626,81409.15956357088,79006.3926028112,21594.256635097503,100600.64923790871,100600.64923790871,100600.64923790871,125751.57779970551,121896.62636589858,3854.951433806927,0.0,95070.06956683943,50213.85809819948,49840.2349651555,25150.9285617968,74991.1635269523,19070.41644238839,1450.0,0.0,0.8894099883766238,2.802606499727956,0.0014957518510113484,1.0,1.0,-5.62732867852111,343982.4973284878,1479013.0352826528,4.299675264786109,1479013.0352826528,4.299675264786109,0.7582390604598013,0.09007503949107754,3.5886460640527886,101325.0,128351.07116782667,1.2667265844345095,1.0,0.0,3.5886460640527886,1.2855517132706373,1.2858449187147671,2.7915221355994557,5914.9004318611715,14561.403508771931,6449.942893221672,0.0004272733926171436,26491.90471001014,2701.4224745463684,19279.310938017992,1965.9425938539657,0.7277434804728546,0.7277434804728546,32449.716152666853,32395.05729023726,1.00210951878554,0.8,4295.132925788801,4287.898129693729,1.00210951878554,0.8,17904.69674963203,17904.69674963203,1.0,0.8,3099.015535412006,3099.015535412006,6.968102091887902,4.701237635522732,-1.4378545137587189,6.139092149281451,3.5,3.5,1.0,0.6,0.00022806564475117176,1.0000070249271125,0.00022806404261789537,199.1068065342351,0.0,1.0433470271410202e-08,0.029568454749176513,0.0010682258267831867,7.727649880924332e-05,0.00015078914594192843,0.000541128875086383,0.09001239536656193,0.09001239536656193,0.09001239536656193,0.09010324418153244,0.0,0.0,0.0,0.0,0.0,0.0,1.0,1.0,0.0,1.0,1.0,484524.71330898715,596.6042861099006,0.0,0.09001239536656193,0.09007503949107759,0.09007503949107747,0.375,0.375,0.5,8.802360079348977,0.15408253794521443,0.15408253794521443,-1.0913936421275139e-11,0.00013137466754642446,0.15408253794521443,-1.0913936421275139e-11,25150.9285617968,19070.41644238839,0.7582390604598013,0.751359977197931,4.095412061848334,0.7873222879231113,0.4993649390904533,37569.03399132045,20600.0,0.0,0.0,0.0,0.0,0.0,0.0,0.0,0.0,0.0,0.0,0.0,0.0,0.0,0.0,0.0,0.0,0.0,0.0,0.0,0.0,37569.063559775204,20600.0,1.0,0.0,0.0,6.0,0.9,152975.75209065224,25495.958681775373,260.5935678008714,260.5935678008714,-12.556432199128551,244.69367227516216,276.49334474279055,114712.30587150806,114681.5552753034,30.750596204697022,0.0,nan,276.49334474279055,3.3433447427905776,270.133489585274,-3.0165104147259854,263.773587927687,-9.376412072312974,257.41364610170496,-15.736353898295022,251.05366617260975,-22.096333827390225,244.69367227516216,-28.45632772483782,1.0,1.0,25762.5980482374,25762.5980482374,276.5813067881536,3.43130678815362,276.5813067881536,276.5813067881536,79349.87464401522,79006.3926028112,343.4820412040135,0.0,8575.796259387458,8575.796259387458,0.9072468275896763,3606.589294373053,276.5813067881536,3.43130678815362,1.0,0.002,0.3732455651914126,0.004753069789419736,0.0005773987873459995,0.0016959450860186249,0.28869939367299974,0.28869939367299974,0.0,0.0002733438733646242,1.0,1.0003138149064976,0.15408253795612836,0.09007503949107754,0.0,2.8242764788402528e-05,36.20503171342309,0.0,1600976.5602843836,267.3687201582012,0.00013137467846036088,1.0,1281922.36081257,2608.621370151979,,,,,,,,,,,,,,,,,9.0,14561.403508771931
600.0,-30.22340130812803,4.6995394426362065,34.854637058479106,27.69048112621533,5.1127621193754615,-26.68415681800478,-40.178638499323256,1.3314095292283934,-5.7799959062552375,-5.780127995038267,38.21526875274872,37444.867757454136,21588.114921609413,21588.114921609413,59032.98267906355,81431.75681223122,79018.38273091085,21588.114921609413,100606.49765252025,100606.49765252025,100606.49765252025,125757.80077528654,121902.58550042646,3855.2152748600724,0.0,95070.07805950669,50209.98685284509,49844.54578517955,25151.30312276628,74995.84890794582,19070.701852639242,1450.0,0.0,0.8894168355106237,2.8027397664752898,0.0014957518510113484,1.0,1.0,-5.624527800108922,343999.8158551684,1479008.669262453,4.299446107509397,1479008.669262453,4.299446107509397,0.7582391162618114,0.09007973814091425,3.5883702932699606,101325.0,128351.07116782667,1.2667265844345095,1.0,0.0,3.5883702932699606,1.285521477385027,1.2858146738733471,2.7913732725565397,5914.585008936308,14561.403508771931,6450.095777234574,0.0004273474672735614,26493.94301301958,2701.630323608937,19279.767918563553,1965.9891929010982,0.7277047402528625,0.7277047402528625,32447.721249355727,32395.05729023726,1.002032511323243,0.8,4294.868874946104,4287.898129693729,1.002032511323243,0.8,17904.69674963203,17904.69674963203,1.0,0.8,3099.015535412006,3099.015535412006,6.966120264621174,4.6995394426362065,-1.4378066615882181,6.137346104224425,3.5,3.5,1.0,0.6,0.00022806404261789537,1.0000071437111155,0.0002280624134058977,199.10686320802682,0.0,1.0633188010127037e-08,0.030134454820700023,0.0010685448224234905,7.727637706862324e-05,0.00015078766554927213,0.0005410819796485344,0.0900115648769051,0.0900115648769051,0.0900115648769051,0.09010822237502335,0.0,0.0,0.0,0.0,0.0,0.0,1.0,1.0,0.0,1.0,1.0,484523.499278717,596.604675171623,0.0,0.0900115648769051,0.0900797381409143,0.09007973814091418,0.375,0.375,0.5,8.802506741406486,0.15560019492932042,0.15560019492932042,2.5977442419389263e-11,0.0001320887830047468,0.15560019492932042,2.5977442419389263e-11,25151.30312276628,19070.701852639242,0.7582391162618114,0.7512330018781663,4.096005333440948,0.7871500028158092,0.49929253822323016,37569.03399132045,20600.0,0.0,0.0,0.0,0.0,0.0,0.0,0.0,0.0,0.0,0.0,0.0,0.0,0.0,0.0,0.0,0.0,0.0,0.0,0.0,0.0,37569.06412577527,20600.0,1.0,0.0,0.0,6.0,0.9,152975.75209065224,25495.958681775373,260.5937515134852,260.5937515134852,-12.55624848651479,244.69362367780712,276.49376108698686,114705.70044901593,114674.12312157128,31.577327444633283,0.0,nan,276.49376108698686,3.3437610869868877,270.1338123895326,-3.016187610467398,263.7738176779947,-9.376182322005263,257.4137830961912,-15.736216903808781,251.05371115239873,-22.096288847601244,244.69362367780712,-28.456376322192853,1.0,1.0,25762.5980482374,25762.5980482374,276.58398814542085,3.4339881454208694,276.58398814542085,276.58398814542085,79364.24625882285,79018.38273091085,345.86352791200625,0.0,8575.796259387458,8575.796259387458,0.9072637755663225,3606.3121447363105,276.58398814542085,3.4339881454208694,1.0,0.002,0.3732449723897572,0.004753069007756854,0.0005773993991878362,0.0016958641611765138,0.2886996995939181,0.2886996995939181,0.0,0.0002732635603643501,1.0,1.0003169079481269,0.15560019490334298,0.09007973814091425,0.0,2.852272710899755e-05,36.56379621689877,0.0,1600978.0531205477,267.37000409374474,0.00013208875702730438,1.0,1281917.9623734034,2608.639272028992,,,,,,,,,,,,,,,,,9.0,14561.403508771931
630.0,-30.223472254141036,4.697828825094898,34.854664353372414,27.698901865538232,5.113258467684968,-26.684286780950718,-40.17876024646682,1.337827012645055,-5.778703030149018,-5.77883577944415,38.21516904080119,37442.19686577369,21581.929085350435,21581.929085350435,59024.12595112412,81454.14289514805,79030.45138890152,21581.929085350435,100612.38047425196,100612.38047425196,100612.38047425196,125764.06310968555,121908.57985464972,3855.4832550358246,0.0,95070.07261035763,50206.13290275449,49848.82189733682,25151.6826354336,75000.50453277043,19070.99139896481,1450.0,0.0,0.8894237080160046,2.8028739731521157,0.0014957518510113484,1.0,1.0,-5.621810407116868,344017.25646024523,1479004.5288796187,4.299216103569307,1479004.5288796187,4.299216103569307,0.7582391872302676,0.0900844865268042,3.5880974030261465,101325.0,128351.07116782667,1.2667265844345095,1.0,0.0,3.5880974030261465,1.2854914254556538,1.2857846129954054,2.7912262438890356,5914.273472832823,14561.403508771931,6450.246730959715,0.00042742061726196737,26495.956472691345,2701.8356393560844,19280.219129349825,1966.0352035965213,0.7276664705130165,0.7276664705130165,32445.747153444827,32395.05729023726,1.0019563082354965,0.8,4294.607578227647,4287.898129693729,1.0019563082354965,0.8,17904.69674963203,17904.69674963203,1.0,0.8,3099.015535412006,3099.015535412006,6.964124199681102,4.697828825094898,-1.4377586902854675,6.135587515380365,3.5,3.5,1.0,0.6,0.0002280624134058977,1.0000073976671733,0.00022806072628854933,199.1069218965382,0.0,1.0812909678624386e-08,0.03064378602922151,0.0010688692097138492,7.72753107751901e-05,0.00015078710263070758,0.0005410388113590789,0.09001073839406244,0.09001073839406244,0.09001073839406244,0.09011323342403289,0.0,0.0,0.0,0.0,0.0,0.0,1.0,1.0,0.0,1.0,1.0,484522.28974171425,596.6050630296716,0.0,0.09001073839406244,0.09008448652680427,0.09008448652680415,0.375,0.375,0.5,8.80265792051545,0.15702537232726854,0.15702537232726854,5.724132279283367e-11,0.0001327492951190834,0.15702537232726854,5.724132279283367e-11,25151.6826354336,19070.99139896481,0.7582391872302676,0.7511149800668416,4.09658763089439,0.7869830518984623,0.4992259331990739,37569.03399132045,20600.0,0.0,0.0,0.0,0.0,0.0,0.0,0.0,0.0,0.0,0.0,0.0,0.0,0.0,0.0,0.0,0.0,0.0,0.0,0.0,0.0,37569.06463510648,20600.0,1.0,0.0,0.0,6.0,0.9,152975.75209065224,25495.958681775373,260.5939404306591,260.5939404306591,-12.556059569340903,244.69357615102436,276.4941863510035,114699.22383098789,114666.83797657424,32.38585441363275,0.0,nan,276.4941863510035,3.3441863510035432,270.1341428504966,-3.015857149503404,263.7740536383459,-9.375946361654087,257.41392469801985,-15.736075301980122,251.0537588950645,-22.096241104935473,244.69357615102436,-28.456423848975618,1.0,1.0,25762.5980482374,25762.5980482374,276.5866876540086,3.436687654008608,276.5866876540086,276.5866876540086,79378.39571721305,79030.45138890152,347.94432831152517,0.0,8575.796259387458,8575.796259387458,0.9072805460297616,3606.0378900412775,276.5866876540086,3.436687654008608,1.0,0.002,0.3732443728436347,0.004753068233684936,0.0005774000113221051,0.0016957826785080413,0.28870000566105253,0.28870000566105253,0.0,0.0002731826898301464,1.0,1.0003198127740238,0.15702537227002722,0.0900844865268042,0.0,2.878578889971829e-05,36.90089235073312,0.0,1600979.5562431498,267.37129696985096,0.0001327492378777606,1.0,1281913.5330730593,2608.6572996895775,,,,,,,,,,,,,,,,,9.0,14561.403508771931
660.0,-30.775336056323624,4.523409074342797,34.807363955632304,24.412696121167414,5.700178922780985,-27.12822696268601,-40.59195066858081,2.1395277804323993,-5.828489560931416,-5.82848956094059,39.92748947053633,41272.926895623554,21324.911188683775,21324.911188683775,62597.838084307325,75590.11350486543,76248.2293853444,21324.911188683775,97573.14057402818,97573.14057402818,97573.14057402818,123337.8118581826,120659.75854027075,2678.053317911855,0.0,89973.53508860004,56151.588948038036,37579.940156180004,25764.67128415443,63344.61144033443,19651.03868269756,1450.0,0.0,0.8829048373553859,2.797722151107824,0.0014957518510113484,1.0,1.0,-5.828489560931416,343347.59502676997,1551409.158965382,4.518479760559915,1551409.158965382,4.518479760559915,0.7627125712557868,0.09008806777896186,4.018984199431098,101325.0,128351.07116782667,1.2667265844345095,1.0,0.0,4.018984199431098,1.2817478086378635,1.2820401401923087,3.1355498892579696,6643.853959664739,15561.403508771931,6469.085912410825,0.00028942983904909817,22387.133321234785,2282.8522809761525,19336.530703425215,1971.7773861028195,0.8637341112845389,0.8637341112845389,35527.073894745576,32395.05729023726,1.1222790573975485,0.8,4702.460389001361,4287.898129693729,1.1222790573975485,0.8,17904.69674963203,17904.69674963203,1.0,0.8,3099.015535412006,3099.015535412006,6.881188863046046,4.523409074342797,-1.539110097990899,6.062519172333696,3.5,3.5,1.0,0.6,0.00022806072628854933,1.0593697046410273,0.00021527963777841737,199.5643687934721,0.0,1.119722473700251e-08,0.03173293490466511,0.0010692051264559594,7.373381923147433e-05,0.000154326907057075,0.000620237401009456,0.09232030297370102,0.09232030297370102,0.09232030297370102,0.0892883460920763,0.0,0.0,0.0,0.0,0.0,0.0,1.0,1.0,0.0,1.0,1.0,506035.9729898975,589.650474694605,0.0,0.09232030297370102,0.09008806777896176,0.09008806777896197,0.375,0.375,0.5,6.072332066437571,9.15179043659009e-12,9.15179043659009e-12,9.15179043659009e-12,9.15179043659009e-12,9.15179043659009e-12,9.15179043659009e-12,25764.67128415443,19651.03868269756,0.7627125712557868,1.098270160199716,3.761547105518597,0.9882109410880118,0.6515617659838258,37569.03399132045,20600.0,0.0,0.0,0.0,0.0,0.0,0.0,0.0,0.0,0.0,0.0,0.0,0.0,0.0,0.0,0.0,0.0,0.0,0.0,0.0,0.0,37569.06572425536,20600.0,1.0,0.0,0.0,6.0,0.9,152975.75209065224,25495.958681775373,260.6100153823759,260.6100153823759,-12.5399846176241,244.2630022217877,276.9570158142953,132635.6382451585,132553.84548098655,81.79276417193239,0.0,nan,276.9570158142953,3.807015814295312,270.4182216174962,-2.7317783825037623,263.8794224207069,-9.270577579293104,257.34061889629055,-15.809381103709427,250.8018113236787,-22.348188676321286,244.2630022217877,-28.886997778212276,1.0,1.0,25762.5980482374,25762.5980482374,276.2126066217468,3.062606621746795,276.2126066217468,276.2126066217468,75916.93902430445,76248.2293853444,-331.2903610399517,0.0,8575.796259387458,8575.796259387458,0.8803525540604151,4039.0791204282536,276.2126066217468,3.062606621746795,1.0,0.002,0.3980998352578268,0.003871533916467757,0.0006157877216558187,0.0013838164352647858,0.3078938608279093,0.3078938608279093,0.0,-3.9584307939561497e-07,0.9907967363321691,0.9907967363321691,0.0,0.08925896353786665,0.0008291042410952039,0.0,0.0,0.0,1600921.5005044302,267.32151043906856,0.0,1.0,1282083.706991194,2607.9648038483892,,,,,,,,,,,,,,,,,15.0,15561.403508771931
690.0,-31.27406064208035,4.384148574270349,34.760007993478396,24.039089236781024,5.451995924131689,-27.601168307779133,-41.04983318885786,1.779150290183989,-5.886460295631537,-5.886460295637711,39.47738078532262,41145.808249323825,21157.454272010604,21157.454272010604,62303.26252133443,75303.88676541027,75425.52445126556,21157.454272010604,96582.97872327617,96582.97872327617,96582.97872327617,122166.4607139901,120324.74720083456,1841.7135131555453,0.0,90184.08062502455,56151.97532631015,37813.45033190489,25583.481990713935,63396.93232261883,19480.84787684484,1450.0,0.0,0.8842672549283784,2.791714761690817,0.0014957518510113484,1.0,1.0,-5.886460295631537,342567.06197734515,1532122.5415183476,4.472474769391783,1532122.5415183476,4.472474769391783,0.7614619418856208,0.09149771342031832,4.030878425246288,101325.0,128351.07116782667,1.2667265844345095,1.0,0.0,4.030878425246288,1.2834542909067836,1.283730606866179,3.1406482130332822,6654.656695962543,15561.403508771931,6460.483633666204,0.00028659086537985684,22373.30703406523,2281.4423920569443,19310.81791659305,1969.155411541459,0.8631186210956974,0.8631186210956974,35611.16322819738,32395.05729023726,1.1256004540176783,0.8,4713.590682502766,4287.898129693729,1.1256004540176783,0.8,17904.69674963203,17904.69674963203,1.0,0.8,3099.015535412006,3099.015535412006,6.8271533428107745,4.384148574270349,-1.6307637987248471,6.014912372995196,3.5,3.5,1.0,0.6,0.00021527963777841737,1.053740402503134,0.00020430044939628958,199.9793800616145,0.0,8.50216620339328e-05,240.95139020416556,0.0036198549874739434,6.998493577302039e-05,0.00014529470200539698,0.0005856652796161433,0.0914189302691795,0.0914189302691795,0.0914189302691795,0.0892341080286077,0.0,0.0,0.0,0.0,0.0,0.0,1.0,1.0,0.0,1.0,1.0,513412.1719918574,587.1875593231683,0.0,0.0914189302691795,0.09149771342031829,0.09149771342031834,0.375,0.375,0.5,4.106223552331712,6.195932655828074e-12,6.195932655828074e-12,6.195932655828074e-12,6.195932655828074e-12,6.195932655828074e-12,6.195932655828074e-12,25583.481990713935,19480.84787684484,0.7614619418856208,1.0881262589943366,3.7704539621476685,0.9827488529615462,0.6490189152992152,37569.03399132045,20600.0,0.0,0.0,0.0,0.0,0.0,0.0,0.0,0.0,0.0,0.0,0.0,0.0,0.0,0.0,0.0,0.0,0.0,0.0,0.0,0.0,37809.98538152462,20600.0,1.0,0.0,0.0,6.0,0.9,152975.75209065224,25495.958681775373,260.2873667425293,260.2873667425293,-12.86263325747069,243.78408723513607,276.79064482622886,133077.96003404906,134723.26869027893,-1645.3086562298993,0.0,nan,276.79064482622886,3.640644826228879,270.18933421010297,-2.960665789897007,263.5880231373853,-9.5619768626147,256.986711495951,-16.163288504048978,250.38539955037157,-22.764600449628404,243.78408723513607,-29.365912764863907,1.0,1.0,25762.5980482374,25762.5980482374,276.0587025288873,2.908702528887318,276.0587025288873,276.0587025288873,75293.71432620627,75425.52445126556,-131.8101250592881,0.0,8575.796259387458,8575.796259387458,0.8796005967817226,4051.0328173725197,276.0587025288873,2.908702528887318,1.0,0.002,0.46630931894513095,0.0035700050569387348,0.000721209091577441,0.001278785743163418,0.36060454578872053,0.36060454578872053,0.0,-5.165259140977457e-09,0.9751506752251801,0.9751506752251801,0.0,0.08922405702338343,0.0022736563969348905,0.0,0.0,0.0,1600854.0807922073,267.26353970436844,0.0,1.0,1282282.324326804,2607.156893705649,,,,,,,,,,,,,,,,,15.0,15561.403508771931
720.0,-31.73916840170369,4.288363966023283,34.730507586695836,23.959131608158373,5.415545682152616,-28.024001966145413,-41.458872333727754,1.7017564071072822,-5.897986232161827,-5.897986232170749,39.32488223662763,40869.431605712125,20983.881408279703,20983.881408279703,61853.31301399183,75175.5809937591,75209.56708200758,20983.881408279703,96193.44849028728,96193.44849028728,96193.44849028728,121717.84009351226,120593.29759257426,1124.5425009379946,0.0,90231.25941481799,56042.721712562634,37987.264113617064,25524.391603224976,63511.65571684204,19425.35000813328,1450.0,0.0,0.8847695695625453,2.7905215674001447,0.0014957518510113484,1.0,1.0,-5.897986232161827,342412.0400091098,1525629.4532601044,4.455536824054187,1525629.4532601044,4.455536824054187,0.7610504614605156,0.09038856998919738,4.03353363144129,101325.0,128351.07116782667,1.2667265844345095,1.0,0.0,4.03353363144129,1.283838346964173,1.2841006493704317,3.1417768763327416,6657.0481980582135,15561.403508771931,6458.5526738917315,0.0002859587746732806,22370.275708492343,2281.1332828735954,19305.04614860732,1968.5668550021999,0.8629775689925279,0.8629775689925279,35629.928121481236,32395.05729023726,1.1263419056278001,0.8,4716.074454952831,4287.898129693729,1.1263419056278001,0.8,17904.69674963203,17904.69674963203,1.0,0.8,3099.015535412006,3099.015535412006,6.771144309700904,4.288363966023283,-1.677202887787578,5.965566853810861,3.5,3.5,1.0,0.6,0.00020430044939628958,1.0502327822533892,0.00019452873005729323,200.36781207172191,0.0,7.318704287458649e-05,207.41207950657812,0.005815466273711538,6.678583779538659e-05,0.000137514611600903,0.0005546698107068287,0.09099512648253166,0.09099512648253166,0.09099512648253166,0.0892466373164242,0.0,0.0,0.0,0.0,0.0,0.0,1.0,1.0,0.0,1.0,1.0,520347.0695410363,584.8722157519449,0.0,0.09099512648253166,0.09038856998919736,0.09038856998919739,0.375,0.375,0.5,2.53404311976005,8.924416761146858e-12,8.924416761146858e-12,8.924416761146858e-12,8.924416761146858e-12,8.924416761146858e-12,8.924416761146858e-12,25524.391603224976,19425.35000813328,0.7610504614605156,1.0758719418033031,3.7673557080941027,0.9738891596489988,0.6434949796919616,37569.03399132045,20600.0,0.0,0.0,0.0,0.0,0.0,0.0,0.0,0.0,0.0,0.0,0.0,0.0,0.0,0.0,0.0,0.0,0.0,0.0,0.0,0.0,37776.44607082703,20600.0,1.0,0.0,0.0,6.0,0.9,152975.75209065224,25495.958681775373,260.0272086047967,260.0272086047967,-13.12279139520325,243.33580467258594,276.7186124736541,134889.46722147882,136215.93576081126,-1326.468539332438,0.0,nan,276.7186124736541,3.5686124736541274,270.0420509525247,-3.1079490474753015,263.36548941622937,-9.784510583770611,256.68892784499945,-16.461072155000522,250.01236626878688,-23.1376337312131,243.33580467258594,-29.81419532741404,1.0,1.0,25762.5980482374,25762.5980482374,276.0219943978704,2.8719943978704237,276.0219943978704,276.0219943978704,75174.74731254211,75209.56708200758,-34.81976946546638,0.0,8575.796259387458,8575.796259387458,0.8794326977322207,4053.701299598496,276.0219943978704,2.8719943978704237,1.0,0.002,0.5007180056009709,0.0034179920359456053,0.0007744082732804626,0.0012248577671100014,0.3872041366402313,0.3872041366402313,0.0,-7.339596095360876e-07,0.9873103436089481,0.9873103436089481,0.0,0.08924157009435592,0.001146999894841461,0.0,0.0,0.0,1600840.6704351485,267.25201376783815,0.0,1.0,1282321.8063271001,2606.996336465518,,,,,,,,,,,,,,,,,20.0,15561.403508771931
750.0,-32.143076216868444,4.266219917672492,34.729269585461466,24.435134790278994,5.760742298240568,-28.362724456359924,-41.78807489862663,2.1603525965506196,-5.862207776220146,-5.862207776224489,38.67601131228584,40352.9008373329,20864.56104942778,20864.56104942778,61217.46188676068,75427.73655783472,76089.57576529298,20864.56104942778,96954.13681472075,96954.13681472075,96954.13681472075,122252.1513605222,121252.8671342288,999.284226293394,0.0,89970.07019024591,55715.03945228474,38061.1452644013,25298.014545801438,63359.159810202735,19210.67661532292,1450.0,0.0,0.8873303936436028,2.794226760192505,0.0014957518510113484,1.0,1.0,-5.862207776220146,342893.43445063446,1498234.121844211,4.369387020327763,1498234.121844211,4.369387020327763,0.75937487428282,0.08988712251882153,4.018787633129422,101325.0,128351.07116782667,1.2667265844345095,1.0,0.0,4.018787633129422,1.28171993389865,1.2819692782301266,3.135464719586082,6643.67349535009,15561.403508771931,6469.227973959031,0.00028947704030781823,22387.36614210848,2282.8760220981153,19336.95533489956,1971.8206864627127,0.86374409620829,0.8637440962082901,35525.68380026707,32395.05729023726,1.1222241673475226,0.8,4702.276392305164,4287.898129693729,1.1222241673475226,0.8,17904.69674963203,17904.69674963203,1.0,0.8,3099.015535412006,3099.015535412006,6.732641644100016,4.266219917672492,-1.665425014645284,5.931644932317776,3.5,3.5,1.0,0.6,0.00019452873005729323,1.0436410650823114,0.00018639428493737056,200.7062362971523,0.0,6.52646008044544e-05,184.95987867982376,0.00777340429784517,6.430997223045934e-05,0.00013021875782683387,0.0005233215335559552,0.08996230161114176,0.08996230161114176,0.08996230161114176,0.08962379013006226,0.0,0.0,0.0,0.0,0.0,0.0,1.0,1.0,0.0,1.0,1.0,518472.584524256,585.464174633489,0.0,0.08996230161114176,0.08988712251882156,0.0898871225188215,0.375,0.375,0.5,2.267018118633206,4.320099833421409e-12,4.320099833421409e-12,4.320099833421409e-12,4.320099833421409e-12,4.320099833421409e-12,4.320099833421409e-12,25298.014545801438,19210.67661532292,0.75937487428282,1.0602124701453766,3.8063183746268963,0.9661975012001788,0.636891350172779,37569.03399132045,20600.0,0.0,0.0,0.0,0.0,0.0,0.0,0.0,0.0,0.0,0.0,0.0,0.0,0.0,0.0,0.0,0.0,0.0,0.0,0.0,0.0,37753.993870000275,20600.0,1.0,0.0,0.0,6.0,0.9,152975.75209065224,25495.958681775373,259.9677377298994,259.9677377298994,-13.18226227010058,242.95856616065555,276.97690449230646,137628.77494864288,137931.48639965313,-302.71145101024536,0.0,nan,276.97690449230646,3.8269044923064826,270.17324161701816,-2.9767583829818136,263.36957766438405,-9.780422335615924,256.56590343465496,-16.58409656534502,249.7622330103772,-23.387766989622776,242.95856616065555,-30.191433839344427,1.0,1.0,25762.5980482374,25762.5980482374,276.16038824446593,3.0103882444659575,276.16038824446593,276.16038824446593,76179.75466418851,76089.57576529298,90.17889889553771,0.0,8575.796259387458,8575.796259387458,0.880364978791146,4038.8815712950695,276.16038824446593,3.0103882444659575,1.0,0.002,0.5086686964896389,0.003349725793130878,0.000786762828620924,0.0011988024098186381,0.39338141431046203,0.39338141431046203,0.0,-1.4434761560437777e-05,0.9970451389015766,0.9970451389015766,0.0,0.08962151855724144,0.0002656039615800797,0.0,0.0,0.0,1600882.292230615,267.28779222377983,0.0,1.0,1282199.2391098198,2607.4948136275975,,,,,,,,,,,,,,,,,13.0,15561.403508771931
780.0,-32.538305884735166,4.215153704665604,34.70809824951761,23.856428532768064,5.39662828734324,-28.74409356600341,-42.15497741298748,1.60221977786904,-5.884701608492776,-5.88470160848662,39.17061014491044,40362.86446970734,20805.70194509358,20805.70194509358,61168.566414800924,74897.65330220612,75016.29663994304,20805.70194509358,95821.99858503662,95821.99858503662,95821.99858503662,121294.85664269215,120776.88658349845,517.9700591937027,0.0,90292.85201830817,55845.11008627898,38275.268813365765,25472.85805765553,63748.12687102129,19375.868049204357,1450.0,0.0,0.8854058059850565,2.791896860887081,0.0014957518510113484,1.0,1.0,-5.884701608492776,342590.72087960783,1519082.0428432338,4.434101539419875,1519082.0428432338,4.434101539419875,0.7606475883212169,0.09027985586520734,4.036995034123711,101325.0,128351.07116782667,1.2667265844345095,1.0,0.0,4.036995034123711,1.2843404178717377,1.2845798240486255,3.1432437833057985,6660.156397910111,15561.403508771931,6456.028335634571,0.0002851352934496677,22366.352015567332,2280.7331775445573,19297.500732627952,1967.7974367014172,0.8627916040665277,0.8627916040665277,35654.38686363066,32395.05729023726,1.1273084831376723,0.8,4719.3118807668225,4287.898129693729,1.1273084831376723,0.8,17904.69674963203,17904.69674963203,1.0,0.8,3099.015535412006,3099.015535412006,6.713648804709046,4.215153704665604,-1.699758006803786,5.91491171146939,3.5,3.5,1.0,0.6,0.00018639428493737056,1.0428278901287449,0.00017873925956694427,201.03839079088024,0.0,5.442112881284718e-05,154.22947905560892,0.009406038162230585,6.165078052835463e-05,0.00012474350440901593,0.0005035889078383866,0.09058116462692034,0.09058116462692034,0.09058116462692034,0.08935483078728222,0.0,0.0,0.0,0.0,0.0,0.0,1.0,1.0,0.0,1.0,1.0,526289.9849554781,582.8762363297519,0.0,0.09058116462692034,0.09027985586520727,0.0902798558652074,0.375,0.375,0.5,1.1670359957850818,-6.139089236967266e-12,-6.139089236967266e-12,-6.139089236967266e-12,-6.139089236967266e-12,-6.139089236967266e-12,-6.139089236967266e-12,25472.85805765553,19375.868049204357,0.7606475883212169,1.0545416327843682,3.757071743998406,0.9595351176131108,0.6331615758902486,37569.03399132045,20600.0,0.0,0.0,0.0,0.0,0.0,0.0,0.0,0.0,0.0,0.0,0.0,0.0,0.0,0.0,0.0,0.0,0.0,0.0,0.0,0.0,37723.26347037606,20600.0,1.0,0.0,0.0,6.0,0.9,152975.75209065224,25495.958681775373,259.62984323836554,259.62984323836554,-13.52015676163444,242.56715577335498,276.69252965179635,137656.51283728066,139379.4290010544,-1722.9161637737293,0.0,nan,276.69252965179635,3.5425296517963716,269.86745581400373,-3.282544185996244,263.04238164032523,-10.107618359674746,256.2173059536841,-16.932694046315873,249.3922305970291,-23.757769402970865,242.56715577335498,-30.582844226644994,1.0,1.0,25762.5980482374,25762.5980482374,276.01274228721303,2.8627422872130524,276.01274228721303,276.01274228721303,74887.17979342179,75016.29663994304,-129.11684652125405,0.0,8575.796259387458,8575.796259387458,0.8792138005804777,4057.1800092943295,276.01274228721303,2.8627422872130524,1.0,0.002,0.5365011916045693,0.0032669101843257513,0.0008297731241511279,0.001170139990177252,0.4148865620755639,0.4148865620755639,0.0,-8.688567162008082e-08,0.9897232239300839,0.9897232239300839,0.0,0.0893520700028563,0.0009277858623510339,0.0,0.0,0.0,1600856.126846527,267.2652983915072,0.0,1.0,1282276.2997320683,2607.1813945245613,,,,,,,,,,,,,,,,,20.0,15561.403508771931
810.0,-32.899294396913824,4.20081529679611,34.69256796686955,23.841482132580154,5.419319529000256,-29.067570227381196,-42.46737387785686,1.5876072229341205,-5.826983496962953,-5.8269834970508585,39.370219615832504,40118.6346909212,20657.26551532475,20657.26551532475,60775.90020624595,74754.59677579472,74732.5091524853,20657.26551532475,95389.77466781005,95389.77466781005,95389.77466781005,120955.13123393088,120920.09874132997,35.03249260090648,0.0,90303.15719706441,55744.57019338714,38398.43000408586,25565.35656612082,63963.78657020668,19460.264877971924,1450.0,0.0,0.8849709700161971,2.797878357405793,0.0014957518510113484,1.0,1.0,-5.826983496962953,343367.8916633309,1527557.6522073941,4.448749254939512,1527557.6522073941,4.448749254939512,0.7611966931750385,0.09053108919533404,4.037573546656587,101325.0,128351.07116782667,1.2667265844345095,1.0,0.0,4.037573546656587,1.2844245327082744,1.2846541217502392,3.1434883434865246,6660.674591586651,15561.403508771931,6455.605854503522,0.0002849977879351406,22365.69963458429,2280.6666531980127,19296.23790825481,1967.6686644526735,0.8627603081290093,0.8627603081290093,35658.47430271079,32395.05729023726,1.1274700295553417,0.8,4719.852905350601,4287.898129693729,1.1274700295553417,0.8,17904.69674963203,17904.69674963203,1.0,0.8,3099.015535412006,3099.015535412006,6.6657508745203575,4.20081529679611,-1.6718970032251415,5.872712300021251,3.5,3.5,1.0,0.6,0.00017873925956694427,1.0391707819461862,0.00017200181401578354,201.34264136050754,0.0,5.129846606446214e-05,145.3798528266857,0.010944992144164448,5.9467207119733573e-05,0.0001192720524472107,0.0004815696838162949,0.09071166376537824,0.09071166376537824,0.09071166376537824,0.0895022914459353,0.0,0.0,0.0,0.0,0.0,0.0,1.0,1.0,0.0,1.0,1.0,532624.9704562515,580.7567160336423,0.0,0.09071166376537824,0.09053108919533404,0.09053108919533404,0.375,0.375,0.5,0.07856646527401598,8.787992555880919e-11,8.787992555880919e-11,8.787992555880919e-11,8.787992555880919e-11,8.787992555880919e-11,8.787992555880919e-11,25565.35656612082,19460.264877971924,0.7611966931750385,1.0447988286670133,3.732076337145994,0.9501610749629135,0.6272085635031468,37569.03399132045,20600.0,0.0,0.0,0.0,0.0,0.0,0.0,0.0,0.0,0.0,0.0,0.0,0.0,0.0,0.0,0.0,0.0,0.0,0.0,0.0,0.0,37714.41384414714,20600.0,1.0,0.0,0.0,6.0,0.9,152975.75209065224,25495.958681775373,259.43868573089554,259.43868573089554,-13.711314269104435,242.2188764757276,276.6584948997074,139451.64718642665,140426.38028823087,-974.7331018042405,0.0,nan,276.6584948997074,3.5084948997074434,269.7705712803803,-3.379428719619682,262.8826476603406,-10.267352339659396,255.99472388064598,-17.155276119354,249.1068001885718,-24.043199811428167,242.2188764757276,-30.93112352427238,1.0,1.0,25762.5980482374,25762.5980482374,276.0373687207598,2.8873687207598095,276.0373687207598,276.0373687207598,74753.61884842742,74732.5091524853,21.109695942112012,0.0,8575.796259387458,8575.796259387458,0.8791772136827383,4057.7614143898695,276.0373687207598,2.8873687207598095,1.0,0.002,0.5674924883997549,0.0031397848547876288,0.0008778099392965481,0.0011222020529454335,0.438904969648274,0.438904969648274,0.0,1.1992241981569063e-08,0.9885891661234949,0.9885891661234949,0.0,0.08949805397586702,0.0010330352194670225,0.0,0.0,0.0,1600923.2514078615,267.323016503037,0.0,1.0,1282078.5460978807,2607.985801431581,,,,,,,,,,,,,,,,,43.0,15561.403508771931
840.0,-33.222855554882194,4.21859123648587,34.67922639531599,23.9142918488011,5.506170656967566,-29.34980658179692,-42.74013693267477,1.6577078373081333,-5.764343977217607,-5.764343977230018,38.930885645439204,39844.8550792449,20564.846540254726,20564.846540254726,60409.701619499625,74656.7010691366,74716.09417335887,20564.846540254726,95280.9407136136,95280.9407136136,95280.9407136136,120706.46813013236,120706.46678482958,0.0013453027733425767,0.0,90264.67840855215,55619.52690969415,38494.61277650889,25425.527416518755,63920.14019302765,19324.922517769934,1450.0,0.0,0.886902158807141,2.8043813214448683,0.0014957518510113484,1.0,1.0,-5.764343977217607,344212.89507008385,1508950.1634048314,4.383770001113991,1508950.1634048314,4.383770001113991,0.760059848560494,0.09420609827461307,4.035412179312313,101325.0,128351.07116782667,1.2667265844345095,1.0,0.0,4.035412179312313,1.2841107958469105,1.2843316767318804,3.142573205025377,6658.735523001087,15561.403508771931,6457.184377336751,0.0002855120132481907,22368.143425669696,2280.9158505371047,19300.95621863808,1968.1497982122416,0.8628769876577369,0.8628769876577369,35643.20271691997,32395.05729023726,1.1268664797065604,0.8,4717.831516607152,4287.898129693729,1.1268664797065604,0.8,17904.69674963203,17904.69674963203,1.0,0.8,3099.015535412006,3099.015535412006,6.635928831354078,4.21859123648587,-1.627847012342766,5.846438248828636,3.5,3.5,1.0,0.6,0.00017200181401578354,1.0351405874865165,0.00016616275711247195,201.6160605207647,0.0,4.521783610977674e-05,128.1473475351073,0.01230152722745775,5.7619411534300756e-05,0.00011438240248148278,0.00046158014007277863,0.09000815858179961,0.09000815858179961,0.09000815858179961,0.08990608337023057,0.0,0.0,0.0,0.0,0.0,0.0,1.0,1.0,0.0,1.0,1.0,530845.505907763,581.3331100286657,0.0,0.09000815858179961,0.09420609827461318,0.09420609827461295,0.375,0.375,0.5,2.9021365072277177e-06,1.2391865311656147e-11,1.2391865311656147e-11,1.2391865311656147e-11,1.2391865311656147e-11,1.2391865311656147e-11,1.2391865311656147e-11,25425.527416518755,19324.922517769934,0.760059848560494,1.0350761367720522,3.7451159242237266,0.9450808686757083,0.6233536872560105,37569.03399132045,20600.0,0.0,0.0,0.0,0.0,0.0,0.0,0.0,0.0,0.0,0.0,0.0,0.0,0.0,0.0,0.0,0.0,0.0,0.0,0.0,0.0,37697.18133885556,20600.0,1.0,0.0,0.0,6.0,0.9,152975.75209065224,25495.958681775373,259.3108351438594,259.3108351438594,-13.839164856140599,241.909936736371,276.7117335391117,141036.15238031143,141688.0871990703,-651.9348187588397,0.0,nan,276.7117335391117,3.561733539111742,269.7513741919883,-3.3986258080116727,262.7910148341018,-10.358985165898162,255.83065546461614,-17.319344535383834,248.8702960969669,-24.279703903033067,241.909936736371,-31.24006326362897,1.0,1.0,25762.5980482374,25762.5980482374,276.09809413504104,2.9480941350410603,276.09809413504104,276.09809413504104,74768.31245236727,74716.09417335887,52.21827900840435,0.0,8575.796259387458,8575.796259387458,0.8793139020956998,4055.589240208875,276.09809413504104,2.9480941350410603,1.0,0.002,0.6969975166682063,0.002631176546563041,0.0010782705342205622,0.0009382377892681388,0.539135267110281,0.539135267110281,0.0,1.6508323488700818e-05,0.9541752731866174,0.9541752731866174,0.0,0.08988912955702426,0.004316968717588815,0.0,0.0,0.0,1600996.0453477085,267.38565602278237,0.0,1.0,1281863.8576067553,2608.8594955809685,,,,,,,,,,,,,,,,,9.0,15561.403508771931
870.0,-33.4867486325236,4.218630953366044,34.68078996083631,23.953601717390143,5.5213737032198145,-29.575277686998746,-42.9587452095933,1.6954954385208476,-5.818395967322715,-5.818395967389357,38.76209317946086,39613.094988430224,20676.27545675612,20676.27545675612,60289.370445186345,74732.6377774685,74999.6933286474,20676.27545675612,95675.96878540351,95675.96878540351,95675.96878540351,121020.65631012281,121020.30757670008,0.34873342272893876,0.0,90244.48877217693,55525.03402419645,38577.17194220053,25344.68752471929,63921.85946691982,19252.03215428308,1450.0,0.0,0.8872407446458758,2.798769172448462,0.0014957518510113484,1.0,1.0,-5.818395967322715,343483.64045697293,1501846.924550791,4.372397248825952,1501846.924550791,4.372397248825952,0.7596081875346107,0.09186308309898,4.034277240057811,101325.0,128351.07116782667,1.2667265844345095,1.0,0.0,4.034277240057811,1.2839462985312184,1.2841596536950775,3.1420918808464635,6657.715654823286,15561.403508771931,6458.012001990599,0.000285782127009239,22369.431598826788,2281.0472076424458,19303.430044113073,1968.4020582067346,0.8629378873053476,0.8629378873053476,35635.18291503277,32395.05729023726,1.1265495542115742,0.8,4716.769993758015,4287.898129693729,1.1265495542115742,0.8,17904.69674963203,17904.69674963203,1.0,0.8,3099.015535412006,3099.015535412006,6.6718850617208245,4.218630953366044,-1.6594857365433011,5.878116689909345,3.5,3.5,1.0,0.6,0.00016616275711247195,1.0286394490699564,0.00016153644239748715,201.8395608319996,0.0,3.924158833340865e-05,111.21066133688011,0.01347877487746001,5.6176992903267416e-05,0.00010998576420920453,0.00044371306527955887,0.08978256612168227,0.08978256612168227,0.08978256612168227,0.08976041670919924,0.0,0.0,0.0,0.0,0.0,0.0,1.0,1.0,0.0,1.0,1.0,530009.957289242,581.6055227854193,0.0,0.08978256612168227,0.09186308309898009,0.09186308309897993,0.375,0.375,0.5,0.0007717989612238788,6.662048690486699e-11,6.662048690486699e-11,6.662048690486699e-11,6.662048690486699e-11,6.662048690486699e-11,6.662048690486699e-11,25344.68752471929,19252.03215428308,0.7596081875346107,1.0268532656510383,3.7644541145425436,0.9431729763178538,0.6197112430518449,37569.03399132045,20600.0,0.0,0.0,0.0,0.0,0.0,0.0,0.0,0.0,0.0,0.0,0.0,0.0,0.0,0.0,0.0,0.0,0.0,0.0,0.0,0.0,37680.24465265733,20600.0,1.0,0.0,0.0,6.0,0.9,152975.75209065224,25495.958681775373,259.1860384313931,259.1860384313931,-13.963961568606862,241.6523771711914,276.7196960159067,142022.49543412746,142659.07499658555,-636.5795624581052,0.0,nan,276.7196960159067,3.569696015906743,269.7062362721527,-3.4437637278472835,262.69277363287097,-10.45722636712901,255.67930668411157,-17.47069331588841,248.6658408121254,-24.48415918787458,241.6523771711914,-31.497622828808574,1.0,1.0,25762.5980482374,25762.5980482374,276.0771118618748,2.9271118618748346,276.0771118618748,276.0771118618748,74968.35237727927,74999.6933286474,-31.34095136812539,0.0,8575.796259387458,8575.796259387458,0.8793856741613706,4054.4486262581004,276.0771118618748,2.9271118618748346,1.0,0.002,0.7601450448610619,0.002476200247111015,0.0011758300078356277,0.0008847461438125991,0.5879150039178138,0.5879150039178138,0.0,6.057615164822665e-05,0.9770546257398107,0.9770546257398107,0.0,0.08975525027657903,0.002107832822400964,0.0,0.0,0.0,1600933.2343826536,267.33160403267726,0.0,1.0,1282049.118004707,2608.1055370246277,,,,,,,,,,,,,,,,,15.0,15561.403508771931
900.0,-33.7598192263387,4.209619863106708,34.67263733214218,23.78294306052851,5.428361286407397,-29.836849581113633,-43.20946316057814,1.5306764114440687,-5.824046508337858,-5.82404650835362,38.74661186645141,39539.71497381771,20669.35272520827,20669.35272520827,60209.06769902598,74516.20987995768,74643.10895965739,20669.35272520827,95312.46168486566,95312.46168486566,95312.46168486566,120649.49815012976,120649.48934341334,0.008806716413705586,0.0,90340.0901433945,55519.78347652649,38689.22962985334,25337.036465264096,64026.26609511743,19245.17198901272,1450.0,0.0,0.8872682520814966,2.798182996498633,0.0014957518510113484,1.0,1.0,-5.824046508337858,343407.4750240151,1501196.6979792533,4.371473561762952,1501196.6979792533,4.371473561762952,0.7595668110355748,0.0934396457478599,4.0396454115737805,101325.0,128351.07116782667,1.2667265844345095,1.0,0.0,4.0396454115737805,1.2847262697934387,1.2849338107087465,3.144362738237838,6662.527329140191,15561.403508771931,6454.091494321361,0.0002845056477497608,22363.371271291715,2280.4292262180984,19291.71138432935,1967.207087469151,0.8626477265122583,0.8626477265122583,35673.11195589198,32395.05729023726,1.1280485863475411,0.8,4721.790385045,4287.898129693729,1.1280485863475411,0.8,17904.69674963203,17904.69674963203,1.0,0.8,3099.015535412006,3099.015535412006,6.669651213110274,4.209619863106708,-1.6665287439176764,5.876148607024384,3.5,3.5,1.0,0.6,0.00016153644239748715,1.0297173138175768,0.0001568745521026606,202.0713119789182,0.0,3.112577767810493e-05,88.21045393974937,0.014412548207803157,5.456388294199093e-05,0.00010697255945549622,0.0004321312089686987,0.08976213810438588,0.08976213810438588,0.08976213810438588,0.08974439952269755,0.0,0.0,0.0,0.0,0.0,0.0,1.0,1.0,0.0,1.0,1.0,529937.3871098533,581.6291337017161,0.0,0.08976213810438588,0.0934396457478599,0.0934396457478599,0.375,0.375,0.5,1.9162404997229228e-05,1.574562702444382e-11,1.574562702444382e-11,1.574562702444382e-11,1.574562702444382e-11,1.574562702444382e-11,1.574562702444382e-11,25337.036465264096,19245.17198901272,0.7595668110355748,1.021982483293183,3.756775688256239,0.9403807432652621,0.6175545972816453,37569.03399132045,20600.0,0.0,0.0,0.0,0.0,0.0,0.0,0.0,0.0,0.0,0.0,0.0,0.0,0.0,0.0,0.0,0.0,0.0,0.0,0.0,0.0,37657.2444452602,20600.0,1.0,0.0,0.0,6.0,0.9,152975.75209065224,25495.958681775373,259.0105964607686,259.0105964607686,-14.139403539231353,241.3891006551815,276.6320927290527,142740.63543161046,143635.55822398723,-894.9227923767747,0.0,nan,276.6320927290527,3.482092729052738,269.583494305883,-3.5665056941169837,262.53489574517766,-10.615104254822313,255.48629687571653,-17.663703124283444,248.4376984536005,-24.712301546399488,241.3891006551815,-31.760899344818483,1.0,1.0,25762.5980482374,25762.5980482374,276.02988099901336,2.8798809990133805,276.02988099901336,276.02988099901336,74598.63954078103,74643.10895965739,-44.4694188763533,0.0,8575.796259387458,8575.796259387458,0.879046177757169,4059.8436386316494,276.02988099901336,2.8798809990133805,1.0,0.002,0.8715349913668099,0.0019418127252597414,0.0013481177792641938,0.0006939548687216652,0.6740588896320969,0.6740588896320969,0.0,4.2072647985859184e-05,0.9602624784717315,0.9602624784717315,0.0,0.08972658581336054,0.003713059934499363,0.0,0.0,0.0,1600926.6657664727,267.3259534916621,0.0,1.0,1282068.4816677263,2608.0267502126585,,,,,,,,,,,,,,,,,16.0,15561.403508771931
930.0,-33.96666188288669,4.186294000439573,34.66924437866953,23.714220185671024,5.366321698443172,-30.03315085803207,-43.39932273197917,1.4642078902809466,-5.881655857490728,-5.881655857439689,38.61426354411715,39465.98351172203,20739.97670723128,20739.97670723128,60205.9602189533,74528.9624146472,74651.55358393653,20739.97670723128,95391.53029116782,95391.53029116782,95391.53029116782,120660.05025497136,120660.04229269839,0.007962272962263971,0.0,90379.30589348321,55483.48413057876,38773.13529211605,25268.519963803545,64041.6552559196,19184.161672258313,1450.0,0.0,0.8874559119379293,2.7922122483284304,0.0014957518510113484,1.0,1.0,-5.881655857490728,342631.6971641985,1495646.6579552284,4.365173071650967,1495646.6579552284,4.365173071650967,0.7592119245503534,0.09232433865137046,4.041843323258093,101325.0,128351.07116782667,1.2667265844345095,1.0,0.0,4.041843323258093,1.2850468589196475,1.2852484605651138,3.145288668038233,6664.489263278698,15561.403508771931,6452.481318641025,0.000283983638234741,22360.91274825301,2280.178526637844,19286.898461467867,1966.7163059217844,0.8625273341301639,0.862527334130164,35688.63848390119,32395.05729023726,1.1286623410006853,0.8,4723.845518635746,4287.898129693729,1.1286623410006853,0.8,17904.69674963203,17904.69674963203,1.0,0.8,3099.015535412006,3099.015535412006,6.692440379933092,4.186294000439573,-1.709932497707201,5.896226498146774,3.5,3.5,1.0,0.6,0.0001568745521026606,1.0224751619513959,0.00015342627179643677,202.247181681621,0.0,3.140114293924632e-05,88.99083908982408,0.015354582495980547,5.337097642680499e-05,0.0001035035756758556,0.00041834523627879577,0.08959323039070419,0.08959323039070419,0.08959323039070419,0.08957184409832794,0.0,0.0,0.0,0.0,0.0,0.0,1.0,1.0,0.0,1.0,1.0,529285.4598716445,581.8415433764732,0.0,0.08959323039070419,0.09232433865137053,0.09232433865137038,0.375,0.375,0.5,1.7539787315092477e-05,-5.10453901370056e-11,-5.10453901370056e-11,-5.10453901370056e-11,-5.10453901370056e-11,-5.10453901370056e-11,-5.10453901370056e-11,25268.519963803545,19184.161672258313,0.7592119245503534,1.0178692853798403,3.7702619408793474,0.9401062476970917,0.6162548946308511,37569.03399132045,20600.0,0.0,0.0,0.0,0.0,0.0,0.0,0.0,0.0,0.0,0.0,0.0,0.0,0.0,0.0,0.0,0.0,0.0,0.0,0.0,0.0,37658.02483041028,20600.0,1.0,0.0,0.0,6.0,0.9,152975.75209065224,25495.958681775373,258.87079947419033,258.87079947419033,-14.279200525809642,241.1811760504849,276.5604229569304,143438.95513909622,144151.80740418498,-712.8522650887777,0.0,nan,276.5604229569304,3.410422956930404,269.48457356983783,-3.6654264301621424,262.40872418923044,-10.741275810769537,255.33287472829062,-17.817125271709358,248.25702535036768,-24.892974649632293,241.1811760504849,-31.96882394951507,1.0,1.0,25762.5980482374,25762.5980482374,275.97325635432367,2.8232563543236893,275.97325635432367,275.97325635432367,74584.23109996878,74651.55358393653,-67.32248396775685,0.0,8575.796259387458,8575.796259387458,0.8789071617014714,4062.052539874384,275.97325635432367,2.8232563543236893,1.0,0.002,0.9543695431890217,0.0016747186526663823,0.0014760734628596812,0.0005997819986477863,0.7380367314298406,0.7380367314298406,0.0,7.585546150746733e-05,0.9700902184437588,0.9700902184437588,0.0,0.08956293784998354,0.002761400801386931,0.0,0.0,0.0,1600859.670164364,267.26834414250925,0.0,1.0,1282265.866003104,2607.2238271862893,,,,,,,,,,,,,,,,,5.0,15561.403508771931
960.0,-34.185246352749466,4.193871779972551,34.6799295178782,23.95074051981794,5.554585192116164,-30.209970054465224,-43.5693389159627,1.6924255565598576,-5.898664463005844,-5.898664462962682,38.59791399230844,39168.75558472435,20790.624660446578,20790.624660446578,59959.38024517093,74589.79977949752,75130.52509886806,20790.624660446578,95921.14975931463,95921.14975931463,95921.14975931463,121177.92498181408,121177.91727218755,0.0077096265303959206,0.0,90249.46935561791,55327.99627685557,38801.63675418038,25256.775222499455,64058.41197667983,19174.064879227903,1450.0,0.0,0.8874285845712091,2.790451367766367,0.0014957518510113484,1.0,1.0,-5.898664463005844,342402.91963173647,1494962.1165356734,4.366090447311446,1494962.1165356734,4.366090447311446,0.7591652026164885,0.08952916993006566,4.0345571686763515,101325.0,128351.07116782667,1.2667265844345095,1.0,0.0,4.0345571686763515,1.2839869267786952,1.2841839343617893,3.142210473122471,6657.966937625462,15561.403508771931,6457.808252183746,0.000285715596536468,22369.114027259344,2281.014824354835,19302.821022305452,1968.3399552656058,0.8629229123148436,0.8629229123148435,35637.16101177069,32395.05729023726,1.1266277227264438,0.8,4717.031820036848,4287.898129693729,1.1266277227264438,0.8,17904.69674963203,17904.69674963203,1.0,0.8,3099.015535412006,3099.015535412006,6.708783619467243,4.193871779972551,-1.7167535677023826,5.910625347674934,3.5,3.5,1.0,0.6,0.00015342627179643677,1.0238087048707885,0.00014985833883469492,202.43334108429664,0.0,2.324683245273345e-05,65.8815231710466,0.01605198746956255,5.2323281853498176e-05,0.0001011029899429386,0.000407905792848896,0.08957754047626328,0.08957754047626328,0.08957754047626328,0.0895126000760256,0.0,0.0,0.0,0.0,0.0,0.0,1.0,1.0,0.0,1.0,1.0,529204.9371240351,581.8677732800357,0.0,0.08957754047626328,0.08952916993006571,0.08952916993006559,0.375,0.375,0.5,1.7514149412727547e-05,-4.3144154915353283e-11,-4.3144154915353283e-11,-4.3144154915353283e-11,-4.3144154915353283e-11,-4.3144154915353283e-11,-4.3144154915353283e-11,25256.775222499455,19174.064879227903,0.7591652026164885,1.0094614264050195,3.7764292392710725,0.9360110311039066,0.6114537400487473,37569.03399132045,20600.0,0.0,0.0,0.0,0.0,0.0,0.0,0.0,0.0,0.0,0.0,0.0,0.0,0.0,0.0,0.0,0.0,0.0,0.0,0.0,0.0,37634.9155144915,20600.0,1.0,0.0,0.0,6.0,0.9,152975.75209065224,25495.958681775373,258.8393896773757,258.8393896773757,-14.310610322624257,240.98170310546334,276.6970867949273,144940.62515388575,145101.088480677,-160.46332679124595,0.0,nan,276.6970867949273,3.5470867949273384,269.55400404522123,-3.5959959547787435,262.4109241114618,-10.739075888538196,255.26784691561483,-17.882153084385152,248.12477309156597,-25.025226908434007,240.98170310546334,-32.16829689453664,1.0,1.0,25762.5980482374,25762.5980482374,276.0120992989593,2.862099298959322,276.0120992989593,276.0120992989593,75193.65191115353,75130.52509886806,63.12681228546717,0.0,8575.796259387458,8575.796259387458,0.8793679720592559,4054.7299545197334,276.0120992989593,2.862099298959322,1.0,0.002,0.9547805131482867,0.0016701866583329374,0.0014766572924336462,0.0005985363758484727,0.7383286462168231,0.7383286462168231,0.0,7.519366828211875e-05,0.9998132731186709,0.9998132731186709,0.0,0.08951245242737663,1.671750268902838e-05,0.0,0.0,0.0,1600839.881258357,267.25133553699413,0.0,1.0,1282324.129521015,2606.9868894205642,,,,,,,,,,,,,,,,,3.0,15561.403508771931
990.0,-34.35916714848339,4.164625025252456,34.67708841885226,23.744538891501747,5.392033287006277,-30.361712041368186,-43.716116587724514,1.4933096402793968,-5.941096006443047,-5.941096006404601,38.48052737425781,39099.12866134073,20817.785325213532,20817.785325213532,59916.91398655426,74531.31814324715,74877.86917016828,20817.785325213532,95695.65449538181,95695.65449538181,95695.65449538181,120894.53441194736,120894.52720789204,0.007204055315212238,0.0,90364.41573851017,55365.168369891275,38888.052631798775,25198.879916565547,64086.93254836432,19122.316410696563,1450.0,0.0,0.8876393567295487,2.786062303830798,0.0014957518510113484,1.0,1.0,-5.941096006443047,341832.7089928168,1490054.198432541,4.359015855512682,1490054.198432541,4.359015855512682,0.7588558092268896,0.09006692357884975,4.041008879017848,101325.0,128351.07116782667,1.2667265844345095,1.0,0.0,4.041008879017848,1.284925184497459,1.285117751275837,3.14493709655034,6663.744325483274,15561.403508771931,6453.093493215524,0.0002841819476689689,22361.845381659467,2280.273628778377,19288.728292237767,1966.902896732092,0.8625731894228112,0.8625731894228112,35682.743986502835,32395.05729023726,1.1284293270725576,0.8,4723.065306884818,4287.898129693729,1.1284293270725576,0.8,17904.69674963203,17904.69674963203,1.0,0.8,3099.015535412006,3099.015535412006,6.717547907498911,4.164625025252456,-1.7537219044457766,5.918346929698233,3.5,3.5,1.0,0.6,0.00014985833883469492,1.0189294339623591,0.00014707430548152261,202.58168788745206,0.0,2.4075619673673112e-05,68.2303061551896,0.016774256059772744,5.143413702881082e-05,9.84242018058841e-05,0.0003977330734078222,0.08942327957542051,0.08942327957542051,0.08942327957542051,0.0893930334915909,0.0,0.0,0.0,0.0,0.0,0.0,1.0,1.0,0.0,1.0,1.0,528626.8913441201,582.0560310331862,0.0,0.08942327957542051,0.09006692357884985,0.09006692357884966,0.375,0.375,0.5,1.6272433446681094e-05,-3.842615114990622e-11,-3.842615114990622e-11,-3.842615114990622e-11,-3.842615114990622e-11,-3.842615114990622e-11,-3.842615114990622e-11,25198.879916565547,19122.316410696563,0.7588558092268896,1.0054277860488534,3.7838627662882316,0.9349318434196694,0.6100951801965852,37569.03399132045,20600.0,0.0,0.0,0.0,0.0,0.0,0.0,0.0,0.0,0.0,0.0,0.0,0.0,0.0,0.0,0.0,0.0,0.0,0.0,0.0,0.0,37637.26429747564,20600.0,1.0,0.0,0.0,6.0,0.9,152975.75209065224,25495.958681775373,258.68903333825324,258.68903333825324,-14.460966661746738,240.80504854661422,276.5730190786991,144910.172129948,145678.459495832,-768.2873658840226,0.0,nan,276.5730190786991,3.423019078699099,269.4194287624067,-3.730571237593267,262.26583108083975,-10.884168919160231,255.1122334407078,-18.03776655929218,247.95863912025197,-25.191360879748004,240.80504854661422,-32.34495145338576,1.0,1.0,25762.5980482374,25762.5980482374,275.94020624301663,2.790206243016655,275.94020624301663,275.94020624301663,74799.51512242384,74877.86917016828,-78.3540477444476,0.0,8575.796259387458,8575.796259387458,0.8789599405889787,4061.2139234129377,275.94020624301663,2.790206243016655,1.0,0.002,0.9750869243250009,0.001516351910442731,0.0015079311196530467,0.0005442634572679724,0.7539655598265234,0.7539655598265234,0.0,5.219457692101897e-05,0.9924609349892907,0.9924609349892907,0.0,0.08938790318667421,0.0006790203921755376,0.0,0.0,0.0,1600790.4955954428,267.20890399355693,0.0,1.0,1282469.455675858,2606.396031789204,,,,,,,,,,,,,,,,,12.0,15561.403508771931
1020.0,-34.50406250238491,4.145112676949937,34.66619534761094,23.598418151401006,5.2848907577266955,-30.52489609070567,-43.87252873331306,1.3521176637747998,-5.92564732913462,-5.925647329134009,38.51491410683384,39174.329584696075,20745.765612532927,20745.765612532927,59920.095197229006,74456.54825745037,74507.08483598269,20745.765612532927,95252.85044851562,95252.85044851562,95252.85044851562,120469.69049307228,120469.67558313493,0.014909937353058332,0.0,90445.86060789519,55378.51786416883,38963.71415969595,25216.840044556662,64180.55420425261,19138.249033651602,1450.0,0.0,0.8875930237909724,2.7876596633733532,0.0014957518510113484,1.0,1.0,-5.92564732913462,342040.2275658407,1491490.6387240335,4.360570829163451,1491490.6387240335,4.360570829163451,0.7589471559416425,0.09231572358570836,4.045567972045295,101325.0,128351.07116782667,1.2667265844345095,1.0,0.0,4.045567972045295,1.2855918476010957,1.2857809349727845,3.1468525407922376,6667.802921984848,15561.403508771931,6449.746307695062,0.00028309995546026606,22356.776905708244,2279.7567880681218,19278.72333072345,1965.8826745854549,0.8623212286830625,0.8623212286830625,35714.94636144116,32395.05729023726,1.1297024285259434,0.8,4727.327701052934,4287.898129693729,1.1297024285259434,0.8,17904.69674963203,17904.69674963203,1.0,0.8,3099.015535412006,3099.015535412006,6.694308361953671,4.145112676949937,-1.752759565419054,5.897872242368991,3.5,3.5,1.0,0.6,0.00014707430548152261,1.0157667163304902,0.00014479142023164152,202.70543047576177,0.0,1.879980586068697e-05,53.27864980918687,0.017338250235593353,5.050203774284289e-05,9.657226773867973e-05,0.0003906896733513858,0.08946688524949672,0.08946688524949672,0.08946688524949672,0.089439617241152,0.0,0.0,0.0,0.0,0.0,0.0,1.0,1.0,0.0,1.0,1.0,528796.1261023092,582.0009224284871,0.0,0.08946688524949672,0.09231572358570846,0.09231572358570828,0.375,0.375,0.5,3.285531759701844e-05,-6.252776074688882e-13,-6.252776074688882e-13,-6.252776074688882e-13,-6.252776074688882e-13,-6.252776074688882e-13,-6.252776074688882e-13,25216.840044556662,19138.249033651602,0.7589471559416425,1.0054054247533206,3.7753467009255104,0.9336176033403385,0.6103769291244354,37569.03399132045,20600.0,0.0,0.0,0.0,0.0,0.0,0.0,0.0,0.0,0.0,0.0,0.0,0.0,0.0,0.0,0.0,0.0,0.0,0.0,0.0,0.0,37622.31264112964,20600.0,1.0,0.0,0.0,6.0,0.9,152975.75209065224,25495.958681775373,258.5597992652688,258.5597992652688,-14.590200734731184,240.65751527670352,276.4620833725709,145266.88846106868,145925.87868405075,-658.9902229820661,0.0,nan,276.4620833725709,3.3120833725708962,269.3011702318169,-3.848829768183066,262.1402561776134,-11.009743822386554,254.97934209375487,-18.17065790624511,247.8184284391531,-25.331571560846868,240.65751527670352,-32.49248472329646,1.0,1.0,25762.5980482374,25762.5980482374,275.91241877952893,2.762418779528957,275.91241877952893,275.91241877952893,74436.59015952199,74507.08483598269,-70.49467646070116,0.0,8575.796259387458,8575.796259387458,0.8786715616695439,4065.7958119055215,275.91241877952893,2.762418779528957,1.0,0.002,1.0618852565528147,0.0009930501137584812,0.0016422134141519963,0.0003562307555135178,0.8211067070759982,0.8211067070759982,0.0,-1.5558303344859366e-06,0.9686558576330204,0.9686558576330204,0.0,0.08942216640292718,0.002893557182781177,0.0,0.0,0.0,1600808.4791483912,267.22435267086536,0.0,1.0,1282416.5486802887,2606.611115455899,,,,,,,,,,,,,,,,,4.0,15561.403508771931
1050.0,-34.69722883244876,4.1485443798368555,34.675205834742776,23.87270217239859,5.498346470016249,-30.678651861258018,-44.01945452028883,1.6169078732041853,-5.934538354959045,-5.934538354960808,38.50145907836203,38880.21302366895,20771.150433683186,20771.150433683186,59651.363457352134,74547.37950383045,75078.40615137611,20771.150433683186,95849.5565850593,95849.5565850593,95849.5565850593,121058.4291641263,121058.41474679658,0.014417329716987106,0.0,90294.92901978911,55218.50013267744,38973.80987456852,25208.872579066996,64182.68245363551,19131.277782511923,1450.0,0.0,0.8875966264374163,2.7867402623685127,0.0014957518510113484,1.0,1.0,-5.934538354959045,341920.7843516197,1490928.4558298916,4.3604499172436135,1490928.4558298916,4.3604499172436135,0.758910487666878,0.08943216017240219,4.037111119537609,101325.0,128351.07116782667,1.2667265844345095,1.0,0.0,4.037111119537609,1.2843576483766332,1.2845436220261022,3.143291998642531,6660.258560422965,15561.403508771931,6455.945079930625,0.0002851081889645839,22366.22335778834,2280.720058102241,19297.25187575739,1967.7720603628547,0.8627854406648283,0.8627854406648282,35655.20706624567,32395.05729023726,1.127340899345953,0.8,4719.420445021776,4287.898129693729,1.127340899345953,0.8,17904.69674963203,17904.69674963203,1.0,0.8,3099.015535412006,3099.015535412006,6.702499615227555,4.1485443798368555,-1.7565445849629127,5.905088964799768,3.5,3.5,1.0,0.6,0.00014479142023164152,1.0211043896550323,0.00014179884221294706,202.87061443775008,0.0,1.5425107910130463e-05,43.71475581730973,0.017801003472897266,4.9640737560766076e-05,9.515068267087545e-05,0.0003841338790421857,0.08945131133300482,0.08945131133300482,0.08945131133300482,0.08941048197189999,0.0,0.0,0.0,0.0,0.0,0.0,1.0,1.0,0.0,1.0,1.0,528729.8738486512,582.0224974288038,0.0,0.08945131133300482,0.08943216017240227,0.08943216017240212,0.375,0.375,0.5,3.2795212110857755e-05,1.7621459846850485e-12,1.7621459846850485e-12,1.7621459846850485e-12,1.7621459846850485e-12,1.7621459846850485e-12,1.7621459846850485e-12,25208.872579066996,19131.277782511923,0.758910487666878,0.9975984680173481,3.7811500549478945,0.929399663226031,0.6057741985426577,37569.03399132045,20600.0,0.0,0.0,0.0,0.0,0.0,0.0,0.0,0.0,0.0,0.0,0.0,0.0,0.0,0.0,0.0,0.0,0.0,0.0,0.0,0.0,37612.74874713776,20600.0,1.0,0.0,0.0,6.0,0.9,152975.75209065224,25495.958681775373,258.5517567202128,258.5517567202128,-14.598243279787198,240.48790903426925,276.61560236346094,146756.4755299641,146797.19772375116,-40.722193787073536,0.0,nan,276.61560236346094,3.4656023634609596,269.39006616180336,-3.7599338381966163,262.1645282509696,-10.985471749030353,254.93898733031548,-18.211012669684493,247.713447180458,-25.436552819541987,240.48790903426925,-32.66209096573073,1.0,1.0,25762.5980482374,25762.5980482374,275.9701479599329,2.8201479599329105,275.9701479599329,275.9701479599329,75098.70176533124,75078.40615137611,20.29561395512428,0.0,8575.796259387458,8575.796259387458,0.8792064590324712,4057.2966751352965,275.9701479599329,2.8201479599329105,1.0,0.002,1.0624816682850462,0.0009926499441375934,0.001643105648310873,0.00035620468537525914,0.8215528241554365,0.8215528241554365,0.0,-6.896663138676942e-07,0.9997574078066762,0.9997574078066762,0.0,0.08941046462851228,2.1695543889907306e-05,0.0,0.0,0.0,1600798.129668149,267.21546164504093,0.0,1.0,1282446.9982897327,2606.487325066248,,,,,,,,,,,,,,,,,11.0,15561.403508771931
1080.0,-34.8560810227571,4.116841593196538,34.6680051272706,23.587595542799704,5.305108091605167,-30.839603455255162,-44.174123474489875,1.3415309165619547,-5.984283597661488,-5.984283597663797,38.38080610889785,38930.84991913378,20808.317893172287,20808.317893172287,59739.16781230607,74337.19998908367,74644.35640491362,20808.317893172287,95452.67429808591,95452.67429808591,95452.67429808591,120600.0036247106,120599.99888717847,0.00473753212841142,0.0,90453.23614874735,55289.79614817349,39070.48888952652,25147.329326624687,64217.81821615121,19076.57476749642,1450.0,0.0,0.8877819845641027,2.781600635962809,0.0014957518510113484,1.0,1.0,-5.984283597661488,341253.10455367237,1485894.450152008,4.354229837983222,1485894.450152008,4.354229837983222,0.7585924739649841,0.09062902926347824,4.045980270367352,101325.0,128351.07116782667,1.2667265844345095,1.0,0.0,4.045980270367352,1.2856523336316739,1.2858346471350053,3.147025182880027,6668.16872985239,15561.403508771931,6449.443180098823,0.0002830022463351951,22356.321609184397,2279.7103607434137,19277.817262052995,1965.7902812941215,0.8622982617200007,0.8622982617200007,35717.858202249685,32395.05729023726,1.1298175605466938,0.8,4727.713120243429,4287.898129693729,1.1298175605466938,0.8,17904.69674963203,17904.69674963203,1.0,0.8,3099.015535412006,3099.015535412006,6.714492926995243,4.116841593196538,-1.7988138135333234,5.9156554067298615,3.5,3.5,1.0,0.6,0.00014179884221294706,1.0173488486924733,0.00013938074672733067,203.0066417422272,0.0,2.0236871380181658e-05,57.35129349143482,0.018408109614302715,4.874875414765114e-05,9.305008806529593e-05,0.0003764788204681319,0.08929601776446144,0.08929601776446144,0.08929601776446144,0.08926421818134317,0.0,0.0,0.0,0.0,0.0,0.0,1.0,1.0,0.0,1.0,1.0,528135.9768748763,582.2158594965836,0.0,0.08929601776446144,0.0906290292634779,0.09062902926347857,0.375,0.375,0.5,1.0637211669976324e-05,2.3305801732931286e-12,2.3305801732931286e-12,2.3305801732931286e-12,2.3305801732931286e-12,2.3305801732931286e-12,2.3305801732931286e-12,25147.329326624687,19076.57476749642,0.7585924739649841,0.9964259733020601,3.7835237550064935,0.9302584465144795,0.6062312766231976,37569.03399132045,20600.0,0.0,0.0,0.0,0.0,0.0,0.0,0.0,0.0,0.0,0.0,0.0,0.0,0.0,0.0,0.0,0.0,0.0,0.0,0.0,0.0,37626.385284811884,20600.0,1.0,0.0,0.0,6.0,0.9,152975.75209065224,25495.958681775373,258.3976322657965,258.3976322657965,-14.75236773420346,240.3262303798699,276.4690338873953,146580.49597007647,147366.40826320776,-785.912293131298,0.0,nan,276.4690338873953,3.319033887395335,269.24047351169395,-3.909526488306028,262.01191290653026,-11.138087093469721,254.78335189529332,-18.366648104706655,247.55479101399638,-25.5952089860036,240.3262303798699,-32.823769620130065,1.0,1.0,25762.5980482374,25762.5980482374,275.8697893708613,2.719789370861349,275.8697893708613,275.8697893708613,74555.60454884746,74644.35640491362,-88.7518560661556,0.0,8575.796259387458,8575.796259387458,0.8786454805650451,4066.2101717191886,275.8697893708613,2.719789370861349,1.0,0.002,1.1035418484640738,0.0008552516665698001,0.0017064293556107958,0.00030746745257088893,0.8532146778053978,0.8532146778053978,0.0,1.3896808181684556e-05,0.9848901426055566,0.9848901426055566,0.0,0.08925963755551025,0.0013693917079679913,0.0,0.0,0.0,1600740.2034866938,267.1657164023385,0.0,1.0,1282617.335439552,2605.794988358796,,,,,,,,,,,,,,,,,5.0,15561.403508771931
1110.0,-34.97147303959209,4.0996260659430845,34.65960159653795,23.521675366815202,5.243601492969581,-30.95947276159255,-44.289595855493076,1.2777766019227987,-5.972232925681112,-5.972232925683812,38.4082328252651,38938.50894776884,20748.029522751403,20748.029522751403,59686.538470520245,74356.90198945963,74446.17290787068,20748.029522751403,95194.20243062208,95194.20243062208,95194.20243062208,120355.76655769837,120355.76501338556,0.0015443128129468667,0.0,90490.24595885121,55279.63922338088,39122.89637274481,25161.564127076294,64284.46049982111,19089.193009136743,1450.0,0.0,0.8877436335159127,2.782845011089277,0.0014957518510113484,1.0,1.0,-5.972232925681112,341414.75438193197,1487037.6444765786,4.3555166418293325,1487037.6444765786,4.3555166418293325,0.758664799721052,0.09197658016142543,4.048047957485757,101325.0,128351.07116782667,1.2667265844345095,1.0,0.0,4.048047957485757,1.28595601148713,1.2861352583275583,3.147889913282831,6670.0009898111275,15561.403508771931,6447.921261364859,0.0002825123732976607,22354.044939490963,2279.4782050436147,19273.268145110374,1965.326400464009,0.8621825802569608,0.8621825802569607,35732.46026689316,32395.05729023726,1.1303949507117423,0.8,4729.645889341921,4287.898129693729,1.1303949507117423,0.8,17904.69674963203,17904.69674963203,1.0,0.8,3099.015535412006,3099.015535412006,6.695038887564985,4.0996260659430845,-1.798889789849781,5.898515855792866,3.5,3.5,1.0,0.6,0.00013938074672733067,1.0125872226246593,0.00013764813895839135,203.10555947236605,0.0,1.6362981464900793e-05,46.372689471528844,0.018898999058249738,4.809251987319224e-05,9.128822685413843e-05,0.0003695391202593915,0.08933092281857229,0.08933092281857229,0.08933092281857229,0.08930029354102874,0.0,0.0,0.0,0.0,0.0,0.0,1.0,1.0,0.0,1.0,1.0,528271.0271123414,582.1718951189337,0.0,0.08933092281857229,0.09197658016142539,0.09197658016142546,0.375,0.375,0.5,3.4164330167595043e-06,2.6716406864579767e-12,2.6716406864579767e-12,2.6716406864579767e-12,2.6716406864579767e-12,2.6716406864579767e-12,2.6716406864579767e-12,25161.564127076294,19089.193009136743,0.758664799721052,0.9952869689600888,3.7797702492536565,0.9284753734642658,0.6057219527863533,37569.03399132045,20600.0,0.0,0.0,0.0,0.0,0.0,0.0,0.0,0.0,0.0,0.0,0.0,0.0,0.0,0.0,0.0,0.0,0.0,0.0,0.0,0.0,37615.40668079198,20600.0,1.0,0.0,0.0,6.0,0.9,152975.75209065224,25495.958681775373,258.3006165644635,258.3006165644635,-14.849383435536481,240.2071437529879,276.39408935400587,146998.51123086773,147493.21230104004,-494.7010701723055,0.0,nan,276.39408935400587,3.2440893540058937,269.15670025942484,-3.9932997405751394,261.9193111339521,-11.230688866047899,254.68192200006666,-18.468077999933314,247.44453288634367,-25.70546711365631,240.2071437529879,-32.94285624701209,1.0,1.0,25762.5980482374,25762.5980482374,275.85873041068027,2.708730410680289,275.85873041068027,275.85873041068027,74386.52462647509,74446.17290787068,-59.648281395595404,0.0,8575.796259387458,8575.796259387458,0.8785146787691126,4068.2881972731857,275.85873041068027,2.708730410680289,1.0,0.002,1.1842037825700056,0.00046733209912478834,0.0018312040419122086,0.0001679332102764639,0.9156020209561043,0.9156020209561043,0.0,-8.6274781132753e-07,0.9707618500729931,0.9707618500729931,0.0,0.08928735512089231,0.002689225040533126,0.0,0.0,0.0,1600754.2392257103,267.17776707431887,0.0,1.0,1282576.076051422,2605.9626633326498,,,,,,,,,,,,,,,,,4.0,15561.403508771931
1140.0,-35.14375872143482,4.072112741654148,34.65483161826984,23.474564810190373,5.2326558163846775,-31.105892168012044,-44.4289633660577,1.2322077025268137,-6.009701497587514,-6.009701497597378,38.3201910228887,38798.27466766698,20768.53733285814,20768.53733285814,59566.81200052512,74236.62492682184,74421.31162225311,20768.53733285814,95189.84895511126,95189.84895511126,95189.84895511126,120306.11728578423,120306.11608596455,0.0011998196834907071,0.0,90516.70649797772,55259.990882327074,39174.12846183405,25116.26833067297,64290.39679250702,19049.01789206758,1450.0,0.0,0.8878729500090246,2.778977376692114,0.0014957518510113484,1.0,1.0,-6.009701497587514,340912.3415383376,1483370.2641266708,4.3511779521770615,1483370.2641266708,4.3511779521770615,0.7584334440639883,0.0915388705536647,4.049525306331532,101325.0,128351.07116782667,1.2667265844345095,1.0,0.0,4.049525306331532,1.286173162933857,1.286350211492963,3.148507077456244,6671.308686636919,15561.403508771931,6446.831358714261,0.0002821622707357719,22352.42396348348,2279.312911492047,19270.01035315145,1964.994198136107,0.8620993582008071,0.8620993582008071,35742.89243236231,32395.05729023726,1.1308074921868538,0.8,4731.0267192136835,4287.898129693729,1.1308074921868538,0.8,17904.69674963203,17904.69674963203,1.0,0.8,3099.015535412006,3099.015535412006,6.701656411702053,4.072112741654148,-1.832233337338927,5.904346078993075,3.5,3.5,1.0,0.6,0.00013764813895839135,1.0188744211930798,0.00013509823791356778,203.25341471303153,0.0,1.1730075675219607e-05,33.243034463572364,0.019250901328506327,4.7311384217351783e-05,9.033675474103957e-05,0.00036582097441570474,0.08921824929974086,0.08921824929974086,0.08921824929974086,0.08918917300682709,0.0,0.0,0.0,0.0,0.0,0.0,1.0,1.0,0.0,1.0,1.0,527837.6527638382,582.3129621390748,0.0,0.08921824929974086,0.09153887055366464,0.09153887055366478,0.375,0.375,0.5,2.6675675277347966e-06,9.890754881780595e-12,9.890754881780595e-12,9.890754881780595e-12,9.890754881780595e-12,9.890754881780595e-12,9.890754881780595e-12,25116.26833067297,19049.01789206758,0.7584334440639883,0.9904055607890995,3.7826145591722304,0.9265273660197346,0.603484759829463,37569.03399132045,20600.0,0.0,0.0,0.0,0.0,0.0,0.0,0.0,0.0,0.0,0.0,0.0,0.0,0.0,0.0,0.0,0.0,0.0,0.0,0.0,0.0,37602.277025784024,20600.0,1.0,0.0,0.0,6.0,0.9,152975.75209065224,25495.958681775373,258.20829655080814,258.20829655080814,-14.941703449191834,240.04881179832987,276.36778128054794,147655.17636366762,148125.9338580794,-470.75749441175697,0.0,nan,276.36778128054794,3.2177812805479675,269.10398741976155,-4.0460125802384255,261.8401935052869,-11.309806494713087,254.57639959449958,-18.5736004055004,247.31260570642294,-25.837394293577034,240.04881179832987,-33.10118820167011,1.0,1.0,25762.5980482374,25762.5980482374,275.81836283267256,2.6683628326725852,275.81836283267256,275.81836283267256,74381.64970739068,74421.31162225311,-39.66191486243042,0.0,8575.796259387458,8575.796259387458,0.8784212173237469,4069.7729328631895,275.81836283267256,2.6683628326725852,1.0,0.002,1.25481764388636,0.0003326319350886327,0.0019402485672465504,0.00011969580463272877,0.9701242836232752,0.9701242836232752,0.0,5.994437187927925e-05,0.9742820867925124,0.9742820867925124,0.0,0.08918468182565412,0.002354188728010593,0.0,0.0,0.0,1600710.591762133,267.14029850241246,0.0,1.0,1282704.352652001,2605.4414077163915,,,,,,,,,,,,,,,,,5.0,15561.403508771931
1170.0,-35.29020751650685,4.041113813404104,34.65243333270831,23.436749330163025,5.2021102174122875,-31.240711241076443,-44.558639790024586,1.1955932811743324,-6.051817150281863,-6.05181715019924,38.22382944268706,38725.00315663222,20791.43778502289,20791.43778502289,59516.440941655106,74228.69794963146,74441.1263485036,20791.43778502289,95232.5641335265,95232.5641335265,95232.5641335265,120298.89560610322,120298.87240546042,0.023200642798450598,0.0,90538.23572554518,55234.06644778656,39226.854753065134,25066.33147257673,64293.18622564187,19004.822255670977,1450.0,0.0,0.8880088820231391,2.7746351237591753,0.0014957518510113484,1.0,1.0,-6.051817150281863,340348.30991124106,1479364.17119686,4.346618238188582,1479364.17119686,4.346618238188582,0.7581812391040462,0.09072807955320328,4.050726324969151,101325.0,128351.07116782667,1.2667265844345095,1.0,0.0,4.050726324969151,1.2863500895324336,1.2865238822102236,3.149007690776872,6672.369426191378,15561.403508771931,6445.945008411364,0.00028187799271217054,22351.11149510568,2279.1790769636605,19267.36099278153,1964.724038563784,0.8620314473846452,0.8620314473846452,35751.372756096345,32395.05729023726,1.131142869983247,0.8,4732.149197990387,4287.898129693729,1.131142869983247,0.8,17904.69674963203,17904.69674963203,1.0,0.8,3099.015535412006,3099.015535412006,6.709046001041979,4.041113813404104,-1.8697426997509456,5.91085651315505,3.5,3.5,1.0,0.6,0.00013509823791356778,1.0160429292529538,0.0001329650884071393,203.37925397602353,0.0,1.727586981802392e-05,48.95981506427979,0.019769177423047044,4.659513286898557e-05,8.850310504458221e-05,0.0003585018574455992,0.08909555696323623,0.08909555696323623,0.08909555696323623,0.08906344508180847,0.0,0.0,0.0,0.0,0.0,0.0,1.0,1.0,0.0,1.0,1.0,527363.1764911143,582.4673679976664,0.0,0.08909555696323623,0.09072807955320308,0.09072807955320347,0.375,0.375,0.5,5.205490738108141e-05,-8.265033102361485e-11,-8.265033102361485e-11,-8.265033102361485e-11,-8.265033102361485e-11,-8.265033102361485e-11,-8.265033102361485e-11,25066.33147257673,19004.822255670977,0.7581812391040462,0.9872064278517334,3.7907475945815623,0.925703708831253,0.6023189303563811,37569.03399132045,20600.0,0.0,0.0,0.0,0.0,0.0,0.0,0.0,0.0,0.0,0.0,0.0,0.0,0.0,0.0,0.0,0.0,0.0,0.0,0.0,0.0,37617.99380638473,20600.0,1.0,0.0,0.0,6.0,0.9,152975.75209065224,25495.958681775373,258.1193007102773,258.1193007102773,-15.03069928972269,239.90585231209548,276.3327490911572,148132.16935072767,148585.9756527491,-453.80630202144346,0.0,nan,276.3327490911572,3.182749091157234,269.04736976002397,-4.102630239976008,261.7619903709587,-11.388009629041278,254.47661103951873,-18.673388960481248,247.1912316879095,-25.958768312090484,239.90585231209548,-33.2441476879045,1.0,1.0,25762.5980482374,25762.5980482374,275.7785577207659,2.6285577207659117,275.7785577207659,275.7785577207659,74404.38853002098,74441.1263485036,-36.73781848262297,0.0,8575.796259387458,8575.796259387458,0.87834523464766,4070.979956593997,275.7785577207659,2.6285577207659117,1.0,0.002,1.3049844556904908,9.27623912302835e-05,0.002017643358355599,3.3432284446322305e-05,1.0,1.0088216791777995,0.01141148573402928,5.107564280192132e-05,0.9815643514032659,0.9815643514032659,0.0,0.08905544856070388,0.0016726309924993898,0.0,0.0,0.0,1600661.506882927,267.0981828497181,0.0,1.0,1282848.506457352,2604.8558126923144,,,,,,,,,,,,,,,,,5.0,15561.403508771931
1200.0,-35.42282151539538,4.0420634925134395,34.65883624974685,23.584801121056103,5.312967570057743,-31.348398469068393,-44.66237017242236,1.3386101809621083,-6.062129189430266,-6.062129189415736,38.213868454549576,38548.699016772254,20814.6369247741,20814.6369247741,59363.33594154635,74296.6484191407,74740.95685284205,20814.6369247741,95555.59377761614,95555.59377761614,95555.59377761614,120614.82053838397,120614.78695382604,0.033584557930509,0.0,90457.11927402239,55137.968070476396,39243.50133727333,25059.22676076783,64302.72809804116,18998.733754081833,1450.0,0.0,0.8879925687421161,2.773572738017813,0.0014957518510113484,1.0,1.0,-6.062129189430266,340210.31827158853,1478950.5248764846,4.347165401655586,1478950.5248764846,4.347165401655586,0.7581532317599612,0.08903247368395174,4.046197145569517,101325.0,128351.07116782667,1.2667265844345095,1.0,0.0,4.046197145569517,1.2856842707678038,1.285855230790421,3.1471156936167146,6668.36051124244,15561.403508771931,6449.28416426478,0.00028295100816062147,22356.08301317464,2279.686030721464,19277.341953083698,1965.741813267905,0.8622862037917549,0.8622862037917549,35719.38985108225,32395.05729023726,1.1298781217445937,0.8,4727.91585345997,4287.898129693729,1.1298781217445937,0.8,17904.69674963203,17904.69674963203,1.0,0.8,3099.015535412006,3099.015535412006,6.716531971824029,4.0420634925134395,-1.8753883695403202,5.91745186205376,3.5,3.5,1.0,0.6,0.0001329650884071393,1.0145335347019357,0.00013106031871701874,203.4933303755149,0.0,1.4461278507891563e-05,40.98326329136469,0.02020301577828379,4.602943391470861e-05,8.693565449243069e-05,0.0003517587970554908,0.0890859979479986,0.0890859979479986,0.0890859979479986,0.08902770787142583,0.0,0.0,0.0,0.0,0.0,0.0,1.0,1.0,0.0,1.0,1.0,527314.0388241101,582.4833570099123,0.0,0.0890859979479986,0.08903247368395158,0.08903247368395191,0.375,0.375,0.5,7.679001415718728e-05,-1.4551915228366852e-11,-1.4551915228366852e-11,-1.4551915228366852e-11,-1.4551915228366852e-11,-1.4551915228366852e-11,-1.4551915228366852e-11,25059.22676076783,18998.733754081833,0.7581532317599612,0.982295098632263,3.7954597024046617,0.9231853406131726,0.5994877691347369,37569.03399132045,20600.0,0.0,0.0,0.0,0.0,0.0,0.0,0.0,0.0,0.0,0.0,0.0,0.0,0.0,0.0,0.0,0.0,0.0,0.0,0.0,0.0,37610.01725461182,20600.0,1.0,0.0,0.0,6.0,0.9,152975.75209065224,25495.958681775373,258.0982367098274,258.0982367098274,-15.051763290172573,239.7824883862345,276.4139900205404,149030.46874011098,149138.01689771796,-107.54815760694355,0.0,nan,276.4139900205404,3.2639900205404047,269.0876868780807,-4.06231312191926,261.7613849698302,-11.388615030169774,254.4350844787679,-18.714915521232086,247.10878552551054,-26.041214474489436,239.7824883862345,-33.36751161376549,1.0,1.0,25762.5980482374,25762.5980482374,275.80320809148424,2.6532080914842595,275.80320809148424,275.80320809148424,74786.34036319047,74740.95685284205,45.383510348416166,0.0,8575.796259387458,8575.796259387458,0.8786317613901681,4066.4281312973644,275.80320809148424,2.6532080914842595,1.0,0.002,1.3050535519624493,9.253506115853948e-05,0.00201770731797893,3.33631274036773e-05,1.0,1.008853658989465,0.01145309729424926,5.107044538260738e-05,0.9999464529968957,0.9999464529968957,0.0,0.089027706261807,4.767422144741388e-06,0.0,0.0,0.0,1600649.4845567155,267.0878708105697,0.0,1.0,1282883.7973596165,2604.7124794200013,,,,,,,,,,,,,,,,,3.0,15561.403508771931
1230.0,-35.54315407960894,4.0162068865325775,34.653963488017475,23.420410137064778,5.196016060270891,-31.468879593593602,-44.777762436401076,1.179698154787831,-6.078184949923298,-6.078184949917932,38.165197607407976,38564.46363862068,20794.44718308805,20794.44718308805,59358.91082170873,74196.73659555549,74476.52275133046,20794.44718308805,95270.9699344185,95270.9699344185,95270.9699344185,120306.67750644841,120306.66896174256,0.008544705849508756,0.0,90548.31900235442,55171.6611268992,39307.39763939469,25035.7075720299,64343.10521142458,18977.772900595533,1450.0,0.0,0.8880878290681347,2.7719192516623683,0.0014957518510113484,1.0,1.0,-6.078184949923298,339995.5539178484,1476930.6466350998,4.343970471425529,1476930.6466350998,4.343970471425529,0.758028222130125,0.09020236039342375,4.051288619703186,101325.0,128351.07116782667,1.2667265844345095,1.0,0.0,4.051288619703186,1.2864329730616266,1.2866015821545898,3.149241899530438,6672.865686435905,15561.403508771931,6445.529632980707,0.00028174490518362055,22350.498199999474,2279.1165382673466,19266.11940782237,1964.5974321325195,0.8619995507671872,0.8619995507671872,35755.34291413406,32395.05729023726,1.131299887670498,0.8,4732.674698935545,4287.898129693729,1.131299887670498,0.8,17904.69674963203,17904.69674963203,1.0,0.8,3099.015535412006,3099.015535412006,6.710017082997126,4.0162068865325775,-1.8955051768897535,5.911712063422331,3.5,3.5,1.0,0.6,0.00013106031871701874,1.0131928203442315,0.00012935377756870711,203.5969451686756,0.0,1.2920264261365667e-05,36.6160289167103,0.020590623706124758,4.540761277148851e-05,8.565270594553022e-05,0.00034700383284391,0.08902130698515609,0.08902130698515609,0.08902130698515609,0.08898417817663952,0.0,0.0,0.0,0.0,0.0,0.0,1.0,1.0,0.0,1.0,1.0,527074.8368059966,582.5611755748944,0.0,0.08902130698515609,0.09020236039342383,0.09020236039342366,0.375,0.375,0.5,1.9286008541052724e-05,-5.343281372915953e-12,-5.343281372915953e-12,-5.343281372915953e-12,-5.343281372915953e-12,-5.343281372915953e-12,-5.343281372915953e-12,25035.7075720299,18977.772900595533,0.758028222130125,0.9810993847115071,3.7942280442981557,0.9225372419727285,0.5993565823704337,37569.03399132045,20600.0,0.0,0.0,0.0,0.0,0.0,0.0,0.0,0.0,0.0,0.0,0.0,0.0,0.0,0.0,0.0,0.0,0.0,0.0,0.0,0.0,37605.65002023716,20600.0,1.0,0.0,0.0,6.0,0.9,152975.75209065224,25495.958681775373,257.9923187027993,257.9923187027993,-15.157681297200668,239.66189365733277,276.3227444125669,149014.1820340058,149554.2786481936,-540.0966141878414,0.0,nan,276.3227444125669,3.172744412566942,268.9905738763354,-4.159426123664559,261.6584035053465,-11.491596494653493,254.32623336256887,-18.823766637431106,246.99406340264534,-26.15593659735464,239.66189365733277,-33.48810634266721,1.0,1.0,25762.5980482374,25762.5980482374,275.75631739816487,2.60631739816489,275.75631739816487,275.75631739816487,74432.80581960708,74476.52275133046,-43.716931723378366,0.0,8575.796259387458,8575.796259387458,0.8783096601366641,4071.545062801702,275.75631739816487,2.60631739816489,1.0,0.002,1.3416580174440644,1.1762088314106633e-05,0.002074231858466869,4.243301185211741e-06,1.0,1.0371159292334344,0.04801477118158837,7.847515965208078e-05,0.986465147931163,0.986465147931163,0.0,0.08898148478923884,0.0012208756041849102,0.0,0.0,0.0,1600630.7628648868,267.0718150500767,0.0,1.0,1282938.7409104463,2604.4893498087818,,,,,,,,,,,,,,,,,4.0,15561.403508771931
1260.0,-35.65427014515527,4.005615443875737,34.657169173874365,23.525447432789974,5.266820978484943,-31.560094365466384,-44.86550632920114,1.2811718107723744,-6.0881001741943805,-6.088100174276714,38.146701304117784,38426.1807952152,20793.054173394044,20793.054173394044,59219.23496860925,74277.01206089919,74709.46720443144,20793.054173394044,95502.52137782548,95502.52137782548,95502.52137782548,120528.0495805146,120528.0412067703,0.008373744311659125,0.0,90490.83360460319,55099.42157778927,39323.79114090436,25025.528202689122,64349.31934359348,18968.837577717215,1450.0,0.0,0.8881046013112848,2.7708985311615293,0.0014957518510113484,1.0,1.0,-6.0881001741943805,339862.97954123723,1476163.5831678065,4.343407996835667,1476163.5831678065,4.343407996835667,0.7579795089271648,0.08895623271841388,4.048080783725849,101325.0,128351.07116782667,1.2667265844345095,1.0,0.0,4.048080783725849,1.2859608294477431,1.2861271819988713,3.147903646073186,6670.030087946001,15561.403508771931,6447.897043052613,0.00028250458733380983,22354.00883509927,2279.474523420258,19273.19575495438,1965.3190187224366,0.862180734432406,0.862180734432406,35732.69207469405,32395.05729023726,1.1304041172573072,0.8,4729.6765720546255,4287.898129693729,1.1304041172573072,0.8,17904.69674963203,17904.69674963203,1.0,0.8,3099.015535412006,3099.015535412006,6.709567582283729,4.005615443875737,-1.9057005968901608,5.911316040765898,3.5,3.5,1.0,0.6,0.00012935377756870711,1.0121881261389307,0.00012779618158744564,203.69271118229753,0.0,1.1581552153363035e-05,32.82211880263084,0.02093807027072565,4.4939998690471654e-05,8.441377887823546e-05,0.00034171379615866796,0.08899872469906035,0.08899872469906035,0.08899872469906035,0.08895309091537461,0.0,0.0,0.0,0.0,0.0,0.0,1.0,1.0,0.0,1.0,1.0,526983.8333061073,582.5907794833273,0.0,0.08899872469906035,0.08895623271841395,0.0889562327184138,0.375,0.375,0.5,1.9165726893967927e-05,8.230927051045e-11,8.230927051045e-11,8.230927051045e-11,8.230927051045e-11,8.230927051045e-11,8.230927051045e-11,25025.528202689122,18968.837577717215,0.7579795089271648,0.9771738604125717,3.7989234618463503,0.9202775658341913,0.5971497629996432,37569.03399132045,20600.0,0.0,0.0,0.0,0.0,0.0,0.0,0.0,0.0,0.0,0.0,0.0,0.0,0.0,0.0,0.0,0.0,0.0,0.0,0.0,0.0,37601.85611012308,20600.0,1.0,0.0,0.0,6.0,0.9,152975.75209065224,25495.958681775373,257.96099930866444,257.96099930866444,-15.189000691335536,239.5574602669377,276.3645371547295,149751.83439902624,149912.42127267813,-160.58687365191312,0.0,nan,276.3645371547295,3.2145371547294985,269.00312246327024,-4.146877536729733,261.6417074327679,-11.508292567232104,254.28029211948237,-18.86970788051761,246.9188764147988,-26.231123585201175,239.5574602669377,-33.59253973306227,1.0,1.0,25762.5980482374,25762.5980482374,275.7735651853861,2.6235651853860986,275.7735651853861,275.7735651853861,74704.82023292205,74709.46720443144,-4.646971509384457,0.0,8575.796259387458,8575.796259387458,0.8785126021242451,4068.3211876444784,275.7735651853861,2.6235651853860986,1.0,0.002,1.341714821974474,1.1662380581983664e-05,0.002074277308973281,4.208880398611166e-06,1.0,1.0371386544866403,0.04804515093266715,7.848618937189187e-05,0.9999646353802487,0.9999646353802487,0.0,0.08895308681506929,3.145903344593793e-06,0.0,0.0,0.0,1600619.1994547166,267.0618998258056,0.0,1.0,1282972.6687735121,2604.351580056718,,,,,,,,,,,,,,,,,12.0,15561.403508771931
1290.0,-35.67867705393611,3.9976824905028736,34.65818760887013,23.532559477631025,5.272397787109552,-31.56687619390836,-44.874036592058815,1.2880058813411825,-6.084916411188601,-6.084940231032941,38.148169015406125,38356.22760936326,20770.202806363774,20770.202806363774,59126.43041572704,74279.45102964068,74745.78532159526,20770.202806363774,95515.98812795903,95515.98812795903,95515.98812795903,120543.09569233716,120543.07026766663,0.025424670529144773,0.0,90487.32741926497,55086.29433625619,39334.481203343086,25027.107564378126,64361.588767721216,18970.15176064603,1450.0,0.0,0.888115360061557,2.771223476446913,0.0014957518510113484,1.0,1.0,-6.064698587013481,339905.22606600745,1476224.4398701247,4.343047198643104,1476224.4398701247,4.343047198643104,0.7579841862208179,0.08896092036388545,4.04788502598891,101325.0,128351.07116782667,1.2667265844345095,1.0,0.0,4.04788502598891,1.2859320261913982,1.28609637194969,3.147821924909756,6669.856930606963,15561.403508771931,6448.041139036447,0.00028255091719330856,22354.22370899941,2279.4964344602295,19273.626467492966,1965.3629391783093,0.8621917145677374,0.8621917145677374,35731.30969422568,32395.05729023726,1.1303494529945013,0.8,4729.493596405849,4287.898129693729,1.1303494529945013,0.8,17904.69674963203,17904.69674963203,1.0,0.8,3099.015535412006,3099.015535412006,6.70219383188811,3.9976824905028736,-1.9071370706524284,5.904819561155302,3.5,3.5,1.0,0.6,0.00012779618158744564,1.0026660282331883,0.00012745637928178046,203.71375765839142,0.0,1.0575698278326724e-05,29.97152892077794,0.021255341219075453,4.4894776971252406e-05,8.290140461619322e-05,0.00033557535437933643,0.08899927898961406,0.08899927898961406,0.08899927898961406,0.08896460023828942,0.0,0.0,0.0,0.0,0.0,0.0,1.0,1.0,0.0,1.0,1.0,526990.8628270886,582.5884947861796,0.0,0.08899927898961406,0.08896092036388552,0.08896092036388537,0.375,0.375,0.5,5.818842155850545e-05,0.020241644019449723,0.020241644019449723,-7.219114195322618e-12,2.381984432986428e-05,0.020241644019449723,-7.219114195322618e-12,25027.107564378126,18970.15176064603,0.7579841862208179,0.9751298717040996,3.7978681152628133,0.9186602063089573,0.5959490488618854,37569.03399132045,20600.0,0.0,0.0,0.0,0.0,0.0,0.0,0.0,0.0,0.0,0.0,0.0,0.0,0.0,0.0,0.0,0.0,0.0,0.0,0.0,0.0,37599.00552024123,20600.0,1.0,0.0,0.0,6.0,0.9,152975.75209065224,25495.958681775373,257.9489281704281,257.9489281704281,-15.201071829571902,239.52456058269482,276.37330272374,149899.514880209,149969.80906861147,-70.29418840245766,0.0,nan,276.37330272374,3.223302723740005,269.00357157844104,-4.146428421558937,261.63380102468415,-11.516198975315831,254.26404025272026,-18.885959747279713,246.89429286028818,-26.255707139711802,239.52456058269482,-33.62543941730516,1.0,1.0,25762.5980482374,25762.5980482374,275.7809600843197,2.6309600843197245,275.7809600843197,275.7809600843197,74701.24976427059,74745.78532159526,-44.53555732467794,0.0,8575.796259387458,8575.796259387458,0.8785249860712069,4068.1244511188543,275.7809600843197,2.6309600843197245,1.0,0.002,1.3417146891662766,1.16621225490695e-05,0.002074290606626892,4.208293277328225e-06,1.0,1.037145303313446,0.04805343950357255,7.849889990421991e-05,1.0,1.0000411388469104,0.020241644026668837,0.08896092036388545,0.0,3.6554280452734508e-06,4.68977475054539,0.0,1600622.9471460164,267.0650835888114,2.3819851548978477e-05,1.0,1282961.8563028132,2604.395484765227,,,,,,,,,,,,,,,,,6.0,15561.403508771931
1320.0,-35.70583889413239,3.9946341239429493,34.657343874343695,23.513243661168985,5.261729368034295,-31.571824116847107,-44.87914361581204,1.2693325355636569,-6.080003319773141,-6.080003319745167,38.16308169235443,38268.13178734734,20753.753133997514,20753.753133997514,59021.884921344856,74255.24029408912,74675.22274584202,20753.753133997514,95428.97587983953,95428.97587983953,95428.97587983953,120463.29635298849,120462.83586075675,0.4604922317424817,0.0,90498.07807497424,55091.4757212897,39340.669281871706,25034.320473148953,64374.98975502066,18976.576023855756,1450.0,0.0,0.8880862622864878,2.771732037760164,0.0014957518510113484,1.0,1.0,-6.080003319773141,339971.23783556273,1476842.8818741273,4.344023015818904,1476842.8818741273,4.344023015818904,0.7580224134387611,0.08943138208553884,4.048485420413812,101325.0,128351.07116782667,1.2667265844345095,1.0,0.0,4.048485420413812,1.2860202321744603,1.2861841521903363,3.1480728834012606,6670.3886815362675,15561.403508771931,6447.598461043723,0.0002824086201342307,22353.56403129249,2279.429166054921,19272.303273348698,1965.2280109261267,0.8621579648940826,0.8621579648940826,35735.549451199106,32395.05729023726,1.130517109809211,0.8,4730.05478220138,4287.898129693729,1.130517109809211,0.8,17904.69674963203,17904.69674963203,1.0,0.8,3099.015535412006,3099.015535412006,6.696885800296048,3.9946341239429493,-1.9055089134408503,5.900143037383799,3.5,3.5,1.0,0.6,0.00012745637928178046,1.0029680454910792,0.00012707920242800407,203.73718452267934,0.0,2.3074134849346372e-06,6.539209816304762,0.02132456362362349,4.486772313607187e-05,8.258865614570858e-05,0.0003343589702974707,0.08901921133728506,0.08901921133728506,0.08901921133728506,0.08897801125717307,0.0,0.0,0.0,0.0,0.0,0.0,1.0,1.0,0.0,1.0,1.0,527059.3716686093,582.5662589310208,0.0,0.08901921133728506,0.08943138208553891,0.08943138208553877,0.375,0.375,0.5,0.0010483304999962155,-2.7966962079517543e-11,-2.7966962079517543e-11,-2.7966962079517543e-11,-2.7966962079517543e-11,-2.7966962079517543e-11,-2.7966962079517543e-11,25034.320473148953,18976.576023855756,0.7580224134387611,0.9727371823077093,3.7951496838106857,0.9168449602237286,0.5944565107190992,37569.03399132045,20600.0,0.0,0.0,0.0,0.0,0.0,0.0,0.0,0.0,0.0,0.0,0.0,0.0,0.0,0.0,0.0,0.0,0.0,0.0,0.0,0.0,37575.57320113676,20600.0,1.0,0.0,0.0,6.0,0.9,152975.75209065224,25495.958681775373,257.9307673373207,257.9307673373207,-15.219232662679303,239.4969387250352,276.36460070714617,149969.32914700927,150065.26535290448,-95.93620589521694,0.0,nan,276.36460070714617,3.2146007071461895,268.9910760663872,-4.158923933612755,261.6175314336971,-11.532468566302896,254.24399413352458,-18.906005866475397,246.87046295813354,-26.279537041866433,239.4969387250352,-33.653061274964784,1.0,1.0,25762.5980482374,25762.5980482374,275.7776688878471,2.6276688878471077,275.7776688878471,275.7776688878471,74651.82237492286,74675.22274584202,-23.400370919160196,0.0,8575.796259387458,8575.796259387458,0.8784870039565317,4068.7278475158805,275.7776688878471,2.6276688878471077,1.0,0.002,1.3552035518829735,8.031105801447798e-06,0.002095165694335287,2.8975043927261745e-06,1.0,1.0475828471676436,0.061555459470000295,9.806319872801344e-05,0.9949291409224927,0.9949291409224927,0.0,0.08897788814987637,0.0004534939356624749,0.0,0.0,0.0,1600628.6423367178,267.06999668022684,0.0,1.0,1282944.9631413566,2604.464082619334,,,,,,,,,,,,,,,,,16.0,15561.403508771931
1350.0,-35.763636671424926,3.9879395795791868,34.65705230045475,23.4780793421902,5.2292147788403955,-31.66366905099232,-44.96561950128523,1.2353390349207287,-6.104145120212763,-6.104145120198708,38.109490660828286,38391.150903083224,20789.69448154246,20789.69448154246,59180.84538462569,74264.36124085284,74676.178887622,20789.69448154246,95465.87336916446,95465.87336916446,95465.87336916446,120472.19290971427,120472.19069302766,0.002216686607789551,0.0,90517.57138684431,55085.307174215275,39369.18245847671,25006.319540549805,64375.501999026514,18951.864422352104,1450.0,0.0,0.8881582300123183,2.7692474167318952,0.0014957518510113484,1.0,1.0,-6.104145120212763,339648.53198557626,1474621.3272387295,4.341609600424688,1474621.3272387295,4.341609600424688,0.7578829980005692,0.08890874141258334,4.04957344225386,101325.0,128351.07116782667,1.2667265844345095,1.0,0.0,4.04957344225386,1.2861803365977253,1.2863437918782854,3.1485269421596143,6671.350777559663,15561.403508771931,6446.796226570677,0.0002821509953603548,22352.371843011988,2279.307596683066,19269.905340823236,1964.9834898587426,0.862096670374047,0.862096670374047,35743.232327025245,32395.05729023726,1.13082093387631,0.8,4731.071708598219,4287.898129693729,1.13082093387631,0.8,17904.69674963203,17904.69674963203,1.0,0.8,3099.015535412006,3099.015535412006,6.708483466436874,3.9879395795791868,-1.9224213249104967,5.910360904489684,3.5,3.5,1.0,0.6,0.00012707920242800407,1.0063285505073234,0.00012628003286197062,203.7870513505002,0.0,2.561498341850787e-06,7.2592863008051305,0.021401408573879014,4.441191381730802e-05,8.266728861069605e-05,0.0003347672565010097,0.08895125426378606,0.08895125426378606,0.08895125426378606,0.08890545410543048,0.0,0.0,0.0,0.0,0.0,0.0,1.0,1.0,0.0,1.0,1.0,526800.8329134375,582.6503047854123,0.0,0.08895125426378606,0.08890874141258341,0.08890874141258329,0.375,0.375,0.5,5.07667897464345e-06,-1.404032445861958e-11,-1.404032445861958e-11,-1.404032445861958e-11,-1.404032445861958e-11,-1.404032445861958e-11,-1.404032445861958e-11,25006.319540549805,18951.864422352104,0.7578829980005692,0.9751574329381864,3.8012013550517634,0.9193069342670233,0.5963627422068689,37569.03399132045,20600.0,0.0,0.0,0.0,0.0,0.0,0.0,0.0,0.0,0.0,0.0,0.0,0.0,0.0,0.0,0.0,0.0,0.0,0.0,0.0,0.0,37576.293277621255,20600.0,1.0,0.0,0.0,6.0,0.9,152975.75209065224,25495.958681775373,257.88904773236385,257.88904773236385,-15.260952267636128,239.44395493046994,276.3341413227575,150043.84165627955,150256.60300617162,-212.76134989206466,0.0,nan,276.3341413227575,3.1841413227575117,268.9561049472195,-4.193895052780476,261.57806603756865,-11.57193396243133,254.2000281107133,-18.949971889286672,246.8219910454541,-26.32800895454588,239.44395493046994,-33.706045069530035,1.0,1.0,25762.5980482374,25762.5980482374,275.75363858045506,2.6036385804550832,275.75363858045506,275.75363858045506,74626.22999514021,74676.178887622,-49.94889248178515,0.0,8575.796259387458,8575.796259387458,0.878418172041692,4069.821309465129,275.75363858045506,2.6036385804550832,1.0,0.002,1.3552042354800766,6.169242472290994e-06,0.002095062556295998,2.22776859851438e-06,1.0,1.0475312781479988,0.06149180535958099,9.729032489451221e-05,0.9999622855634084,0.9999622855634084,0.0,0.0889053882694929,3.353143090445455e-06,0.0,0.0,0.0,1600600.4844140091,267.0458548797872,0.0,1.0,1283027.567259104,2604.128677714412,,,,,,,,,,,,,,,,,4.0,15561.403508771931
1380.0,-35.85834825711491,3.9580403194238536,34.65233598818022,23.338886314909928,5.125040656641199,-31.759412260811573,-45.05634770086033,1.1007609122161857,-6.155585298237327,-6.155585298220855,37.98898515509095,38406.021110369606,20834.0687723481,20834.0687723481,59240.0898827177,74200.26079063072,74516.19649607303,20834.0687723481,95350.26526842112,95350.26526842112,95350.26526842112,120294.55045757882,120294.54965683866,0.000800740159517629,0.0,90594.5254742121,55119.402421023864,39416.80339243138,24944.285189157697,64361.08858158908,18897.09335447483,1450.0,0.0,0.8883345947733097,2.7639591738240337,0.0014957518510113484,1.0,1.0,-6.155585298237327,338961.72871903947,1469635.1460276423,4.335696397293872,1469635.1460276423,4.335696397293872,0.7575720535254566,0.08875449129250514,4.053863304652168,101325.0,128351.07116782667,1.2667265844345095,1.0,0.0,4.053863304652168,1.286813133800336,1.286975641065014,3.150312347745413,6675.133837753171,15561.403508771931,6443.625440404754,0.0002811359003933267,22347.701110258662,2278.8313144915605,19260.42764878428,1964.017034235369,0.8618527495851832,0.8618527495851832,35773.520418199456,32395.05729023726,1.1320188541690595,0.8,4735.0807229467455,4287.898129693729,1.1320188541690595,0.8,17904.69674963203,17904.69674963203,1.0,0.8,3099.015535412006,3099.015535412006,6.722802301014688,3.9580403194238536,-1.9649358774057406,5.922976196829595,3.5,3.5,1.0,0.6,0.00012628003286197062,1.010398047830837,0.00012498047985452234,203.8688159488424,0.0,5.4286803130338265e-06,15.384880007137864,0.02156426898327003,4.3938303583415234e-05,8.23417292785554e-05,0.00033380211476393876,0.0887973017762126,0.0887973017762126,0.0887973017762126,0.08875329798506261,0.0,0.0,0.0,0.0,0.0,0.0,1.0,1.0,0.0,1.0,1.0,526208.0877311651,582.8430661173984,0.0,0.0887973017762126,0.08875449129250518,0.0887544912925051,0.375,0.375,0.5,1.8375689291885693e-06,-1.6484591469634324e-11,-1.6484591469634324e-11,-1.6484591469634324e-11,-1.6484591469634324e-11,-1.6484591469634324e-11,-1.6484591469634324e-11,24944.285189157697,18897.09335447483,0.7575720535254566,0.9743565638238473,3.8098638161933187,0.9204333113107681,0.5967273387814622,37569.03399132045,20600.0,0.0,0.0,0.0,0.0,0.0,0.0,0.0,0.0,0.0,0.0,0.0,0.0,0.0,0.0,0.0,0.0,0.0,0.0,0.0,0.0,37584.41887132759,20600.0,1.0,0.0,0.0,6.0,0.9,152975.75209065224,25495.958681775373,257.7971460794545,257.7971460794545,-15.352853920545499,239.35434069598642,276.23995352382826,150040.02475491897,150509.1463048169,-469.12154989796375,0.0,nan,276.23995352382826,3.089953523828285,268.8628301146156,-4.287169885384401,261.4857067075282,-11.664293292471768,254.10858372930713,-19.04141627069285,246.7314617054612,-26.41853829453879,239.35434069598642,-33.795659304013554,1.0,1.0,25762.5980482374,25762.5980482374,275.68354329604864,2.533543296048663,275.68354329604864,275.68354329604864,74434.99210350624,74516.19649607303,-81.20439256678219,0.0,8575.796259387458,8575.796259387458,0.8781467617343822,4074.132621175429,275.68354329604864,2.533543296048663,1.0,0.002,1.3552072470280287,5.642519315774788e-06,0.00209484526050119,2.041462600638304e-06,1.0,1.0474226302505951,0.06135774646511227,9.688672310182844e-05,0.9999863216364407,0.9999863216364407,0.0,0.08875327727630572,1.2140161994156373e-06,0.0,0.0,0.0,1600540.459081887,266.99441470176265,0.0,1.0,1283203.5385252305,2603.414372274924,,,,,,,,,,,,,,,,,15.0,15561.403508771931
1410.0,-35.92930712894211,3.93241949996751,34.648771151833266,23.316911269817524,5.109683698652285,-31.824849259471495,-45.11941893780602,1.0794787824561471,-6.174509666804624,-6.174509666745447,37.94567264787691,38372.989822134106,20820.27408342869,20820.27408342869,59193.263905562795,74185.80685889856,74485.808075318,20820.27408342869,95306.08215874669,95306.08215874669,95306.08215874669,120227.93176781468,120227.93133518957,0.0004326251046333895,0.0,90606.97818695736,55107.83777635914,39443.489345109134,24921.84960906799,64365.338954177125,18877.320724862915,1450.0,0.0,0.8883957812825695,2.762015685979329,0.0014957518510113484,1.0,1.0,-6.174509666804624,338709.3348518405,1467846.116010049,4.333645296939099,1467846.116010049,4.333645296939099,0.757460662871277,0.08870065485535128,4.054556615152032,101325.0,128351.07116782667,1.2667265844345095,1.0,0.0,4.054556615152032,1.286915687981661,1.2870765356953384,3.150600037762389,6675.743418377288,15561.403508771931,6443.1120678878415,0.00028097202198448026,22346.95104474695,2278.754829095252,19258.89314397634,1963.8605582922141,0.8618130099901699,0.8618130099901699,35778.414857169926,32395.05729023726,1.1322124572825978,0.8,4735.728564236833,4287.898129693729,1.1322124572825978,0.8,17904.69674963203,17904.69674963203,1.0,0.8,3099.015535412006,3099.015535412006,6.71835098776318,3.93241949996751,-1.9866349658260045,5.919054465793515,3.5,3.5,1.0,0.6,0.00012498047985452234,1.0077856430294843,0.00012401494377199204,203.93011493476013,0.0,8.831277763041274e-06,25.02784118045897,0.021829207316161267,4.361182629201162e-05,8.136865356251072e-05,0.0003299138125678918,0.08874221323316127,0.08874221323316127,0.08874221323316127,0.08869699961514008,0.0,0.0,0.0,0.0,0.0,0.0,1.0,1.0,0.0,1.0,1.0,525995.0784272907,582.9123199925469,0.0,0.08874221323316127,0.08870065485535127,0.0887006548553513,0.375,0.375,0.5,9.935076582666692e-07,-5.917399903410114e-11,-5.917399903410114e-11,-5.917399903410114e-11,-5.917399903410114e-11,-5.917399903410114e-11,-5.917399903410114e-11,24921.84960906799,18877.320724862915,0.757460662871277,0.9728599183097434,3.8121601098081666,0.9196450273912731,0.5961747494168025,37569.03399132045,20600.0,0.0,0.0,0.0,0.0,0.0,0.0,0.0,0.0,0.0,0.0,0.0,0.0,0.0,0.0,0.0,0.0,0.0,0.0,0.0,0.0,37594.06183250091,20600.0,1.0,0.0,0.0,6.0,0.9,152975.75209065224,25495.958681775373,257.7476208614494,257.7476208614494,-15.4023791385506,239.28330377894073,276.2119383693185,150377.86389092935,150630.53144525932,-252.6675543299407,0.0,nan,276.2119383693185,3.0619383693185114,268.82621125701013,-4.323788742989848,261.44048416415984,-11.709515835840136,254.05475720032425,-19.09524279967573,246.6690303989428,-26.480969601057183,239.28330377894073,-33.86669622105924,1.0,1.0,25762.5980482374,25762.5980482374,275.66107541741303,2.5110754174130534,275.66107541741303,275.66107541741303,74445.76676340145,74485.808075318,-40.041311916545965,0.0,8575.796259387458,8575.796259387458,0.8781028946331049,4074.8293982277924,275.66107541741303,2.5110754174130534,1.0,0.002,1.355288347185812,2.322413249349462e-06,0.0020948889856766883,8.408399878649698e-07,1.0,1.0474444928383442,0.061388425564878446,9.572982566455335e-05,0.9999575040342918,0.9999575040342918,0.0,0.08869688543536426,3.7694199870239745e-06,0.0,0.0,0.0,1600518.3667977955,266.97549033319535,0.0,1.0,1283268.2638691145,2603.151708809574,,,,,,,,,,,,,,,,,3.0,15561.403508771931
1440.0,-36.00015949353091,3.9130900855134194,34.646454761217164,23.307279135938757,5.104029787781761,-31.889212098696028,-45.18101974446324,1.0701396476548468,-6.184828259669473,-6.184828259661382,37.92235886903564,38330.76837375794,20801.71179106009,20801.71179106009,59132.48016481803,74175.12750787924,74481.00534935242,20801.71179106009,95282.71714041251,95282.71714041251,95282.71714041251,120192.4483983826,120192.4479954371,0.000402945503286769,0.0,90612.5398511239,55093.21189602977,39465.919950104595,24909.7312579701,64375.65120807469,18866.649636090257,1450.0,0.0,0.8884280467794368,2.760956445703001,0.0014957518510113484,1.0,1.0,-6.184828259669473,338571.7782379339,1466883.8192151608,4.332563767864601,1466883.8192151608,4.332563767864601,0.7574007700325429,0.08866744330638085,4.054866168209749,101325.0,128351.07116782667,1.2667265844345095,1.0,0.0,4.054866168209749,1.2869615140977466,1.2871211248666221,3.1507283813786024,6676.015363099233,15561.403508771931,6442.8828226773,0.0002808988849758223,22346.616655693462,2278.7207309013233,19258.207914700943,1963.7906843520411,0.8617952422696769,0.8617952422696769,35780.60009895421,32395.05729023726,1.1322988982578766,0.8,4736.017808798922,4287.898129693729,1.1322988982578766,0.8,17904.69674963203,17904.69674963203,1.0,0.8,3099.015535412006,3099.015535412006,6.712361249358678,3.9130900855134194,-2.000687253807146,5.913777339320566,3.5,3.5,1.0,0.6,0.00012401494377199204,1.0077785614302246,0.00012305773164691245,203.9913562598904,0.0,6.563396142802053e-06,18.600664668701018,0.02202610920044533,4.329513052428257e-05,8.071981324770947e-05,0.0003273080398423462,0.08871263392676663,0.08871263392676663,0.08871263392676663,0.08866620421861934,0.0,0.0,0.0,0.0,0.0,0.0,1.0,1.0,0.0,1.0,1.0,525880.4287138043,582.9495913684952,0.0,0.08871263392676663,0.0886674433063812,0.08866744330638049,0.375,0.375,0.5,9.257466880981934e-07,-8.071765478234738e-12,-8.071765478234738e-12,-8.071765478234738e-12,-8.071765478234738e-12,-8.071765478234738e-12,-8.071765478234738e-12,24909.7312579701,18866.649636090257,0.7574007700325429,0.9712371692391363,3.812840785608661,0.9185535067239987,0.5954233884153716,37569.03399132045,20600.0,0.0,0.0,0.0,0.0,0.0,0.0,0.0,0.0,0.0,0.0,0.0,0.0,0.0,0.0,0.0,0.0,0.0,0.0,0.0,0.0,37587.63465598915,20600.0,1.0,0.0,0.0,6.0,0.9,152975.75209065224,25495.958681775373,257.70789584743744,257.70789584743744,-15.442104152562536,239.21526082255838,276.2005315787554,150653.4959329205,150856.12762474793,-202.6316918274406,0.0,nan,276.2005315787554,3.050531578755397,268.80347704499906,-4.346522955000921,261.40642264447547,-11.743577355524508,254.00936847308273,-19.140631526917247,246.61231452075384,-26.537685479246136,239.21526082255838,-33.9347391774416,1.0,1.0,25762.5980482374,25762.5980482374,275.65019679184,2.5001967918400396,275.65019679184,275.65019679184,74454.2501525457,74481.00534935242,-26.755196806712775,0.0,8575.796259387458,8575.796259387458,0.8780833083567138,4075.1404990507976,275.65019679184,2.5001967918400396,1.0,0.002,1.3552919213062895,1.8763520126575838e-06,0.0020948500018272763,6.796021736224553e-07,1.0,1.047425000913638,0.0613645087239012,9.552960400089879e-05,0.9999858240865004,0.9999858240865004,0.0,0.0886661863643743,1.2569420065432229e-06,0.0,0.0,0.0,1600506.3187297178,266.9651717403305,0.0,1.0,1283303.552724827,2603.0085182824355,,,,,,,,,,,,,,,,,3.0,15561.403508771931
1470.0,-36.095334744471096,3.894867222360193,34.6442738546568,23.280239046458178,5.0872877837080415,-31.975415685201337,-45.26305873934177,1.0439644280671772,-6.198900529970615,-6.198900530007498,37.88986984229407,38275.25125368607,20793.16156987744,20793.16156987744,59068.41282356351,74148.43784586238,74457.31701545196,20793.16156987744,95250.4785853294,95250.4785853294,95250.4785853294,120143.42185955326,120143.42185934473,2.0852514623945423e-07,0.0,90627.68336175849,55081.379496571964,39495.89318354059,24892.943274223864,64388.83645776445,18851.862745384653,1450.0,0.0,0.8884745779322379,2.7595123942291506,0.0014957518510113484,1.0,1.0,-6.198900529970615,338384.25230369455,1465543.6022651235,4.331004153673857,1465543.6022651235,4.331004153673857,0.757317547294834,0.0886258654685145,4.055708756426177,101325.0,128351.07116782667,1.2667265844345095,1.0,0.0,4.055708756426177,1.287086351070456,1.2872447452429863,3.151077433967882,6676.754963650754,15561.403508771931,6442.258660880284,0.0002806998890310382,22345.707940236345,2278.628067712863,19256.342253320756,1963.6004398363107,0.8617467974083387,0.8617467974083387,35786.548050743346,32395.05729023726,1.1325341863462053,0.8,4736.805095918795,4287.898129693729,1.1325341863462053,0.8,17904.69674963203,17904.69674963203,1.0,0.8,3099.015535412006,3099.015535412006,6.709602237316002,3.894867222360193,-2.0164793504549996,5.911346572815193,3.5,3.5,1.0,0.6,0.00012305773164691245,1.010470127857453,0.00012178265171266121,204.07367519740026,0.0,6.508766654113302e-06,18.4458446977571,0.02222137220006873,4.287666686477728e-05,8.018106478213517e-05,0.00032519104653648014,0.08867125691993326,0.08867125691993326,0.08867125691993326,0.0886244709426026,0.0,0.0,0.0,0.0,0.0,0.0,1.0,1.0,0.0,1.0,1.0,525720.6720377053,583.001522152354,0.0,0.08867125691993326,0.0886258654685142,0.08862586546851482,0.375,0.375,0.5,4.521652479584337e-10,3.68913788406644e-11,3.68913788406644e-11,3.68913788406644e-11,3.68913788406644e-11,3.68913788406644e-11,3.68913788406644e-11,24892.943274223864,18851.862745384653,0.757317547294834,0.969094459411714,3.813996535879705,0.9173704025900382,0.5944392438088633,37569.03399132045,20600.0,0.0,0.0,0.0,0.0,0.0,0.0,0.0,0.0,0.0,0.0,0.0,0.0,0.0,0.0,0.0,0.0,0.0,0.0,0.0,0.0,37587.47983601821,20600.0,1.0,0.0,0.0,6.0,0.9,152975.75209065224,25495.958681775373,257.65405631552125,257.65405631552125,-15.495943684478732,239.12703990500842,276.18107220868706,150936.52701105457,151211.19653438096,-274.6695233263626,0.0,nan,276.18107220868706,3.0310722086870783,268.77026612324374,-4.379733876756234,261.3594597479769,-11.79054025202305,253.94865326486516,-19.20134673513482,246.53784664334614,-26.612153356653835,239.12703990500842,-34.02296009499156,1.0,1.0,25762.5980482374,25762.5980482374,275.63336229007143,2.4833622900714545,275.63336229007143,275.63336229007143,74428.67585035489,74457.31701545196,-28.64116509706946,0.0,8575.796259387458,8575.796259387458,0.8780299946844039,4075.9873002083077,275.63336229007143,2.4833622900714545,1.0,0.002,1.3553028137389043,2.375379817175899e-09,0.0020948061434769285,8.607969322293763e-10,1.0,1.0474030717384641,0.06133791110653686,9.480700427386092e-05,0.9999835312368572,0.9999835312368572,0.0,0.08862440591012778,1.4595583867233359e-06,0.0,0.0,0.0,1600489.885387393,266.95109947002936,0.0,1.0,1283351.6755762273,2602.813269861302,,,,,,,,,,,,,,,,,9.0,15561.403508771931
1500.0,-36.12736033577072,3.8839761218557807,34.64435682706615,23.29736746558922,5.10587052488965,-31.989551598024548,-45.27808242766184,1.060497321491786,-6.1890068593558,-6.189006859358215,37.90098104773273,38197.05585040539,20750.344941300827,20750.344941300827,58947.40079170622,74133.08425778167,74532.72481563331,20750.344941300827,95283.06975693413,95283.06975693413,95283.06975693413,120183.38814013335,120183.3881372263,2.907053254443824e-06,0.0,90618.5880947737,55064.16383894244,39504.915839812515,24900.31838319922,64405.234223011736,18858.20185573633,1450.0,0.0,0.888484513295269,2.7605275888543894,0.0014957518510113484,1.0,1.0,-6.1890068593558,338516.08603567694,1466001.8504334933,4.330671158353722,1466001.8504334933,4.330671158353722,0.7573478204383267,0.08865826162534547,4.05520269748415,101325.0,128351.07116782667,1.2667265844345095,1.0,0.0,4.05520269748415,1.2870113871921949,1.2871681310115308,3.1508677684128132,6676.310707498739,15561.403508771931,6442.633697474856,0.0002808194353050839,22346.253653607382,2278.683714990071,19257.463262799378,1963.7147509903361,0.8617759182953972,0.8617759182953972,35782.97573730239,32395.05729023726,1.1323928721921148,0.8,4736.3322547694515,4287.898129693729,1.1323928721921148,0.8,17904.69674963203,17904.69674963203,1.0,0.8,3099.015535412006,3099.015535412006,6.695786034045203,3.8839761218557807,-2.0151979908096997,5.899174112665481,3.5,3.5,1.0,0.6,0.00012178265171266121,1.0035128147923045,0.00012135634933358214,204.10138872149813,0.0,8.673674945103659e-06,24.58119479442377,0.022481582448421838,4.2800441228705845e-05,7.898221048395536e-05,0.0003202888730077967,0.08868274437189756,0.08868274437189756,0.08868274437189756,0.08865806632982486,0.0,0.0,0.0,0.0,0.0,0.0,1.0,1.0,0.0,1.0,1.0,525775.3088426163,582.9837623692329,0.0,0.08868274437189756,0.08865826162534517,0.08865826162534578,0.375,0.375,0.5,6.679930523391769e-09,2.3874235921539366e-12,2.3874235921539366e-12,2.3874235921539366e-12,2.3874235921539366e-12,2.3874235921539366e-12,2.3874235921539366e-12,24900.31838319922,18858.20185573633,0.7573478204383267,0.9668937406496363,3.8105307626549214,0.9152579212365405,0.5930737821423485,37569.03399132045,20600.0,0.0,0.0,0.0,0.0,0.0,0.0,0.0,0.0,0.0,0.0,0.0,0.0,0.0,0.0,0.0,0.0,0.0,0.0,0.0,0.0,37593.615186114876,20600.0,1.0,0.0,0.0,6.0,0.9,152975.75209065224,25495.958681775373,257.6413136312739,257.6413136312739,-15.508686368726103,239.09025131395973,276.19240146287694,151205.649523467,151275.6286794885,-69.97915602150167,0.0,nan,276.19240146287694,3.042401462876967,268.7719570168256,-4.378042983174396,261.3515189267348,-11.79848107326518,253.93108797996155,-19.21891202003843,246.5106650872846,-26.639334912715384,239.09025131395973,-34.05974868604025,1.0,1.0,25762.5980482374,25762.5980482374,275.65204905676694,2.502049056766964,275.65204905676694,275.65204905676694,74416.52624189405,74532.72481563331,-116.19857373925333,0.0,8575.796259387458,8575.796259387458,0.8780620150435101,4075.4787109715708,275.65204905676694,2.502049056766964,1.0,0.002,1.3553028137171899,2.3752673423941737e-09,0.002094848814802101,8.604396269069295e-10,1.0,1.0474244074010506,0.06136426871032796,9.484967524172813e-05,0.9999975329261946,0.9999975329261946,0.0,0.08865804289887058,2.18726474884352e-07,0.0,0.0,0.0,1600501.4393319893,266.9609931406442,0.0,1.0,1283317.8426542974,2602.950537682403,,,,,,,,,,,,,,,,,5.0,15561.403508771931
1530.0,-36.12735907234845,3.8839767480625333,34.644356828055265,23.2973808067851,5.105870820454551,-31.989551615075708,-45.27868114002047,1.0604992182872341,-6.1890091297326535,-6.1890091297940195,37.90098146693024,38199.55718572977,20750.350908384495,20750.350908384495,58949.90809411426,74133.1846812264,74532.73838757409,20750.350908384495,95283.08929595859,95283.08929595859,95283.08929595859,120183.4071074716,120183.4071045645,2.9071153187855633e-06,0.0,90618.69251308376,55061.755260943064,39507.708057934105,24900.317811513007,64408.02586944711,18858.201427582906,1450.0,0.0,0.8884845002218973,2.7605273558560395,0.0014957518510113484,1.0,1.0,-6.1890091297326535,338516.0557781477,1466001.8677243062,4.33067159651971,1466001.8677243062,4.33067159651971,0.7573478206315727,0.08865826581140439,4.055208485013562,101325.0,128351.07116782667,1.2667265844345095,1.0,0.0,4.055208485013562,1.2870122602790834,1.2871684555197997,3.1508701277905513,6676.315706737049,15561.403508771931,6442.629479195198,0.00028081809030056743,22346.247510571753,2278.6830885747686,19257.45065407919,1963.7134652586963,0.8617755909563211,0.8617755909563211,35783.016592472486,32395.05729023726,1.1323944883276185,0.8,4736.337662471185,4287.898129693729,1.1323944883276185,0.8,17904.69674963203,17904.69674963203,1.0,0.8,3099.015535412006,3099.015535412006,6.6957879595223755,3.8839767480625333,-2.015199061002,5.899175809064533,3.5,3.5,1.0,0.6,0.00012135634933358214,0.9999998616422878,0.00012135636612417131,204.10138763355886,0.0,2.900296919510514e-06,8.219441469892796,0.022568591356007153,4.279740614611169e-05,7.855894318747046e-05,0.0003185728929875286,0.08868274619089876,0.08868274619089876,0.08868274619089876,0.08865805754223294,0.0,0.0,0.0,0.0,0.0,0.0,1.0,1.0,0.0,1.0,1.0,525775.3109039492,582.9837616991824,0.0,0.08868274619089876,0.08865826581140408,0.0886582658114047,0.375,0.375,0.5,6.679930492021543e-09,6.139089236967266e-11,6.139089236967266e-11,6.139089236967266e-11,6.139089236967266e-11,6.139089236967266e-11,6.139089236967266e-11,24900.317811513007,18858.201427582906,0.7573478206315727,0.9668887177589228,3.8105351227983193,0.9152571794950481,0.5930869122298358,37569.03399132045,20600.0,0.0,0.0,0.0,0.0,0.0,0.0,0.0,0.0,0.0,0.0,0.0,0.0,0.0,0.0,0.0,0.0,0.0,0.0,0.0,0.0,37577.25343279034,20600.0,1.0,0.0,0.0,6.0,0.9,152975.75209065224,25495.958681775373,257.64131284220065,257.64131284220065,-15.50868715779933,239.090249179209,276.19240203718573,151205.88848339216,151275.8143165971,-69.92583320492113,0.0,nan,276.19240203718573,3.0424020371857523,268.77195710708224,-4.378042892917733,261.3515184087215,-11.79848159127846,253.93108687629842,-19.218913123701554,246.51066344470726,-26.639336555292715,239.090249179209,-34.05975082079098,1.0,1.0,25762.5980482374,25762.5980482374,275.65204836891775,2.5020483689177695,275.65204836891775,275.65204836891775,74416.65161583295,74532.73838757409,-116.08677174114564,0.0,8575.796259387458,8575.796259387458,0.8780616488458912,4075.48452743863,275.65204836891775,2.5020483689177695,1.0,0.002,1.3553028137165029,2.3752673415053144e-09,0.002094848805008554,8.604396992091114e-10,1.0,1.047424402504277,0.06136426266105466,9.484966544825307e-05,0.9999976687885798,0.9999976687885798,0.0,0.08865805913024263,2.066811617579299e-07,0.0,0.0,0.0,1600501.4366807768,266.9609908702673,0.0,1.0,1283317.8504184124,2602.9505061804307,,,,,,,,,,,,,,,,,2.0,15561.403508771931
1560.0,-36.12735845836514,3.8839766484224,34.64435682853925,23.297381260804855,5.1058709639009985,-31.98955162320565,-45.27868114002047,1.060500139515124,-6.189008207214442,-6.189008207187969,37.90098146702609,38199.561664587694,20750.34880255736,20750.34880255736,58949.910467145055,74133.18984844406,74532.7112589418,20750.34880255736,95283.06006149916,95283.06006149916,95283.06006149916,120183.37816965106,120183.37816674392,2.907135961037999e-06,0.0,90618.695361684,55061.75807499936,39507.70809631627,24900.3181081519,64408.02620446817,18858.20166049319,1450.0,0.0,0.8884845049143593,2.7605274505298323,0.0014957518510113484,1.0,1.0,-6.189008207214442,338516.0680726341,1466001.8677285402,4.3306714392475625,1466001.8677285402,4.3306714392475625,0.7573478209629525,0.08865826580809066,4.055208694338243,101325.0,128351.07116782667,1.2667265844345095,1.0,0.0,4.055208694338243,1.2870122559552826,1.2871684511954742,3.1508703010199945,6676.316073789452,15561.403508771931,6442.629169480262,0.0002808179915478661,22346.247059541725,2278.6830425825055,19257.449728320524,1963.7133708575839,0.8617755669222184,0.8617755669222182,35783.01807013136,32395.05729023726,1.132394546780375,0.8,4736.337858058143,4287.898129693729,1.132394546780375,0.8,17904.69674963203,17904.69674963203,1.0,0.8,3099.015535412006,3099.015535412006,6.6957872800075044,3.8839766484224,-2.015198561970595,5.899175210392995,3.5,3.5,1.0,0.6,0.00012135634933358214,0.999999794404816,0.00012135637428386824,204.10138710485475,0.0,0.0,0.0,0.022568591356007153,4.279740614611169e-05,7.855894318747046e-05,0.0003185729094318543,0.08868274570754031,0.08868274570754031,0.08868274570754031,0.08865806105105009,0.0,0.0,0.0,0.0,0.0,0.0,1.0,1.0,0.0,1.0,1.0,525775.3109044209,582.9837616990293,0.0,0.08868274570754031,0.08865826580809036,0.08865826580809097,0.375,0.375,0.5,6.6799304893779135e-09,-2.6489033189136535e-11,-2.6489033189136535e-11,-2.6489033189136535e-11,-2.6489033189136535e-11,-2.6489033189136535e-11,-2.6489033189136535e-11,24900.3181081519,18858.20166049319,0.7573478209629525,0.9668888301862656,3.81053520034904,0.9152572115780118,0.5930869786836859,37569.03399132045,20600.0,0.0,0.0,0.0,0.0,0.0,0.0,0.0,0.0,0.0,0.0,0.0,0.0,0.0,0.0,0.0,0.0,0.0,0.0,0.0,0.0,37569.03399132045,20600.0,1.0,0.0,0.0,6.0,0.9,152975.75209065224,25495.958681775373,257.6413124588577,257.6413124588577,-15.508687541142251,239.09024814192503,276.1924023163662,151205.90751728322,151275.80744462681,-69.89992734361743,0.0,nan,276.1924023163662,3.0424023163662355,268.77195715103244,-4.378042848967539,261.3515181571145,-11.798481842885451,253.93108634009644,-19.218913659903535,246.5106626466117,-26.63933735338827,239.09024814192503,-34.05975185807495,1.0,1.0,25762.5980482374,25762.5980482374,275.6520461281287,2.502046128128711,275.6520461281287,275.6520461281287,74416.66397806678,74532.7112589418,-116.04728087502008,0.0,8575.796259387458,8575.796259387458,0.8780616356011715,4075.4847378099344,275.6520461281287,2.502046128128711,1.0,0.002,1.355302813715461,2.375267341301955e-09,0.0020948488089859076,8.604396696261972e-10,1.0,1.0474244044929537,0.06136426511772464,9.484966942557719e-05,0.9999974110349612,0.9999974110349612,0.0,0.08865803627494008,2.295331505774904e-07,0.0,0.0,0.0,1600501.4377580388,266.96099179278553,0.0,1.0,1283317.8472636347,2602.9505189805677,,,,,,,,,,,,,,,,,2.0,15561.403508771931
1590.0,-36.18982381860244,3.878883197482885,34.64355544464538,23.297990555316233,5.104458053082251,-32.05347444478079,-45.33852296937255,1.0610894624182998,-6.197775342680018,-6.1977753426846505,37.89367909092672,38182.64687539541,20757.91659274512,20757.91659274512,58940.563468140535,74141.08991353141,74494.21269420073,20757.91659274512,95252.12928694586,95252.12928694586,95252.12928694586,120146.8721830225,120146.87218013567,2.88682278153769e-06,0.0,90618.3602908188,55048.36800570465,39522.21365012683,24894.742896076634,64416.956546203466,18853.463627773814,1450.0,0.0,0.888466452206836,2.759627835412834,0.0014957518510113484,1.0,1.0,-6.197775342680018,338399.2434558737,1465700.6910274583,4.331276500677466,1465700.6910274583,4.331276500677466,0.7573271074329948,0.08862876305292597,4.055190057317128,101325.0,128351.07116782667,1.2667265844345095,1.0,0.0,4.055190057317128,1.2870094899628473,1.2871656848673505,3.1508625918789384,6676.299739044627,15561.403508771931,6442.64295232452,0.0002808223862582675,22346.267131748442,2278.6850893779674,19257.49092616436,1963.7175718685137,0.8617766364568467,0.8617766364568467,35782.88650813885,32395.05729023726,1.1323893424955478,0.8,4736.320444154023,4287.898129693729,1.1323893424955478,0.8,17904.69674963203,17904.69674963203,1.0,0.8,3099.015535412006,3099.015535412006,6.698229278152169,3.878883197482885,-2.0224434813359125,5.901326678818798,3.5,3.5,1.0,0.6,0.00012135634933358214,1.0068656511266088,0.00012052884036494173,204.15546209924966,0.0,0.0,0.0,0.022568591356007153,4.249505069097138e-05,7.886129864261077e-05,0.0003197975541626319,0.0886763829636869,0.0886763829636869,0.0886763829636869,0.08862736788336371,0.0,0.0,0.0,0.0,0.0,0.0,1.0,1.0,0.0,1.0,1.0,525739.4029728445,582.9954336978114,0.0,0.0886763829636869,0.08862876305292566,0.08862876305292626,0.375,0.375,0.5,6.635668795652944e-09,4.604316927725449e-12,4.604316927725449e-12,4.604316927725449e-12,4.604316927725449e-12,4.604316927725449e-12,4.604316927725449e-12,24894.742896076634,18853.463627773814,0.7573271074329948,0.9661059781066407,3.812009905160838,0.9149852248276438,0.5927421741511285,37569.03399132045,20600.0,0.0,0.0,0.0,0.0,0.0,0.0,0.0,0.0,0.0,0.0,0.0,0.0,0.0,0.0,0.0,0.0,0.0,0.0,0.0,0.0,37569.03399132045,20600.0,1.0,0.0,0.0,6.0,0.9,152975.75209065224,25495.958681775373,257.61177753161064,257.61177753161064,-15.538222468389336,239.03347213079007,276.1900881031607,151388.28284181052,151539.91289581227,-151.63005400176024,0.0,nan,276.1900881031607,3.0400881031607128,268.7587619770338,-4.391238022966149,261.32743714898714,-11.822562851012833,253.8961137827284,-19.25388621727157,246.46479204696374,-26.68520795303624,239.03347213079007,-34.116527869209904,1.0,1.0,25762.5980482374,25762.5980482374,275.6387897809511,2.4887897809510946,275.6387897809511,275.6387897809511,74466.0403217605,74494.21269420073,-28.172372440225445,0.0,8575.796259387458,8575.796259387458,0.8780628148317514,4075.466007603713,275.6387897809511,2.4887897809510946,1.0,0.002,1.3553028137155019,2.3739896082360995e-09,0.0020948109962103845,8.602571564199682e-10,1.0,1.0474054981051921,0.061340908639281766,9.481185646754075e-05,0.9999842359687328,0.9999842359687328,0.0,0.08862736590633402,1.3971465919431516e-06,0.0,0.0,0.0,1600491.1994647759,266.95222465731996,0.0,1.0,1283347.8279212303,2602.828880144555,,,,,,,,,,,,,,,,,12.0,15561.403508771931
1620.0,-36.22920317040575,3.8741076160305994,34.643203376376604,23.303456673771166,5.111592293346313,-32.07961404297999,-45.36415730891747,1.0663544720520672,-6.198346791911263,-6.198346791894883,37.89265353444429,38120.61358982929,20749.256080326493,20749.256080326493,58869.869670155786,74131.33706036233,74501.12788663432,20749.256080326493,95250.38396696081,95250.38396696081,95250.38396696081,120144.55604495441,120144.55604207207,2.8823377394434558e-06,0.0,90615.56771628237,55036.05713746783,39532.789532016155,24894.1720779936,64426.961610009756,18852.96483575455,1450.0,0.0,0.8884672737005579,2.759569205785126,0.0014957518510113484,1.0,1.0,-6.198346791911263,338391.6298293855,1465658.3970768435,4.331248966813445,1465658.3970768435,4.331248966813445,0.7573244362852514,0.08862790898436577,4.055034628328945,101325.0,128351.07116782667,1.2667265844345095,1.0,0.0,4.055034628328945,1.2869864911440896,1.2871416182090865,3.150798128987469,6676.163149912938,15561.403508771931,6442.758183508023,0.00028085913185145825,22346.434992991537,2278.7022064610787,19257.83535988312,1963.7526943332455,0.8617855763535844,0.8617855763535844,35781.78930301001,32395.05729023726,1.1323459398122593,0.8,4736.175215090907,4287.898129693729,1.1323459398122593,0.8,17904.69674963203,17904.69674963203,1.0,0.8,3099.015535412006,3099.015535412006,6.695434676989424,3.8741076160305994,-2.0247569412761504,5.89886455730675,3.5,3.5,1.0,0.6,0.00012052884036494173,1.0043247486906652,0.0001200098280183524,204.18956578450505,0.0,5.6313491961352186e-06,15.95924362184721,0.02273753183189121,4.2366137529265354e-05,7.816270283567638e-05,0.00031695246664245277,0.08867514359503773,0.08867514359503773,0.08867514359503773,0.08862556689696265,0.0,0.0,0.0,0.0,0.0,0.0,1.0,1.0,0.0,1.0,1.0,525734.3600565279,582.9970728949936,0.0,0.08867514359503773,0.08862790898436548,0.08862790898436607,0.375,0.375,0.5,6.62556232629326e-09,-1.6370904631912708e-11,-1.6370904631912708e-11,-1.6370904631912708e-11,-1.6370904631912708e-11,-1.6370904631912708e-11,-1.6370904631912708e-11,24894.1720779936,18852.96483575455,0.7573244362852514,0.9642783633812839,3.8113576480240967,0.9137458635176334,0.591687278698343,37569.03399132045,20600.0,0.0,0.0,0.0,0.0,0.0,0.0,0.0,0.0,0.0,0.0,0.0,0.0,0.0,0.0,0.0,0.0,0.0,0.0,0.0,0.0,37584.993234942296,20600.0,1.0,0.0,0.0,6.0,0.9,152975.75209065224,25495.958681775373,257.5939337615188,257.5939337615188,-15.55606623848115,238.99390635758667,276.1939677352362,151582.33503777775,151675.45307945754,-93.11804167979216,0.0,nan,276.1939677352362,3.0439677352362082,268.7539523608309,-4.396047639169069,261.31393704029773,-11.836062959702247,253.87392469220487,-19.27607530779511,246.43391438295677,-26.716085617043206,238.99390635758667,-34.15609364241331,1.0,1.0,25762.5980482374,25762.5980482374,275.6390246932989,2.4890246932989157,275.6390246932989,275.6390246932989,74482.739605566,74501.12788663432,-18.388281068313518,0.0,8575.796259387458,8575.796259387458,0.8780726493543694,4075.30980147059,275.6390246932989,2.4890246932989157,1.0,0.002,1.3552422848873278,2.3736787955518495e-09,0.0020947149759259986,8.601628025167999e-10,1.0,1.0473574879629992,0.06127885743990258,9.471583608880105e-05,0.9999735518551742,0.9999735518551742,0.0,0.08862556494059336,2.3440437724240877e-06,0.0,0.0,0.0,1600490.5320861335,266.9516532080887,0.0,1.0,1283349.7820340642,2602.8209521157887,,,,,,,,,,,,,,,,,11.0,15561.403508771931
1650.0,-36.300031020820015,3.862375243079452,34.64105064668256,23.240936337411426,5.065938166969199,-32.162977353216036,-45.44293811833484,1.005874073680475,-6.220435342432836,-6.220435342396333,37.840610626898,38164.92109744031,20770.589806080112,20770.589806080112,58935.51090352042,74097.66218067362,74430.05005080896,20770.589806080112,95200.63985688907,95200.63985688907,95200.63985688907,120068.0672117396,120068.0672117396,0.0,0.0,90650.14018582171,55041.98653760873,39564.61516468109,24867.42735485053,64432.04251953162,18829.406711630207,1450.0,0.0,0.8885441251013457,2.757303715429445,0.0014957518510113484,1.0,1.0,-6.220435342432836,338097.4391515248,1463513.3598343234,4.328673306450044,1463513.3598343234,4.328673306450044,0.7571915841128385,0.08856356394800283,4.0569578041674745,101325.0,128351.07116782667,1.2667265844345095,1.0,0.0,4.0569578041674745,1.2872714819522808,1.2874259752241024,3.151594563420823,6677.850698907702,15561.403508771931,6441.332091391985,0.00028040483734448275,22344.36357526375,2278.4909806369915,19253.5726751142,1963.3180214562772,0.8616746952877549,0.8616746952877549,35795.36480426386,32395.05729023726,1.1328829760035386,0.8,4737.972105459537,4287.898129693729,1.1328829760035386,0.8,17904.69674963203,17904.69674963203,1.0,0.8,3099.015535412006,3099.015535412006,6.70231871016378,3.862375243079452,-2.042554339317169,5.904929582396621,3.5,3.5,1.0,0.6,0.0001200098280183524,1.007795564421883,0.00011908152035496947,204.25093163912888,0.0,3.532563522895722e-06,10.011285023886476,0.02284350873757808,4.197221848696725e-05,7.803760953138515e-05,0.0003165952890069271,0.08860863617457143,0.08860863617457143,0.08860863617457143,0.08856046874723195,0.0,0.0,0.0,0.0,0.0,0.0,1.0,1.0,0.0,1.0,1.0,525478.4672280204,583.080244120355,0.0,0.08860863617457143,0.08856356394800324,0.0885635639480024,0.375,0.375,0.5,1.0248287026761465e-10,-3.6493474908638746e-11,-3.6493474908638746e-11,-3.6493474908638746e-11,-3.6493474908638746e-11,-3.6493474908638746e-11,-3.6493474908638746e-11,24867.42735485053,18829.406711630207,0.7571915841128385,0.9646225784981154,3.814960455418769,0.9146925752920994,0.5923282827154079,37569.03399132045,20600.0,0.0,0.0,0.0,0.0,0.0,0.0,0.0,0.0,0.0,0.0,0.0,0.0,0.0,0.0,0.0,0.0,0.0,0.0,0.0,0.0,37579.04527634434,20600.0,1.0,0.0,0.0,6.0,0.9,152975.75209065224,25495.958681775373,257.5409075273109,257.5409075273109,-15.609092472689099,238.92813341796275,276.1536825024599,151657.98654049545,151928.37812524967,-270.391584754218,0.0,nan,276.1536825024599,3.003682502459924,268.70857227882084,-4.441427721179139,261.2634620609848,-11.88653793901517,253.8183522318572,-19.331647768142773,246.37324267177982,-26.776757328220157,238.92813341796275,-34.22186658203722,1.0,1.0,25762.5980482374,25762.5980482374,275.6086479519781,2.4586479519781506,275.6086479519781,275.6086479519781,74392.6754421222,74430.05005080896,-37.37460868676135,0.0,8575.796259387458,8575.796259387458,0.8779509606973033,4077.2425931883117,275.6086479519781,2.4586479519781506,1.0,0.002,1.3553016220015055,2.96128961418422e-12,0.0020947114328704456,1.0739802004551098e-12,1.0,1.0473557164352227,0.06127935169356591,9.471143394442589e-05,0.9999650292384379,0.9999650292384379,0.0,0.0885604668127249,3.0971352779166607e-06,0.0,0.0,0.0,1600464.7319473517,266.92956465756714,0.0,1.0,1283425.3106304556,2602.5145517134574,,,,,,,,,,,,,,,,,10.0,15561.403508771931
1680.0,-36.37576790193111,3.851147395771673,34.639209356999736,23.22038736836987,5.050987802776566,-32.2326330885885,-45.50946074360979,0.9859746347247866,-6.231608940002957,-6.231608940009754,37.815085841576916,38125.77546143731,20770.47805170974,20770.47805170974,58896.25351314705,74086.4546260887,74404.81858944811,20770.47805170974,95175.29664115785,95175.29664115785,95175.29664115785,120029.49840309986,120029.49840309986,0.0,0.0,90661.70867832864,55030.94166901978,39589.74112145428,24854.201761942004,64443.94288339629,18817.773399438873,1450.0,0.0,0.8885800912028807,2.7561582660401633,0.0014957518510113484,1.0,1.0,-6.231608940002957,337948.6979711618,1462462.1810244673,4.327468014536525,1462462.1810244673,4.327468014536525,0.7571264440386731,0.08852843519231017,4.05760104614014,101325.0,128351.07116782667,1.2667265844345095,1.0,0.0,4.05760104614014,1.2873668456974086,1.2875201552796876,3.151860761135265,6678.414739921756,15561.403508771931,6440.854262036563,0.00028025284718208716,22343.67244275336,2278.4205047343753,19252.144411194502,1963.1723790687445,0.8616374260104444,0.8616374260104444,35799.90509620368,32395.05729023726,1.1330625977584248,0.8,4738.573070882829,4287.898129693729,1.1330625977584248,0.8,17904.69674963203,17904.69674963203,1.0,0.8,3099.015535412006,3099.015535412006,6.7022826489149425,3.851147395771673,-2.0537504156596667,5.90489781143134,3.5,3.5,1.0,0.6,0.00011908152035496947,1.0083432802587415,0.00011809621057266638,204.3165889292593,0.0,6.320256836456885e-06,17.911607874518815,0.023033116442671787,4.1642237482815685e-05,7.743928287215379e-05,0.00031421771519439344,0.0885762003077878,0.0885762003077878,0.0885762003077878,0.08852726184998425,0.0,0.0,0.0,0.0,0.0,0.0,1.0,1.0,0.0,1.0,1.0,525352.9736884385,583.1210277627947,0.0,0.0885762003077878,0.0885284351923102,0.08852843519231014,0.375,0.375,0.5,2.1510032478888724e-17,6.821210263296962e-12,6.821210263296962e-12,6.821210263296962e-12,6.821210263296962e-12,6.821210263296962e-12,6.821210263296962e-12,24854.201761942004,18817.773399438873,0.7571264440386731,0.9630215904790642,3.8165350706635093,0.9139144949543648,0.5916114650281626,37569.03399132045,20600.0,0.0,0.0,0.0,0.0,0.0,0.0,0.0,0.0,0.0,0.0,0.0,0.0,0.0,0.0,0.0,0.0,0.0,0.0,0.0,0.0,37586.94559919497,20600.0,1.0,0.0,0.0,6.0,0.9,152975.75209065224,25495.958681775373,257.49456180827855,257.49456180827855,-15.65543819172143,238.85633903999891,276.1327846894897,151922.1793160679,152158.5050236074,-236.32570753952518,0.0,nan,276.1327846894897,2.9827846894897334,268.67749550653224,-4.4725044934677385,261.2222063243613,-11.927793675638668,253.76691719284702,-19.38308280715296,246.31162809644226,-26.838371903557714,238.85633903999891,-34.29366096000106,1.0,1.0,25762.5980482374,25762.5980482374,275.59453218309596,2.444532183095987,275.59453218309596,275.59453218309596,74377.99017989558,74404.81858944811,-26.828409552530502,0.0,8575.796259387458,8575.796259387458,0.877910258326582,4077.88905137084,275.59453218309596,2.444532183095987,1.0,0.002,1.3553028131793936,8.930339315732769e-16,0.0020946650937357673,3.2401402248860493e-16,1.0,1.0473325468678836,0.06125077857728445,9.466509373609122e-05,0.9999867162124374,0.9999867162124374,0.0,0.08852725919938383,1.1759929263441641e-06,0.0,0.0,0.0,1600451.678171564,266.918391059997,0.0,1.0,1283463.5135395026,2602.359591909545,,,,,,,,,,,,,,,,,12.0,15561.403508771931
1710.0,-36.438646558977865,3.8412471900696614,34.63777129936649,23.206163383461558,5.041951196694606,-32.29012251450698,-45.56467946441842,0.9721900224349589,-6.239565868625846,-6.239565868637305,37.79690815221801,38092.460917705386,20766.474900936348,20766.474900936348,58858.93581864174,74073.37804466723,74390.49811331258,20766.474900936348,95156.97301424893,95156.97301424893,95156.97301424893,120001.7565608488,120001.7565608488,0.0,0.0,90669.80153869643,55019.45123581354,39611.50033653654,24844.783546599865,64456.283883136406,18809.491471262103,1450.0,0.0,0.888605708747091,2.7553427991527655,0.0014957518510113484,1.0,1.0,-6.239565868625846,337842.80793262535,1461713.9236733736,4.326609563240658,1461713.9236733736,4.326609563240658,0.7570801104377614,0.08850476647149527,4.058050833773378,101325.0,128351.07116782667,1.2667265844345095,1.0,0.0,4.058050833773378,1.287433621926935,1.2875856708744604,3.152046648975649,6678.808613949599,15561.403508771931,6440.520239475206,0.0002801466672699102,22343.190179899033,2278.371327609228,19251.145995405815,1963.0705689920428,0.8616113384168853,0.8616113384168854,35803.07981464693,32395.05729023726,1.1331881984614909,0.8,4738.993285273968,4287.898129693729,1.1331881984614909,0.8,17904.69674963203,17904.69674963203,1.0,0.8,3099.015535412006,3099.015535412006,6.700990899736002,3.8412471900696614,-2.0625125543329963,5.903759744402658,3.5,3.5,1.0,0.6,0.00011809621057266638,1.0069259630556564,0.00011728390656874817,204.37112929781088,0.0,6.710504458626678e-06,19.017569635748007,0.023234431576430587,4.137015575395921e-05,7.672605481870716e-05,0.0003113582307291965,0.08855310256799095,0.08855310256799095,0.08855310256799095,0.08850362067775285,0.0,0.0,0.0,0.0,0.0,0.0,1.0,1.0,0.0,1.0,1.0,525263.6067424447,583.1500688721151,0.0,0.08855310256799095,0.08850476647149531,0.08850476647149522,0.375,0.375,0.5,1.521964758801037e-13,1.1482370609883219e-11,1.1482370609883219e-11,1.1482370609883219e-11,1.1482370609883219e-11,1.1482370609883219e-11,1.1482370609883219e-11,24844.783546599865,18809.491471262103,0.7570801104377614,0.9616515555854865,3.817294393719236,0.9131605527454385,0.5909813384024681,37569.03399132045,20600.0,0.0,0.0,0.0,0.0,0.0,0.0,0.0,0.0,0.0,0.0,0.0,0.0,0.0,0.0,0.0,0.0,0.0,0.0,0.0,0.0,37588.0515609562,20600.0,1.0,0.0,0.0,6.0,0.9,152975.75209065224,25495.958681775373,257.4572496622888,257.4572496622888,-15.692750337711175,238.79463913257098,276.11986021206104,152159.68380353943,152349.9633193154,-190.27951577594465,0.0,nan,276.11986021206104,2.9698602120610644,268.6548159872343,-4.495184012765662,261.1897717605723,-11.960228239427693,253.7247275457215,-19.425272454278485,246.2596833355729,-26.890316664427075,238.79463913257098,-34.355360867429,1.0,1.0,25762.5980482374,25762.5980482374,275.58490538315823,2.4349053831582523,275.58490538315823,275.58490538315823,74367.36414113891,74390.49811331258,-23.1339721736731,0.0,8575.796259387458,8575.796259387458,0.8778817967556087,4078.341087942245,275.58490538315823,2.4349053831582523,1.0,0.002,1.3553028138541996,2.936942119463025e-13,0.002094630787207958,1.0659080617250162e-13,1.0,1.0473153936039792,0.06122958421285274,9.463078731454912e-05,0.9999870299071475,0.9999870299071475,0.0,0.08850361855645625,1.1479150390245208e-06,0.0,0.0,0.0,1600442.3812459987,266.91043413137413,0.0,1.0,1283490.717079023,2602.2492561642534,,,,,,,,,,,,,,,,,10.0,15561.403508771931
1740.0,-36.497155948019916,3.8325774552983423,34.636592323763466,23.193411819543712,5.03410737269279,-32.34356255094603,-45.615864638797916,0.9598319774934605,-6.246392941795932,-6.246392941760739,37.78131207414451,38060.52395994254,20762.679017941704,20762.679017941704,58823.20297788424,74060.5759978683,74378.56503438787,20762.679017941704,95141.24405232957,95141.24405232957,95141.24405232957,119977.9471483224,119977.9471483224,0.0,0.0,90677.02642856202,55009.13262234501,39630.9931180189,24836.703095992834,64467.69621401174,18802.38750474661,1450.0,0.0,0.8886276882258081,2.7546432775503287,0.0014957518510113484,1.0,1.0,-6.246392941795932,337751.9746837557,1461072.165449636,4.325873051719886,1461072.165449636,4.325873051719886,0.7570403942937256,0.08848449583234559,4.058452123471919,101325.0,128351.07116782667,1.2667265844345095,1.0,0.0,4.058452123471919,1.2874933461851115,1.2876443562957653,3.15221211472452,6679.159216016112,15561.403508771931,6440.222670387973,0.0002800521220584571,22342.76114879723,2278.32757861219,19250.256541490755,1962.9798699342543,0.8615880737966465,0.8615880737966465,35805.912162613844,32395.05729023726,1.1333002563851535,0.8,4739.368182575157,4287.898129693729,1.1333002563851535,0.8,17904.69674963203,17904.69674963203,1.0,0.8,3099.015535412006,3099.015535412006,6.699766032370458,3.8325774552983423,-2.0701031468172815,5.902680602115623,3.5,3.5,1.0,0.6,0.00011728390656874817,1.0064464531039317,0.00011653268408571432,204.4219043122307,0.0,5.533716220463254e-06,15.682551768792862,0.023400443063044486,4.1119420320631616e-05,7.616448624811654e-05,0.0003091099209468164,0.08853328659528314,0.08853328659528314,0.08853328659528314,0.08848334009660783,0.0,0.0,0.0,0.0,0.0,0.0,1.0,1.0,0.0,1.0,1.0,525186.9346364439,583.1749833486506,0.0,0.08853328659528314,0.08848449583234563,0.08848449583234555,0.375,0.375,0.5,9.051925081140286e-14,-3.518607627484016e-11,-3.518607627484016e-11,-3.518607627484016e-11,-3.518607627484016e-11,-3.518607627484016e-11,-3.518607627484016e-11,24836.703095992834,18802.38750474661,0.7570403942937256,0.9603727024099651,3.817868041878265,0.9124446262607303,0.5903813257665359,37569.03399132045,20600.0,0.0,0.0,0.0,0.0,0.0,0.0,0.0,0.0,0.0,0.0,0.0,0.0,0.0,0.0,0.0,0.0,0.0,0.0,0.0,0.0,37584.71654308924,20600.0,1.0,0.0,0.0,6.0,0.9,152975.75209065224,25495.958681775373,257.4235345313561,257.4235345313561,-15.72646546864388,238.7379179728038,276.1091511033226,152369.8800363382,152541.85262394385,-171.97258760564446,0.0,nan,276.1091511033226,2.959151103322597,268.6349044692008,-4.515095530799158,261.16065783957094,-11.989342160429032,253.68641121271926,-19.463588787280713,246.2121645905192,-26.937835409480783,238.7379179728038,-34.41208202719616,1.0,1.0,25762.5980482374,25762.5980482374,275.5766868265429,2.426686826542948,275.5766868265429,275.5766868265429,74356.33614964035,74378.56503438787,-22.228884747513803,0.0,8575.796259387458,8575.796259387458,0.8778564037534831,4078.7443840892784,275.5766868265429,2.426686826542948,1.0,0.002,1.3553028138543182,3.223237141593824e-13,0.0020946013528084376,1.170110536334178e-13,1.0,1.0473006764042188,0.06121139924014285,9.460135292544856e-05,0.9999869144041916,0.9999869144041916,0.0,0.08848333795999783,1.1578723477695518e-06,0.0,0.0,0.0,1600434.40373017,266.90360705820405,0.0,1.0,1283514.056838936,2602.15459700972,,,,,,,,,,,,,,,,,10.0,15561.403508771931
1770.0,-36.54756808792949,3.8250954999041435,34.63560468737096,23.182065656315558,5.026906492442628,-32.38964178928256,-45.66007275190202,0.9488370042634797,-6.252293200888971,-6.252293200832209,37.76784184649753,38033.585176252476,20759.420723516887,20759.420723516887,58793.00589976936,74050.107036968,74368.2232981994,20759.420723516887,95127.64402171629,95127.64402171629,95127.64402171629,119957.36706890684,119957.36706890684,0.0,0.0,90683.47714227828,55000.099090648975,39648.19783514367,24829.723047190546,64477.92088233422,18796.252252496102,1450.0,0.0,0.8886466534798374,2.7540388329888845,0.0014957518510113484,1.0,1.0,-6.252293200888971,337673.4880259657,1460518.054834136,4.325237564169765,1460518.054834136,4.325237564169765,0.757006117900412,0.0884669776416135,4.058810593128311,101325.0,128351.07116782667,1.2667265844345095,1.0,0.0,4.058810593128311,1.2875465465072562,1.2876965955735078,3.1523602809845577,6679.473162541668,15561.403508771931,6439.956017694493,0.0002799674372040514,22342.377172220884,2278.2884238981596,19249.459498745546,1962.8985941932817,0.861567207032881,0.861567207032881,35808.442234527574,32395.05729023726,1.1334003570494304,0.8,4739.703069793589,4287.898129693729,1.1334003570494304,0.8,17904.69674963203,17904.69674963203,1.0,0.8,3099.015535412006,3099.015535412006,6.698714635761571,3.8250954999041435,-2.0766587924958237,5.901754292399968,3.5,3.5,1.0,0.6,0.00011653268408571432,1.0055543956275521,0.00011588899078203316,204.46567142363529,0.0,5.118877684798051e-06,14.506899358717677,0.023554009393588426,4.090399642202863e-05,7.562868766368568e-05,0.0003069625186337599,0.08851617461491937,0.08851617461491937,0.08851617461491937,0.08846581242932566,0.0,0.0,0.0,0.0,0.0,0.0,1.0,1.0,0.0,1.0,1.0,525120.7155860977,583.1965001875722,0.0,0.08851617461491937,0.08846697764161353,0.08846697764161347,0.375,0.375,0.5,1.3579842039889184e-13,-5.678657544194721e-11,-5.678657544194721e-11,-5.678657544194721e-11,-5.678657544194721e-11,-5.678657544194721e-11,-5.678657544194721e-11,24829.723047190546,18796.252252496102,0.757006117900412,0.9592765183021756,3.8183884524323144,0.9118316021240936,0.589869906718301,37569.03399132045,20600.0,0.0,0.0,0.0,0.0,0.0,0.0,0.0,0.0,0.0,0.0,0.0,0.0,0.0,0.0,0.0,0.0,0.0,0.0,0.0,0.0,37583.54089067917,20600.0,1.0,0.0,0.0,6.0,0.9,152975.75209065224,25495.958681775373,257.39414266458505,257.39414266458505,-15.75585733541493,238.68865419949657,276.0996312344675,152551.93237061246,152704.00598486705,-152.07361425461391,0.0,nan,276.0996312344675,2.9496312344675175,268.61743576780646,-4.532564232193522,261.135240327205,-12.01475967279498,253.65304491779108,-19.4969550822089,246.17084954074346,-26.979150459256516,238.68865419949657,-34.46134580050341,1.0,1.0,25762.5980482374,25762.5980482374,275.5695806460765,2.419580646076497,275.5695806460765,275.5695806460765,74345.79984964059,74368.2232981994,-22.42344855880947,0.0,8575.796259387458,8575.796259387458,0.877833720120764,4079.104646093953,275.5695806460765,2.419580646076497,1.0,0.002,1.3553028138529808,2.6428759587606127e-15,0.0020945759154981855,9.596364117232327e-16,1.0,1.0472879577490928,0.06119568331182945,9.45759154991452e-05,0.9999868076190734,0.9999868076190734,0.0,0.08846581055154502,1.1670900684699216e-06,0.0,0.0,0.0,1600427.5086715475,266.897706799111,0.0,1.0,1283534.2273687609,2602.072795300157,,,,,,,,,,,,,,,,,10.0,15561.403508771931
1800.0,-36.603072807598316,3.818307185983822,34.63469806198614,23.171186679415428,5.020867731180509,-32.44020637174276,-45.708332502376265,0.9382946862784602,-6.257969463675067,-6.257969463661561,37.754879086301685,38001.754409956724,20757.129898269486,20757.129898269486,58758.88430822621,74036.50970276295,74357.43243622949,20757.129898269486,95114.56233449897,95114.56233449897,95114.56233449897,119937.56900713746,119937.56900713746,0.0,0.0,90689.63076778773,54990.53451295703,39665.66250536745,24823.006672638487,64488.669178005934,18790.349739740843,1450.0,0.0,0.888664913716627,2.753457434311017,0.0014957518510113484,1.0,1.0,-6.257969463675067,337597.99454715877,1459984.9695555964,4.324625717975502,1459984.9695555964,4.324625717975502,0.7569731575044362,0.08845012632181146,4.059152321544392,101325.0,128351.07116782667,1.2667265844345095,1.0,0.0,4.059152321544392,1.2875974020642238,1.2877466281961438,3.152501173920454,6679.771697766142,15561.403508771931,6439.702284003129,0.0002798868880770597,22342.012219261313,2278.2512090531745,19248.701071762196,1962.8212561641537,0.8615473343608533,0.8615473343608533,35810.85410548205,32395.05729023726,1.13349578281516,0.8,4740.022311610701,4287.898129693729,1.13349578281516,0.8,17904.69674963203,17904.69674963203,1.0,0.8,3099.015535412006,3099.015535412006,6.697975425124766,3.818307185983822,-2.0827958412427554,5.901103027226577,3.5,3.5,1.0,0.6,0.00011588899078203316,1.0061199449319391,0.00011518407061284595,204.51388016992132,0.0,4.387106117602226e-06,12.433058737284709,0.023685622577116493,4.067002300314728e-05,7.521896777888588e-05,0.0003053252476838374,0.08849970724879298,0.08849970724879298,0.08849970724879298,0.08844895406332426,0.0,0.0,0.0,0.0,0.0,0.0,1.0,1.0,0.0,1.0,1.0,525056.99308841,583.2172049936355,0.0,0.08849970724879298,0.08845012632181144,0.08845012632181146,0.375,0.375,0.5,7.231218329232695e-17,-1.3528733688872308e-11,-1.3528733688872308e-11,-1.3528733688872308e-11,-1.3528733688872308e-11,-1.3528733688872308e-11,-1.3528733688872308e-11,24823.006672638487,18790.349739740843,0.7569731575044362,0.9580516751690313,3.818781538076936,0.911150517713988,0.589278006420969,37569.03399132045,20600.0,0.0,0.0,0.0,0.0,0.0,0.0,0.0,0.0,0.0,0.0,0.0,0.0,0.0,0.0,0.0,0.0,0.0,0.0,0.0,0.0,37581.467050057734,20600.0,1.0,0.0,0.0,6.0,0.9,152975.75209065224,25495.958681775373,257.36349473475116,257.36349473475116,-15.78650526524882,238.63601955617366,276.0909699275337,152744.29274545002,152900.57525403585,-156.28250858582766,0.0,nan,276.0909699275337,2.940969927533729,268.59997984483056,-4.55002015516942,261.108989766328,-12.041010233671955,253.61799969183843,-19.532000308161543,246.12700962180236,-27.02299037819762,238.63601955617366,-34.51398044382631,1.0,1.0,25762.5980482374,25762.5980482374,275.5626460905308,2.4126460905308136,275.5626460905308,275.5626460905308,74336.10282779724,74357.43243622949,-21.329608432250097,0.0,8575.796259387458,8575.796259387458,0.8778120956674993,4079.448083152114,275.5626460905308,2.4126460905308136,1.0,0.002,1.3553028138543404,1.454128744839776e-15,0.0020945514449427264,5.281101201304474e-16,1.0,1.0472757224713631,0.06118056431331764,9.455144494325456e-05,0.9999867096992582,0.9999867096992582,0.0,0.08844895079303199,1.1755287794687969e-06,0.0,0.0,0.0,1600420.8749066042,266.8920305363249,0.0,1.0,1283553.631514344,2601.9941051547667,,,,,,,,,,,,,,,,,11.0,15561.403508771931
1830.0,-36.62765792443527,3.8147712970060663,34.634460982354646,23.17949499646204,5.02882160350074,-32.451809453308336,-45.72019324460996,0.9463155072364358,-6.256881831924318,-6.256881831922187,37.75748172121253,37944.59534112062,20747.6054455922,20747.6054455922,58692.20078671282,74033.4210384581,74369.11569279572,20747.6054455922,95116.72113838792,95116.72113838792,95116.72113838792,119941.05967114787,119941.05967114787,0.0,0.0,90685.24911088987,54980.73966207145,39671.677165353794,24824.338532759946,64496.01569811374,18791.521676213713,1450.0,0.0,0.8886609828386693,2.753568828914682,0.0014957518510113484,1.0,1.0,-6.256881831924318,337612.4588657922,1460091.9894460593,4.324757428535762,1460091.9894460593,4.324757428535762,0.7569797540190284,0.08845451872012658,4.058909014511969,101325.0,128351.07116782667,1.2667265844345095,1.0,0.0,4.058909014511969,1.287561182446987,1.2877094967061349,3.152400887698467,6679.559203295768,15561.403508771931,6439.882906254297,0.00027994422429871124,22342.271971768645,2278.2776964374834,19249.24096375818,1962.8763098263098,0.8615614825601098,0.8615614825601098,35809.13688293346,32395.05729023726,1.1334278406751923,0.8,4739.795015351015,4287.898129693729,1.1334278406751923,0.8,17904.69674963203,17904.69674963203,1.0,0.8,3099.015535412006,3099.015535412006,6.694902045024392,3.8147712970060663,-2.0836239966946293,5.898395293700696,3.5,3.5,1.0,0.6,0.00011518407061284595,1.0027070606861106,0.00011487310215411298,204.53524044133707,0.0,4.805531967017124e-06,13.618877594526529,0.02382978853612701,4.0612709739311074e-05,7.457136087353487e-05,0.0003026783688740159,0.08850304074615849,0.08850304074615849,0.08850304074615849,0.08845214112094066,0.0,0.0,0.0,0.0,0.0,0.0,1.0,1.0,0.0,1.0,1.0,525069.7870069012,583.2130480394555,0.0,0.08850304074615849,0.08845451872012658,0.0884545187201266,0.375,0.375,0.5,9.986528727554631e-11,-2.1032064978498966e-12,-2.1032064978498966e-12,-2.1032064978498966e-12,-2.1032064978498966e-12,-2.1032064978498966e-12,-2.1032064978498966e-12,24824.338532759946,18791.521676213713,0.7569797540190284,0.9564656211272693,3.8180685603755595,0.9100128147672437,0.5883246419240492,37569.03399132045,20600.0,0.0,0.0,0.0,0.0,0.0,0.0,0.0,0.0,0.0,0.0,0.0,0.0,0.0,0.0,0.0,0.0,0.0,0.0,0.0,0.0,37582.65286891498,20600.0,1.0,0.0,0.0,6.0,0.9,152975.75209065224,25495.958681775373,257.352301676261,257.352301676261,-15.797698323738985,238.60927304775993,276.09533344201697,152903.5010223287,152961.966203881,-58.465181552298,0.0,nan,276.09533344201697,2.945333442016988,268.5981208767747,-4.5518791232252624,261.10090631305786,-12.049093686942115,253.60369376293067,-19.546306237069302,246.10648261502593,-27.043517384974052,238.60927304775993,-34.54072695224005,1.0,1.0,25762.5980482374,25762.5980482374,275.5650960746643,2.4150960746643477,275.5650960746643,275.5650960746643,74353.92857215682,74369.11569279572,-15.187120638904162,0.0,8575.796259387458,8575.796259387458,0.8778274920695232,4079.203559584529,275.5650960746643,2.4150960746643477,1.0,0.002,1.3552466317220664,9.998889694082723e-11,0.0020944693068620838,3.6312473946930575e-11,1.0,1.047234653431042,0.0611272791186277,9.446934317455758e-05,0.9999730989270254,0.9999730989270254,0.0,0.08845213919866356,2.3795214630276644e-06,0.0,0.0,0.0,1600422.1460414755,266.89311816807566,0.0,1.0,1283549.9135237767,2602.0091825554396,,,,,,,,,,,,,,,,,11.0,15561.403508771931
1860.0,-36.67316709942654,3.8093494763839146,34.63362604979004,23.157475527282827,5.013399158973831,-32.504034490512,-45.76954204877836,0.9250032507458099,-6.2647838415771275,-6.2647838415767785,37.73931380224303,37962.69603206751,20752.714634999025,20752.714634999025,58715.410667066535,74018.82248679052,74345.76838201736,20752.714634999025,95098.48301701638,95098.48301701638,95098.48301701638,119913.42557040973,119913.42557040973,0.0,0.0,90697.44775476,54977.30809124529,39689.044070571894,24814.942553393354,64503.98662396525,18783.264082062167,1450.0,0.0,0.8886868486637244,2.7527595907402085,0.0014957518510113484,1.0,1.0,-6.2647838415771275,337507.3818195576,1459345.051727763,4.323890766063233,1459345.051727763,4.323890766063233,0.7569336113370781,0.088431727217064,4.059586466691476,101325.0,128351.07116782667,1.2667265844345095,1.0,0.0,4.059586466691476,1.2876619477734474,1.2878098731966625,3.15268030845447,6680.151262348168,15561.403508771931,6439.379440553944,0.00027978444598078924,22341.548455470525,2278.2039183075285,19247.7360710879,1962.722853480842,0.8615220251833047,0.8615220251833047,35813.918182119705,32395.05729023726,1.1336170154406855,0.8,4740.427881150712,4287.898129693729,1.1336170154406855,0.8,17904.69674963203,17904.69674963203,1.0,0.8,3099.015535412006,3099.015535412006,6.6965506941997335,3.8093494763839146,-2.090498323189369,5.899847799573283,3.5,3.5,1.0,0.6,0.00011487310215411298,1.0050182602548454,0.00011429951742865276,204.5747911966981,0.0,2.1201336158873313e-06,6.008458667424697,0.02389339254460363,4.0375049688697444e-05,7.449805246541553e-05,0.00030243128558347243,0.08847993405344086,0.08847993405344086,0.08847993405344086,0.08842871996061884,0.0,0.0,0.0,0.0,0.0,0.0,1.0,1.0,0.0,1.0,1.0,524980.4794876609,583.2420648443909,0.0,0.08847993405344086,0.08843172721706397,0.08843172721706404,0.375,0.375,0.5,1.238449679282684e-13,-3.410605131648481e-13,-3.410605131648481e-13,-3.410605131648481e-13,-3.410605131648481e-13,-3.410605131648481e-13,-3.410605131648481e-13,24814.942553393354,18783.264082062167,0.7569336113370781,0.9565031590220534,3.8191318363068256,0.9102601829768445,0.5885325546369127,37569.03399132045,20600.0,0.0,0.0,0.0,0.0,0.0,0.0,0.0,0.0,0.0,0.0,0.0,0.0,0.0,0.0,0.0,0.0,0.0,0.0,0.0,0.0,37575.04244998788,20600.0,1.0,0.0,0.0,6.0,0.9,152975.75209065224,25495.958681775373,257.324314160571,257.324314160571,-15.825685839428957,238.56743668261745,276.08119205217963,152997.37728100875,153140.09110681136,-142.71382580259083,0.0,nan,276.08119205217963,2.9311920521796537,268.578440912274,-4.571559087725973,261.07568951270736,-12.074310487292621,253.57293837706231,-19.577061622937663,246.07018742658556,-27.079812573414415,238.56743668261745,-34.58256331738252,1.0,1.0,25762.5980482374,25762.5980482374,275.554471599355,2.40447159935502,275.554471599355,275.554471599355,74321.898456865,74345.76838201736,-23.869925152350334,0.0,8575.796259387458,8575.796259387458,0.8777846228479151,4079.8843990249334,275.554471599355,2.40447159935502,1.0,0.002,1.3553014033763051,2.8434504280835046e-14,0.002094519889506218,1.0329454199926708e-14,1.0,1.0472599447531088,0.061161003787340684,9.451988951654717e-05,0.9999659554789398,0.9999659554789398,0.0,0.08842871660126436,3.010615799626804e-06,0.0,0.0,0.0,1600412.910435781,266.88521615842285,0.0,1.0,1283576.925453331,2601.8996451452017,,,,,,,,,,,,,,,,,10.0,15561.403508771931
1890.0,-36.719858873087006,3.804119007911138,34.63282776611694,23.146908007934712,5.006672144381359,-32.546727839657756,-45.810333313979186,0.9147642710445972,-6.270092744563044,-6.270092744575264,37.727197357361916,37937.17793588788,20752.876210121984,20752.876210121984,58690.05414600986,74009.1199107722,74333.7384662673,20752.876210121984,95086.61467638929,95086.61467638929,95086.61467638929,119895.27865814822,119895.27865814822,0.0,0.0,90703.417752019,54969.614684703,39704.2256303511,24808.66398175893,64512.88961211003,18777.748455320034,1450.0,0.0,0.8887039017734886,2.7522160159379947,0.0014957518510113484,1.0,1.0,-6.270092744563044,337436.8010667219,1458847.0690545156,4.32331940215986,1458847.0690545156,4.32331940215986,0.7569028493080785,0.08841419197201181,4.059917991158847,101325.0,128351.07116782667,1.2667265844345095,1.0,0.0,4.059917991158847,1.287711241812453,1.28785843424857,3.152817075235372,6680.441054745335,15561.403508771931,6439.132772448394,0.0002797062101636341,22341.194563422443,2278.167831361621,19246.99876361338,1962.6476690422705,0.8615026698314979,0.8615026698314979,35816.25794618946,32395.05729023726,1.133709591810306,0.8,4740.737578703914,4287.898129693729,1.133709591810306,0.8,17904.69674963203,17904.69674963203,1.0,0.8,3099.015535412006,3099.015535412006,6.696602831764425,3.804119007911138,-2.0957747263097533,5.899893734220891,3.5,3.5,1.0,0.6,0.00011429951742865276,1.0051510054159654,0.00011371377714670022,204.61538463598495,0.0,3.911365848154614e-06,11.084810813670176,0.024010733520048268,4.017957541736237e-05,7.41199420112904e-05,0.0003009208860752883,0.08846454519514417,0.08846454519514417,0.08846454519514417,0.08841295488051261,0.0,0.0,0.0,0.0,0.0,0.0,1.0,1.0,0.0,1.0,1.0,524920.9210225401,583.2614150428826,0.0,0.08846454519514417,0.08841419197201181,0.08841419197201181,0.375,0.375,0.5,3.1356736774268076e-15,1.2221335055073723e-11,1.2221335055073723e-11,1.2221335055073723e-11,1.2221335055073723e-11,1.2221335055073723e-11,1.2221335055073723e-11,24808.66398175893,18777.748455320034,0.7569028493080785,0.9554947196070627,3.819713797992905,0.9097415183057133,0.5880557848825066,37569.03399132045,20600.0,0.0,0.0,0.0,0.0,0.0,0.0,0.0,0.0,0.0,0.0,0.0,0.0,0.0,0.0,0.0,0.0,0.0,0.0,0.0,0.0,37580.11880213412,20600.0,1.0,0.0,0.0,6.0,0.9,152975.75209065224,25495.958681775373,257.29743805207335,257.29743805207335,-15.852561947926631,238.5231158087448,276.0717603491112,153159.46969300508,153296.51612851437,-137.04643550925996,0.0,nan,276.0717603491112,2.921760349111196,268.562031433056,-4.587968566943971,261.0523024819178,-12.097697518082157,253.54257356592876,-19.607426434071215,246.0328446736817,-27.117155326318283,238.5231158087448,-34.626884191255186,1.0,1.0,25762.5980482374,25762.5980482374,275.54775992098894,2.3977599209889604,275.54775992098894,275.54775992098894,74312.38191105901,74333.7384662673,-21.35655520828732,0.0,8575.796259387458,8575.796259387458,0.8777636436902744,4080.2175811146412,275.54775992098894,2.3977599209889604,1.0,0.002,1.355302813853165,1.3124316822140995e-15,0.002094499184533279,4.768636135404605e-16,1.0,1.0472495922666394,0.06114827432282888,9.449918453375596e-05,0.9999859729933854,0.9999859729933854,0.0,0.08841295178555619,1.240186455613253e-06,0.0,0.0,0.0,1600406.7050662786,266.87990725543693,0.0,1.0,1283595.0725288792,2601.8260597652193,,,,,,,,,,,,,,,,,11.0,15561.403508771931
1920.0,-36.7633164916253,3.799269588248908,34.632104493102666,23.137632698658877,5.001243750441497,-32.586203298590036,-45.84813133170826,0.905775352586006,-6.274645713481561,-6.274645713475164,37.71682849491166,37912.593492469554,20752.265521551584,20752.265521551584,58664.85901402114,73998.67284445184,74323.83857584136,20752.265521551584,95076.10409739295,95076.10409739295,95076.10409739295,119879.39207864087,119879.39207864087,0.0,0.0,90708.68204308178,54961.98875199218,39718.548101210654,24803.28798124793,64521.83608245858,18773.026707190893,1450.0,0.0,0.8887184460648236,2.7517499082172585,0.0014957518510113484,1.0,1.0,-6.274645713481561,337376.2795381455,1458421.0136890754,4.322832108071127,1458421.0136890754,4.322832108071127,0.7568765367472206,0.08840065673339673,4.060210328456986,101325.0,128351.07116782667,1.2667265844345095,1.0,0.0,4.060210328456986,1.2877546907887099,1.2879011338622177,3.1529377120499813,6680.69666967947,15561.403508771931,6438.915065210401,0.0002796371850069197,22340.882541805186,2278.13601401143,19246.34802211005,1962.5813118761303,0.8614855740857813,0.8614855740857814,35818.321111545876,32395.05729023726,1.1337912253801627,0.8,4741.010664897087,4287.898129693729,1.1337912253801627,0.8,17904.69674963203,17904.69674963203,1.0,0.8,3099.015535412006,3099.015535412006,6.696405772871553,3.799269588248908,-2.1004505315951816,5.89972011984409,3.5,3.5,1.0,0.6,0.00011371377714670022,1.0047951875957513,0.00011317110048943577,204.6531799168863,0.0,3.995049102950316e-06,11.321969157761195,0.024130584993136778,3.9999227923780775e-05,7.371454922291946e-05,0.00029929657411244845,0.08845138161396963,0.08845138161396963,0.08845138161396963,0.08839942820391469,0.0,0.0,0.0,0.0,0.0,0.0,1.0,1.0,0.0,1.0,1.0,524869.9540783683,583.2779733504195,0.0,0.08845138161396963,0.08840065673339666,0.08840065673339681,0.375,0.375,0.5,5.194363602099115e-15,-6.423306331271306e-12,-6.423306331271306e-12,-6.423306331271306e-12,-6.423306331271306e-12,-6.423306331271306e-12,-6.423306331271306e-12,24803.28798124793,18773.026707190893,0.7568765367472206,0.9545312027987737,3.820095885579288,0.9092248853403325,0.5875932210611219,37569.03399132045,20600.0,0.0,0.0,0.0,0.0,0.0,0.0,0.0,0.0,0.0,0.0,0.0,0.0,0.0,0.0,0.0,0.0,0.0,0.0,0.0,0.0,37580.35596047821,20600.0,1.0,0.0,0.0,6.0,0.9,152975.75209065224,25495.958681775373,257.27267946040564,257.27267946040564,-15.877320539594336,238.48120323709267,276.06415565707596,153315.5279016143,153441.84613305694,-126.31823144264548,0.0,nan,276.06415565707596,2.9141556570759803,268.5475651060977,-4.602434893902284,261.0309746221027,-12.119025377897287,253.51438422284716,-19.63561577715282,245.99779391721765,-27.152206082782328,238.48120323709267,-34.668796762907306,1.0,1.0,25762.5980482374,25762.5980482374,275.5420525531124,2.3920525531124213,275.5420525531124,275.5420525531124,74303.38741332924,74323.83857584136,-20.45116251212312,0.0,8575.796259387458,8575.796259387458,0.8777451441862028,4080.511380099271,275.5420525531124,2.3920525531124213,1.0,0.002,1.3553028138543421,2.0358390450979e-15,0.002094479559050932,7.39834324047395e-16,1.0,1.047239779525466,0.06113614796578282,9.447955905167189e-05,0.9999860709895816,0.9999860709895816,0.0,0.08839942539972809,1.2313336686339452e-06,0.0,0.0,0.0,1600401.3829581977,266.8753542865184,0.0,1.0,1283610.6352112985,2601.762956338626,,,,,,,,,,,,,,,,,6.0,15561.403508771931
1950.0,-36.793099928184105,3.79511415704993,34.63153363209802,23.13168958006429,4.9964255320048245,-32.61348822010818,-45.87445539711041,0.9000107375193314,-6.277845685413297,-6.277845685414289,37.70946965691004,37897.375270732504,20750.29727547629,20750.29727547629,58647.67254620879,73997.46177134424,74318.57440129925,20750.29727547629,95068.87167677554,95068.87167677554,95068.87167677554,119868.35432714914,119868.35432714914,0.0,0.0,90712.09557916624,54955.756291237514,39729.26587547636,24799.482650373597,64528.74852584996,18769.683947426718,1450.0,0.0,0.8887289275908864,2.7514223501372554,0.0014957518510113484,1.0,1.0,-6.277845685413297,337333.7481799131,1458118.6970217156,4.322480940282455,1458118.6970217156,4.322480940282455,0.7568578833697548,0.08839071172937604,4.060399805978352,101325.0,128351.07116782667,1.2667265844345095,1.0,0.0,4.060399805978352,1.2877829020287426,1.2879286494243207,3.1530157758591875,6680.86207752378,15561.403508771931,6438.77412204861,0.0002795925108434845,22340.680699867484,2278.1154318617964,19245.92673356754,1962.5383524004162,0.8614744999100095,0.8614744999100094,35819.65832996237,32395.05729023726,1.133844135927586,0.8,4741.187662773513,4287.898129693729,1.133844135927586,0.8,17904.69674963203,17904.69674963203,1.0,0.8,3099.015535412006,3099.015535412006,6.695770653088252,3.79511415704993,-2.104046404563798,5.899160561613728,3.5,3.5,1.0,0.6,0.00011317110048943577,1.0032848965473649,0.00011280056231175707,204.67909027391113,0.0,3.702016785861197e-06,10.491515571130632,0.024241645496712615,3.987406997790022e-05,7.329703051153555e-05,0.0002976152484678283,0.08844202326224582,0.08844202326224582,0.08844202326224582,0.08838994792142074,0.0,0.0,0.0,0.0,0.0,0.0,1.0,1.0,0.0,1.0,1.0,524833.7832707217,583.2897243297559,0.0,0.08844202326224582,0.08839071172937596,0.08839071172937613,0.375,0.375,0.5,8.604394711030625e-11,9.663381206337363e-13,9.663381206337363e-13,9.663381206337363e-13,9.663381206337363e-13,9.663381206337363e-13,9.663381206337363e-13,24799.482650373597,18769.683947426718,0.7568578833697548,0.9538906505223237,3.8205538551987974,0.9088611492707745,0.5872944406406854,37569.03399132045,20600.0,0.0,0.0,0.0,0.0,0.0,0.0,0.0,0.0,0.0,0.0,0.0,0.0,0.0,0.0,0.0,0.0,0.0,0.0,0.0,0.0,37579.52550689158,20600.0,1.0,0.0,0.0,6.0,0.9,152975.75209065224,25495.958681775373,257.254411423876,257.254411423876,-15.895588576123998,238.45094091347877,276.0578824424231,153430.81361020272,153524.25194629314,-93.43833609042053,0.0,nan,276.0578824424231,2.9078824424231016,268.53649382451584,-4.613506175484133,261.01510536714846,-12.134894632851513,253.4937170635132,-19.656282936486775,245.97232893217642,-27.177671067823553,238.45094091347877,-34.6990590865212,1.0,1.0,25762.5980482374,25762.5980482374,275.5382387402677,2.3882387402676954,275.5382387402677,275.5382387402677,74298.21317467334,74318.57440129925,-20.36122662591515,0.0,8575.796259387458,8575.796259387458,0.8777331537171632,4080.701805008244,275.5382387402677,2.3882387402676954,1.0,0.002,1.3552923536866515,9.87742582056895e-11,0.002094449601036708,3.58993440712715e-11,1.0,1.047224800518354,0.06111716511605003,9.444963693605243e-05,0.9999913332856557,0.9999913332856557,0.0,0.08838994567232679,7.660570492475553e-07,0.0,0.0,0.0,1600397.642233679,266.8721543145867,0.0,1.0,1283621.572922076,2601.718607522818,,,,,,,,,,,,,,,,,13.0,15561.403508771931
1980.0,-36.831324639459176,3.7911071608433717,34.630955646527745,23.12346672350543,4.992928129162513,-32.648244345576686,-45.90753003777934,0.8920441510248964,-6.281732560325111,-6.281732560285047,37.70065075673214,37875.06562770435,20750.04982552454,20750.04982552454,58625.11545322889,73982.80089987196,74309.64844326452,20750.04982552454,95059.69826878907,95059.69826878907,95059.69826878907,119854.60407013472,119854.60407013472,0.0,0.0,90716.71538947814,54949.859469624345,39740.951022059766,24794.90580134566,64535.856823405426,18765.6654111423,1450.0,0.0,0.8887412247473545,2.7510245201670873,0.0014957518510113484,1.0,1.0,-6.281732560325111,337282.09274719,1457756.4603855014,4.322068949797948,1457756.4603855014,4.322068949797948,0.7568355194204391,0.08837997711188511,4.060656179534228,101325.0,128351.07116782667,1.2667265844345095,1.0,0.0,4.060656179534228,1.28782110585338,1.2879663803610235,3.1531213155909708,6681.085703551007,15561.403508771931,6438.58348983373,0.00027953210265590004,22340.407899268062,2278.087613942382,19245.356921120157,1962.4802477013209,0.8614595135369346,0.8614595135369346,35821.46764050001,32395.05729023726,1.1339157268217903,0.8,4741.427148050569,4287.898129693729,1.1339157268217903,0.8,17904.69674963203,17904.69674963203,1.0,0.8,3099.015535412006,3099.015535412006,6.695690805165929,3.7911071608433717,-2.107983052525367,5.899090213368739,3.5,3.5,1.0,0.6,0.00011280056231175707,1.0042190807280185,0.00011232664711965163,204.7123532203923,0.0,2.528047237300992e-06,7.164485870511011,0.024317486913831645,3.9717330673659617e-05,7.308323163809745e-05,0.0002967658761715718,0.08843083574717236,0.08843083574717236,0.08843083574717236,0.08837839041702272,0.0,0.0,0.0,0.0,0.0,0.0,1.0,1.0,0.0,1.0,1.0,524790.4366123438,583.3038062212191,0.0,0.08843083574717236,0.0883799771118855,0.08837997711188472,0.375,0.375,0.5,4.0919348359705565e-17,-4.007461029686965e-11,-4.007461029686965e-11,-4.007461029686965e-11,-4.007461029686965e-11,-4.007461029686965e-11,-4.007461029686965e-11,24794.90580134566,18765.6654111423,0.7568355194204391,0.9530487986228694,3.820657819166032,0.908411514759143,0.5868840593740763,37569.03399132045,20600.0,0.0,0.0,0.0,0.0,0.0,0.0,0.0,0.0,0.0,0.0,0.0,0.0,0.0,0.0,0.0,0.0,0.0,0.0,0.0,0.0,37576.19847719096,20600.0,1.0,0.0,0.0,6.0,0.9,152975.75209065224,25495.958681775373,257.2338834580033,257.2338834580033,-15.9161165419967,238.41524823745627,276.0525188690734,153562.3911896546,153667.15283122862,-104.76164157401085,0.0,nan,276.0525188690734,2.9025188690734467,268.5250648134414,-4.6249351865585595,260.9976104255563,-12.152389574443703,253.47015623361307,-19.67984376638691,245.9427021688788,-27.207297831121167,238.41524823745627,-34.73475176254371,1.0,1.0,25762.5980482374,25762.5980482374,275.533311033996,2.3833110339959944,275.533311033996,275.533311033996,74289.72797260813,74309.64844326452,-19.920470656390535,0.0,8575.796259387458,8575.796259387458,0.8777169298595845,4080.9594604318995,275.533311033996,2.3833110339959944,1.0,0.002,1.3553027297527216,1.2928957551847178e-15,0.002094448882688819,4.699688200560245e-16,1.0,1.0472244413444094,0.061117189150931894,9.444888268928886e-05,0.9999820149994801,0.9999820149994801,0.0,0.0883783875979508,1.589513934302475e-06,0.0,0.0,0.0,1600393.0983321911,266.86826743967487,0.0,1.0,1283634.858245889,2601.6647413711926,,,,,,,,,,,,,,,,,8.0,15561.403508771931
2010.0,-36.86665346290955,3.7873514051456727,34.63041134097207,23.11621372299271,4.98874184310935,-32.680474302558245,-45.93838801430536,0.8850132249539223,-6.28526461981636,-6.285264619823138,37.692578843786684,37855.56070567567,20749.58901143575,20749.58901143575,58605.14971711142,73974.38035576814,74302.05038755627,20749.58901143575,95051.63939899202,95051.63939899202,95051.63939899202,119842.36425107153,119842.36425107153,0.0,0.0,90720.82924596425,54943.51179914666,39752.57494090844,24790.72485207951,64543.29979298795,18761.994134799792,1450.0,0.0,0.8887526106476952,2.7506630457153824,0.0014957518510113484,1.0,1.0,-6.28526461981636,337235.15809846035,1457424.9659809158,4.321687496045121,1457424.9659809158,4.321687496045121,0.7568150688109463,0.0883691458262455,4.060884451407217,101325.0,128351.07116782667,1.2667265844345095,1.0,0.0,4.060884451407217,1.2878551286786255,1.2879997966583774,3.153215265426473,6681.284771978766,15561.403508771931,6438.413712963971,0.000279478318383825,22340.16513681565,2278.0628590615197,19244.84944669498,1962.4284997114185,0.8614461589176117,0.8614461589176117,35823.078609207216,32395.05729023726,1.1339794704768373,0.8,4741.640380262036,4287.898129693729,1.1339794704768373,0.8,17904.69674963203,17904.69674963203,1.0,0.8,3099.015535412006,3099.015535412006,6.695542108238301,3.7873514051456727,-2.111607802085528,5.898959207231201,3.5,3.5,1.0,0.6,0.00011232664711965163,1.0039000343231799,0.00011189027122145804,204.74310521217055,0.0,3.233876473426649e-06,9.164805925691123,0.024414503208034444,3.9571610930034715e-05,7.275503618961691e-05,0.0002954497952239847,0.08842058276968696,0.08842058276968696,0.08842058276968696,0.08836790991355416,0.0,0.0,0.0,0.0,0.0,0.0,1.0,1.0,0.0,1.0,1.0,524750.7622868486,583.3166947686213,0.0,0.08842058276968696,0.08836914582624539,0.08836914582624561,0.375,0.375,0.5,1.1938551942812206e-15,6.764366844436154e-12,6.764366844436154e-12,6.764366844436154e-12,6.764366844436154e-12,6.764366844436154e-12,6.764366844436154e-12,24790.72485207951,18761.994134799792,0.7568150688109463,0.9522794627001484,3.820943918840606,0.9079974204150985,0.5865141823720073,37569.03399132045,20600.0,0.0,0.0,0.0,0.0,0.0,0.0,0.0,0.0,0.0,0.0,0.0,0.0,0.0,0.0,0.0,0.0,0.0,0.0,0.0,0.0,37578.19879724614,20600.0,1.0,0.0,0.0,6.0,0.9,152975.75209065224,25495.958681775373,257.21402485473453,257.21402485473453,-15.935975145265445,238.38122404605667,276.0468254422416,153687.13299492234,153788.45953141543,-101.32653649311267,0.0,nan,276.0468254422416,2.8968254422416067,268.5137053300525,-4.6362946699474605,260.9805850848382,-12.16941491516178,253.44746478723116,-19.702535212768822,245.9143444379871,-27.23565556201288,238.38122404605667,-34.768775953943305,1.0,1.0,25762.5980482374,25762.5980482374,275.52889298609267,2.378892986092694,275.52889298609267,275.52889298609267,74282.52646877879,74302.05038755627,-19.52391877748596,0.0,8575.796259387458,8575.796259387458,0.8777024842481453,4081.188873664253,275.52889298609267,2.378892986092694,1.0,0.002,1.3553028138514314,1.5812604165827545e-15,0.002094433789038854,5.748651801889166e-16,1.0,1.047216894519427,0.061107866324934035,9.443378903942895e-05,0.9999859818172052,0.9999859818172052,0.0,0.08836790705140589,1.2387748396112188e-06,0.0,0.0,0.0,1600388.9690361763,266.8647353801836,0.0,1.0,1283646.9305591555,2601.6157948352625,,,,,,,,,,,,,,,,,6.0,15561.403508771931
2040.0,-36.89907276594459,3.7838337611001176,34.62990389319207,23.109521821048133,4.984776386500487,-32.70942333993164,-45.966119785420574,0.878526377902945,-6.28851874361186,-6.288518743643706,37.68514010650636,37835.26373453886,20749.046159772275,20749.046159772275,58584.30989431113,73967.03252737611,74295.10675821805,20749.046159772275,95044.15291799033,95044.15291799033,95044.15291799033,119831.02512009956,119831.02512009956,0.0,0.0,90724.62668792781,54937.81899651077,39763.119657130046,24786.872202109225,64549.99185923927,18758.6114536378,1450.0,0.0,0.8887631081125817,2.75033004867838,0.0014957518510113484,1.0,1.0,-6.28851874361186,337191.92125232576,1457119.5251221433,4.3213358128819435,1457119.5251221433,4.3213358128819435,0.7567962307096394,0.08835947429005499,4.06109517967043,101325.0,128351.07116782667,1.2667265844345095,1.0,0.0,4.06109517967043,1.287886518448908,1.2880306279228562,3.1533020351525165,6681.468626616169,15561.403508771931,6438.256845113113,0.00027942863633839454,22339.940994756587,2278.040002932356,19244.38055819117,1962.380686390477,0.8614338132185766,0.8614338132185766,35824.56575242565,32395.05729023726,1.1340383151761122,0.8,4741.837222594118,4287.898129693729,1.1340383151761122,0.8,17904.69674963203,17904.69674963203,1.0,0.8,3099.015535412006,3099.015535412006,6.695366939170166,3.7838337611001176,-2.1149711172999606,5.898804878400078,3.5,3.5,1.0,0.6,0.00011189027122145804,1.0035792955924785,0.00011149121122053628,204.77133224933144,0.0,2.9781652145301727e-06,8.44012021797851,0.02450384816447035,3.944107671931687e-05,7.244919450214117e-05,0.00029422307456365097,0.08841113388205192,0.08841113388205192,0.08841113388205192,0.08835825566513297,0.0,0.0,0.0,0.0,0.0,0.0,1.0,1.0,0.0,1.0,1.0,524714.2007152999,583.3285718360753,0.0,0.08841113388205192,0.088359474290055,0.08835947429005497,0.375,0.375,0.5,3.097655770152799e-15,3.183231456205249e-11,3.183231456205249e-11,3.183231456205249e-11,3.183231456205249e-11,3.183231456205249e-11,3.183231456205249e-11,24786.872202109225,18758.6114536378,0.7567962307096394,0.9515164821267865,3.8212194711315197,0.9075804381519182,0.5861389389024897,37569.03399132045,20600.0,0.0,0.0,0.0,0.0,0.0,0.0,0.0,0.0,0.0,0.0,0.0,0.0,0.0,0.0,0.0,0.0,0.0,0.0,0.0,0.0,37577.47411153843,20600.0,1.0,0.0,0.0,6.0,0.9,152975.75209065224,25495.958681775373,257.1956137932251,257.1956137932251,-15.95438620677487,238.3498303422884,276.0413972332031,153803.3461809457,153897.23871841416,-93.8925374684888,0.0,nan,276.0413972332031,2.891397233203122,268.5030837522847,-4.646916247715296,260.9647704869154,-12.18522951308455,253.42645715948908,-19.723542840510902,245.88814378516986,-27.261856214830118,238.3498303422884,-34.800169657711564,1.0,1.0,25762.5980482374,25762.5980482374,275.5248291847648,2.374829184764849,275.5248291847648,275.5248291847648,74275.83808898837,74295.10675821805,-19.268669229684747,0.0,8575.796259387458,8575.796259387458,0.8776891487669138,4081.4006555687824,275.5248291847648,2.374829184764849,1.0,0.002,1.3553028138543421,2.0775466985004845e-15,0.00209441976372063,7.553808632722686e-16,1.0,1.0472098818603148,0.06109919972618294,9.441976372138528e-05,0.9999861761059449,0.9999861761059449,0.0,0.08835825281804363,1.2214720113528467e-06,0.0,0.0,0.0,1600385.1645144972,266.8614812563881,0.0,1.0,1283658.0526961412,2601.570701909348,,,,,,,,,,,,,,,,,9.0,15561.403508771931
2070.0,-36.929553758698006,3.7805792939595766,34.62942990996179,23.103187477123015,4.981167954229283,-32.737864688110015,-45.993325487337984,0.8723863330704542,-6.291564276311874,-6.291564276321684,37.67819911801406,37820.87988025031,20748.615754779396,20748.615754779396,58569.4956350297,73959.48102984943,74288.50496894318,20748.615754779396,95037.12072372258,95037.12072372258,95037.12072372258,119820.39520632922,119820.39520632922,0.0,0.0,90728.21675297985,54932.29617867382,39773.24508256224,24783.27448260665,64556.51956516889,18755.453168666012,1450.0,0.0,0.8887728568615243,2.750018425774917,0.0014957518510113484,1.0,1.0,-6.291564276311874,337151.4598576825,1456834.5659474463,4.321009218119362,1456834.5659474463,4.321009218119362,0.7567786565826453,0.0883504565334153,4.061294371149962,101325.0,128351.07116782667,1.2667265844345095,1.0,0.0,4.061294371149962,1.2879162024606634,1.2880598012735387,3.153384019387709,6681.642341372705,15561.403508771931,6438.1085703602275,0.00027938168707410994,22339.72927386941,2278.018413410228,19243.93735503225,1962.3354922457975,0.861422138071374,0.861422138071374,35825.971464518545,32395.05729023726,1.134093938292501,0.8,4742.0232864803465,4287.898129693729,1.134093938292501,0.8,17904.69674963203,17904.69674963203,1.0,0.8,3099.015535412006,3099.015535412006,6.695228054744463,3.7805792939595766,-2.1181032233906416,5.898682517350219,3.5,3.5,1.0,0.6,0.00011149121122053628,1.0033658285159854,0.00011111720974735192,204.797878298823,0.0,2.7238682678722725e-06,7.71944267115002,0.024585564212506517,3.9313406476698086e-05,7.21778047438382e-05,0.0002931353121281111,0.08840232229596202,0.08840232229596202,0.08840232229596202,0.08834921341973996,0.0,0.0,0.0,0.0,0.0,0.0,1.0,1.0,0.0,1.0,1.0,524680.0861332953,583.3396537584275,0.0,0.08840232229596202,0.0883504565334153,0.0883504565334153,0.375,0.375,0.5,1.4611996455571701e-15,9.833911462919787e-12,9.833911462919787e-12,9.833911462919787e-12,9.833911462919787e-12,9.833911462919787e-12,9.833911462919787e-12,24783.27448260665,18755.453168666012,0.7567786565826453,0.9509125997071858,3.821452118891581,0.9072591897694333,0.5858568605463723,37569.03399132045,20600.0,0.0,0.0,0.0,0.0,0.0,0.0,0.0,0.0,0.0,0.0,0.0,0.0,0.0,0.0,0.0,0.0,0.0,0.0,0.0,0.0,37576.7534339916,20600.0,1.0,0.0,0.0,6.0,0.9,152975.75209065224,25495.958681775373,257.17839187415063,257.17839187415063,-15.971608125849343,238.3204002889308,276.0363834023712,153912.61913240695,154000.48760162434,-87.86846921737812,0.0,nan,276.0363834023712,2.886383402371223,268.4931867661146,-4.656813233885373,260.94999011742544,-12.200009882574534,253.4067936631123,-19.74320633688768,245.8635970069494,-27.286402993050586,238.3204002889308,-34.829599711069164,1.0,1.0,25762.5980482374,25762.5980482374,275.5210138356085,2.371013835608551,275.5210138356085,275.5210138356085,74269.3905544478,74288.50496894318,-19.11441449537233,0.0,8575.796259387458,8575.796259387458,0.8776765433016468,4081.6008430057113,275.5210138356085,2.371013835608551,1.0,0.002,1.3553028138543421,1.1377537515097018e-15,0.0020944066377361174,4.137258624338615e-16,1.0,1.0472033188680587,0.06109108874320146,9.440663773653112e-05,0.9999858970863176,0.9999858970863176,0.0,0.08834921053455301,1.2459988622934509e-06,0.0,0.0,0.0,1600381.6037278369,266.8584357236881,0.0,1.0,1283668.4617130752,2601.528501232924,,,,,,,,,,,,,,,,,6.0,15561.403508771931
2100.0,-36.95339131971759,3.777770132955886,34.62899581444911,23.097349691111617,4.97803588749117,-32.756931742208124,-46.01171569721771,0.8667276701351574,-6.294309330015778,-6.294309330025197,37.672015197905054,37797.95776727282,20748.483693741025,20748.483693741025,58546.44146101385,73951.73430984143,74282.23805332802,20748.483693741025,95030.72174706905,95030.72174706905,95030.72174706905,119810.78087407188,119810.78087407188,0.0,0.0,90731.52940050469,54928.65621084106,39780.97021073737,24780.05912700282,64561.02933774018,18752.631710265603,1450.0,0.0,0.88878138134939,2.7497375721720587,0.0014957518510113484,1.0,1.0,-6.294309330015778,337114.99374306813,1456580.723408446,4.32072364161464,1456580.723408446,4.32072364161464,0.7567629929434215,0.08834230936400458,4.061478193548768,101325.0,128351.07116782667,1.2667265844345095,1.0,0.0,4.061478193548768,1.2879435733079512,1.288086693454723,3.1534597304735,6681.802764078414,15561.403508771931,6437.971590632291,0.00027933832393557147,22339.533804372557,2277.9984810687197,19243.52791345876,1962.2937408247224,0.861411347343882,0.861411347343882,35827.26870339957,32395.05729023726,1.1341452696783,0.8,4742.194992556427,4287.898129693729,1.1341452696783,0.8,17904.69674963203,17904.69674963203,1.0,0.8,3099.015535412006,3099.015535412006,6.695185440876654,3.777770132955886,-2.120874840389111,5.898644973344997,3.5,3.5,1.0,0.6,0.00011111720974735192,1.0026318747453353,0.0001108255308316178,204.81864305871736,0.0,2.553156939626375e-06,7.235646766901147,0.024662158920695308,3.922732235437409e-05,7.188988739297783e-05,0.000291979209983256,0.08839448863698747,0.08839448863698747,0.08839448863698747,0.08834103779757796,0.0,0.0,0.0,0.0,0.0,0.0,1.0,1.0,0.0,1.0,1.0,524649.692942308,583.3495266153216,0.0,0.08839448863698747,0.08834230936400458,0.08834230936400457,0.375,0.375,0.5,4.984951147571728e-13,9.43600753089413e-12,9.43600753089413e-12,9.43600753089413e-12,9.43600753089413e-12,9.43600753089413e-12,9.43600753089413e-12,24780.05912700282,18752.631710265603,0.7567629929434215,0.9501517325253845,3.821630025910135,0.9068387239419305,0.5854608911134169,37569.03399132045,20600.0,0.0,0.0,0.0,0.0,0.0,0.0,0.0,0.0,0.0,0.0,0.0,0.0,0.0,0.0,0.0,0.0,0.0,0.0,0.0,0.0,37576.26963808735,20600.0,1.0,0.0,0.0,6.0,0.9,152975.75209065224,25495.958681775373,257.1644238786783,257.1644238786783,-15.985576121321685,238.29674158936155,276.0321067302416,154003.86415201542,154075.3070506433,-71.44289862792269,0.0,nan,276.0321067302416,2.882106730241617,268.4850333787594,-4.6649666212405805,260.9379601671173,-12.212039832882681,253.39088714004654,-19.759112859953433,245.84381426654343,-27.306185733456545,238.29674158936155,-34.85325841063843,1.0,1.0,25762.5980482374,25762.5980482374,275.5175380141226,2.3675380141226015,275.5175380141226,275.5175380141226,74263.30611386205,74282.23805332802,-18.931939465968753,0.0,8575.796259387458,8575.796259387458,0.8776649103848455,4081.7855845165122,275.5175380141226,2.3675380141226015,1.0,0.002,1.3553028138512313,6.325645999554951e-13,0.002094394807040186,2.3004544240491866e-13,1.0,1.0471974035200928,0.06108377807492027,9.439480727023138e-05,0.9999855738808533,0.9999855738808533,0.0,0.08834103492732401,1.2744366805801438e-06,0.0,0.0,0.0,1600378.394142871,266.8556906699842,0.0,1.0,1283677.8436000482,2601.490465633856,,,,,,,,,,,,,,,,,16.0,15561.403508771931
2130.0,-36.954702091317564,3.7757714000259215,34.62895260961357,23.10227056676524,4.9805208826198095,-32.7518880401665,-46.00740132210774,0.8714830710348906,-6.293620760828674,-6.293620760835608,37.672775372481276,37773.204903357924,20742.947851374745,20742.947851374745,58516.15275473267,73958.9861447886,74289.82507130569,20742.947851374745,95032.77292268044,95032.77292268044,95032.77292268044,119813.3390654185,119813.3390654185,0.0,0.0,90728.90491852484,54926.03084909902,39780.971188250915,24780.566142738066,64561.537330988984,18753.06639096648,1450.0,0.0,0.8887821179144484,2.7498080193526007,0.0014957518510113484,1.0,1.0,-6.293620760828674,337124.1406109112,1456611.9258624525,4.320698966329997,1456611.9258624525,4.320698966329997,0.7567650506024479,0.08834562192316475,4.061332671917555,101325.0,128351.07116782667,1.2667265844345095,1.0,0.0,4.061332671917555,1.2879218260843108,1.2880645681352672,3.1533999887751643,6681.676178588446,15561.403508771931,6438.079681894804,0.0002793725411898,22339.68804030212,2278.0142087565196,19243.85100547588,1962.3266870415364,0.8614198627464642,0.8614198627464642,35826.24175488165,32395.05729023726,1.134104633569521,0.8,4742.059062849935,4287.898129693729,1.134104633569521,0.8,17904.69674963203,17904.69674963203,1.0,0.8,3099.015535412006,3099.015535412006,6.693399117993459,3.7757714000259215,-2.1212997730727983,5.89707117309872,3.5,3.5,1.0,0.6,0.0001108255308316178,1.0001445562924607,0.00011080951261930417,204.8197849790015,0.0,1.9913759909833824e-06,5.643559558446905,0.02472190020042481,3.924750214480248e-05,7.15780286868153e-05,0.00029070218649721497,0.08839526745063873,0.08839526745063873,0.08839526745063873,0.08834337427302036,0.0,0.0,0.0,0.0,0.0,0.0,1.0,1.0,0.0,1.0,1.0,524653.4290826895,583.348312985569,0.0,0.08839526745063873,0.08834562192316477,0.08834562192316475,0.375,0.375,0.5,9.996917642231729e-11,6.934897101018578e-12,6.934897101018578e-12,6.934897101018578e-12,6.934897101018578e-12,6.934897101018578e-12,6.934897101018578e-12,24780.566142738066,18753.06639096648,0.7567650506024479,0.9495294804294278,3.8216210820476237,0.9063624438609119,0.5850728849547873,37569.03399132045,20600.0,0.0,0.0,0.0,0.0,0.0,0.0,0.0,0.0,0.0,0.0,0.0,0.0,0.0,0.0,0.0,0.0,0.0,0.0,0.0,0.0,37574.6775508789,20600.0,1.0,0.0,0.0,6.0,0.9,152975.75209065224,25495.958681775373,257.1631341017768,257.1631341017768,-15.986865898223186,238.29274888592002,276.0335204148034,154044.19066290578,154051.82946036718,-7.63879746143143,0.0,nan,276.0335204148034,2.8835204148033995,268.48536804604845,-4.6646319539515275,260.9372110097438,-12.212788990256172,253.38905518751383,-19.760944812486144,245.84090106663126,-27.309098933368716,238.29274888592002,-34.85725111407996,1.0,1.0,25762.5980482374,25762.5980482374,275.519111284598,2.369111284598034,275.519111284598,275.519111284598,74273.41676926953,74289.82507130569,-16.408302036157693,0.0,8575.796259387458,8575.796259387458,0.87767411950107,4081.6393352771424,275.519111284598,2.369111284598034,1.0,0.002,1.355301863164893,9.999745376075407e-11,0.002094396305498192,3.636524894726642e-11,1.0,1.047198152749096,0.06108466118934919,9.439634186344083e-05,0.9999745231043203,0.9999745231043203,0.0,0.08834337115097127,2.250772193491666e-06,0.0,0.0,0.0,1600379.1992451663,266.8563792391713,0.0,1.0,1283675.4902614667,2601.500006351835,,,,,,,,,,,,,,,,,11.0,15561.403508771931
2160.0,-36.982304972283366,3.7734671268247384,34.628549885595895,23.092144983261846,4.974650073612907,-32.786119534240555,-46.039490565285064,0.8616829652635091,-6.297171313794479,-6.2971713137745295,37.665378894504585,37792.23206399856,20745.51518763449,20745.51518763449,58537.74725163305,73947.24289640965,74278.69949058523,20745.51518763449,95024.21467821972,95024.21467821972,95024.21467821972,119800.8499746302,119800.8499746302,0.0,0.0,90734.47421191486,54923.01231930068,39790.51321401575,24776.63529641048,64567.14851042623,18749.6251286669,1450.0,0.0,0.8887909559379376,2.7494447792703034,0.0014957518510113484,1.0,1.0,-6.297171313794479,337076.97759466065,1456308.3483139789,4.320402890479243,1456308.3483139789,4.320402890479243,0.7567462209601662,0.08833384401292056,4.0616415635976075,101325.0,128351.07116782667,1.2667265844345095,1.0,0.0,4.0616415635976075,1.2879679221404543,1.2881106486682787,3.153526958068666,6681.94521128548,15561.403508771931,6437.849918972714,0.00027929981462690087,22339.360278642267,2277.980786368665,19243.16422872602,1962.2566553028832,0.861401758542012,0.861401758542012,35828.42159972266,32395.05729023726,1.1341908898587538,0.8,4742.347593057892,4287.898129693729,1.1341908898587538,0.8,17904.69674963203,17904.69674963203,1.0,0.8,3099.015535412006,3099.015535412006,6.694227554066272,3.7734671268247384,-2.1243339215432755,5.897801048368014,3.5,3.5,1.0,0.6,0.00011080951261930417,1.003048928234555,0.00011047268931769623,204.84383488560997,0.0,1.0936156006080987e-07,0.3099306612123352,0.024725181047226635,3.909763988046339e-05,7.171187273884078e-05,0.00029126792291949793,0.08838603812652615,0.08838603812652615,0.08838603812652615,0.0883325827882151,0.0,0.0,0.0,0.0,0.0,0.0,1.0,1.0,0.0,1.0,1.0,524617.0768064177,583.3601213660431,0.0,0.08838603812652615,0.08833384401292099,0.08833384401292013,0.375,0.375,0.5,6.707529624090735e-18,-1.9952040020143613e-11,-1.9952040020143613e-11,-1.9952040020143613e-11,-1.9952040020143613e-11,-1.9952040020143613e-11,-1.9952040020143613e-11,24776.63529641048,18749.6251286669,0.7567462209601662,0.9497799603822824,3.82185704197546,0.9066181270523421,0.5853167274050505,37569.03399132045,20600.0,0.0,0.0,0.0,0.0,0.0,0.0,0.0,0.0,0.0,0.0,0.0,0.0,0.0,0.0,0.0,0.0,0.0,0.0,0.0,0.0,37569.343921981665,20600.0,1.0,0.0,0.0,6.0,0.9,152975.75209065224,25495.958681775373,257.14838492690325,257.14838492690325,-16.00161507309673,238.26909140249228,276.0276785945262,154101.9603175587,154177.16918844465,-75.2088708859498,0.0,nan,276.0276785945262,2.8776785945262304,268.4759614087657,-4.67403859123425,260.9242436140647,-12.225756385935256,253.37252597790564,-19.77747402209434,245.8208085636647,-27.329191436335265,238.26909140249228,-34.8809085975077,1.0,1.0,25762.5980482374,25762.5980482374,275.51426340831046,2.364263408310478,275.51426340831046,275.51426340831046,74258.5037929754,74278.69949058523,-20.19569760982995,0.0,8575.796259387458,8575.796259387458,0.8776545717188169,4081.9497714155955,275.51426340831046,2.364263408310478,1.0,0.002,1.3553028138543368,5.5460859645650545e-18,0.0020943824726632515,2.017165783514911e-18,1.0,1.0471912363316258,0.061076156074002075,9.438247266325365e-05,0.9999856947100548,0.9999856947100548,0.0,0.08833258037166998,1.2636412505763553e-06,0.0,0.0,0.0,1600375.0477258773,266.8528286862055,0.0,1.0,1283687.6249691457,2601.450811325092,,,,,,,,,,,,,,,,,6.0,15561.403508771931
2190.0,-36.98528709923269,3.770678731896586,34.62855609636647,23.09947939300912,4.977370062461762,-32.78604304896597,-46.03989684311671,0.8687719862274168,-6.296071475761494,-6.296071475733806,37.665842538193,37779.258061054155,20737.505427718603,20737.505427718603,58516.76348877276,73962.04311542126,74290.94778409197,20737.505427718603,95028.45321181057,95028.45321181057,95028.45321181057,119805.61405080422,119805.61405080422,0.0,0.0,90730.52754086062,54918.116897062966,39791.567381997396,24777.16083899364,64568.72822099103,18750.06027847452,1450.0,0.0,0.8887948601288851,2.749557294384476,0.0014957518510113484,1.0,1.0,-6.296071475761494,337091.586505264,1456327.3764795065,4.320272100463014,1456327.3764795065,4.320272100463014,0.7567477323296127,0.08833774395245662,4.061422593887277,101325.0,128351.07116782667,1.2667265844345095,1.0,0.0,4.061422593887277,1.2879352990559225,1.2880775881394066,3.153436820051726,6681.75421964385,15561.403508771931,6438.013046258116,0.0002793514463981021,22339.59294888849,2278.0045121309,19243.651827098565,1962.306376499474,0.861414613557497,0.861414613557497,35826.876336553,32395.05729023726,1.1341297437810602,0.8,4742.143057810565,4287.898129693729,1.1341297437810602,0.8,17904.69674963203,17904.69674963203,1.0,0.8,3099.015535412006,3099.015535412006,6.691642939751062,3.770678731896586,-2.124845199224552,5.895523931121138,3.5,3.5,1.0,0.6,0.00011047268931769623,1.0003289918621823,0.00011043635665506766,204.8464334784241,0.0,2.2998725593400764e-06,6.517838833169776,0.024794177224006838,3.9095745896622114e-05,7.137694342107412e-05,0.0002898919306929643,0.08838615654751562,0.08838615654751562,0.08838615654751562,0.08833658564349023,0.0,0.0,0.0,0.0,0.0,0.0,1.0,1.0,0.0,1.0,1.0,524619.3555092791,583.359381178224,0.0,0.08838615654751562,0.08833774395245705,0.0883377439524562,0.375,0.375,0.5,9.998660150640069e-11,-2.7682744985213503e-11,-2.7682744985213503e-11,-2.7682744985213503e-11,-2.7682744985213503e-11,-2.7682744985213503e-11,-2.7682744985213503e-11,24777.16083899364,18750.06027847452,0.7567477323296127,0.9494287495231049,3.822050038683375,0.906270962756073,0.5851014740719683,37569.03399132045,20600.0,0.0,0.0,0.0,0.0,0.0,0.0,0.0,0.0,0.0,0.0,0.0,0.0,0.0,0.0,0.0,0.0,0.0,0.0,0.0,0.0,37575.55183015362,20600.0,1.0,0.0,0.0,6.0,0.9,152975.75209065224,25495.958681775373,257.1463752088632,257.1463752088632,-16.003624791136758,238.26376384235036,276.0289874783798,154146.52941988225,154157.87434807522,-11.34492819296601,0.0,nan,276.0289874783798,2.878987478379827,268.4759457347068,-4.674054265293194,260.92289806463526,-12.227101935364715,253.36985050549958,-19.780149494500392,245.81680562760778,-27.3331943723922,238.26376384235036,-34.88623615764962,1.0,1.0,25762.5980482374,25762.5980482374,275.51679148614795,2.3667914861479744,275.51679148614795,275.51679148614795,74272.89102276176,74290.94778409197,-18.056761330211884,0.0,8575.796259387458,8575.796259387458,0.8776684289292233,4081.7297068567136,275.51679148614795,2.3667914861479744,1.0,0.002,1.3553018886079105,9.999875748353756e-11,0.0020943857828297587,3.6369039156941896e-11,1.0,1.0471928914148794,0.06107815989567689,9.438581919879799e-05,0.999986849064259,0.999986849064259,0.0,0.0883365822284624,1.1617239942189424e-06,0.0,0.0,0.0,1600376.3337416404,266.8539285242385,0.0,1.0,1283683.86608402,2601.4660499878705,,,,,,,,,,,,,,,,,10.0,15561.403508771931
2220.0,-36.98569454996096,3.770470839561211,34.628554841302304,23.100897191930585,4.977662393476876,-32.786052439391256,-46.03995513226835,0.8701438544228698,-6.295806706982319,-6.295806706949265,37.665902507437835,37777.38178244414,20736.531745811575,20736.531745811575,58513.91352825572,73965.85976482443,74292.9860217831,20736.531745811575,95029.51776759468,95029.51776759468,95029.51776759468,119806.7855643148,119806.7855643148,0.0,0.0,90729.76219940804,54917.32293603763,39791.59918152268,24777.267796720127,64568.866978242804,18750.14720703939,1450.0,0.0,0.8887959876769678,2.74958438117894,0.0014957518510113484,1.0,1.0,-6.295806706982319,337095.1034459708,1456329.8376606368,4.320234327859513,1456329.8376606368,4.320234327859513,0.756747974024861,0.08833869704675525,4.0613802132666645,101325.0,128351.07116782667,1.2667265844345095,1.0,0.0,4.0613802132666645,1.2879289262966485,1.2880711678797567,3.153419517445645,6681.71755749782,15561.403508771931,6438.044351791831,0.0002793613564919189,22339.637619505695,2278.009067266161,19243.745401433807,1962.3159184261503,0.8614170797753348,0.8614170797753348,35826.577255764816,32395.05729023726,1.134117909227702,0.8,4742.1034706617975,4287.898129693729,1.134117909227702,0.8,17904.69674963203,17904.69674963203,1.0,0.8,3099.015535412006,3099.015535412006,6.6913287490360105,3.770470839561211,-2.124776280783231,5.895247120344442,3.5,3.5,1.0,0.6,0.00011043635665506766,1.0000449447186852,0.00011043139334715967,204.84678853134702,0.0,2.4808721194127885e-07,0.7030791586415842,0.024801619840365077,3.909547417153654e-05,7.134088248353112e-05,0.00028974244851559565,0.08838610760800727,0.08838610760800727,0.08838610760800727,0.08833756794346359,0.0,0.0,0.0,0.0,0.0,0.0,1.0,1.0,0.0,1.0,1.0,524619.6502445722,583.3592854397025,0.0,0.08838610760800727,0.08833869704675568,0.08833869704675482,0.375,0.375,0.5,9.999775108184043e-11,-3.3026026358129457e-11,-3.3026026358129457e-11,-3.3026026358129457e-11,-3.3026026358129457e-11,-3.3026026358129457e-11,-3.3026026358129457e-11,24777.267796720127,18750.14720703939,0.756747974024861,0.9493808381540533,3.8221482807386926,0.9062248768895484,0.5850711581352922,37569.03399132045,20600.0,0.0,0.0,0.0,0.0,0.0,0.0,0.0,0.0,0.0,0.0,0.0,0.0,0.0,0.0,0.0,0.0,0.0,0.0,0.0,0.0,37569.737070479096,20600.0,1.0,0.0,0.0,6.0,0.9,152975.75209065224,25495.958681775373,257.14608117463007,257.14608117463007,-16.003918825369908,238.26281662218153,276.02934590033493,154151.51094236123,154154.817015974,-3.3060736127809216,0.0,nan,276.02934590033493,2.879345900334954,268.4760465689198,-4.673953431080179,260.922735996866,-12.227264003133996,253.3694243240717,-19.780575675928276,245.8161176354064,-27.333882364593563,238.26281662218153,-34.887183377818445,1.0,1.0,25762.5980482374,25762.5980482374,275.5172939282201,2.3672939282201355,275.5172939282201,275.5172939282201,74275.6221080178,74292.9860217831,-17.363913765308098,0.0,8575.796259387458,8575.796259387458,0.8776711109223989,4081.6871143329977,275.5172939282201,2.3672939282201355,1.0,0.002,1.3553018886083121,9.999981096937313e-11,0.0020943869239102714,3.636906402075087e-11,1.0,1.0471934619551357,0.06107886502494231,9.438696027933534e-05,0.9999871838217583,0.9999871838217583,0.0,0.08833756488226825,1.1321644869881246e-06,0.0,0.0,0.0,1600376.643327214,266.85419329301766,0.0,1.0,1283682.9611878172,2601.4697184905517,,,,,,,,,,,,,,,,,8.0,15561.403508771931
2250.0,-36.99755143216689,3.769561052077957,34.6281719069075,23.087296890467428,4.970309261856623,-32.796584480679435,-46.0498281760141,0.8569823960725235,-6.2997334907063305,-6.299733490656024,37.659688777789,37772.0120674171,20742.746758031997,20742.746758031997,58514.7588254491,73947.92323920026,74275.35066813695,20742.746758031997,95018.09742616894,95018.09742616894,95018.09742616894,119791.76264891522,119791.76264891522,0.0,0.0,90737.24747349213,54920.72310964754,39796.138182049544,24773.665222746273,64569.80340479582,18747.020380905124,1450.0,0.0,0.8887986154537598,2.7491826787534976,0.0014957518510113484,1.0,1.0,-6.2997334907063305,337042.9466826825,1456074.838443214,4.320146298192889,1456074.838443214,4.320146298192889,0.7567318042100729,0.08832658122763232,4.061795503165632,101325.0,128351.07116782667,1.2667265844345095,1.0,0.0,4.061795503165632,1.2879908000440574,1.288133042067605,3.153590462778688,6682.07977014566,15561.403508771931,6437.734950048376,0.00027926343350122165,22339.196397941367,2277.9640751878947,19242.820578917454,1962.2216127747452,0.8613926945326801,0.86139269453268,35829.50793700854,32395.05729023726,1.1342338766297202,0.8,4742.491383623675,4287.898129693729,1.1342338766297202,0.8,17904.69674963203,17904.69674963203,1.0,0.8,3099.015535412006,3099.015535412006,6.693334228566333,3.769561052077957,-2.127452951626946,5.8970140037049035,3.5,3.5,1.0,0.6,0.00011043139334715967,1.001308792602549,0.00011028705047134582,204.8571211358253,0.0,3.3890589514814363e-08,0.0960459306849839,0.024802636558050522,3.9049474488862065e-05,7.138191885829761e-05,0.00028993875702596725,0.08837884941371106,0.08837884941371106,0.08837884941371106,0.08832492334256141,0.0,0.0,0.0,0.0,0.0,0.0,1.0,1.0,0.0,1.0,1.0,524589.1113743903,583.3692052542449,0.0,0.08837884941371106,0.08832658122763194,0.0883265812276327,0.375,0.375,0.5,4.048641399376771e-12,-5.030642569181509e-11,-5.030642569181509e-11,-5.030642569181509e-11,-5.030642569181509e-11,-5.030642569181509e-11,-5.030642569181509e-11,24773.665222746273,18747.020380905124,0.7567318042100729,0.9491376247269779,3.822230951530367,0.9062248255366844,0.5849795117172626,37569.03399132045,20600.0,0.0,0.0,0.0,0.0,0.0,0.0,0.0,0.0,0.0,0.0,0.0,0.0,0.0,0.0,0.0,0.0,0.0,0.0,0.0,0.0,37569.13003725114,20600.0,1.0,0.0,0.0,6.0,0.9,152975.75209065224,25495.958681775373,257.1376566419719,257.1376566419719,-16.01234335802809,238.2524450946981,276.02286462828414,154163.75504662766,154207.19088401215,-43.43583738448821,0.0,nan,276.02286462828414,2.8728646282841623,268.46878374901905,-4.681216250980924,260.9147004333255,-12.235299566674485,253.36061556192158,-19.7893844380784,245.80653038458314,-27.343469615416836,238.2524450946981,-34.89755490530189,1.0,1.0,25762.5980482374,25762.5980482374,275.5113107344597,2.361310734459721,275.5113107344597,275.5113107344597,74253.70335605548,74275.35066813695,-21.647312081462587,0.0,8575.796259387458,8575.796259387458,0.8776448298103888,4082.1044806814602,275.5113107344597,2.361310734459721,1.0,0.002,1.3553028092281778,1.1384348343461577e-11,0.002094371423442422,4.140993745317367e-12,1.0,1.0471857117212109,0.06106932794764264,9.43714275834155e-05,0.9999811981253124,0.9999811981253124,0.0,0.0883249205223205,1.6607053118272004e-06,0.0,0.0,0.0,1600372.0517633727,266.85026650929365,0.0,1.0,1283696.381557718,2601.415312281049,,,,,,,,,,,,,,,,,6.0,15561.403508771931
2280.0,-37.012151678457705,3.7680646214757565,34.627859582349025,23.08457043198871,4.969510774852981,-32.81108481951038,-46.063616511505074,0.8543392667370575,-6.30145200001715,-6.301452000074017,37.6556646009305,37768.16889113284,20743.20424039253,20743.20424039253,58511.37313152537,73941.57963323104,74271.08785750717,20743.20424039253,95014.2920978997,95014.2920978997,95014.2920978997,119785.88659064629,119785.88659064629,0.0,0.0,90738.77972540756,54918.02457724695,39800.83905351179,24771.594492746593,64572.433546258384,18745.201768987245,1450.0,0.0,0.8888045077696134,2.7490068931366136,0.0014957518510113484,1.0,1.0,-6.30145200001715,337020.12290230376,1455909.7121872865,4.319948908835124,1455909.7121872865,4.319948908835124,0.7567216464194929,0.08832117683104584,4.061880402813489,101325.0,128351.07116782667,1.2667265844345095,1.0,0.0,4.061880402813489,1.288003523266402,1.2881455807712543,3.1536252265152824,6682.1534303319695,15561.403508771931,6437.671999324743,0.00027924351595800655,22339.10670106307,2277.9549286517895,19242.63241499185,1962.2024253941818,0.8613877301582581,0.8613877301582582,35830.107062443814,32395.05729023726,1.1342575843857208,0.8,4742.5706855002045,4287.898129693729,1.1342575843857208,0.8,17904.69674963203,17904.69674963203,1.0,0.8,3099.015535412006,3099.015535412006,6.693481850401494,3.7680646214757565,-2.1290794411802576,5.8971440626560145,3.5,3.5,1.0,0.6,0.00011028705047134582,1.001612036070864,0.00011010954990515211,204.86984577418676,0.0,9.856555331896785e-07,2.793347781059549,0.02483220622404621,3.89853169088026e-05,7.130173356254322e-05,0.00028961911424432306,0.08837371644537216,0.08837371644537216,0.08837371644537216,0.08831986126971644,0.0,0.0,0.0,0.0,0.0,0.0,1.0,1.0,0.0,1.0,1.0,524569.3338123503,583.3756294195659,0.0,0.08837371644537216,0.0883211768310461,0.08832117683104561,0.375,0.375,0.5,1.6682199288211224e-12,5.6843418860808015e-11,5.6843418860808015e-11,5.6843418860808015e-11,5.6843418860808015e-11,5.6843418860808015e-11,5.6843418860808015e-11,24771.594492746593,18745.201768987245,0.7567216464194929,0.9489289620340404,3.8223128471341785,0.9061354810115528,0.5848961672487764,37569.03399132045,20600.0,0.0,0.0,0.0,0.0,0.0,0.0,0.0,0.0,0.0,0.0,0.0,0.0,0.0,0.0,0.0,0.0,0.0,0.0,0.0,0.0,37571.82733910151,20600.0,1.0,0.0,0.0,6.0,0.9,152975.75209065224,25495.958681775373,257.12986262583536,257.12986262583536,-16.02013737416462,238.23898523414678,276.0207373119554,154219.293878576,154259.51214333434,-40.21826475833345,0.0,nan,276.0207373119554,2.870737311955395,268.4643887195687,-4.68561128043126,260.90803900721744,-12.241960992782538,253.35168838531374,-19.79831161468624,245.79533709681002,-27.35466290318996,238.23898523414678,-34.911014765853196,1.0,1.0,25762.5980482374,25762.5980482374,275.50909515042605,2.3590951504260715,275.50909515042605,275.50909515042605,74252.97052275077,74271.08785750717,-18.11733475640358,0.0,8575.796259387458,8575.796259387458,0.8776394570069068,4082.189804827556,275.50909515042605,2.3590951504260715,1.0,0.002,1.355302812470254,4.999841337590102e-13,0.0020943640224059144,1.8187809281537905e-13,1.0,1.0471820112029573,0.06106475454817328,9.43640225877923e-05,0.9999850720090947,0.9999850720090947,0.0,0.08831985837332136,1.3184577244792605e-06,0.0,0.0,0.0,1600370.0422518945,266.8485479999828,0.0,1.0,1283702.2547264083,2601.391502956969,,,,,,,,,,,,,,,,,6.0,15561.403508771931
2310.0,-37.032934764915574,3.7665693116469248,34.627592968034854,23.08120656469839,4.967913518886833,-32.83235672588518,-46.083793428819604,0.8510792001016171,-6.303021014578519,-6.303021014555819,37.652034603024845,37764.8305417336,20743.35607197765,20743.35607197765,58508.18661371125,73936.25969694245,74267.37607356896,20743.35607197765,95010.73214554662,95010.73214554662,95010.73214554662,119780.45276206765,119780.45276206765,0.0,0.0,90740.6767699613,54913.99250745837,39807.42695833658,24769.72061652104,64577.14757485762,18743.55667725242,1450.0,0.0,0.8888097272428083,2.748846407029189,0.0014957518510113484,1.0,1.0,-6.303021014578519,336999.28564482846,1455760.772651816,4.319774060844974,1455760.772651816,4.319774060844974,0.7567124784100611,0.08831646190828876,4.061985620300146,101325.0,128351.07116782667,1.2667265844345095,1.0,0.0,4.061985620300146,1.288019215471018,1.2881610460705648,3.153668494623127,6682.245110260462,15561.403508771931,6437.5936344583715,0.0002792187241451095,22338.995075826075,2277.943546045395,19242.39817716209,1962.1785397829117,0.8613815488049891,0.8613815488049891,35830.84956466889,32395.05729023726,1.1342869657855692,0.8,4742.668965119643,4287.898129693729,1.1342869657855692,0.8,17904.69674963203,17904.69674963203,1.0,0.8,3099.015535412006,3099.015535412006,6.6935308438910015,3.7665693116469248,-2.1306179156388323,5.897187227285757,3.5,3.5,1.0,0.6,0.00011010954990515211,1.0022958192706641,0.00010985733731312478,204.88796154407154,0.0,1.21215045403124e-06,3.435234386724534,0.02486857073766715,3.889160904820571e-05,7.12179408569464e-05,0.00028928625166830255,0.08836909621372932,0.08836909621372932,0.08836909621372932,0.08831522381061085,0.0,0.0,0.0,0.0,0.0,0.0,1.0,1.0,0.0,1.0,1.0,524551.4936666305,583.3814242054212,0.0,0.08836909621372932,0.08831646190828876,0.08831646190828876,0.375,0.375,0.5,1.1823886152572842e-13,-2.2680524125462398e-11,-2.2680524125462398e-11,-2.2680524125462398e-11,-2.2680524125462398e-11,-2.2680524125462398e-11,-2.2680524125462398e-11,24769.72061652104,18743.55667725242,0.7567124784100611,0.9486880571622774,3.8223933662687415,0.9060199902123077,0.5848017752403315,37569.03399132045,20600.0,0.0,0.0,0.0,0.0,0.0,0.0,0.0,0.0,0.0,0.0,0.0,0.0,0.0,0.0,0.0,0.0,0.0,0.0,0.0,0.0,37572.46922570717,20600.0,1.0,0.0,0.0,6.0,0.9,152975.75209065224,25495.958681775373,257.11910327903837,257.11910327903837,-16.030896720961607,238.21996124797442,276.0182449573771,154286.45639355204,154341.3203669555,-54.863973403445094,0.0,nan,276.0182449573771,2.868244957377101,268.4585884529516,-4.6914115470484035,260.8989318033184,-12.251068196681558,253.33927503435575,-19.810724965644226,245.77961817825275,-27.37038182174723,238.21996124797442,-34.93003875202555,1.0,1.0,25762.5980482374,25762.5980482374,275.5070933150345,2.3570933150345468,275.5070933150345,275.5070933150345,74249.45074734266,74267.37607356896,-17.92532622629369,0.0,8575.796259387458,8575.796259387458,0.8776327983902195,4082.295548401647,275.5070933150345,2.3570933150345468,1.0,0.002,1.3553028138543122,6.293170342664768e-14,0.002094357262839798,2.289385936618156e-14,1.0,1.047178631419899,0.06106057743986315,9.435726286269189e-05,0.9999859429495582,0.9999859429495582,0.0,0.08831522043932888,1.2414689598837949e-06,0.0,0.0,0.0,1600368.2075129244,266.84697898542146,0.0,1.0,1283707.6169328603,2601.3697653039144,,,,,,,,,,,,,,,,,10.0,15561.403508771931
2340.0,-37.05155194032325,3.76506431746681,34.62733798559205,23.07743093641477,4.965840577637357,-32.84812991259125,-46.09892946956677,0.8474195352545275,-6.3046925127137,-6.304692512685121,37.648240635353666,37749.91798052938,20743.699070112973,20743.699070112973,58493.61705064235,73931.44647799325,74263.16314576275,20743.699070112973,95006.86221587572,95006.86221587572,95006.86221587572,119774.61427441334,119774.61427441334,0.0,0.0,90742.82632305738,54910.87599762223,39813.27813937239,24767.752058537615,64581.030197910004,18741.829468410702,1450.0,0.0,0.8888150219136708,2.748675446565641,0.0014957518510113484,1.0,1.0,-6.3046925127137,336977.0884706502,1455605.1177300776,4.319596695241958,1455605.1177300776,4.319596695241958,0.756702886241558,0.08831150210921704,4.06210493806102,101325.0,128351.07116782667,1.2667265844345095,1.0,0.0,4.06210493806102,1.2880369412210542,1.288178448896429,3.153717729718341,6682.349433519173,15561.403508771931,6437.5044432192535,0.0002791905109684301,22338.8680762078,2277.9305956884155,19242.131578579687,1962.1513542932285,0.8613745115883326,0.8613745115883326,35831.69156551907,32395.05729023726,1.1343202846088236,0.8,4742.7804146484505,4287.898129693729,1.1343202846088236,0.8,17904.69674963203,17904.69674963203,1.0,0.8,3099.015535412006,3099.015535412006,6.693641523599253,3.76506431746681,-2.132220421726644,5.897284739193454,3.5,3.5,1.0,0.6,0.00010985733731312478,1.002056656718978,0.00010963186220710248,204.90419193642825,0.0,1.7225107952075122e-06,4.88159559361809,0.024920246061523373,3.882144962312304e-05,7.103588769000175e-05,0.0002885552301651041,0.08836428393164586,0.08836428393164586,0.08836428393164586,0.08831025723920313,0.0,0.0,0.0,0.0,0.0,0.0,1.0,1.0,0.0,1.0,1.0,524532.847820919,583.3874806293962,0.0,0.08836428393164586,0.08831150210921711,0.08831150210921697,0.375,0.375,0.5,2.552974797867726e-13,-2.859223968698643e-11,-2.859223968698643e-11,-2.859223968698643e-11,-2.859223968698643e-11,-2.859223968698643e-11,-2.859223968698643e-11,24767.752058537615,18741.829468410702,0.756702886241558,0.9481740701777958,3.822516687196529,0.9057399188490391,0.5845357044451586,37569.03399132045,20600.0,0.0,0.0,0.0,0.0,0.0,0.0,0.0,0.0,0.0,0.0,0.0,0.0,0.0,0.0,0.0,0.0,0.0,0.0,0.0,0.0,37573.91558691407,20600.0,1.0,0.0,0.0,6.0,0.9,152975.75209065224,25495.958681775373,257.10870656323317,257.10870656323317,-16.041293436766807,238.20201631463115,276.01539659182987,154352.65367905766,154405.761576608,-53.10789755035019,0.0,nan,276.01539659182987,2.8653965918298923,268.4527204925293,-4.697279507470682,260.89004468862225,-12.259955311377723,253.32736871090597,-19.822631289094005,245.76469258088025,-27.385307419119727,238.20201631463115,-34.947983685368825,1.0,1.0,25762.5980482374,25762.5980482374,275.50493055898835,2.3549305589883716,275.50493055898835,275.50493055898835,74245.21427536588,74263.16314576275,-17.948870396867278,0.0,8575.796259387458,8575.796259387458,0.8776252474262997,4082.415462751325,275.50493055898835,2.3549305589883716,1.0,0.002,1.3553028138542444,9.333599859981434e-16,0.002094350059566198,3.395671838057796e-16,1.0,1.0471750297830988,0.061056126044119585,9.435005956653746e-05,0.9999858705757828,0.9999858705757828,0.0,0.08831025431854048,1.2477906765584647e-06,0.0,0.0,0.0,1600366.2528953804,266.8453074872863,0.0,1.0,1283713.3293311703,2601.346608308338,,,,,,,,,,,,,,,,,8.0,15561.403508771931
2370.0,-37.06460732909433,3.7636121584542623,34.62710854466848,23.07402054956185,4.9634506091695965,-32.861297568542064,-46.111581184063084,0.844113003711124,-6.306136273070592,-6.306136273011439,37.64492282362297,37748.10377167901,20743.681768819344,20743.681768819344,58491.78554049836,73929.20237374409,74259.87399659144,20743.681768819344,95003.55576541078,95003.55576541078,95003.55576541078,119769.59204962729,119769.59204962729,0.0,0.0,90744.76058930885,54908.26842163059,39818.32463075362,24766.03628421651,64584.36091497012,18740.323600367625,1450.0,0.0,0.8888197433962436,2.7485277858315666,0.0014957518510113484,1.0,1.0,-6.306136273070592,336957.9165352208,1455469.0083580269,4.319438532039632,1455469.0083580269,4.319438532039632,0.7566945063514627,0.08830722629168253,4.062212192594225,101325.0,128351.07116782667,1.2667265844345095,1.0,0.0,4.062212192594225,1.2880529519908326,1.288194170986204,3.1537617970717844,6682.442806953179,15561.403508771931,6437.424596122355,0.000279165256902141,22338.75442418903,2277.9190064077975,19241.89291026369,1962.1270168980939,0.8613682099225742,0.8613682099225743,35832.44843443591,32395.05729023726,1.1343502348426275,0.8,4742.880595882392,4287.898129693729,1.1343502348426275,0.8,17904.69674963203,17904.69674963203,1.0,0.8,3099.015535412006,3099.015535412006,6.693635940763854,3.7636121584542623,-2.1336676621056077,5.89727982055987,3.5,3.5,1.0,0.6,0.00010963186220710248,1.0014419911525332,0.00010947400166526876,204.91557502442143,0.0,1.540026480042701e-06,4.364435044441015,0.024966446855924654,3.8762895678630974e-05,7.08689665284715e-05,0.00028788477990850895,0.08836006624656419,0.08836006624656419,0.08836006624656419,0.0883059822400317,0.0,0.0,0.0,0.0,0.0,0.0,1.0,1.0,0.0,1.0,1.0,524516.5422208463,583.3927768536076,0.0,0.08836006624656419,0.08830722629168254,0.0883072262916825,0.375,0.375,0.5,4.999999999999983e-13,-5.917399903410114e-11,-5.917399903410114e-11,-5.917399903410114e-11,-5.917399903410114e-11,-5.917399903410114e-11,-5.917399903410114e-11,24766.03628421651,18740.323600367625,0.7566945063514627,0.9480083384152311,3.822690197821394,0.9056648500014877,0.584477468490817,37569.03399132045,20600.0,0.0,0.0,0.0,0.0,0.0,0.0,0.0,0.0,0.0,0.0,0.0,0.0,0.0,0.0,0.0,0.0,0.0,0.0,0.0,0.0,37573.39842636489,20600.0,1.0,0.0,0.0,6.0,0.9,152975.75209065224,25495.958681775373,257.1006399454211,257.1006399454211,-16.04936005457887,238.18879342525867,276.0124864749057,154401.76354218397,154443.17936047673,-41.415818292772485,0.0,nan,276.0124864749057,2.8624864749057224,268.44774783681424,-4.702252163185733,260.88300924894884,-12.26699075105114,253.31827064776826,-19.83172935223172,245.75353203883105,-27.396467961168923,238.18879342525867,-34.96120657474131,1.0,1.0,25762.5980482374,25762.5980482374,275.5031032600294,2.3531032600293997,275.5031032600294,275.5031032600294,74240.92835158209,74259.87399659144,-18.945645009356667,0.0,8575.796259387458,8575.796259387458,0.8776184598585622,4082.523253557196,275.5031032600294,2.3531032600293997,1.0,0.002,1.3553028138533512,5.676334201370933e-13,0.002094343837792834,2.065227136403645e-13,1.0,1.047171918896417,0.06105228115986194,9.434383799935674e-05,0.9999858947070404,0.9999858947070404,0.0,0.08830598069238522,1.2455992972976729e-06,0.0,0.0,0.0,1600364.5645579032,266.8438637269294,0.0,1.0,1283718.2633849634,2601.326606814708,,,,,,,,,,,,,,,,,9.0,15561.403508771931
2400.0,-37.082849307853934,3.7621605140336607,34.62687840173428,23.070984694082313,4.96214944529291,-32.87785464425342,-46.12731677535919,0.8411709264898787,-6.307667879984308,-6.307667879986239,37.64142459446963,37737.0404238531,20743.846491680986,20743.846491680986,58480.88691553408,73923.82802846123,74256.18051554782,20743.846491680986,95000.02700722881,95000.02700722881,95000.02700722881,119764.25126026134,119764.25126026134,0.0,0.0,90746.47304178489,54905.19979277564,39823.63694334361,24764.224253032524,64587.861196376136,18738.73359306314,1450.0,0.0,0.8888246742306787,2.7483711474305785,0.0014957518510113484,1.0,1.0,-6.307667879984308,336937.57900764205,1455325.5080043792,4.319273357072976,1455325.5080043792,4.319273357072976,0.7566856688744641,0.08830268439441417,4.062307174936995,101325.0,128351.07116782667,1.2667265844345095,1.0,0.0,4.062307174936995,1.2880671097919083,1.2882081269939487,3.1538008726837803,6682.525603486055,15561.403508771931,6437.35377995936,0.00027914286179052525,22338.6536600823,2277.908731328466,19241.681236013483,1962.105432131613,0.8613626196460129,0.8613626196460129,35833.118698179955,32395.05729023726,1.1343767581352866,0.8,4742.969313819475,4287.898129693729,1.1343767581352866,0.8,17904.69674963203,17904.69674963203,1.0,0.8,3099.015535412006,3099.015535412006,6.693689094050686,3.7621605140336607,-2.1351661360533294,5.89732665008699,3.5,3.5,1.0,0.6,0.00010947400166526876,1.0020157027913106,0.00010925377851894689,204.93148233069843,0.0,1.0782694567841144e-06,3.05581564052618,0.02499879493962818,3.869018328598388e-05,7.078381837928487e-05,0.0002875456132716061,0.08835562416684979,0.08835562416684979,0.08835562416684979,0.08830143954858942,0.0,0.0,0.0,0.0,0.0,0.0,1.0,1.0,0.0,1.0,1.0,524499.3500771567,583.3983609793937,0.0,0.08835562416684979,0.08830268439441417,0.08830268439441417,0.375,0.375,0.5,2.0490053014111276e-16,1.9326762412674725e-12,1.9326762412674725e-12,1.9326762412674725e-12,1.9326762412674725e-12,1.9326762412674725e-12,1.9326762412674725e-12,24764.224253032524,18738.73359306314,0.7566856688744641,0.947604069350595,3.8227595402488577,0.905447027232035,0.5842745018156822,37569.03399132045,20600.0,0.0,0.0,0.0,0.0,0.0,0.0,0.0,0.0,0.0,0.0,0.0,0.0,0.0,0.0,0.0,0.0,0.0,0.0,0.0,0.0,37572.089806960976,20600.0,1.0,0.0,0.0,6.0,0.9,152975.75209065224,25495.958681775373,257.09108432016143,257.09108432016143,-16.05891567983855,238.17193141956795,276.0102372222355,154463.9503347498,154512.70715542222,-48.75682067241568,0.0,nan,276.0102372222355,2.8602372222355257,268.4425760577797,-4.7074239422202595,260.87491490027645,-12.275085099723526,253.30725374071721,-19.842746259282762,245.73959258039199,-27.410407419607992,238.17193141956795,-34.97806858043202,1.0,1.0,25762.5980482374,25762.5980482374,275.50114096639504,2.3511409663950644,275.50114096639504,275.50114096639504,74238.3092222919,74256.18051554782,-17.87129325592832,0.0,8575.796259387458,8575.796259387458,0.8776124489172918,4082.61871081168,275.50114096639504,2.3511409663950644,1.0,0.002,1.3553028138542438,2.93415190735033e-17,0.002094337237527393,1.0675966719709057e-17,1.0,1.0471686187636966,0.061048202353055636,9.433723752740389e-05,0.9999858735667195,0.9999858735667195,0.0,0.08830143699243459,1.2474019795841135e-06,0.0,0.0,0.0,1600362.7734599067,266.84233212001567,0.0,1.0,1283723.4976105879,2601.3053887369288,,,,,,,,,,,,,,,,,11.0,15561.403508771931
2430.0,-37.09978136455883,3.760788264357247,34.62665030748235,23.067548882123106,4.960281012727988,-32.89301973675864,-46.14183447612447,0.8378402159385264,-6.309198864142672,-6.309198864149106,37.63796196030737,37726.590035052395,20744.173484723084,20744.173484723084,58470.76351977548,73919.36728834323,74252.32262320443,20744.173484723084,94996.49610792751,94996.49610792751,94996.49610792751,119758.92202583472,119758.92202583472,0.0,0.0,90748.42276669048,54902.22584315069,39829.107692821985,24762.425917907214,64591.533610729195,18737.15610824054,1450.0,0.0,0.8888294789217537,2.74821457976524,0.0014957518510113484,1.0,1.0,-6.309198864142672,336917.2507133779,1455183.4783352893,4.3191124089197865,1455183.4783352893,4.3191124089197865,0.756676917292282,0.08829801834240832,4.062415323391646,101325.0,128351.07116782667,1.2667265844345095,1.0,0.0,4.062415323391646,1.2880832240876567,1.2882239593733773,3.153845378484015,6682.619905936202,15561.403508771931,6437.273106976323,0.0002791173525619327,22338.538909144838,2277.8970299893276,19241.440099068546,1962.0808430063832,0.8613562497228314,0.8613562497228314,35833.88186766542,32395.05729023726,1.1344069579916984,0.8,4743.070329013864,4287.898129693729,1.1344069579916984,0.8,17904.69674963203,17904.69674963203,1.0,0.8,3099.015535412006,3099.015535412006,6.693794609185527,3.760788264357247,-2.136631347504326,5.897419611861573,3.5,3.5,1.0,0.6,0.00010925377851894689,1.0018711016871653,0.0001090497353751016,204.94624944289063,0.0,1.504355193975657e-06,4.263342619727012,0.02504392559544745,3.862321072760356e-05,7.063056779134334e-05,0.0002869307008954056,0.08835123519341583,0.08835123519341583,0.08835123519341583,0.08829688654280121,0.0,0.0,0.0,0.0,0.0,0.0,1.0,1.0,0.0,1.0,1.0,524482.3329969619,583.403888185967,0.0,0.08835123519341583,0.08829801834240877,0.08829801834240786,0.375,0.375,0.5,3.65821975797687e-11,6.423306331271306e-12,6.423306331271306e-12,6.423306331271306e-12,6.423306331271306e-12,6.423306331271306e-12,6.423306331271306e-12,24762.425917907214,18737.15610824054,0.756676917292282,0.9472115299698641,3.822870226321782,0.9052388177088119,0.5840794903929281,37569.03399132045,20600.0,0.0,0.0,0.0,0.0,0.0,0.0,0.0,0.0,0.0,0.0,0.0,0.0,0.0,0.0,0.0,0.0,0.0,0.0,0.0,0.0,37573.29733394018,20600.0,1.0,0.0,0.0,6.0,0.9,152975.75209065224,25495.958681775373,257.0816639295246,257.0816639295246,-16.068336070475368,238.1556643304466,276.00766360947523,154523.7562198565,154571.82818501932,-48.07196516281436,0.0,nan,276.00766360947523,2.857663609475253,268.4372637403104,-4.712736259689564,260.86686382774775,-12.283136172252227,253.29646395176698,-19.853536048232996,245.7260641174008,-27.42393588259918,238.1556643304466,-34.99433566955338,1.0,1.0,25762.5980482374,25762.5980482374,275.4991601240235,2.3491601240235127,275.4991601240235,275.4991601240235,74234.49346184029,74252.32262320443,-17.829161364134052,0.0,8575.796259387458,8575.796259387458,0.8776056047436819,4082.7274000086036,275.4991601240235,2.3491601240235127,1.0,0.002,1.3552988466790352,8.845853147302753e-11,0.002094324509598545,3.218763615164694e-11,1.0,1.0471622547992725,0.06104015804932672,9.432454178618125e-05,0.9999871490055388,0.9999871490055388,0.0,0.08829688362506366,1.1347173446571342e-06,0.0,0.0,0.0,1600360.98305673,266.8408011358573,0.0,1.0,1283728.7296627525,2601.284179718603,,,,,,,,,,,,,,,,,16.0,15561.403508771931
2460.0,-37.11493501917195,3.759413405459992,34.62643314142005,23.064512817095988,4.958591122757123,-32.90686617590778,-46.15509702181441,0.8348955290287863,-6.310599753638485,-6.310599753629148,37.63475867770136,37718.338009557854,20744.227107723626,20744.227107723626,58462.56511728148,73915.57384836716,74248.9896482413,20744.227107723626,94993.21675596492,94993.21675596492,94993.21675596492,119753.9839481836,119753.9839481836,0.0,0.0,90750.13941058634,54899.454856024786,39834.09394951284,24760.76719221868,64594.86114173152,18735.700704681258,1450.0,0.0,0.888834002161488,2.748071322535948,0.0014957518510113484,1.0,1.0,-6.310599753638485,336898.65065083676,1455052.0960397802,4.318960889955604,1455052.0960397802,4.318960889955604,0.7566688285235823,0.08829413492533658,4.0625103983428925,101325.0,128351.07116782667,1.2667265844345095,1.0,0.0,4.0625103983428925,1.2880974904384386,1.2882379644417483,3.153884258372484,6682.70228775441,15561.403508771931,6437.202617996884,0.0002790950662137481,22338.43867762247,2277.8868092184866,19241.229402791883,1962.0593579654503,0.8613506825822514,0.8613506825822516,35834.552778210425,32395.05729023726,1.1344335071447613,0.8,4743.159132563285,4287.898129693729,1.1344335071447613,0.8,17904.69674963203,17904.69674963203,1.0,0.8,3099.015535412006,3099.015535412006,6.693811912422612,3.759413405459992,-2.1380214510357085,5.897434856495701,3.5,3.5,1.0,0.6,0.0001090497353751016,1.0016746393008111,0.00010886742171212449,204.9594672389505,0.0,1.393929235187644e-06,3.950395452521783,0.02508574347250308,3.8562122305653765e-05,7.048761306944783e-05,0.0002863566610490022,0.08834716691744582,0.08834716691744582,0.08834716691744582,0.08829273317542195,0.0,0.0,0.0,0.0,0.0,0.0,1.0,1.0,0.0,1.0,1.0,524466.5906131354,583.4090013159051,0.0,0.08834716691744582,0.08829413492533657,0.08829413492533658,0.375,0.375,0.5,2.8368723859155285e-15,-9.322320693172514e-12,-9.322320693172514e-12,-9.322320693172514e-12,-9.322320693172514e-12,-9.322320693172514e-12,-9.322320693172514e-12,24760.76719221868,18735.700704681258,0.7566688285235823,0.9468858023321286,3.822975282681814,0.9050652650062241,0.5839216517053539,37569.03399132045,20600.0,0.0,0.0,0.0,0.0,0.0,0.0,0.0,0.0,0.0,0.0,0.0,0.0,0.0,0.0,0.0,0.0,0.0,0.0,0.0,0.0,37572.98438677297,20600.0,1.0,0.0,0.0,6.0,0.9,152975.75209065224,25495.958681775373,257.0731130591799,257.0731130591799,-16.07688694082009,238.1409533872231,276.00527301733695,154579.04065689162,154622.7239838964,-43.68332700478497,0.0,nan,276.00527301733695,2.8552730173369696,268.432408933923,-4.717591066076977,260.8595449134548,-12.290455086545194,253.28668097469992,-19.863319025300058,245.71381712844163,-27.436182871558344,238.1409533872231,-35.00904661277687,1.0,1.0,25762.5980482374,25762.5980482374,275.4973705855058,2.3473705855058142,275.4973705855058,275.4973705855058,74231.25544294753,74248.9896482413,-17.73420529377472,0.0,8575.796259387458,8575.796259387458,0.8775995879114462,4082.822950334607,275.4973705855058,2.3473705855058142,1.0,0.002,1.355302798855609,1.476654912003215e-14,0.002094324580020185,5.373422775937069e-15,1.0,1.0471622900100925,0.06104037956762376,9.43245800255582e-05,0.9999840908201787,0.9999840908201787,0.0,0.08829273023806689,1.4046872696937574e-06,0.0,0.0,0.0,1600359.344762931,266.8394002463615,0.0,1.0,1283733.5170841266,2601.2647733052095,,,,,,,,,,,,,,,,,6.0,15561.403508771931
2490.0,-37.11534268625303,3.7592310419126185,34.626364774588595,23.064499091729544,4.959152819464851,-32.90308875626108,-46.15181431928647,0.8348770922183912,-6.310707939917393,-6.3107079399090615,37.6347008171872,37703.05362644487,20744.074302552657,20744.074302552657,58447.12792899752,73913.25202621057,74248.71662140018,20744.074302552657,94992.79092395284,94992.79092395284,94992.79092395284,119753.5018186928,119753.5018186928,0.0,0.0,90750.19215608579,54899.2125195525,39834.42181837032,24760.71089473997,64595.13271311029,18735.653708833488,1450.0,0.0,0.8888336627241503,2.748060259477126,0.0014957518510113484,1.0,1.0,-6.310707939917393,336897.21426021645,1455049.7229796012,4.3189722603515905,1455049.7229796012,4.3189722603515905,0.7566686509317303,0.08829384771607113,4.062513272910545,101325.0,128351.07116782667,1.2667265844345095,1.0,0.0,4.062513272910545,1.2880979546362674,1.2882381938401182,3.1538853534300624,6682.704608050016,15561.403508771931,6437.2006324791055,0.00027909443849259176,22338.43585477538,2277.886521368192,19241.223467946373,1962.0587527796315,0.861350525750132,0.861350525750132,35834.573062976015,32395.05729023726,1.1344343098518421,0.8,4743.161817510179,4287.898129693729,1.1344343098518421,0.8,17904.69674963203,17904.69674963203,1.0,0.8,3099.015535412006,3099.015535412006,6.6937626047733865,3.7592310419126185,-2.138160373169871,5.89739141508249,3.5,3.5,1.0,0.6,0.00010886742171212449,1.000045017819001,0.00010886252095885997,204.959822849284,0.0,1.2455637078056553e-06,3.5299275479212273,0.025123110383737247,3.8577234372429443e-05,7.029018733969505e-05,0.0002855548190228799,0.08834713690645721,0.08834713690645721,0.08834713690645721,0.0882923440125799,0.0,0.0,0.0,0.0,0.0,0.0,1.0,1.0,0.0,1.0,1.0,524466.306261523,583.4090936729231,0.0,0.08834713690645721,0.08829384771607113,0.08829384771607114,0.375,0.375,0.5,9.994956978361719e-11,-8.355982572538778e-12,-8.355982572538778e-12,-8.355982572538778e-12,-8.355982572538778e-12,-8.355982572538778e-12,-8.355982572538778e-12,24760.71089473997,18735.653708833488,0.7566686509317303,0.9464943108338895,3.822884033142672,0.9048224761543843,0.5836825785914458,37569.03399132045,20600.0,0.0,0.0,0.0,0.0,0.0,0.0,0.0,0.0,0.0,0.0,0.0,0.0,0.0,0.0,0.0,0.0,0.0,0.0,0.0,0.0,37572.56391886837,20600.0,1.0,0.0,0.0,6.0,0.9,152975.75209065224,25495.958681775373,257.07208340933806,257.07208340933806,-16.077916590661914,238.13876487099228,276.00540471147355,154601.52233673423,154607.58502864186,-6.0626919076214545,0.0,nan,276.00540471147355,2.855404711473568,268.4320751829879,-4.71792481701209,260.85874634125344,-12.291253658746541,253.28541827260793,-19.86458172739205,245.71209107671353,-27.437908923286443,238.13876487099228,-35.0112351290077,1.0,1.0,25762.5980482374,25762.5980482374,275.4972305623174,2.3472305623174066,275.4972305623174,275.4972305623174,74231.74511628915,74248.71662140018,-16.97150511102518,0.0,8575.796259387458,8575.796259387458,0.8775994059937903,4082.8258392750977,275.4972305623174,2.3472305623174066,1.0,0.002,1.355302798855899,9.999628570164559e-11,0.0020943241138185213,3.638795211167703e-11,1.0,1.0471620569092606,0.06104009146166067,9.432415020647336e-05,0.9999829371257307,0.9999829371257307,0.0,0.08829234116924879,1.5065468223302957e-06,0.0,0.0,0.0,1600359.2182415035,266.8392920600826,0.0,1.0,1283733.886800007,2601.263274624137,,,,,,,,,,,,,,,,,8.0,15561.403508771931
2520.0,-37.12450208743198,3.7580116438189615,34.626214498060754,23.06204850263896,4.956719625048962,-32.914430307501064,-46.162448020745046,0.8325066104311093,-6.311820142654312,-6.3118201426543825,37.63200684730944,37709.06775212762,20743.853480135087,20743.853480135087,58452.92123226271,73914.55411163677,74246.53707743966,20743.853480135087,94990.39055757475,94990.39055757475,94990.39055757475,119749.72742441793,119749.72742441793,0.0,0.0,90751.55099419516,54897.85231406327,39837.44297792432,24759.336866843183,64596.7798447675,18734.446243190727,1450.0,0.0,0.888837801919617,2.7479465283851208,0.0014957518510113484,1.0,1.0,-6.311820142654312,336882.4478091759,1454939.2371786113,4.318833606916645,1454939.2371786113,4.318833606916645,0.7566618744252083,0.08829043774505566,4.062588778007362,101325.0,128351.07116782667,1.2667265844345095,1.0,0.0,4.062588778007362,1.2881091093380734,1.2882493434433375,3.153916658577955,6682.770939901885,15561.403508771931,6437.1438668433575,0.00027907649287261713,22338.355160501233,2277.878292842228,19241.053791662365,1962.0414506138554,0.8613460415243317,0.8613460415243318,35835.10587361772,32395.05729023726,1.1344553942315463,0.8,4743.23234177978,4287.898129693729,1.1344553942315463,0.8,17904.69674963203,17904.69674963203,1.0,0.8,3099.015535412006,3099.015535412006,6.693691349106853,3.7580116438189615,-2.1393169930353633,5.897328636854325,3.5,3.5,1.0,0.6,0.00010886252095885997,1.0010119832140987,0.00010875246528949514,204.96781295364903,0.0,3.348191736413674e-08,0.09488775380996353,0.02512411484125817,3.852830154709677e-05,7.03342194117632e-05,0.00028573901049213675,0.08834368092326267,0.08834368092326267,0.08834368092326267,0.08828910110001181,0.0,0.0,0.0,0.0,0.0,0.0,1.0,1.0,0.0,1.0,1.0,524453.0669592996,583.4133937628059,0.0,0.08834368092326267,0.08829043774505566,0.08829043774505564,0.375,0.375,0.5,1.4296254379805574e-12,5.684341886080802e-14,5.684341886080802e-14,5.684341886080802e-14,5.684341886080802e-14,5.684341886080802e-14,5.684341886080802e-14,24759.336866843183,18734.446243190727,0.7566618744252083,0.9465734980285726,3.8231398563236563,0.9048890884767152,0.5837607980265621,37569.03399132045,20600.0,0.0,0.0,0.0,0.0,0.0,0.0,0.0,0.0,0.0,0.0,0.0,0.0,0.0,0.0,0.0,0.0,0.0,0.0,0.0,0.0,37569.12887907426,20600.0,1.0,0.0,0.0,6.0,0.9,152975.75209065224,25495.958681775373,257.06688623612763,257.06688623612763,-16.083113763872348,238.13075850573063,276.00301395951686,154618.92848072742,154645.3581802547,-26.42969952726005,0.0,nan,276.00301395951686,2.853013959516886,268.42856313424784,-4.721436865752139,260.8541117921564,-12.295888207843575,253.279660563139,-19.870339436860974,245.705209461975,-27.44479053802499,238.13075850573063,-35.01924149426935,1.0,1.0,25762.5980482374,25762.5980482374,275.49586420894923,2.3458642089492514,275.49586420894923,275.49586420894923,74228.83562774444,74246.53707743966,-17.70144969521789,0.0,8575.796259387458,8575.796259387458,0.877594627632245,4082.901721897399,275.49586420894923,2.3458642089492514,1.0,0.002,1.3553028108005134,4.999990998868108e-13,0.002094319339534337,1.819537213781233e-13,1.0,1.0471596697671686,0.061037141552709784,9.431933971629095e-05,0.9999848275533851,0.9999848275533851,0.0,0.08828909816310236,1.3395819532898254e-06,0.0,0.0,0.0,1600357.9175356408,266.83817985734566,0.0,1.0,1283737.6876295242,2601.2478676457663,,,,,,,,,,,,,,,,,7.0,15561.403508771931
2550.0,-37.13779347637092,3.7568491687621317,34.626050599278265,23.059732268471294,4.95578374337296,-32.927709915338994,-46.175041830260284,0.8302617034214426,-6.312950219460731,-6.312950219503503,37.62940008745881,37705.70790599559,20743.786739827206,20743.786739827206,58449.49464582279,73910.2156016219,74244.03400778561,20743.786739827206,94987.82074761282,94987.82074761282,94987.82074761282,119745.81095356667,119745.81095356667,0.0,0.0,90752.85206247788,54895.41361780259,39841.59827186143,24757.990205953854,64599.58847781528,18733.264451342042,1450.0,0.0,0.8888415333803145,2.7478309733426656,0.0014957518510113484,1.0,1.0,-6.312950219460731,336867.4445693076,1454832.3341028783,4.318708612412557,1454832.3341028783,4.318708612412557,0.7566552977647203,0.08828704013342772,4.062660887604395,101325.0,128351.07116782667,1.2667265844345095,1.0,0.0,4.062660887604395,1.2881198915919956,1.2882599850988268,3.153946239106149,6682.83361749156,15561.403508771931,6437.0902208195275,0.0002790595349416194,22338.278919457534,2277.8705184193927,19240.893440107146,1962.025099305792,0.8613418029867805,0.8613418029867805,35835.61472166487,32395.05729023726,1.1344755304367589,0.8,4743.299694295014,4287.898129693729,1.1344755304367589,0.8,17904.69674963203,17904.69674963203,1.0,0.8,3099.015535412006,3099.015535412006,6.6936698131361165,3.7568491687621317,-2.1404604943017507,5.897309663063883,3.5,3.5,1.0,0.6,0.00010875246528949514,1.0014689833987156,0.00010859294405745708,204.97940859551164,0.0,7.519289950952796e-07,2.130966772100022,0.02514667271111103,3.847042333111554e-05,7.02820419583796e-05,0.00028553210296527977,0.0883403651128055,0.0883403651128055,0.0883403651128055,0.08828575905223875,0.0,0.0,0.0,0.0,0.0,0.0,1.0,1.0,0.0,1.0,1.0,524440.2563190394,583.41755459153,0.0,0.0883403651128055,0.08828704013342774,0.0882870401334277,0.375,0.375,0.5,1.3763755004220474e-15,4.274625098332763e-11,4.274625098332763e-11,4.274625098332763e-11,4.274625098332763e-11,4.274625098332763e-11,4.274625098332763e-11,24757.990205953854,18733.264451342042,0.7566552977647203,0.9463904446982404,3.823169875828067,0.9047967026275322,0.5836834071929798,37569.03399132045,20600.0,0.0,0.0,0.0,0.0,0.0,0.0,0.0,0.0,0.0,0.0,0.0,0.0,0.0,0.0,0.0,0.0,0.0,0.0,0.0,0.0,37571.16495809255,20600.0,1.0,0.0,0.0,6.0,0.9,152975.75209065224,25495.958681775373,257.06002688439077,257.06002688439077,-16.08997311560921,238.1187007608256,276.00135335150736,154662.7535096912,154697.82748043453,-35.07397074336703,0.0,nan,276.00135335150736,2.8513533515073846,268.4248226734585,-4.725177326541484,260.8482920137239,-12.301707986276085,253.2717614650397,-19.878238534960275,245.69523104178984,-27.45476895821014,238.1187007608256,-35.03129923917439,1.0,1.0,25762.5980482374,25762.5980482374,275.49444225603656,2.3444422560365865,275.49444225603656,275.49444225603656,74226.56280012205,74244.03400778561,-17.47120766356238,0.0,8575.796259387458,8575.796259387458,0.8775900641475449,4082.9741920424167,275.49444225603656,2.3444422560365865,1.0,0.002,1.3553028138368697,3.8046773721615203e-16,0.0020943144745014072,1.3846111303830925e-16,1.0,1.0471572372507036,0.061034135147126856,9.431447450154555e-05,0.9999854566900339,0.9999854566900339,0.0,0.08828575614763708,1.283985790648743e-06,0.0,0.0,0.0,1600356.5959082267,266.83704978053925,0.0,1.0,1283741.5495172595,2601.2322132973172,,,,,,,,,,,,,,,,,5.0,15561.403508771931
2580.0,-37.15026238697104,3.755707241106709,34.6258806232723,23.05717522921043,4.954319052639957,-32.939133667347065,-46.18597232094032,0.8277823677058245,-6.314118056718144,-6.314118056769349,37.62673056710918,37699.01252484479,20743.840113624676,20743.840113624676,58442.85263846946,73907.19183144771,74241.29358276451,20743.840113624676,94985.13369638918,94985.13369638918,94985.13369638918,119741.7414741303,119741.7414741303,0.0,0.0,90754.29789764529,54893.20285098483,39845.66116295606,24756.607777741116,64602.26894069718,18732.051618502435,1450.0,0.0,0.8888453010910812,2.747711561169733,0.0014957518510113484,1.0,1.0,-6.314118056718144,336851.9405620158,1454722.863384583,4.318582404356857,1454722.863384583,4.318582404356857,0.756648559716836,0.08828357468205714,4.062741009467524,101325.0,128351.07116782667,1.2667265844345095,1.0,0.0,4.062741009467524,1.2881318786418519,1.2882717679572901,3.153979089277019,6682.903223061723,15561.403508771931,6437.030636403103,0.0002790407015117731,22338.194260022457,2277.8618855595396,19240.715338299062,1962.0069379756658,0.8613370944102318,0.8613370944102318,35836.180106890926,32395.05729023726,1.134497904022861,0.8,4743.374530225436,4287.898129693729,1.134497904022861,0.8,17904.69674963203,17904.69674963203,1.0,0.8,3099.015535412006,3099.015535412006,6.693687035959578,3.755707241106709,-2.1416175957446564,5.897324836851365,3.5,3.5,1.0,0.6,0.00010859294405745708,1.001378169279159,0.00010844349057022842,204.99028781544445,0.0,1.0899522600529902e-06,3.0889247049901742,0.025179371278912618,3.842025465321778e-05,7.017268940423931e-05,0.0002850934629872302,0.08833697504082522,0.08833697504082522,0.08833697504082522,0.08828229664649413,0.0,0.0,0.0,0.0,0.0,0.0,1.0,1.0,0.0,1.0,1.0,524427.1373255294,583.4218155382395,0.0,0.08833697504082522,0.0882835746820572,0.08828357468205708,0.375,0.375,0.5,5.239350217118446e-14,5.121592039358802e-11,5.121592039358802e-11,5.121592039358802e-11,5.121592039358802e-11,5.121592039358802e-11,5.121592039358802e-11,24756.607777741116,18732.051618502435,0.756648559716836,0.9461259124467238,3.8232633806225245,0.9046563471651149,0.5835555491007797,37569.03399132045,20600.0,0.0,0.0,0.0,0.0,0.0,0.0,0.0,0.0,0.0,0.0,0.0,0.0,0.0,0.0,0.0,0.0,0.0,0.0,0.0,0.0,37572.122916025444,20600.0,1.0,0.0,0.0,6.0,0.9,152975.75209065224,25495.958681775373,257.0530735482849,257.0530735482849,-16.096926451715092,238.10676263279,275.99938471467897,154706.0129280852,154741.54462133636,-35.53169325116606,0.0,nan,275.99938471467897,2.8493847146789903,268.4208601240174,-4.7291398759825825,260.84233580007003,-12.307664199929945,253.263811173131,-19.886188826868988,245.68528684502198,-27.464713154978,238.10676263279,-35.04323736720997,1.0,1.0,25762.5980482374,25762.5980482374,275.492954865351,2.3429548653510324,275.492954865351,275.492954865351,74223.76499094116,74241.29358276451,-17.52859182335669,0.0,8575.796259387458,8575.796259387458,0.8775849935938432,4083.054714514861,275.492954865351,2.3429548653510324,1.0,0.002,1.355302813854339,3.996324305565239e-14,0.0020943094421291813,1.454419138773411e-14,1.0,1.0471547210645906,0.06103102517685555,9.43094421437256e-05,0.9999854903224006,0.9999854903224006,0.0,0.08828229371585118,1.2809662059606938e-06,0.0,0.0,0.0,1600355.2301007388,266.83588194328183,0.0,1.0,1283745.5404204507,2601.2160361208894,,,,,,,,,,,,,,,,,5.0,15561.403508771931
2610.0,-37.16189931657935,3.754626163818644,34.62571805520669,23.054946516081714,4.953077636015047,-32.94974404603341,-46.19612277075646,0.8256213808115574,-6.315177205998054,-6.315177205949328,37.624311822026506,37692.512236495735,20743.794941722022,20743.794941722022,58436.30717821776,73904.41640562982,74238.9000032363,20743.794941722022,94982.69494495832,94982.69494495832,94982.69494495832,119738.04984321166,119738.04984321166,0.0,0.0,90755.5629776235,54891.06854606256,39849.438257289934,24755.354898253343,64604.79315554327,18730.95250702079,1450.0,0.0,0.8888487097121726,2.7476032659622875,0.0014957518510113484,1.0,1.0,-6.315177205998054,336837.8799625799,1454623.6817508782,4.318468225463466,1454623.6817508782,4.318468225463466,0.756642455097357,0.08828043040668096,4.062811146833404,101325.0,128351.07116782667,1.2667265844345095,1.0,0.0,4.062811146833404,1.2881423482884842,1.2882820462135227,3.1540079031106605,6682.964276117643,15561.403508771931,6436.978365648219,0.000279024181233025,22338.120010416755,2277.854314206865,19240.559097514753,1961.991005849577,0.8613329630489253,0.8613329630489253,35836.67503402135,32395.05729023726,1.1345174894934584,0.8,4743.440040130167,4287.898129693729,1.1345174894934584,0.8,17904.69674963203,17904.69674963203,1.0,0.8,3099.015535412006,3099.015535412006,6.69367245974912,3.754626163818644,-2.142685830985058,5.897311994803702,3.5,3.5,1.0,0.6,0.00010844349057022842,1.0012862835887568,0.00010830418068002595,205.00044210627638,0.0,1.0212171120674919e-06,2.894129295599272,0.02521000779227464,3.8373720490270574e-05,7.006977007995785e-05,0.0002846802429369065,0.0883339039978794,0.0883339039978794,0.0883339039978794,0.08827915572679622,0.0,0.0,0.0,0.0,0.0,0.0,1.0,1.0,0.0,1.0,1.0,524415.2507996507,583.4256761597802,0.0,0.0883339039978794,0.08828043040668096,0.08828043040668097,0.375,0.375,0.5,6.463614613498024e-14,-4.871480996371247e-11,-4.871480996371247e-11,-4.871480996371247e-11,-4.871480996371247e-11,-4.871480996371247e-11,-4.871480996371247e-11,24755.354898253343,18730.95250702079,0.756642455097357,0.9458731135212523,3.8233429387849296,0.9045196853664682,0.583432132438638,37569.03399132045,20600.0,0.0,0.0,0.0,0.0,0.0,0.0,0.0,0.0,0.0,0.0,0.0,0.0,0.0,0.0,0.0,0.0,0.0,0.0,0.0,0.0,37571.92812061605,20600.0,1.0,0.0,0.0,6.0,0.9,152975.75209065224,25495.958681775373,257.04656711673937,257.04656711673937,-16.10343288326061,238.09553789749896,275.99759645696975,154748.02878607914,154781.2740551642,-33.2452690850625,0.0,nan,275.99759645696975,2.847596456969768,268.4171846948158,-4.732815305184204,260.83677307541467,-12.313226924585308,253.25636111815822,-19.893638881841753,245.6759494575787,-27.47405054242128,238.09553789749896,-35.05446210250102,1.0,1.0,25762.5980482374,25762.5980482374,275.4916166074497,2.341616607449737,275.4916166074497,275.4916166074497,74221.48019589178,74238.9000032363,-17.419807344514993,0.0,8575.796259387458,8575.796259387458,0.877580554905997,4083.1252025675713,275.4916166074497,2.341616607449737,1.0,0.002,1.3553028138543408,4.7928448921306845e-14,0.00209430487812178,1.7443729681485958e-14,1.0,1.04715243906089,0.061028204639079986,9.430487813922401e-05,0.9999855275166981,0.9999855275166981,0.0,0.08827915276962602,1.2776370549440087e-06,0.0,0.0,0.0,1600353.9913890478,266.8348227940019,0.0,1.0,1283749.159876549,2601.201364735132,,,,,,,,,,,,,,,,,5.0,15561.403508771931
2640.0,-37.169728993528274,3.753564095579963,34.625565596035585,23.052653786167525,4.951374357350956,-32.95711890318128,-46.2032288434915,0.8233995922957773,-6.316166392480113,-6.316166392449546,37.622034195183915,37689.51352652299,20743.644805340788,20743.644805340788,58433.15833186378,73903.30731272874,74236.79663747111,20743.644805340788,94980.44144281189,94980.44144281189,94980.44144281189,119734.61915901036,119734.61915901036,0.0,0.0,90756.86668377872,54889.70105308409,39852.40625632736,24754.17771619847,64606.58397252583,18729.91959798539,1450.0,0.0,0.8888519609871439,2.747502127309899,0.0014957518510113484,1.0,1.0,-6.316166392480113,336824.7485617496,1454530.2914072021,4.318359317770099,1454530.2914072021,4.318359317770099,0.7566367104866115,0.08827749082755765,4.062883522477183,101325.0,128351.07116782667,1.2667265844345095,1.0,0.0,4.062883522477183,1.2881530829686474,1.2882926025960457,3.1540378051294624,6683.027634907341,15561.403508771931,6436.924113377776,0.00027900703612587893,22338.04296423524,2277.8464576828214,19240.39693384784,1961.974469757546,0.8613286743450647,0.8613286743450647,35837.1857538579,32395.05729023726,1.1345376999907502,0.8,4743.507640400552,4287.898129693729,1.1345376999907502,0.8,17904.69674963203,17904.69674963203,1.0,0.8,3099.015535412006,3099.015535412006,6.69362401327329,3.753564095579963,-2.143705216528292,5.897269312108255,3.5,3.5,1.0,0.6,0.00010830418068002595,1.0008653395106126,0.00010821054182272195,205.00727475212202,0.0,9.519529693760902e-07,2.6978347152118394,0.025238566381355923,3.834117418396089e-05,6.996300649606506e-05,0.00028425154627582683,0.08833100787252121,0.08833100787252121,0.08833100787252121,0.08827622909111281,0.0,0.0,0.0,0.0,0.0,0.0,1.0,1.0,0.0,1.0,1.0,524404.0578342672,583.4293114945303,0.0,0.08833100787252121,0.0882774908275572,0.08827749082755808,0.375,0.375,0.5,7.38717284305613e-14,-3.058175934711471e-11,-3.058175934711471e-11,-3.058175934711471e-11,-3.058175934711471e-11,-3.058175934711471e-11,-3.058175934711471e-11,24754.17771619847,18729.91959798539,0.7566367104866115,0.9457274244397483,3.8234738880514336,0.9044458743819775,0.5833695454715666,37569.03399132045,20600.0,0.0,0.0,0.0,0.0,0.0,0.0,0.0,0.0,0.0,0.0,0.0,0.0,0.0,0.0,0.0,0.0,0.0,0.0,0.0,0.0,37571.73182603566,20600.0,1.0,0.0,0.0,6.0,0.9,152975.75209065224,25495.958681775373,257.04157198600313,257.04157198600313,-16.108428013996843,238.0875277748341,275.9956162271632,154777.18604217225,154802.65834372578,-25.472301553556203,0.0,nan,275.9956162271632,2.845616227163248,268.4139985219893,-4.736001478010678,260.83238083989266,-12.317619160107313,253.25076311595083,-19.899236884049145,245.66914543618873,-27.48085456381125,238.0875277748341,-35.06247222516589,1.0,1.0,25762.5980482374,25762.5980482374,275.4903821532564,2.340382153256428,275.4903821532564,275.4903821532564,74218.6228635707,74236.79663747111,-18.173773900416563,0.0,8575.796259387458,8575.796259387458,0.8775759745592517,4083.1979400895684,275.4903821532564,2.340382153256428,1.0,0.002,1.355302813852023,4.949741847456508e-14,0.002094300615621746,1.8015424881959583e-14,1.0,1.047150307810873,0.061025570420409014,9.430061563976168e-05,0.9999857330833952,0.9999857330833952,0.0,0.08827623137995794,1.2594475997157385e-06,0.0,0.0,0.0,1600352.8344868168,266.83383360751986,0.0,1.0,1283752.54022757,2601.18766266407,,,,,,,,,,,,,,,,,9.0,15561.403508771931
2670.0,-37.17960637589086,3.752655655207455,34.62543148116778,23.051234590262197,4.950926245749261,-32.96583276334957,-46.21152560049666,0.8220226808803262,-6.316991444143582,-6.31699144407588,37.62019947702637,37682.53920519744,20743.473024523664,20743.473024523664,58426.012229721106,73900.13400734897,74235.02054268678,20743.473024523664,94978.49356721045,94978.49356721045,94978.49356721045,119731.71405857423,119731.71405857423,0.0,0.0,90757.66599221814,54887.94309151915,39855.24766744333,24753.22049136378,64608.46815880711,18729.080527352682,1450.0,0.0,0.8888544366371416,2.7474177727515956,0.0014957518510113484,1.0,1.0,-6.316991444143582,336813.79635008035,1454455.065107276,4.318276391491791,1454455.065107276,4.318276391491791,0.7566320727392674,0.08827502774520964,4.062927739738207,101325.0,128351.07116782667,1.2667265844345095,1.0,0.0,4.062927739738207,1.288159750796771,1.2882991505182737,3.154055804976942,6683.065774424228,15561.403508771931,6436.891451968097,0.0002789967149879669,22337.996589145856,2277.841728739769,19240.299306708606,1961.9645145598759,0.8613260920658196,0.8613260920658196,35837.497772740746,32395.05729023726,1.1345500474157613,0.8,4743.548940070813,4287.898129693729,1.1345500474157613,0.8,17904.69674963203,17904.69674963203,1.0,0.8,3099.015535412006,3099.015535412006,6.693568582503371,3.752655655207455,-2.144564820847603,5.8972204760550575,3.5,3.5,1.0,0.6,0.00010821054182272195,1.001091858031172,0.00010809252013650129,205.015894960232,0.0,6.398882315598639e-07,1.8134432482406542,0.02525776302830272,3.830320682499355e-05,6.99073349977284e-05,0.0002840284505734423,0.08832868975246418,0.08832868975246418,0.08832868975246418,0.08827376467163733,0.0,0.0,0.0,0.0,0.0,0.0,1.0,1.0,0.0,1.0,1.0,524395.0415006087,583.4322398686415,0.0,0.08832868975246418,0.08827502774520962,0.08827502774520965,0.375,0.375,0.5,6.197224136337073e-14,-6.770051186322235e-11,-6.770051186322235e-11,-6.770051186322235e-11,-6.770051186322235e-11,-6.770051186322235e-11,-6.770051186322235e-11,24753.22049136378,18729.080527352682,0.7566320727392674,0.9454850091417017,3.8234866071222173,0.9043088916163501,0.5832445850994958,37569.03399132045,20600.0,0.0,0.0,0.0,0.0,0.0,0.0,0.0,0.0,0.0,0.0,0.0,0.0,0.0,0.0,0.0,0.0,0.0,0.0,0.0,0.0,37570.84743456869,20600.0,1.0,0.0,0.0,6.0,0.9,152975.75209065224,25495.958681775373,257.0364336259784,257.0364336259784,-16.11356637402156,238.07830971967343,275.9945578768698,154813.10794076978,154839.4092674687,-26.30132669890385,0.0,nan,275.9945578768698,2.8445578768698283,268.4113080511313,-4.738691948868677,260.8280583131425,-12.321941686857485,253.24480866495827,-19.905191335041707,245.6615591300953,-27.48844086990468,238.07830971967343,-35.07169028032655,1.0,1.0,25762.5980482374,25762.5980482374,275.4893499961053,2.339349996105341,275.4893499961053,275.4893499961053,74217.80704479232,74235.02054268678,-17.213497894452303,0.0,8575.796259387458,8575.796259387458,0.8775731762327922,4083.242378436898,275.4893499961053,2.339349996105341,1.0,0.002,1.3553028138526102,1.3767901907418403e-15,0.0020942970604223574,5.011215245143595e-16,1.0,1.0471485302111787,0.061023373304395,9.429706042285869e-05,0.9999856580512106,0.9999856580512106,0.0,0.08827376170928233,1.2660359273005724e-06,0.0,0.0,0.0,1600351.8695376508,266.8330085558564,0.0,1.0,1283755.359665572,2601.1762343032015,,,,,,,,,,,,,,,,,5.0,15561.403508771931
2700.0,-37.18904812616996,3.751759333809504,34.62529518494954,23.04922674028205,4.949769542799411,-32.97445552928706,-46.219773672614224,0.8200775460263952,-6.317904756033613,-6.317904756097142,37.618088698687046,37677.380413169805,20743.50802520769,20743.50802520769,58420.8884383775,73897.79888721278,74232.89992292957,20743.50802520769,94976.40794813726,94976.40794813726,94976.40794813726,119728.53858502826,119728.53858502826,0.0,0.0,90758.80997015565,54886.33208328373,39858.308763191024,24752.130636891005,64610.43940008203,18728.124194414137,1450.0,0.0,0.8888574671077731,2.747324396716574,0.0014957518510113484,1.0,1.0,-6.317904756033613,336801.67284761596,1454368.5235518226,4.318174880947945,1454368.5235518226,4.318174880947945,0.7566267514159535,0.08827234211868817,4.062991298617791,101325.0,128351.07116782667,1.2667265844345095,1.0,0.0,4.062991298617791,1.2881691408865905,1.2883083895844438,3.154082154010778,6683.1216048651295,15561.403508771931,6436.843635677782,0.0002789816058008515,22337.928708100197,2277.834806799488,19240.15638061699,1961.9499401545881,0.8613223111254765,0.8613223111254765,35837.94627446919,32395.05729023726,1.1345677958805298,0.8,4743.608304982729,4287.898129693729,1.1345677958805298,0.8,17904.69674963203,17904.69674963203,1.0,0.8,3099.015535412006,3099.015535412006,6.6935798766332715,3.751759333809504,-2.145471092688773,5.897230426498277,3.5,3.5,1.0,0.6,0.00010809252013650129,1.001043762785559,0.00010797981482419622,205.02413562070018,0.0,8.0654405417484e-07,2.2857458495314966,0.025281959349927965,3.8265496788114125e-05,6.982702334838717e-05,0.00028370658827287843,0.08832600403681307,0.08832600403681307,0.08832600403681307,0.08827106547711541,0.0,0.0,0.0,0.0,0.0,0.0,1.0,1.0,0.0,1.0,1.0,524384.6685728716,583.4356088249614,0.0,0.08832600403681307,0.08827234211868817,0.08827234211868816,0.375,0.375,0.5,1.9941977645493027e-14,6.355094228638336e-11,6.355094228638336e-11,6.355094228638336e-11,6.355094228638336e-11,6.355094228638336e-11,6.355094228638336e-11,24752.130636891005,18728.124194414137,0.7566267514159535,0.9452829681515414,3.8235620319232404,0.9042019986371325,0.5831469459581167,37569.03399132045,20600.0,0.0,0.0,0.0,0.0,0.0,0.0,0.0,0.0,0.0,0.0,0.0,0.0,0.0,0.0,0.0,0.0,0.0,0.0,0.0,0.0,37571.319737169986,20600.0,1.0,0.0,0.0,6.0,0.9,152975.75209065224,25495.958681775373,257.03115438955797,257.03115438955797,-16.11884561044201,238.0692549681325,275.99305405456784,154845.63755082226,154872.61843640087,-26.980885578621702,0.0,nan,275.99305405456784,2.843054054567858,268.4082940998077,-4.741705900192301,260.82353420589953,-12.326465794100443,253.23877437908678,-19.9112256209132,245.6540146298534,-27.49598537014657,238.0692549681325,-35.08074503186748,1.0,1.0,25762.5980482374,25762.5980482374,275.4881894044504,2.338189404450418,275.4881894044504,275.4881894044504,74215.59184321793,74232.89992292957,-17.308079711641767,0.0,8575.796259387458,8575.796259387458,0.8775691538504281,4083.30625511088,275.4881894044504,2.338189404450418,1.0,0.002,1.3553028138542138,3.237861934334266e-17,0.002094293124931018,1.1785510001769909e-17,1.0,1.047146562465509,0.06102094115900081,9.429312493102956e-05,0.999985504524581,0.999985504524581,0.0,0.08827106256912282,1.2795495653576977e-06,0.0,0.0,0.0,1600350.8013513451,266.83209524396636,0.0,1.0,1283758.4806987587,2601.163583535236,,,,,,,,,,,,,,,,,4.0,15561.403508771931
2730.0,-37.19555689341773,3.750949450725841,34.62517721744531,23.047734307497763,4.948704884855975,-32.97937295476334,-46.22453850517047,0.8186289595122235,-6.318640091555324,-6.318640091592672,37.61645072845392,37670.03841133903,20743.354457176134,20743.354457176134,58413.39286851516,73896.88425096056,74231.32105617091,20743.354457176134,94974.67551334704,94974.67551334704,94974.67551334704,119725.95197669073,119725.95197669073,0.0,0.0,90759.65272328454,54885.27592424531,39860.41866559914,24751.27646334369,64611.69512894283,18727.37545620668,1450.0,0.0,0.8888596836131208,2.7472492186173847,0.0014957518510113484,1.0,1.0,-6.318640091555324,336791.9120917314,1454301.3697348086,4.3181006357976415,1454301.3697348086,4.3181006357976415,0.7566226123303852,0.08827017008599655,4.063037891846272,101325.0,128351.07116782667,1.2667265844345095,1.0,0.0,4.063037891846272,1.2881761853699563,1.2883152896374475,3.1541010756066665,6683.161697456288,15561.403508771931,6436.809294516932,0.0002789707552401159,22337.879965486303,2277.829836436123,19240.0537325891,1961.939472968761,0.861319595338341,0.861319595338341,35838.27505759107,32395.05729023726,1.1345808067812813,0.8,4743.651823613389,4287.898129693729,1.1345808067812813,0.8,17904.69674963203,17904.69674963203,1.0,0.8,3099.015535412006,3099.015535412006,6.693530322821813,3.750949450725841,-2.146237317483436,5.897186768209277,3.5,3.5,1.0,0.6,0.00010797981482419622,1.000719460442689,0.00010790218347150871,205.02981676758156,0.0,7.702436411735516e-07,2.182870479085845,0.025305066659163173,3.8243727738480466e-05,6.973608708571577e-05,0.00028334036425835463,0.08832393388333333,0.08832393388333333,0.08832393388333333,0.08826887012928565,0.0,0.0,0.0,0.0,0.0,0.0,1.0,1.0,0.0,1.0,1.0,524376.6191835993,583.4382231195898,0.0,0.08832393388333333,0.08827017008599657,0.08827017008599654,0.375,0.375,0.5,4.999356713382822e-13,3.7346126191550866e-11,3.7346126191550866e-11,3.7346126191550866e-11,3.7346126191550866e-11,3.7346126191550866e-11,3.7346126191550866e-11,24751.27646334369,18727.37545620668,0.7566226123303852,0.9450487393864109,3.823650826586565,0.9040684159724028,0.5830219797849682,37569.03399132045,20600.0,0.0,0.0,0.0,0.0,0.0,0.0,0.0,0.0,0.0,0.0,0.0,0.0,0.0,0.0,0.0,0.0,0.0,0.0,0.0,0.0,37571.216861799534,20600.0,1.0,0.0,0.0,6.0,0.9,152975.75209065224,25495.958681775373,257.0271741557551,257.0271741557551,-16.122825844244858,238.06265503679796,275.99169266317773,154870.70996884003,154891.11217614778,-20.402207307750757,0.0,nan,275.99169266317773,2.841692663177753,268.4058855295656,-4.744114470434397,260.82007817421515,-12.329921825784822,253.23427062498925,-19.915729375010727,245.6484629057851,-27.501537094214882,238.06265503679796,-35.087344963202014,1.0,1.0,25762.5980482374,25762.5980482374,275.4872699616474,2.3372699616474506,275.4872699616474,275.4872699616474,74214.14029403173,74231.32105617091,-17.180762139178114,0.0,8575.796259387458,8575.796259387458,0.877566205150949,4083.353081305503,275.4872699616474,2.3372699616474506,1.0,0.002,1.355302813851357,5.708487249401553e-13,0.002094289956358787,2.0778920156273215e-13,1.0,1.0471449781793933,0.06101898296507535,9.428995656657595e-05,0.9999852393975788,0.9999852393975788,0.0,0.08826886716511026,1.3029208862934414e-06,0.0,0.0,0.0,1600349.9413130176,266.83135990844465,0.0,1.0,1283760.993526973,2601.1533981241855,,,,,,,,,,,,,,,,,7.0,15561.403508771931
2760.0,-37.20180159489214,3.7504774103021217,34.625100296071935,23.04731839047747,4.948997503341234,-32.98468725029012,-46.22962771737946,0.8182255115027144,-6.318957447697414,-6.318957447695099,37.61576335328197,37664.856850989454,20743.03580747427,20743.03580747427,58407.89265846372,73894.24178300376,74230.87670902396,20743.03580747427,94973.91251649823,94973.91251649823,94973.91251649823,119724.82774153275,119724.82774153275,0.0,0.0,90759.90936896579,54883.91451517406,39862.21650421303,24750.91522503452,64613.13172924755,18727.0590634041,1450.0,0.0,0.888860569206025,2.747216773751385,0.0014957518510113484,1.0,1.0,-6.318957447697414,336787.6996128762,1454273.1892952642,4.318070971614736,1454273.1892952642,4.318070971614736,0.75662087212284,0.08826922227672587,4.063052238672153,101325.0,128351.07116782667,1.2667265844345095,1.0,0.0,4.063052238672153,1.2881782431123596,1.2883172475938311,3.1541071745284546,6683.174620339705,15561.403508771931,6436.798224820502,0.0002789672577423987,22337.864255131273,2277.8282344257495,19240.020644525684,1961.9360989252891,0.8613187198550561,0.8613187198550561,35838.3762952018,32395.05729023726,1.134584813052873,0.8,4743.665223699636,4287.898129693729,1.134584813052873,0.8,17904.69674963203,17904.69674963203,1.0,0.8,3099.015535412006,3099.015535412006,6.693427499942024,3.7504774103021217,-2.146618768084309,5.89709617838643,3.5,3.5,1.0,0.6,0.00010790218347150871,1.0006902984851838,0.00010782775013892705,205.03526770454806,0.0,5.305580672313665e-07,1.5036015625336927,0.025320983401180115,3.8220489371640016e-05,6.968169409986869e-05,0.0002831203632069396,0.08832306974769079,0.08832306974769079,0.08832306974769079,0.08826791562208283,0.0,0.0,0.0,0.0,0.0,0.0,1.0,1.0,0.0,1.0,1.0,524373.2412615023,583.439320203188,0.0,0.08832306974769079,0.08826922227672589,0.08826922227672586,0.375,0.375,0.5,9.948819209762241e-11,-2.3305801732931286e-12,-2.3305801732931286e-12,-2.3305801732931286e-12,-2.3305801732931286e-12,-2.3305801732931286e-12,-2.3305801732931286e-12,24750.91522503452,18727.0590634041,0.75662087212284,0.9448761296805627,3.823586995876272,0.9039631897617031,0.5829288233360806,37569.03399132045,20600.0,0.0,0.0,0.0,0.0,0.0,0.0,0.0,0.0,0.0,0.0,0.0,0.0,0.0,0.0,0.0,0.0,0.0,0.0,0.0,0.0,37570.53759288298,20600.0,1.0,0.0,0.0,6.0,0.9,152975.75209065224,25495.958681775373,257.0240679215433,257.0240679215433,-16.125932078456685,238.05664748043836,275.99148864068803,154897.4946397507,154913.47099620535,-15.976356454671741,0.0,nan,275.99148864068803,2.8414886406880555,268.40452025786175,-4.7454797421382295,260.81755193485503,-12.332448065144945,253.23058368647705,-19.91941631352293,245.64361552893956,-27.506384471060414,238.05664748043836,-35.09335251956162,1.0,1.0,25762.5980482374,25762.5980482374,275.4869007914471,2.3369007914471354,275.4869007914471,275.4869007914471,74214.15805070948,74230.87670902396,-16.7186583144794,0.0,8575.796259387458,8575.796259387458,0.8775652971969143,4083.3674998655138,275.4869007914471,2.3369007914471354,1.0,0.002,1.3553028137188357,9.996240832451911e-11,0.002094288588668696,3.6386792880720265e-11,1.0,1.0471442943343479,0.0610181377178276,9.42886250554888e-05,0.9999851635138717,0.9999851635138717,0.0,0.088267912671634,1.3096050918664443e-06,0.0,0.0,0.0,1600349.57013525,266.83104255230256,0.0,1.0,1283762.0780102815,2601.149002334746,,,,,,,,,,,,,,,,,12.0,15561.403508771931
2790.0,-37.20196917400818,3.7499452867227685,34.625105119217146,23.04938662508505,4.949351324040572,-32.98472514958709,-46.22976682204751,0.8202241482780789,-6.318529997555004,-6.318529997541575,37.61574561358948,37664.139068325996,20741.059085584544,20741.059085584544,58405.19815391054,73900.09327282594,74234.69962553597,20741.059085584544,94975.75871112052,94975.75871112052,94975.75871112052,119726.8029214518,119726.8029214518,0.0,0.0,90758.78325711325,54882.621771667546,39862.40165049522,24751.044210331274,64613.4458608265,18727.159656525837,1450.0,0.0,0.888862805403867,2.7472604741345976,0.0014957518510113484,1.0,1.0,-6.318529997555004,336793.3734521923,1454272.4620244517,4.317996067196629,1454272.4620244517,4.317996067196629,0.7566209933360701,0.08827064396298216,4.062989673353353,101325.0,128351.07116782667,1.2667265844345095,1.0,0.0,4.062989673353353,1.2881689998784365,1.2883079074747876,3.1540812375835574,6683.119663065817,15561.403508771931,6436.84529884157,0.00027898213131511226,22337.93106892302,2277.8350475364186,19240.16135192485,1961.9504470869106,0.8613224426451987,0.8613224426451987,35837.93480584666,32395.05729023726,1.1345673420344453,0.8,4743.606786964574,4287.898129693729,1.1345673420344453,0.8,17904.69674963203,17904.69674963203,1.0,0.8,3099.015535412006,3099.015535412006,6.692789645156483,3.7499452867227685,-2.146588923820101,5.896534210542869,3.5,3.5,1.0,0.6,0.00010782775013892705,1.000018518724082,0.00010782575334355193,205.03541398642918,0.0,5.087152757341e-07,1.4416990914304393,0.02533624485945214,3.8219854375470506e-05,6.960789576345653e-05,0.00028281616167078047,0.088322818927081,0.088322818927081,0.088322818927081,0.0882695417810562,0.0,0.0,0.0,0.0,0.0,0.0,1.0,1.0,0.0,1.0,1.0,524373.1540845761,583.4393485165349,0.0,0.088322818927081,0.08827064396298218,0.08827064396298215,0.375,0.375,0.5,9.99950102722435e-11,-1.3415046851150692e-11,-1.3415046851150692e-11,-1.3415046851150692e-11,-1.3415046851150692e-11,-1.3415046851150692e-11,-1.3415046851150692e-11,24751.044210331274,18727.159656525837,0.7566209933360701,0.9448537345681499,3.823723619664763,0.9039170930414677,0.5829148804329721,37569.03399132045,20600.0,0.0,0.0,0.0,0.0,0.0,0.0,0.0,0.0,0.0,0.0,0.0,0.0,0.0,0.0,0.0,0.0,0.0,0.0,0.0,0.0,37570.475690411884,20600.0,1.0,0.0,0.0,6.0,0.9,152975.75209065224,25495.958681775373,257.0237604081419,257.0237604081419,-16.126239591858052,238.05579954663438,275.9917234300195,154903.83514481952,154906.19209749956,-2.3569526800348015,0.0,nan,275.9917234300195,2.841723430019499,268.40453897677173,-4.745461023228245,260.81735230419696,-12.332647695803018,253.23016626332878,-19.919833736671194,245.6429819279003,-27.50701807209967,238.05579954663438,-35.0942004533656,1.0,1.0,25762.5980482374,25762.5980482374,275.48777402137387,2.337774021373889,275.48777402137387,275.48777402137387,74217.63225916633,74234.69962553597,-17.067366369636147,0.0,8575.796259387458,8575.796259387458,0.8775692567068669,4083.3046217201195,275.48777402137387,2.337774021373889,1.0,0.002,1.3553018421363365,9.999960834998196e-11,0.0020942889292048746,3.639975485094084e-11,1.0,1.0471444646024373,0.06101830442896272,9.428896560462934e-05,0.9999874993539218,0.9999874993539218,0.0,0.0882695405229029,1.1034400792726708e-06,0.0,0.0,0.0,1600350.0700779404,266.831470002445,0.0,1.0,1283760.6173084772,2601.154923071574,,,,,,,,,,,,,,,,,8.0,15561.403508771931
2820.0,-37.20196917400818,3.7499452867227685,34.625105119217146,23.04938662508505,4.949351324040572,-32.98472514958709,-46.22977143209425,0.8202241482780789,-6.318529997555004,-6.318529997541575,37.61574561358948,37664.15831981685,20741.059085584544,20741.059085584544,58405.217405401396,73900.09374228772,74234.69962553597,20741.059085584544,94975.75871112052,94975.75871112052,94975.75871112052,119726.8029214518,119726.8029214518,0.0,0.0,90758.78378844981,54882.6180161124,39862.40641370824,24751.044210331274,64613.45062403951,18727.159656525837,1450.0,0.0,0.888862805403867,2.7472604741345976,0.0014957518510113484,1.0,1.0,-6.318529997555004,336793.3734521923,1454272.4620244517,4.317996067196629,1454272.4620244517,4.317996067196629,0.7566209933360701,0.08827064396298216,4.062989703281963,101325.0,128351.07116782667,1.2667265844345095,1.0,0.0,4.062989703281963,1.288169004013471,1.2883079090379244,3.1540812506923777,6683.119690841834,15561.403508771931,6436.845275051281,0.0002789821237980219,22337.931035153135,2277.835044092849,19240.161280814085,1961.9504398356305,0.8613224407639142,0.8613224407639142,35837.93501703687,32395.05729023726,1.134567350391844,0.8,4743.6068149182875,4287.898129693729,1.134567350391844,0.8,17904.69674963203,17904.69674963203,1.0,0.8,3099.015535412006,3099.015535412006,6.692789645156483,3.7499452867227685,-2.146588923820101,5.896534210542869,3.5,3.5,1.0,0.6,0.00010782575334355193,1.0,0.00010782575334355193,205.03541398642918,0.0,1.3647125546072931e-08,0.03867595379757069,0.02533665427321852,3.821983333132586e-05,6.960592001222608e-05,0.0002828081362971425,0.088322818927081,0.088322818927081,0.088322818927081,0.0882695417810562,0.0,0.0,0.0,0.0,0.0,0.0,1.0,1.0,0.0,1.0,1.0,524373.1540845761,583.4393485165349,0.0,0.088322818927081,0.08827064396298218,0.08827064396298215,0.375,0.375,0.5,1e-10,-1.3415046851150692e-11,-1.3415046851150692e-11,-1.3415046851150692e-11,-1.3415046851150692e-11,-1.3415046851150692e-11,-1.3415046851150692e-11,24751.044210331274,18727.159656525837,0.7566209933360701,0.9448541046148324,3.8237236386321154,0.9039173243546238,0.5829151354099614,37569.03399132045,20600.0,0.0,0.0,0.0,0.0,0.0,0.0,0.0,0.0,0.0,0.0,0.0,0.0,0.0,0.0,0.0,0.0,0.0,0.0,0.0,0.0,37569.072667274246,20600.0,1.0,0.0,0.0,6.0,0.9,152975.75209065224,25495.958681775373,257.0237604081419,257.0237604081419,-16.126239591858052,238.05579954663438,275.9917234300195,154903.8362858738,154906.19323855385,-2.3569526800348015,0.0,nan,275.9917234300195,2.841723430019499,268.40453897677173,-4.745461023228245,260.81735230419696,-12.332647695803018,253.23016626332878,-19.919833736671194,245.6429819279003,-27.50701807209967,238.05579954663438,-35.0942004533656,1.0,1.0,25762.5980482374,25762.5980482374,275.48777402137387,2.337774021373889,275.48777402137387,275.48777402137387,74217.63264568067,74234.69962553597,-17.066979855298996,0.0,8575.796259387458,8575.796259387458,0.8775692548128057,4083.304651798373,275.48777402137387,2.337774021373889,1.0,0.002,1.3553018421363365,1e-10,0.0020942889292048746,3.639989741114561e-11,1.0,1.0471444646024373,0.06101830442896272,9.428896560477202e-05,0.9999874993539218,0.9999874993539218,0.0,0.0882695405229029,1.1034400792726708e-06,0.0,0.0,0.0,1600350.0700779404,266.831470002445,0.0,1.0,1283760.6173084772,2601.154923071574,,,,,,,,,,,,,,,,,8.0,15561.403508771931
2850.0,-37.20196917400818,3.7499452867227685,34.625105119217146,23.04938662508505,4.949351324040572,-32.98472514958709,-46.22977143209425,0.8202241482780789,-6.318529997555004,-6.318529997541575,37.61574561358948,37664.15831981685,20741.059085584544,20741.059085584544,58405.217405401396,73900.09374228772,74234.69962553597,20741.059085584544,94975.75871112052,94975.75871112052,94975.75871112052,119726.8029214518,119726.8029214518,0.0,0.0,90758.78378844981,54882.6180161124,39862.40641370824,24751.044210331274,64613.45062403951,18727.159656525837,1450.0,0.0,0.888862805403867,2.7472604741345976,0.0014957518510113484,1.0,1.0,-6.318529997555004,336793.3734521923,1454272.4620244517,4.317996067196629,1454272.4620244517,4.317996067196629,0.7566209933360701,0.08827064396298216,4.062989703281963,101325.0,128351.07116782667,1.2667265844345095,1.0,0.0,4.062989703281963,1.288169004013471,1.2883079090379244,3.1540812506923777,6683.119690841834,15561.403508771931,6436.845275051281,0.0002789821237980219,22337.931035153135,2277.835044092849,19240.161280814085,1961.9504398356305,0.8613224407639142,0.8613224407639142,35837.93501703687,32395.05729023726,1.134567350391844,0.8,4743.6068149182875,4287.898129693729,1.134567350391844,0.8,17904.69674963203,17904.69674963203,1.0,0.8,3099.015535412006,3099.015535412006,6.692789645156483,3.7499452867227685,-2.146588923820101,5.896534210542869,3.5,3.5,1.0,0.6,0.00010782575334355193,1.0,0.00010782575334355193,205.03541398642918,0.0,0.0,0.0,0.02533665427321852,3.821983333132586e-05,6.960592001222608e-05,0.0002828081362971425,0.088322818927081,0.088322818927081,0.088322818927081,0.0882695417810562,0.0,0.0,0.0,0.0,0.0,0.0,1.0,1.0,0.0,1.0,1.0,524373.1540845761,583.4393485165349,0.0,0.088322818927081,0.08827064396298218,0.08827064396298215,0.375,0.375,0.5,1e-10,-1.3415046851150692e-11,-1.3415046851150692e-11,-1.3415046851150692e-11,-1.3415046851150692e-11,-1.3415046851150692e-11,-1.3415046851150692e-11,24751.044210331274,18727.159656525837,0.7566209933360701,0.9448541046148324,3.8237236386321154,0.9039173243546238,0.5829151354099614,37569.03399132045,20600.0,0.0,0.0,0.0,0.0,0.0,0.0,0.0,0.0,0.0,0.0,0.0,0.0,0.0,0.0,0.0,0.0,0.0,0.0,0.0,0.0,37569.03399132045,20600.0,1.0,0.0,0.0,6.0,0.9,152975.75209065224,25495.958681775373,257.0237604081419,257.0237604081419,-16.126239591858052,238.05579954663438,275.9917234300195,154903.8362858738,154906.19323855385,-2.3569526800348015,0.0,nan,275.9917234300195,2.841723430019499,268.40453897677173,-4.745461023228245,260.81735230419696,-12.332647695803018,253.23016626332878,-19.919833736671194,245.6429819279003,-27.50701807209967,238.05579954663438,-35.0942004533656,1.0,1.0,25762.5980482374,25762.5980482374,275.48777402137387,2.337774021373889,275.48777402137387,275.48777402137387,74217.63264568067,74234.69962553597,-17.066979855298996,0.0,8575.796259387458,8575.796259387458,0.8775692548128057,4083.304651798373,275.48777402137387,2.337774021373889,1.0,0.002,1.3553018421363365,1e-10,0.0020942889292048746,3.639989741114561e-11,1.0,1.0471444646024373,0.06101830442896272,9.428896560477202e-05,0.9999874993539218,0.9999874993539218,0.0,0.0882695405229029,1.1034400792726708e-06,0.0,0.0,0.0,1600350.0700779404,266.831470002445,0.0,1.0,1283760.6173084772,2601.154923071574,,,,,,,,,,,,,,,,,8.0,15561.403508771931
2880.0,-37.20196917400818,3.7499452867227685,34.625105119217146,23.04938662508505,4.949351324040572,-32.98472514958709,-46.22977143209425,0.8202241482780789,-6.318529997555004,-6.318529997541575,37.61574561358948,37664.15831981685,20741.059085584544,20741.059085584544,58405.217405401396,73900.09374228772,74234.69962553597,20741.059085584544,94975.75871112052,94975.75871112052,94975.75871112052,119726.8029214518,119726.8029214518,0.0,0.0,90758.78378844981,54882.6180161124,39862.40641370824,24751.044210331274,64613.45062403951,18727.159656525837,1450.0,0.0,0.888862805403867,2.7472604741345976,0.0014957518510113484,1.0,1.0,-6.318529997555004,336793.3734521923,1454272.4620244517,4.317996067196629,1454272.4620244517,4.317996067196629,0.7566209933360701,0.08827064396298216,4.062989703281963,101325.0,128351.07116782667,1.2667265844345095,1.0,0.0,4.062989703281963,1.288169004013471,1.2883079090379244,3.1540812506923777,6683.119690841834,15561.403508771931,6436.845275051281,0.0002789821237980219,22337.931035153135,2277.835044092849,19240.161280814085,1961.9504398356305,0.8613224407639142,0.8613224407639142,35837.93501703687,32395.05729023726,1.134567350391844,0.8,4743.6068149182875,4287.898129693729,1.134567350391844,0.8,17904.69674963203,17904.69674963203,1.0,0.8,3099.015535412006,3099.015535412006,6.692789645156483,3.7499452867227685,-2.146588923820101,5.896534210542869,3.5,3.5,1.0,0.6,0.00010782575334355193,1.0,0.00010782575334355193,205.03541398642918,0.0,0.0,0.0,0.02533665427321852,3.821983333132586e-05,6.960592001222608e-05,0.0002828081362971425,0.088322818927081,0.088322818927081,0.088322818927081,0.0882695417810562,0.0,0.0,0.0,0.0,0.0,0.0,1.0,1.0,0.0,1.0,1.0,524373.1540845761,583.4393485165349,0.0,0.088322818927081,0.08827064396298218,0.08827064396298215,0.375,0.375,0.5,1e-10,-1.3415046851150692e-11,-1.3415046851150692e-11,-1.3415046851150692e-11,-1.3415046851150692e-11,-1.3415046851150692e-11,-1.3415046851150692e-11,24751.044210331274,18727.159656525837,0.7566209933360701,0.9448541046148324,3.8237236386321154,0.9039173243546238,0.5829151354099614,37569.03399132045,20600.0,0.0,0.0,0.0,0.0,0.0,0.0,0.0,0.0,0.0,0.0,0.0,0.0,0.0,0.0,0.0,0.0,0.0,0.0,0.0,0.0,37569.03399132045,20600.0,1.0,0.0,0.0,6.0,0.9,152975.75209065224,25495.958681775373,257.0237604081419,257.0237604081419,-16.126239591858052,238.05579954663438,275.9917234300195,154903.8362858738,154906.19323855385,-2.3569526800348015,0.0,nan,275.9917234300195,2.841723430019499,268.40453897677173,-4.745461023228245,260.81735230419696,-12.332647695803018,253.23016626332878,-19.919833736671194,245.6429819279003,-27.50701807209967,238.05579954663438,-35.0942004533656,1.0,1.0,25762.5980482374,25762.5980482374,275.48777402137387,2.337774021373889,275.48777402137387,275.48777402137387,74217.63264568067,74234.69962553597,-17.066979855298996,0.0,8575.796259387458,8575.796259387458,0.8775692548128057,4083.304651798373,275.48777402137387,2.337774021373889,1.0,0.002,1.3553018421363365,1e-10,0.0020942889292048746,3.639989741114561e-11,1.0,1.0471444646024373,0.06101830442896272,9.428896560477202e-05,0.9999874993539218,0.9999874993539218,0.0,0.0882695405229029,1.1034400792726708e-06,0.0,0.0,0.0,1600350.0700779404,266.831470002445,0.0,1.0,1283760.6173084772,2601.154923071574,,,,,,,,,,,,,,,,,8.0,15561.403508771931
2910.0,-37.20196917400818,3.7499452867227685,34.625105119217146,23.04938662508505,4.949351324040572,-32.98472514958709,-46.22977143209425,0.8202241482780789,-6.318529997555004,-6.318529997541575,37.61574561358948,37664.15831981685,20741.059085584544,20741.059085584544,58405.217405401396,73900.09374228772,74234.69962553597,20741.059085584544,94975.75871112052,94975.75871112052,94975.75871112052,119726.8029214518,119726.8029214518,0.0,0.0,90758.78378844981,54882.6180161124,39862.40641370824,24751.044210331274,64613.45062403951,18727.159656525837,1450.0,0.0,0.888862805403867,2.7472604741345976,0.0014957518510113484,1.0,1.0,-6.318529997555004,336793.3734521923,1454272.4620244517,4.317996067196629,1454272.4620244517,4.317996067196629,0.7566209933360701,0.08827064396298216,4.062989703281963,101325.0,128351.07116782667,1.2667265844345095,1.0,0.0,4.062989703281963,1.288169004013471,1.2883079090379244,3.1540812506923777,6683.119690841834,15561.403508771931,6436.845275051281,0.0002789821237980219,22337.931035153135,2277.835044092849,19240.161280814085,1961.9504398356305,0.8613224407639142,0.8613224407639142,35837.93501703687,32395.05729023726,1.134567350391844,0.8,4743.6068149182875,4287.898129693729,1.134567350391844,0.8,17904.69674963203,17904.69674963203,1.0,0.8,3099.015535412006,3099.015535412006,6.692789645156483,3.7499452867227685,-2.146588923820101,5.896534210542869,3.5,3.5,1.0,0.6,0.00010782575334355193,1.0,0.00010782575334355193,205.03541398642918,0.0,0.0,0.0,0.02533665427321852,3.821983333132586e-05,6.960592001222608e-05,0.0002828081362971425,0.088322818927081,0.088322818927081,0.088322818927081,0.0882695417810562,0.0,0.0,0.0,0.0,0.0,0.0,1.0,1.0,0.0,1.0,1.0,524373.1540845761,583.4393485165349,0.0,0.088322818927081,0.08827064396298218,0.08827064396298215,0.375,0.375,0.5,1e-10,-1.3415046851150692e-11,-1.3415046851150692e-11,-1.3415046851150692e-11,-1.3415046851150692e-11,-1.3415046851150692e-11,-1.3415046851150692e-11,24751.044210331274,18727.159656525837,0.7566209933360701,0.9448541046148324,3.8237236386321154,0.9039173243546238,0.5829151354099614,37569.03399132045,20600.0,0.0,0.0,0.0,0.0,0.0,0.0,0.0,0.0,0.0,0.0,0.0,0.0,0.0,0.0,0.0,0.0,0.0,0.0,0.0,0.0,37569.03399132045,20600.0,1.0,0.0,0.0,6.0,0.9,152975.75209065224,25495.958681775373,257.0237604081419,257.0237604081419,-16.126239591858052,238.05579954663438,275.9917234300195,154903.8362858738,154906.19323855385,-2.3569526800348015,0.0,nan,275.9917234300195,2.841723430019499,268.40453897677173,-4.745461023228245,260.81735230419696,-12.332647695803018,253.23016626332878,-19.919833736671194,245.6429819279003,-27.50701807209967,238.05579954663438,-35.0942004533656,1.0,1.0,25762.5980482374,25762.5980482374,275.48777402137387,2.337774021373889,275.48777402137387,275.48777402137387,74217.63264568067,74234.69962553597,-17.066979855298996,0.0,8575.796259387458,8575.796259387458,0.8775692548128057,4083.304651798373,275.48777402137387,2.337774021373889,1.0,0.002,1.3553018421363365,1e-10,0.0020942889292048746,3.639989741114561e-11,1.0,1.0471444646024373,0.06101830442896272,9.428896560477202e-05,0.9999874993539218,0.9999874993539218,0.0,0.0882695405229029,1.1034400792726708e-06,0.0,0.0,0.0,1600350.0700779404,266.831470002445,0.0,1.0,1283760.6173084772,2601.154923071574,,,,,,,,,,,,,,,,,8.0,15561.403508771931
2940.0,-37.20196917400818,3.7499452867227685,34.625105119217146,23.04938662508505,4.949351324040572,-32.98472514958709,-46.22977143209425,0.8202241482780789,-6.318529997555004,-6.318529997541575,37.61574561358948,37664.15831981685,20741.059085584544,20741.059085584544,58405.217405401396,73900.09374228772,74234.69962553597,20741.059085584544,94975.75871112052,94975.75871112052,94975.75871112052,119726.8029214518,119726.8029214518,0.0,0.0,90758.78378844981,54882.6180161124,39862.40641370824,24751.044210331274,64613.45062403951,18727.159656525837,1450.0,0.0,0.888862805403867,2.7472604741345976,0.0014957518510113484,1.0,1.0,-6.318529997555004,336793.3734521923,1454272.4620244517,4.317996067196629,1454272.4620244517,4.317996067196629,0.7566209933360701,0.08827064396298216,4.062989703281963,101325.0,128351.07116782667,1.2667265844345095,1.0,0.0,4.062989703281963,1.288169004013471,1.2883079090379244,3.1540812506923777,6683.119690841834,15561.403508771931,6436.845275051281,0.0002789821237980219,22337.931035153135,2277.835044092849,19240.161280814085,1961.9504398356305,0.8613224407639142,0.8613224407639142,35837.93501703687,32395.05729023726,1.134567350391844,0.8,4743.6068149182875,4287.898129693729,1.134567350391844,0.8,17904.69674963203,17904.69674963203,1.0,0.8,3099.015535412006,3099.015535412006,6.692789645156483,3.7499452867227685,-2.146588923820101,5.896534210542869,3.5,3.5,1.0,0.6,0.00010782575334355193,1.0,0.00010782575334355193,205.03541398642918,0.0,0.0,0.0,0.02533665427321852,3.821983333132586e-05,6.960592001222608e-05,0.0002828081362971425,0.088322818927081,0.088322818927081,0.088322818927081,0.0882695417810562,0.0,0.0,0.0,0.0,0.0,0.0,1.0,1.0,0.0,1.0,1.0,524373.1540845761,583.4393485165349,0.0,0.088322818927081,0.08827064396298218,0.08827064396298215,0.375,0.375,0.5,1e-10,-1.3415046851150692e-11,-1.3415046851150692e-11,-1.3415046851150692e-11,-1.3415046851150692e-11,-1.3415046851150692e-11,-1.3415046851150692e-11,24751.044210331274,18727.159656525837,0.7566209933360701,0.9448541046148324,3.8237236386321154,0.9039173243546238,0.5829151354099614,37569.03399132045,20600.0,0.0,0.0,0.0,0.0,0.0,0.0,0.0,0.0,0.0,0.0,0.0,0.0,0.0,0.0,0.0,0.0,0.0,0.0,0.0,0.0,37569.03399132045,20600.0,1.0,0.0,0.0,6.0,0.9,152975.75209065224,25495.958681775373,257.0237604081419,257.0237604081419,-16.126239591858052,238.05579954663438,275.9917234300195,154903.8362858738,154906.19323855385,-2.3569526800348015,0.0,nan,275.9917234300195,2.841723430019499,268.40453897677173,-4.745461023228245,260.81735230419696,-12.332647695803018,253.23016626332878,-19.919833736671194,245.6429819279003,-27.50701807209967,238.05579954663438,-35.0942004533656,1.0,1.0,25762.5980482374,25762.5980482374,275.48777402137387,2.337774021373889,275.48777402137387,275.48777402137387,74217.63264568067,74234.69962553597,-17.066979855298996,0.0,8575.796259387458,8575.796259387458,0.8775692548128057,4083.304651798373,275.48777402137387,2.337774021373889,1.0,0.002,1.3553018421363365,1e-10,0.0020942889292048746,3.639989741114561e-11,1.0,1.0471444646024373,0.06101830442896272,9.428896560477202e-05,0.9999874993539218,0.9999874993539218,0.0,0.0882695405229029,1.1034400792726708e-06,0.0,0.0,0.0,1600350.0700779404,266.831470002445,0.0,1.0,1283760.6173084772,2601.154923071574,,,,,,,,,,,,,,,,,8.0,15561.403508771931
2970.0,-37.20196917400818,3.7499452867227685,34.625105119217146,23.04938662508505,4.949351324040572,-32.98472514958709,-46.22977143209425,0.8202241482780789,-6.318529997555004,-6.318529997541575,37.61574561358948,37664.15831981685,20741.059085584544,20741.059085584544,58405.217405401396,73900.09374228772,74234.69962553597,20741.059085584544,94975.75871112052,94975.75871112052,94975.75871112052,119726.8029214518,119726.8029214518,0.0,0.0,90758.78378844981,54882.6180161124,39862.40641370824,24751.044210331274,64613.45062403951,18727.159656525837,1450.0,0.0,0.888862805403867,2.7472604741345976,0.0014957518510113484,1.0,1.0,-6.318529997555004,336793.3734521923,1454272.4620244517,4.317996067196629,1454272.4620244517,4.317996067196629,0.7566209933360701,0.08827064396298216,4.062989703281963,101325.0,128351.07116782667,1.2667265844345095,1.0,0.0,4.062989703281963,1.288169004013471,1.2883079090379244,3.1540812506923777,6683.119690841834,15561.403508771931,6436.845275051281,0.0002789821237980219,22337.931035153135,2277.835044092849,19240.161280814085,1961.9504398356305,0.8613224407639142,0.8613224407639142,35837.93501703687,32395.05729023726,1.134567350391844,0.8,4743.6068149182875,4287.898129693729,1.134567350391844,0.8,17904.69674963203,17904.69674963203,1.0,0.8,3099.015535412006,3099.015535412006,6.692789645156483,3.7499452867227685,-2.146588923820101,5.896534210542869,3.5,3.5,1.0,0.6,0.00010782575334355193,1.0,0.00010782575334355193,205.03541398642918,0.0,0.0,0.0,0.02533665427321852,3.821983333132586e-05,6.960592001222608e-05,0.0002828081362971425,0.088322818927081,0.088322818927081,0.088322818927081,0.0882695417810562,0.0,0.0,0.0,0.0,0.0,0.0,1.0,1.0,0.0,1.0,1.0,524373.1540845761,583.4393485165349,0.0,0.088322818927081,0.08827064396298218,0.08827064396298215,0.375,0.375,0.5,1e-10,-1.3415046851150692e-11,-1.3415046851150692e-11,-1.3415046851150692e-11,-1.3415046851150692e-11,-1.3415046851150692e-11,-1.3415046851150692e-11,24751.044210331274,18727.159656525837,0.7566209933360701,0.9448541046148324,3.8237236386321154,0.9039173243546238,0.5829151354099614,37569.03399132045,20600.0,0.0,0.0,0.0,0.0,0.0,0.0,0.0,0.0,0.0,0.0,0.0,0.0,0.0,0.0,0.0,0.0,0.0,0.0,0.0,0.0,37569.03399132045,20600.0,1.0,0.0,0.0,6.0,0.9,152975.75209065224,25495.958681775373,257.0237604081419,257.0237604081419,-16.126239591858052,238.05579954663438,275.9917234300195,154903.8362858738,154906.19323855385,-2.3569526800348015,0.0,nan,275.9917234300195,2.841723430019499,268.40453897677173,-4.745461023228245,260.81735230419696,-12.332647695803018,253.23016626332878,-19.919833736671194,245.6429819279003,-27.50701807209967,238.05579954663438,-35.0942004533656,1.0,1.0,25762.5980482374,25762.5980482374,275.48777402137387,2.337774021373889,275.48777402137387,275.48777402137387,74217.63264568067,74234.69962553597,-17.066979855298996,0.0,8575.796259387458,8575.796259387458,0.8775692548128057,4083.304651798373,275.48777402137387,2.337774021373889,1.0,0.002,1.3553018421363365,1e-10,0.0020942889292048746,3.639989741114561e-11,1.0,1.0471444646024373,0.06101830442896272,9.428896560477202e-05,0.9999874993539218,0.9999874993539218,0.0,0.0882695405229029,1.1034400792726708e-06,0.0,0.0,0.0,1600350.0700779404,266.831470002445,0.0,1.0,1283760.6173084772,2601.154923071574,,,,,,,,,,,,,,,,,8.0,15561.403508771931
3000.0,-37.20196917400818,3.7499452867227685,34.625105119217146,23.04938662508505,4.949351324040572,-32.98472514958709,-46.22977143209425,0.8202241482780789,-6.318529997555004,-6.318529997541575,37.61574561358948,37664.15831981685,20741.059085584544,20741.059085584544,58405.217405401396,73900.09374228772,74234.69962553597,20741.059085584544,94975.75871112052,94975.75871112052,94975.75871112052,119726.8029214518,119726.8029214518,0.0,0.0,90758.78378844981,54882.6180161124,39862.40641370824,24751.044210331274,64613.45062403951,18727.159656525837,1450.0,0.0,0.888862805403867,2.7472604741345976,0.0014957518510113484,1.0,1.0,-6.318529997555004,336793.3734521923,1454272.4620244517,4.317996067196629,1454272.4620244517,4.317996067196629,0.7566209933360701,0.08827064396298216,4.062989703281963,101325.0,128351.07116782667,1.2667265844345095,1.0,0.0,4.062989703281963,1.288169004013471,1.2883079090379244,3.1540812506923777,6683.119690841834,15561.403508771931,6436.845275051281,0.0002789821237980219,22337.931035153135,2277.835044092849,19240.161280814085,1961.9504398356305,0.8613224407639142,0.8613224407639142,35837.93501703687,32395.05729023726,1.134567350391844,0.8,4743.6068149182875,4287.898129693729,1.134567350391844,0.8,17904.69674963203,17904.69674963203,1.0,0.8,3099.015535412006,3099.015535412006,6.692789645156483,3.7499452867227685,-2.146588923820101,5.896534210542869,3.5,3.5,1.0,0.6,0.00010782575334355193,1.0,0.00010782575334355193,205.03541398642918,0.0,0.0,0.0,0.02533665427321852,3.821983333132586e-05,6.960592001222608e-05,0.0002828081362971425,0.088322818927081,0.088322818927081,0.088322818927081,0.0882695417810562,0.0,0.0,0.0,0.0,0.0,0.0,1.0,1.0,0.0,1.0,1.0,524373.1540845761,583.4393485165349,0.0,0.088322818927081,0.08827064396298218,0.08827064396298215,0.375,0.375,0.5,1e-10,-1.3415046851150692e-11,-1.3415046851150692e-11,-1.3415046851150692e-11,-1.3415046851150692e-11,-1.3415046851150692e-11,-1.3415046851150692e-11,24751.044210331274,18727.159656525837,0.7566209933360701,0.9448541046148324,3.8237236386321154,0.9039173243546238,0.5829151354099614,37569.03399132045,20600.0,0.0,0.0,0.0,0.0,0.0,0.0,0.0,0.0,0.0,0.0,0.0,0.0,0.0,0.0,0.0,0.0,0.0,0.0,0.0,0.0,37569.03399132045,20600.0,1.0,0.0,0.0,6.0,0.9,152975.75209065224,25495.958681775373,257.0237604081419,257.0237604081419,-16.126239591858052,238.05579954663438,275.9917234300195,154903.8362858738,154906.19323855385,-2.3569526800348015,0.0,nan,275.9917234300195,2.841723430019499,268.40453897677173,-4.745461023228245,260.81735230419696,-12.332647695803018,253.23016626332878,-19.919833736671194,245.6429819279003,-27.50701807209967,238.05579954663438,-35.0942004533656,1.0,1.0,25762.5980482374,25762.5980482374,275.48777402137387,2.337774021373889,275.48777402137387,275.48777402137387,74217.63264568067,74234.69962553597,-17.066979855298996,0.0,8575.796259387458,8575.796259387458,0.8775692548128057,4083.304651798373,275.48777402137387,2.337774021373889,1.0,0.002,1.3553018421363365,1e-10,0.0020942889292048746,3.639989741114561e-11,1.0,1.0471444646024373,0.06101830442896272,9.428896560477202e-05,0.9999874993539218,0.9999874993539218,0.0,0.0882695405229029,1.1034400792726708e-06,0.0,0.0,0.0,1600350.0700779404,266.831470002445,0.0,1.0,1283760.6173084772,2601.154923071574,,,,,,,,,,,,,,,,,8.0,15561.403508771931
3030.0,-37.20196917400818,3.7499452867227685,34.625105119217146,23.04938662508505,4.949351324040572,-32.98472514958709,-46.22977143209425,0.8202241482780789,-6.318529997555004,-6.318529997541575,37.61574561358948,37664.15831981685,20741.059085584544,20741.059085584544,58405.217405401396,73900.09374228772,74234.69962553597,20741.059085584544,94975.75871112052,94975.75871112052,94975.75871112052,119726.8029214518,119726.8029214518,0.0,0.0,90758.78378844981,54882.6180161124,39862.40641370824,24751.044210331274,64613.45062403951,18727.159656525837,1450.0,0.0,0.888862805403867,2.7472604741345976,0.0014957518510113484,1.0,1.0,-6.318529997555004,336793.3734521923,1454272.4620244517,4.317996067196629,1454272.4620244517,4.317996067196629,0.7566209933360701,0.08827064396298216,4.062989703281963,101325.0,128351.07116782667,1.2667265844345095,1.0,0.0,4.062989703281963,1.288169004013471,1.2883079090379244,3.1540812506923777,6683.119690841834,15561.403508771931,6436.845275051281,0.0002789821237980219,22337.931035153135,2277.835044092849,19240.161280814085,1961.9504398356305,0.8613224407639142,0.8613224407639142,35837.93501703687,32395.05729023726,1.134567350391844,0.8,4743.6068149182875,4287.898129693729,1.134567350391844,0.8,17904.69674963203,17904.69674963203,1.0,0.8,3099.015535412006,3099.015535412006,6.692789645156483,3.7499452867227685,-2.146588923820101,5.896534210542869,3.5,3.5,1.0,0.6,0.00010782575334355193,1.0,0.00010782575334355193,205.03541398642918,0.0,0.0,0.0,0.02533665427321852,3.821983333132586e-05,6.960592001222608e-05,0.0002828081362971425,0.088322818927081,0.088322818927081,0.088322818927081,0.0882695417810562,0.0,0.0,0.0,0.0,0.0,0.0,1.0,1.0,0.0,1.0,1.0,524373.1540845761,583.4393485165349,0.0,0.088322818927081,0.08827064396298218,0.08827064396298215,0.375,0.375,0.5,1e-10,-1.3415046851150692e-11,-1.3415046851150692e-11,-1.3415046851150692e-11,-1.3415046851150692e-11,-1.3415046851150692e-11,-1.3415046851150692e-11,24751.044210331274,18727.159656525837,0.7566209933360701,0.9448541046148324,3.8237236386321154,0.9039173243546238,0.5829151354099614,37569.03399132045,20600.0,0.0,0.0,0.0,0.0,0.0,0.0,0.0,0.0,0.0,0.0,0.0,0.0,0.0,0.0,0.0,0.0,0.0,0.0,0.0,0.0,37569.03399132045,20600.0,1.0,0.0,0.0,6.0,0.9,152975.75209065224,25495.958681775373,257.0237604081419,257.0237604081419,-16.126239591858052,238.05579954663438,275.9917234300195,154903.8362858738,154906.19323855385,-2.3569526800348015,0.0,nan,275.9917234300195,2.841723430019499,268.40453897677173,-4.745461023228245,260.81735230419696,-12.332647695803018,253.23016626332878,-19.919833736671194,245.6429819279003,-27.50701807209967,238.05579954663438,-35.0942004533656,1.0,1.0,25762.5980482374,25762.5980482374,275.48777402137387,2.337774021373889,275.48777402137387,275.48777402137387,74217.63264568067,74234.69962553597,-17.066979855298996,0.0,8575.796259387458,8575.796259387458,0.8775692548128057,4083.304651798373,275.48777402137387,2.337774021373889,1.0,0.002,1.3553018421363365,1e-10,0.0020942889292048746,3.639989741114561e-11,1.0,1.0471444646024373,0.06101830442896272,9.428896560477202e-05,0.9999874993539218,0.9999874993539218,0.0,0.0882695405229029,1.1034400792726708e-06,0.0,0.0,0.0,1600350.0700779404,266.831470002445,0.0,1.0,1283760.6173084772,2601.154923071574,,,,,,,,,,,,,,,,,8.0,15561.403508771931
3060.0,-37.20196917400818,3.7499452867227685,34.625105119217146,23.04938662508505,4.949351324040572,-32.98472514958709,-46.22977143209425,0.8202241482780789,-6.318529997555004,-6.318529997541575,37.61574561358948,37664.15831981685,20741.059085584544,20741.059085584544,58405.217405401396,73900.09374228772,74234.69962553597,20741.059085584544,94975.75871112052,94975.75871112052,94975.75871112052,119726.8029214518,119726.8029214518,0.0,0.0,90758.78378844981,54882.6180161124,39862.40641370824,24751.044210331274,64613.45062403951,18727.159656525837,1450.0,0.0,0.888862805403867,2.7472604741345976,0.0014957518510113484,1.0,1.0,-6.318529997555004,336793.3734521923,1454272.4620244517,4.317996067196629,1454272.4620244517,4.317996067196629,0.7566209933360701,0.08827064396298216,4.062989703281963,101325.0,128351.07116782667,1.2667265844345095,1.0,0.0,4.062989703281963,1.288169004013471,1.2883079090379244,3.1540812506923777,6683.119690841834,15561.403508771931,6436.845275051281,0.0002789821237980219,22337.931035153135,2277.835044092849,19240.161280814085,1961.9504398356305,0.8613224407639142,0.8613224407639142,35837.93501703687,32395.05729023726,1.134567350391844,0.8,4743.6068149182875,4287.898129693729,1.134567350391844,0.8,17904.69674963203,17904.69674963203,1.0,0.8,3099.015535412006,3099.015535412006,6.692789645156483,3.7499452867227685,-2.146588923820101,5.896534210542869,3.5,3.5,1.0,0.6,0.00010782575334355193,1.0,0.00010782575334355193,205.03541398642918,0.0,0.0,0.0,0.02533665427321852,3.821983333132586e-05,6.960592001222608e-05,0.0002828081362971425,0.088322818927081,0.088322818927081,0.088322818927081,0.0882695417810562,0.0,0.0,0.0,0.0,0.0,0.0,1.0,1.0,0.0,1.0,1.0,524373.1540845761,583.4393485165349,0.0,0.088322818927081,0.08827064396298218,0.08827064396298215,0.375,0.375,0.5,1e-10,-1.3415046851150692e-11,-1.3415046851150692e-11,-1.3415046851150692e-11,-1.3415046851150692e-11,-1.3415046851150692e-11,-1.3415046851150692e-11,24751.044210331274,18727.159656525837,0.7566209933360701,0.9448541046148324,3.8237236386321154,0.9039173243546238,0.5829151354099614,37569.03399132045,20600.0,0.0,0.0,0.0,0.0,0.0,0.0,0.0,0.0,0.0,0.0,0.0,0.0,0.0,0.0,0.0,0.0,0.0,0.0,0.0,0.0,37569.03399132045,20600.0,1.0,0.0,0.0,6.0,0.9,152975.75209065224,25495.958681775373,257.0237604081419,257.0237604081419,-16.126239591858052,238.05579954663438,275.9917234300195,154903.8362858738,154906.19323855385,-2.3569526800348015,0.0,nan,275.9917234300195,2.841723430019499,268.40453897677173,-4.745461023228245,260.81735230419696,-12.332647695803018,253.23016626332878,-19.919833736671194,245.6429819279003,-27.50701807209967,238.05579954663438,-35.0942004533656,1.0,1.0,25762.5980482374,25762.5980482374,275.48777402137387,2.337774021373889,275.48777402137387,275.48777402137387,74217.63264568067,74234.69962553597,-17.066979855298996,0.0,8575.796259387458,8575.796259387458,0.8775692548128057,4083.304651798373,275.48777402137387,2.337774021373889,1.0,0.002,1.3553018421363365,1e-10,0.0020942889292048746,3.639989741114561e-11,1.0,1.0471444646024373,0.06101830442896272,9.428896560477202e-05,0.9999874993539218,0.9999874993539218,0.0,0.0882695405229029,1.1034400792726708e-06,0.0,0.0,0.0,1600350.0700779404,266.831470002445,0.0,1.0,1283760.6173084772,2601.154923071574,,,,,,,,,,,,,,,,,8.0,15561.403508771931
3090.0,-37.20196917400818,3.7499452867227685,34.625105119217146,23.04938662508505,4.949351324040572,-32.98472514958709,-46.22977143209425,0.8202241482780789,-6.318529997555004,-6.318529997541575,37.61574561358948,37664.15831981685,20741.059085584544,20741.059085584544,58405.217405401396,73900.09374228772,74234.69962553597,20741.059085584544,94975.75871112052,94975.75871112052,94975.75871112052,119726.8029214518,119726.8029214518,0.0,0.0,90758.78378844981,54882.6180161124,39862.40641370824,24751.044210331274,64613.45062403951,18727.159656525837,1450.0,0.0,0.888862805403867,2.7472604741345976,0.0014957518510113484,1.0,1.0,-6.318529997555004,336793.3734521923,1454272.4620244517,4.317996067196629,1454272.4620244517,4.317996067196629,0.7566209933360701,0.08827064396298216,4.062989703281963,101325.0,128351.07116782667,1.2667265844345095,1.0,0.0,4.062989703281963,1.288169004013471,1.2883079090379244,3.1540812506923777,6683.119690841834,15561.403508771931,6436.845275051281,0.0002789821237980219,22337.931035153135,2277.835044092849,19240.161280814085,1961.9504398356305,0.8613224407639142,0.8613224407639142,35837.93501703687,32395.05729023726,1.134567350391844,0.8,4743.6068149182875,4287.898129693729,1.134567350391844,0.8,17904.69674963203,17904.69674963203,1.0,0.8,3099.015535412006,3099.015535412006,6.692789645156483,3.7499452867227685,-2.146588923820101,5.896534210542869,3.5,3.5,1.0,0.6,0.00010782575334355193,1.0,0.00010782575334355193,205.03541398642918,0.0,0.0,0.0,0.02533665427321852,3.821983333132586e-05,6.960592001222608e-05,0.0002828081362971425,0.088322818927081,0.088322818927081,0.088322818927081,0.0882695417810562,0.0,0.0,0.0,0.0,0.0,0.0,1.0,1.0,0.0,1.0,1.0,524373.1540845761,583.4393485165349,0.0,0.088322818927081,0.08827064396298218,0.08827064396298215,0.375,0.375,0.5,1e-10,-1.3415046851150692e-11,-1.3415046851150692e-11,-1.3415046851150692e-11,-1.3415046851150692e-11,-1.3415046851150692e-11,-1.3415046851150692e-11,24751.044210331274,18727.159656525837,0.7566209933360701,0.9448541046148324,3.8237236386321154,0.9039173243546238,0.5829151354099614,37569.03399132045,20600.0,0.0,0.0,0.0,0.0,0.0,0.0,0.0,0.0,0.0,0.0,0.0,0.0,0.0,0.0,0.0,0.0,0.0,0.0,0.0,0.0,37569.03399132045,20600.0,1.0,0.0,0.0,6.0,0.9,152975.75209065224,25495.958681775373,257.0237604081419,257.0237604081419,-16.126239591858052,238.05579954663438,275.9917234300195,154903.8362858738,154906.19323855385,-2.3569526800348015,0.0,nan,275.9917234300195,2.841723430019499,268.40453897677173,-4.745461023228245,260.81735230419696,-12.332647695803018,253.23016626332878,-19.919833736671194,245.6429819279003,-27.50701807209967,238.05579954663438,-35.0942004533656,1.0,1.0,25762.5980482374,25762.5980482374,275.48777402137387,2.337774021373889,275.48777402137387,275.48777402137387,74217.63264568067,74234.69962553597,-17.066979855298996,0.0,8575.796259387458,8575.796259387458,0.8775692548128057,4083.304651798373,275.48777402137387,2.337774021373889,1.0,0.002,1.3553018421363365,1e-10,0.0020942889292048746,3.639989741114561e-11,1.0,1.0471444646024373,0.06101830442896272,9.428896560477202e-05,0.9999874993539218,0.9999874993539218,0.0,0.0882695405229029,1.1034400792726708e-06,0.0,0.0,0.0,1600350.0700779404,266.831470002445,0.0,1.0,1283760.6173084772,2601.154923071574,,,,,,,,,,,,,,,,,8.0,15561.403508771931
3120.0,-37.20196917400818,3.7499452867227685,34.625105119217146,23.04938662508505,4.949351324040572,-32.98472514958709,-46.22977143209425,0.8202241482780789,-6.318529997555004,-6.318529997541575,37.61574561358948,37664.15831981685,20741.059085584544,20741.059085584544,58405.217405401396,73900.09374228772,74234.69962553597,20741.059085584544,94975.75871112052,94975.75871112052,94975.75871112052,119726.8029214518,119726.8029214518,0.0,0.0,90758.78378844981,54882.6180161124,39862.40641370824,24751.044210331274,64613.45062403951,18727.159656525837,1450.0,0.0,0.888862805403867,2.7472604741345976,0.0014957518510113484,1.0,1.0,-6.318529997555004,336793.3734521923,1454272.4620244517,4.317996067196629,1454272.4620244517,4.317996067196629,0.7566209933360701,0.08827064396298216,4.062989703281963,101325.0,128351.07116782667,1.2667265844345095,1.0,0.0,4.062989703281963,1.288169004013471,1.2883079090379244,3.1540812506923777,6683.119690841834,15561.403508771931,6436.845275051281,0.0002789821237980219,22337.931035153135,2277.835044092849,19240.161280814085,1961.9504398356305,0.8613224407639142,0.8613224407639142,35837.93501703687,32395.05729023726,1.134567350391844,0.8,4743.6068149182875,4287.898129693729,1.134567350391844,0.8,17904.69674963203,17904.69674963203,1.0,0.8,3099.015535412006,3099.015535412006,6.692789645156483,3.7499452867227685,-2.146588923820101,5.896534210542869,3.5,3.5,1.0,0.6,0.00010782575334355193,1.0,0.00010782575334355193,205.03541398642918,0.0,0.0,0.0,0.02533665427321852,3.821983333132586e-05,6.960592001222608e-05,0.0002828081362971425,0.088322818927081,0.088322818927081,0.088322818927081,0.0882695417810562,0.0,0.0,0.0,0.0,0.0,0.0,1.0,1.0,0.0,1.0,1.0,524373.1540845761,583.4393485165349,0.0,0.088322818927081,0.08827064396298218,0.08827064396298215,0.375,0.375,0.5,1e-10,-1.3415046851150692e-11,-1.3415046851150692e-11,-1.3415046851150692e-11,-1.3415046851150692e-11,-1.3415046851150692e-11,-1.3415046851150692e-11,24751.044210331274,18727.159656525837,0.7566209933360701,0.9448541046148324,3.8237236386321154,0.9039173243546238,0.5829151354099614,37569.03399132045,20600.0,0.0,0.0,0.0,0.0,0.0,0.0,0.0,0.0,0.0,0.0,0.0,0.0,0.0,0.0,0.0,0.0,0.0,0.0,0.0,0.0,37569.03399132045,20600.0,1.0,0.0,0.0,6.0,0.9,152975.75209065224,25495.958681775373,257.0237604081419,257.0237604081419,-16.126239591858052,238.05579954663438,275.9917234300195,154903.8362858738,154906.19323855385,-2.3569526800348015,0.0,nan,275.9917234300195,2.841723430019499,268.40453897677173,-4.745461023228245,260.81735230419696,-12.332647695803018,253.23016626332878,-19.919833736671194,245.6429819279003,-27.50701807209967,238.05579954663438,-35.0942004533656,1.0,1.0,25762.5980482374,25762.5980482374,275.48777402137387,2.337774021373889,275.48777402137387,275.48777402137387,74217.63264568067,74234.69962553597,-17.066979855298996,0.0,8575.796259387458,8575.796259387458,0.8775692548128057,4083.304651798373,275.48777402137387,2.337774021373889,1.0,0.002,1.3553018421363365,1e-10,0.0020942889292048746,3.639989741114561e-11,1.0,1.0471444646024373,0.06101830442896272,9.428896560477202e-05,0.9999874993539218,0.9999874993539218,0.0,0.0882695405229029,1.1034400792726708e-06,0.0,0.0,0.0,1600350.0700779404,266.831470002445,0.0,1.0,1283760.6173084772,2601.154923071574,,,,,,,,,,,,,,,,,8.0,15561.403508771931
3150.0,-37.20196917400818,3.7499452867227685,34.625105119217146,23.04938662508505,4.949351324040572,-32.98472514958709,-46.22977143209425,0.8202241482780789,-6.318529997555004,-6.318529997541575,37.61574561358948,37664.15831981685,20741.059085584544,20741.059085584544,58405.217405401396,73900.09374228772,74234.69962553597,20741.059085584544,94975.75871112052,94975.75871112052,94975.75871112052,119726.8029214518,119726.8029214518,0.0,0.0,90758.78378844981,54882.6180161124,39862.40641370824,24751.044210331274,64613.45062403951,18727.159656525837,1450.0,0.0,0.888862805403867,2.7472604741345976,0.0014957518510113484,1.0,1.0,-6.318529997555004,336793.3734521923,1454272.4620244517,4.317996067196629,1454272.4620244517,4.317996067196629,0.7566209933360701,0.08827064396298216,4.062989703281963,101325.0,128351.07116782667,1.2667265844345095,1.0,0.0,4.062989703281963,1.288169004013471,1.2883079090379244,3.1540812506923777,6683.119690841834,15561.403508771931,6436.845275051281,0.0002789821237980219,22337.931035153135,2277.835044092849,19240.161280814085,1961.9504398356305,0.8613224407639142,0.8613224407639142,35837.93501703687,32395.05729023726,1.134567350391844,0.8,4743.6068149182875,4287.898129693729,1.134567350391844,0.8,17904.69674963203,17904.69674963203,1.0,0.8,3099.015535412006,3099.015535412006,6.692789645156483,3.7499452867227685,-2.146588923820101,5.896534210542869,3.5,3.5,1.0,0.6,0.00010782575334355193,1.0,0.00010782575334355193,205.03541398642918,0.0,0.0,0.0,0.02533665427321852,3.821983333132586e-05,6.960592001222608e-05,0.0002828081362971425,0.088322818927081,0.088322818927081,0.088322818927081,0.0882695417810562,0.0,0.0,0.0,0.0,0.0,0.0,1.0,1.0,0.0,1.0,1.0,524373.1540845761,583.4393485165349,0.0,0.088322818927081,0.08827064396298218,0.08827064396298215,0.375,0.375,0.5,1e-10,-1.3415046851150692e-11,-1.3415046851150692e-11,-1.3415046851150692e-11,-1.3415046851150692e-11,-1.3415046851150692e-11,-1.3415046851150692e-11,24751.044210331274,18727.159656525837,0.7566209933360701,0.9448541046148324,3.8237236386321154,0.9039173243546238,0.5829151354099614,37569.03399132045,20600.0,0.0,0.0,0.0,0.0,0.0,0.0,0.0,0.0,0.0,0.0,0.0,0.0,0.0,0.0,0.0,0.0,0.0,0.0,0.0,0.0,37569.03399132045,20600.0,1.0,0.0,0.0,6.0,0.9,152975.75209065224,25495.958681775373,257.0237604081419,257.0237604081419,-16.126239591858052,238.05579954663438,275.9917234300195,154903.8362858738,154906.19323855385,-2.3569526800348015,0.0,nan,275.9917234300195,2.841723430019499,268.40453897677173,-4.745461023228245,260.81735230419696,-12.332647695803018,253.23016626332878,-19.919833736671194,245.6429819279003,-27.50701807209967,238.05579954663438,-35.0942004533656,1.0,1.0,25762.5980482374,25762.5980482374,275.48777402137387,2.337774021373889,275.48777402137387,275.48777402137387,74217.63264568067,74234.69962553597,-17.066979855298996,0.0,8575.796259387458,8575.796259387458,0.8775692548128057,4083.304651798373,275.48777402137387,2.337774021373889,1.0,0.002,1.3553018421363365,1e-10,0.0020942889292048746,3.639989741114561e-11,1.0,1.0471444646024373,0.06101830442896272,9.428896560477202e-05,0.9999874993539218,0.9999874993539218,0.0,0.0882695405229029,1.1034400792726708e-06,0.0,0.0,0.0,1600350.0700779404,266.831470002445,0.0,1.0,1283760.6173084772,2601.154923071574,,,,,,,,,,,,,,,,,8.0,15561.403508771931
3180.0,-37.20196917400818,3.7499452867227685,34.625105119217146,23.04938662508505,4.949351324040572,-32.98472514958709,-46.22977143209425,0.8202241482780789,-6.318529997555004,-6.318529997541575,37.61574561358948,37664.15831981685,20741.059085584544,20741.059085584544,58405.217405401396,73900.09374228772,74234.69962553597,20741.059085584544,94975.75871112052,94975.75871112052,94975.75871112052,119726.8029214518,119726.8029214518,0.0,0.0,90758.78378844981,54882.6180161124,39862.40641370824,24751.044210331274,64613.45062403951,18727.159656525837,1450.0,0.0,0.888862805403867,2.7472604741345976,0.0014957518510113484,1.0,1.0,-6.318529997555004,336793.3734521923,1454272.4620244517,4.317996067196629,1454272.4620244517,4.317996067196629,0.7566209933360701,0.08827064396298216,4.062989703281963,101325.0,128351.07116782667,1.2667265844345095,1.0,0.0,4.062989703281963,1.288169004013471,1.2883079090379244,3.1540812506923777,6683.119690841834,15561.403508771931,6436.845275051281,0.0002789821237980219,22337.931035153135,2277.835044092849,19240.161280814085,1961.9504398356305,0.8613224407639142,0.8613224407639142,35837.93501703687,32395.05729023726,1.134567350391844,0.8,4743.6068149182875,4287.898129693729,1.134567350391844,0.8,17904.69674963203,17904.69674963203,1.0,0.8,3099.015535412006,3099.015535412006,6.692789645156483,3.7499452867227685,-2.146588923820101,5.896534210542869,3.5,3.5,1.0,0.6,0.00010782575334355193,1.0,0.00010782575334355193,205.03541398642918,0.0,0.0,0.0,0.02533665427321852,3.821983333132586e-05,6.960592001222608e-05,0.0002828081362971425,0.088322818927081,0.088322818927081,0.088322818927081,0.0882695417810562,0.0,0.0,0.0,0.0,0.0,0.0,1.0,1.0,0.0,1.0,1.0,524373.1540845761,583.4393485165349,0.0,0.088322818927081,0.08827064396298218,0.08827064396298215,0.375,0.375,0.5,1e-10,-1.3415046851150692e-11,-1.3415046851150692e-11,-1.3415046851150692e-11,-1.3415046851150692e-11,-1.3415046851150692e-11,-1.3415046851150692e-11,24751.044210331274,18727.159656525837,0.7566209933360701,0.9448541046148324,3.8237236386321154,0.9039173243546238,0.5829151354099614,37569.03399132045,20600.0,0.0,0.0,0.0,0.0,0.0,0.0,0.0,0.0,0.0,0.0,0.0,0.0,0.0,0.0,0.0,0.0,0.0,0.0,0.0,0.0,37569.03399132045,20600.0,1.0,0.0,0.0,6.0,0.9,152975.75209065224,25495.958681775373,257.0237604081419,257.0237604081419,-16.126239591858052,238.05579954663438,275.9917234300195,154903.8362858738,154906.19323855385,-2.3569526800348015,0.0,nan,275.9917234300195,2.841723430019499,268.40453897677173,-4.745461023228245,260.81735230419696,-12.332647695803018,253.23016626332878,-19.919833736671194,245.6429819279003,-27.50701807209967,238.05579954663438,-35.0942004533656,1.0,1.0,25762.5980482374,25762.5980482374,275.48777402137387,2.337774021373889,275.48777402137387,275.48777402137387,74217.63264568067,74234.69962553597,-17.066979855298996,0.0,8575.796259387458,8575.796259387458,0.8775692548128057,4083.304651798373,275.48777402137387,2.337774021373889,1.0,0.002,1.3553018421363365,1e-10,0.0020942889292048746,3.639989741114561e-11,1.0,1.0471444646024373,0.06101830442896272,9.428896560477202e-05,0.9999874993539218,0.9999874993539218,0.0,0.0882695405229029,1.1034400792726708e-06,0.0,0.0,0.0,1600350.0700779404,266.831470002445,0.0,1.0,1283760.6173084772,2601.154923071574,,,,,,,,,,,,,,,,,8.0,15561.403508771931
3210.0,-37.20196917400818,3.7499452867227685,34.625105119217146,23.04938662508505,4.949351324040572,-32.98472514958709,-46.22977143209425,0.8202241482780789,-6.318529997555004,-6.318529997541575,37.61574561358948,37664.15831981685,20741.059085584544,20741.059085584544,58405.217405401396,73900.09374228772,74234.69962553597,20741.059085584544,94975.75871112052,94975.75871112052,94975.75871112052,119726.8029214518,119726.8029214518,0.0,0.0,90758.78378844981,54882.6180161124,39862.40641370824,24751.044210331274,64613.45062403951,18727.159656525837,1450.0,0.0,0.888862805403867,2.7472604741345976,0.0014957518510113484,1.0,1.0,-6.318529997555004,336793.3734521923,1454272.4620244517,4.317996067196629,1454272.4620244517,4.317996067196629,0.7566209933360701,0.08827064396298216,4.062989703281963,101325.0,128351.07116782667,1.2667265844345095,1.0,0.0,4.062989703281963,1.288169004013471,1.2883079090379244,3.1540812506923777,6683.119690841834,15561.403508771931,6436.845275051281,0.0002789821237980219,22337.931035153135,2277.835044092849,19240.161280814085,1961.9504398356305,0.8613224407639142,0.8613224407639142,35837.93501703687,32395.05729023726,1.134567350391844,0.8,4743.6068149182875,4287.898129693729,1.134567350391844,0.8,17904.69674963203,17904.69674963203,1.0,0.8,3099.015535412006,3099.015535412006,6.692789645156483,3.7499452867227685,-2.146588923820101,5.896534210542869,3.5,3.5,1.0,0.6,0.00010782575334355193,1.0,0.00010782575334355193,205.03541398642918,0.0,0.0,0.0,0.02533665427321852,3.821983333132586e-05,6.960592001222608e-05,0.0002828081362971425,0.088322818927081,0.088322818927081,0.088322818927081,0.0882695417810562,0.0,0.0,0.0,0.0,0.0,0.0,1.0,1.0,0.0,1.0,1.0,524373.1540845761,583.4393485165349,0.0,0.088322818927081,0.08827064396298218,0.08827064396298215,0.375,0.375,0.5,1e-10,-1.3415046851150692e-11,-1.3415046851150692e-11,-1.3415046851150692e-11,-1.3415046851150692e-11,-1.3415046851150692e-11,-1.3415046851150692e-11,24751.044210331274,18727.159656525837,0.7566209933360701,0.9448541046148324,3.8237236386321154,0.9039173243546238,0.5829151354099614,37569.03399132045,20600.0,0.0,0.0,0.0,0.0,0.0,0.0,0.0,0.0,0.0,0.0,0.0,0.0,0.0,0.0,0.0,0.0,0.0,0.0,0.0,0.0,37569.03399132045,20600.0,1.0,0.0,0.0,6.0,0.9,152975.75209065224,25495.958681775373,257.0237604081419,257.0237604081419,-16.126239591858052,238.05579954663438,275.9917234300195,154903.8362858738,154906.19323855385,-2.3569526800348015,0.0,nan,275.9917234300195,2.841723430019499,268.40453897677173,-4.745461023228245,260.81735230419696,-12.332647695803018,253.23016626332878,-19.919833736671194,245.6429819279003,-27.50701807209967,238.05579954663438,-35.0942004533656,1.0,1.0,25762.5980482374,25762.5980482374,275.48777402137387,2.337774021373889,275.48777402137387,275.48777402137387,74217.63264568067,74234.69962553597,-17.066979855298996,0.0,8575.796259387458,8575.796259387458,0.8775692548128057,4083.304651798373,275.48777402137387,2.337774021373889,1.0,0.002,1.3553018421363365,1e-10,0.0020942889292048746,3.639989741114561e-11,1.0,1.0471444646024373,0.06101830442896272,9.428896560477202e-05,0.9999874993539218,0.9999874993539218,0.0,0.0882695405229029,1.1034400792726708e-06,0.0,0.0,0.0,1600350.0700779404,266.831470002445,0.0,1.0,1283760.6173084772,2601.154923071574,,,,,,,,,,,,,,,,,8.0,15561.403508771931
3240.0,-37.20196917400818,3.7499452867227685,34.625105119217146,23.04938662508505,4.949351324040572,-32.98472514958709,-46.22977143209425,0.8202241482780789,-6.318529997555004,-6.318529997541575,37.61574561358948,37664.15831981685,20741.059085584544,20741.059085584544,58405.217405401396,73900.09374228772,74234.69962553597,20741.059085584544,94975.75871112052,94975.75871112052,94975.75871112052,119726.8029214518,119726.8029214518,0.0,0.0,90758.78378844981,54882.6180161124,39862.40641370824,24751.044210331274,64613.45062403951,18727.159656525837,1450.0,0.0,0.888862805403867,2.7472604741345976,0.0014957518510113484,1.0,1.0,-6.318529997555004,336793.3734521923,1454272.4620244517,4.317996067196629,1454272.4620244517,4.317996067196629,0.7566209933360701,0.08827064396298216,4.062989703281963,101325.0,128351.07116782667,1.2667265844345095,1.0,0.0,4.062989703281963,1.288169004013471,1.2883079090379244,3.1540812506923777,6683.119690841834,15561.403508771931,6436.845275051281,0.0002789821237980219,22337.931035153135,2277.835044092849,19240.161280814085,1961.9504398356305,0.8613224407639142,0.8613224407639142,35837.93501703687,32395.05729023726,1.134567350391844,0.8,4743.6068149182875,4287.898129693729,1.134567350391844,0.8,17904.69674963203,17904.69674963203,1.0,0.8,3099.015535412006,3099.015535412006,6.692789645156483,3.7499452867227685,-2.146588923820101,5.896534210542869,3.5,3.5,1.0,0.6,0.00010782575334355193,1.0,0.00010782575334355193,205.03541398642918,0.0,0.0,0.0,0.02533665427321852,3.821983333132586e-05,6.960592001222608e-05,0.0002828081362971425,0.088322818927081,0.088322818927081,0.088322818927081,0.0882695417810562,0.0,0.0,0.0,0.0,0.0,0.0,1.0,1.0,0.0,1.0,1.0,524373.1540845761,583.4393485165349,0.0,0.088322818927081,0.08827064396298218,0.08827064396298215,0.375,0.375,0.5,1e-10,-1.3415046851150692e-11,-1.3415046851150692e-11,-1.3415046851150692e-11,-1.3415046851150692e-11,-1.3415046851150692e-11,-1.3415046851150692e-11,24751.044210331274,18727.159656525837,0.7566209933360701,0.9448541046148324,3.8237236386321154,0.9039173243546238,0.5829151354099614,37569.03399132045,20600.0,0.0,0.0,0.0,0.0,0.0,0.0,0.0,0.0,0.0,0.0,0.0,0.0,0.0,0.0,0.0,0.0,0.0,0.0,0.0,0.0,37569.03399132045,20600.0,1.0,0.0,0.0,6.0,0.9,152975.75209065224,25495.958681775373,257.0237604081419,257.0237604081419,-16.126239591858052,238.05579954663438,275.9917234300195,154903.8362858738,154906.19323855385,-2.3569526800348015,0.0,nan,275.9917234300195,2.841723430019499,268.40453897677173,-4.745461023228245,260.81735230419696,-12.332647695803018,253.23016626332878,-19.919833736671194,245.6429819279003,-27.50701807209967,238.05579954663438,-35.0942004533656,1.0,1.0,25762.5980482374,25762.5980482374,275.48777402137387,2.337774021373889,275.48777402137387,275.48777402137387,74217.63264568067,74234.69962553597,-17.066979855298996,0.0,8575.796259387458,8575.796259387458,0.8775692548128057,4083.304651798373,275.48777402137387,2.337774021373889,1.0,0.002,1.3553018421363365,1e-10,0.0020942889292048746,3.639989741114561e-11,1.0,1.0471444646024373,0.06101830442896272,9.428896560477202e-05,0.9999874993539218,0.9999874993539218,0.0,0.0882695405229029,1.1034400792726708e-06,0.0,0.0,0.0,1600350.0700779404,266.831470002445,0.0,1.0,1283760.6173084772,2601.154923071574,,,,,,,,,,,,,,,,,8.0,15561.403508771931
3270.0,-37.20196917400818,3.7499452867227685,34.625105119217146,23.04938662508505,4.949351324040572,-32.98472514958709,-46.22977143209425,0.8202241482780789,-6.318529997555004,-6.318529997541575,37.61574561358948,37664.15831981685,20741.059085584544,20741.059085584544,58405.217405401396,73900.09374228772,74234.69962553597,20741.059085584544,94975.75871112052,94975.75871112052,94975.75871112052,119726.8029214518,119726.8029214518,0.0,0.0,90758.78378844981,54882.6180161124,39862.40641370824,24751.044210331274,64613.45062403951,18727.159656525837,1450.0,0.0,0.888862805403867,2.7472604741345976,0.0014957518510113484,1.0,1.0,-6.318529997555004,336793.3734521923,1454272.4620244517,4.317996067196629,1454272.4620244517,4.317996067196629,0.7566209933360701,0.08827064396298216,4.062989703281963,101325.0,128351.07116782667,1.2667265844345095,1.0,0.0,4.062989703281963,1.288169004013471,1.2883079090379244,3.1540812506923777,6683.119690841834,15561.403508771931,6436.845275051281,0.0002789821237980219,22337.931035153135,2277.835044092849,19240.161280814085,1961.9504398356305,0.8613224407639142,0.8613224407639142,35837.93501703687,32395.05729023726,1.134567350391844,0.8,4743.6068149182875,4287.898129693729,1.134567350391844,0.8,17904.69674963203,17904.69674963203,1.0,0.8,3099.015535412006,3099.015535412006,6.692789645156483,3.7499452867227685,-2.146588923820101,5.896534210542869,3.5,3.5,1.0,0.6,0.00010782575334355193,1.0,0.00010782575334355193,205.03541398642918,0.0,0.0,0.0,0.02533665427321852,3.821983333132586e-05,6.960592001222608e-05,0.0002828081362971425,0.088322818927081,0.088322818927081,0.088322818927081,0.0882695417810562,0.0,0.0,0.0,0.0,0.0,0.0,1.0,1.0,0.0,1.0,1.0,524373.1540845761,583.4393485165349,0.0,0.088322818927081,0.08827064396298218,0.08827064396298215,0.375,0.375,0.5,1e-10,-1.3415046851150692e-11,-1.3415046851150692e-11,-1.3415046851150692e-11,-1.3415046851150692e-11,-1.3415046851150692e-11,-1.3415046851150692e-11,24751.044210331274,18727.159656525837,0.7566209933360701,0.9448541046148324,3.8237236386321154,0.9039173243546238,0.5829151354099614,37569.03399132045,20600.0,0.0,0.0,0.0,0.0,0.0,0.0,0.0,0.0,0.0,0.0,0.0,0.0,0.0,0.0,0.0,0.0,0.0,0.0,0.0,0.0,37569.03399132045,20600.0,1.0,0.0,0.0,6.0,0.9,152975.75209065224,25495.958681775373,257.0237604081419,257.0237604081419,-16.126239591858052,238.05579954663438,275.9917234300195,154903.8362858738,154906.19323855385,-2.3569526800348015,0.0,nan,275.9917234300195,2.841723430019499,268.40453897677173,-4.745461023228245,260.81735230419696,-12.332647695803018,253.23016626332878,-19.919833736671194,245.6429819279003,-27.50701807209967,238.05579954663438,-35.0942004533656,1.0,1.0,25762.5980482374,25762.5980482374,275.48777402137387,2.337774021373889,275.48777402137387,275.48777402137387,74217.63264568067,74234.69962553597,-17.066979855298996,0.0,8575.796259387458,8575.796259387458,0.8775692548128057,4083.304651798373,275.48777402137387,2.337774021373889,1.0,0.002,1.3553018421363365,1e-10,0.0020942889292048746,3.639989741114561e-11,1.0,1.0471444646024373,0.06101830442896272,9.428896560477202e-05,0.9999874993539218,0.9999874993539218,0.0,0.0882695405229029,1.1034400792726708e-06,0.0,0.0,0.0,1600350.0700779404,266.831470002445,0.0,1.0,1283760.6173084772,2601.154923071574,,,,,,,,,,,,,,,,,8.0,15561.403508771931
3300.0,-37.20196917400818,3.7499452867227685,34.625105119217146,23.04938662508505,4.949351324040572,-32.98472514958709,-46.22977143209425,0.8202241482780789,-6.318529997555004,-6.318529997541575,37.61574561358948,37664.15831981685,20741.059085584544,20741.059085584544,58405.217405401396,73900.09374228772,74234.69962553597,20741.059085584544,94975.75871112052,94975.75871112052,94975.75871112052,119726.8029214518,119726.8029214518,0.0,0.0,90758.78378844981,54882.6180161124,39862.40641370824,24751.044210331274,64613.45062403951,18727.159656525837,1450.0,0.0,0.888862805403867,2.7472604741345976,0.0014957518510113484,1.0,1.0,-6.318529997555004,336793.3734521923,1454272.4620244517,4.317996067196629,1454272.4620244517,4.317996067196629,0.7566209933360701,0.08827064396298216,4.062989703281963,101325.0,128351.07116782667,1.2667265844345095,1.0,0.0,4.062989703281963,1.288169004013471,1.2883079090379244,3.1540812506923777,6683.119690841834,15561.403508771931,6436.845275051281,0.0002789821237980219,22337.931035153135,2277.835044092849,19240.161280814085,1961.9504398356305,0.8613224407639142,0.8613224407639142,35837.93501703687,32395.05729023726,1.134567350391844,0.8,4743.6068149182875,4287.898129693729,1.134567350391844,0.8,17904.69674963203,17904.69674963203,1.0,0.8,3099.015535412006,3099.015535412006,6.692789645156483,3.7499452867227685,-2.146588923820101,5.896534210542869,3.5,3.5,1.0,0.6,0.00010782575334355193,1.0,0.00010782575334355193,205.03541398642918,0.0,0.0,0.0,0.02533665427321852,3.821983333132586e-05,6.960592001222608e-05,0.0002828081362971425,0.088322818927081,0.088322818927081,0.088322818927081,0.0882695417810562,0.0,0.0,0.0,0.0,0.0,0.0,1.0,1.0,0.0,1.0,1.0,524373.1540845761,583.4393485165349,0.0,0.088322818927081,0.08827064396298218,0.08827064396298215,0.375,0.375,0.5,1e-10,-1.3415046851150692e-11,-1.3415046851150692e-11,-1.3415046851150692e-11,-1.3415046851150692e-11,-1.3415046851150692e-11,-1.3415046851150692e-11,24751.044210331274,18727.159656525837,0.7566209933360701,0.9448541046148324,3.8237236386321154,0.9039173243546238,0.5829151354099614,37569.03399132045,20600.0,0.0,0.0,0.0,0.0,0.0,0.0,0.0,0.0,0.0,0.0,0.0,0.0,0.0,0.0,0.0,0.0,0.0,0.0,0.0,0.0,37569.03399132045,20600.0,1.0,0.0,0.0,6.0,0.9,152975.75209065224,25495.958681775373,257.0237604081419,257.0237604081419,-16.126239591858052,238.05579954663438,275.9917234300195,154903.8362858738,154906.19323855385,-2.3569526800348015,0.0,nan,275.9917234300195,2.841723430019499,268.40453897677173,-4.745461023228245,260.81735230419696,-12.332647695803018,253.23016626332878,-19.919833736671194,245.6429819279003,-27.50701807209967,238.05579954663438,-35.0942004533656,1.0,1.0,25762.5980482374,25762.5980482374,275.48777402137387,2.337774021373889,275.48777402137387,275.48777402137387,74217.63264568067,74234.69962553597,-17.066979855298996,0.0,8575.796259387458,8575.796259387458,0.8775692548128057,4083.304651798373,275.48777402137387,2.337774021373889,1.0,0.002,1.3553018421363365,1e-10,0.0020942889292048746,3.639989741114561e-11,1.0,1.0471444646024373,0.06101830442896272,9.428896560477202e-05,0.9999874993539218,0.9999874993539218,0.0,0.0882695405229029,1.1034400792726708e-06,0.0,0.0,0.0,1600350.0700779404,266.831470002445,0.0,1.0,1283760.6173084772,2601.154923071574,,,,,,,,,,,,,,,,,8.0,15561.403508771931
3330.0,-37.20196917400818,3.7499452867227685,34.625105119217146,23.04938662508505,4.949351324040572,-32.98472514958709,-46.22977143209425,0.8202241482780789,-6.318529997555004,-6.318529997541575,37.61574561358948,37664.15831981685,20741.059085584544,20741.059085584544,58405.217405401396,73900.09374228772,74234.69962553597,20741.059085584544,94975.75871112052,94975.75871112052,94975.75871112052,119726.8029214518,119726.8029214518,0.0,0.0,90758.78378844981,54882.6180161124,39862.40641370824,24751.044210331274,64613.45062403951,18727.159656525837,1450.0,0.0,0.888862805403867,2.7472604741345976,0.0014957518510113484,1.0,1.0,-6.318529997555004,336793.3734521923,1454272.4620244517,4.317996067196629,1454272.4620244517,4.317996067196629,0.7566209933360701,0.08827064396298216,4.062989703281963,101325.0,128351.07116782667,1.2667265844345095,1.0,0.0,4.062989703281963,1.288169004013471,1.2883079090379244,3.1540812506923777,6683.119690841834,15561.403508771931,6436.845275051281,0.0002789821237980219,22337.931035153135,2277.835044092849,19240.161280814085,1961.9504398356305,0.8613224407639142,0.8613224407639142,35837.93501703687,32395.05729023726,1.134567350391844,0.8,4743.6068149182875,4287.898129693729,1.134567350391844,0.8,17904.69674963203,17904.69674963203,1.0,0.8,3099.015535412006,3099.015535412006,6.692789645156483,3.7499452867227685,-2.146588923820101,5.896534210542869,3.5,3.5,1.0,0.6,0.00010782575334355193,1.0,0.00010782575334355193,205.03541398642918,0.0,0.0,0.0,0.02533665427321852,3.821983333132586e-05,6.960592001222608e-05,0.0002828081362971425,0.088322818927081,0.088322818927081,0.088322818927081,0.0882695417810562,0.0,0.0,0.0,0.0,0.0,0.0,1.0,1.0,0.0,1.0,1.0,524373.1540845761,583.4393485165349,0.0,0.088322818927081,0.08827064396298218,0.08827064396298215,0.375,0.375,0.5,1e-10,-1.3415046851150692e-11,-1.3415046851150692e-11,-1.3415046851150692e-11,-1.3415046851150692e-11,-1.3415046851150692e-11,-1.3415046851150692e-11,24751.044210331274,18727.159656525837,0.7566209933360701,0.9448541046148324,3.8237236386321154,0.9039173243546238,0.5829151354099614,37569.03399132045,20600.0,0.0,0.0,0.0,0.0,0.0,0.0,0.0,0.0,0.0,0.0,0.0,0.0,0.0,0.0,0.0,0.0,0.0,0.0,0.0,0.0,37569.03399132045,20600.0,1.0,0.0,0.0,6.0,0.9,152975.75209065224,25495.958681775373,257.0237604081419,257.0237604081419,-16.126239591858052,238.05579954663438,275.9917234300195,154903.8362858738,154906.19323855385,-2.3569526800348015,0.0,nan,275.9917234300195,2.841723430019499,268.40453897677173,-4.745461023228245,260.81735230419696,-12.332647695803018,253.23016626332878,-19.919833736671194,245.6429819279003,-27.50701807209967,238.05579954663438,-35.0942004533656,1.0,1.0,25762.5980482374,25762.5980482374,275.48777402137387,2.337774021373889,275.48777402137387,275.48777402137387,74217.63264568067,74234.69962553597,-17.066979855298996,0.0,8575.796259387458,8575.796259387458,0.8775692548128057,4083.304651798373,275.48777402137387,2.337774021373889,1.0,0.002,1.3553018421363365,1e-10,0.0020942889292048746,3.639989741114561e-11,1.0,1.0471444646024373,0.06101830442896272,9.428896560477202e-05,0.9999874993539218,0.9999874993539218,0.0,0.0882695405229029,1.1034400792726708e-06,0.0,0.0,0.0,1600350.0700779404,266.831470002445,0.0,1.0,1283760.6173084772,2601.154923071574,,,,,,,,,,,,,,,,,8.0,15561.403508771931
3360.0,-37.20196917400818,3.7499452867227685,34.625105119217146,23.04938662508505,4.949351324040572,-32.98472514958709,-46.22977143209425,0.8202241482780789,-6.318529997555004,-6.318529997541575,37.61574561358948,37664.15831981685,20741.059085584544,20741.059085584544,58405.217405401396,73900.09374228772,74234.69962553597,20741.059085584544,94975.75871112052,94975.75871112052,94975.75871112052,119726.8029214518,119726.8029214518,0.0,0.0,90758.78378844981,54882.6180161124,39862.40641370824,24751.044210331274,64613.45062403951,18727.159656525837,1450.0,0.0,0.888862805403867,2.7472604741345976,0.0014957518510113484,1.0,1.0,-6.318529997555004,336793.3734521923,1454272.4620244517,4.317996067196629,1454272.4620244517,4.317996067196629,0.7566209933360701,0.08827064396298216,4.062989703281963,101325.0,128351.07116782667,1.2667265844345095,1.0,0.0,4.062989703281963,1.288169004013471,1.2883079090379244,3.1540812506923777,6683.119690841834,15561.403508771931,6436.845275051281,0.0002789821237980219,22337.931035153135,2277.835044092849,19240.161280814085,1961.9504398356305,0.8613224407639142,0.8613224407639142,35837.93501703687,32395.05729023726,1.134567350391844,0.8,4743.6068149182875,4287.898129693729,1.134567350391844,0.8,17904.69674963203,17904.69674963203,1.0,0.8,3099.015535412006,3099.015535412006,6.692789645156483,3.7499452867227685,-2.146588923820101,5.896534210542869,3.5,3.5,1.0,0.6,0.00010782575334355193,1.0,0.00010782575334355193,205.03541398642918,0.0,0.0,0.0,0.02533665427321852,3.821983333132586e-05,6.960592001222608e-05,0.0002828081362971425,0.088322818927081,0.088322818927081,0.088322818927081,0.0882695417810562,0.0,0.0,0.0,0.0,0.0,0.0,1.0,1.0,0.0,1.0,1.0,524373.1540845761,583.4393485165349,0.0,0.088322818927081,0.08827064396298218,0.08827064396298215,0.375,0.375,0.5,1e-10,-1.3415046851150692e-11,-1.3415046851150692e-11,-1.3415046851150692e-11,-1.3415046851150692e-11,-1.3415046851150692e-11,-1.3415046851150692e-11,24751.044210331274,18727.159656525837,0.7566209933360701,0.9448541046148324,3.8237236386321154,0.9039173243546238,0.5829151354099614,37569.03399132045,20600.0,0.0,0.0,0.0,0.0,0.0,0.0,0.0,0.0,0.0,0.0,0.0,0.0,0.0,0.0,0.0,0.0,0.0,0.0,0.0,0.0,37569.03399132045,20600.0,1.0,0.0,0.0,6.0,0.9,152975.75209065224,25495.958681775373,257.0237604081419,257.0237604081419,-16.126239591858052,238.05579954663438,275.9917234300195,154903.8362858738,154906.19323855385,-2.3569526800348015,0.0,nan,275.9917234300195,2.841723430019499,268.40453897677173,-4.745461023228245,260.81735230419696,-12.332647695803018,253.23016626332878,-19.919833736671194,245.6429819279003,-27.50701807209967,238.05579954663438,-35.0942004533656,1.0,1.0,25762.5980482374,25762.5980482374,275.48777402137387,2.337774021373889,275.48777402137387,275.48777402137387,74217.63264568067,74234.69962553597,-17.066979855298996,0.0,8575.796259387458,8575.796259387458,0.8775692548128057,4083.304651798373,275.48777402137387,2.337774021373889,1.0,0.002,1.3553018421363365,1e-10,0.0020942889292048746,3.639989741114561e-11,1.0,1.0471444646024373,0.06101830442896272,9.428896560477202e-05,0.9999874993539218,0.9999874993539218,0.0,0.0882695405229029,1.1034400792726708e-06,0.0,0.0,0.0,1600350.0700779404,266.831470002445,0.0,1.0,1283760.6173084772,2601.154923071574,,,,,,,,,,,,,,,,,8.0,15561.403508771931
3390.0,-37.20196917400818,3.7499452867227685,34.625105119217146,23.04938662508505,4.949351324040572,-32.98472514958709,-46.22977143209425,0.8202241482780789,-6.318529997555004,-6.318529997541575,37.61574561358948,37664.15831981685,20741.059085584544,20741.059085584544,58405.217405401396,73900.09374228772,74234.69962553597,20741.059085584544,94975.75871112052,94975.75871112052,94975.75871112052,119726.8029214518,119726.8029214518,0.0,0.0,90758.78378844981,54882.6180161124,39862.40641370824,24751.044210331274,64613.45062403951,18727.159656525837,1450.0,0.0,0.888862805403867,2.7472604741345976,0.0014957518510113484,1.0,1.0,-6.318529997555004,336793.3734521923,1454272.4620244517,4.317996067196629,1454272.4620244517,4.317996067196629,0.7566209933360701,0.08827064396298216,4.062989703281963,101325.0,128351.07116782667,1.2667265844345095,1.0,0.0,4.062989703281963,1.288169004013471,1.2883079090379244,3.1540812506923777,6683.119690841834,15561.403508771931,6436.845275051281,0.0002789821237980219,22337.931035153135,2277.835044092849,19240.161280814085,1961.9504398356305,0.8613224407639142,0.8613224407639142,35837.93501703687,32395.05729023726,1.134567350391844,0.8,4743.6068149182875,4287.898129693729,1.134567350391844,0.8,17904.69674963203,17904.69674963203,1.0,0.8,3099.015535412006,3099.015535412006,6.692789645156483,3.7499452867227685,-2.146588923820101,5.896534210542869,3.5,3.5,1.0,0.6,0.00010782575334355193,1.0,0.00010782575334355193,205.03541398642918,0.0,0.0,0.0,0.02533665427321852,3.821983333132586e-05,6.960592001222608e-05,0.0002828081362971425,0.088322818927081,0.088322818927081,0.088322818927081,0.0882695417810562,0.0,0.0,0.0,0.0,0.0,0.0,1.0,1.0,0.0,1.0,1.0,524373.1540845761,583.4393485165349,0.0,0.088322818927081,0.08827064396298218,0.08827064396298215,0.375,0.375,0.5,1e-10,-1.3415046851150692e-11,-1.3415046851150692e-11,-1.3415046851150692e-11,-1.3415046851150692e-11,-1.3415046851150692e-11,-1.3415046851150692e-11,24751.044210331274,18727.159656525837,0.7566209933360701,0.9448541046148324,3.8237236386321154,0.9039173243546238,0.5829151354099614,37569.03399132045,20600.0,0.0,0.0,0.0,0.0,0.0,0.0,0.0,0.0,0.0,0.0,0.0,0.0,0.0,0.0,0.0,0.0,0.0,0.0,0.0,0.0,37569.03399132045,20600.0,1.0,0.0,0.0,6.0,0.9,152975.75209065224,25495.958681775373,257.0237604081419,257.0237604081419,-16.126239591858052,238.05579954663438,275.9917234300195,154903.8362858738,154906.19323855385,-2.3569526800348015,0.0,nan,275.9917234300195,2.841723430019499,268.40453897677173,-4.745461023228245,260.81735230419696,-12.332647695803018,253.23016626332878,-19.919833736671194,245.6429819279003,-27.50701807209967,238.05579954663438,-35.0942004533656,1.0,1.0,25762.5980482374,25762.5980482374,275.48777402137387,2.337774021373889,275.48777402137387,275.48777402137387,74217.63264568067,74234.69962553597,-17.066979855298996,0.0,8575.796259387458,8575.796259387458,0.8775692548128057,4083.304651798373,275.48777402137387,2.337774021373889,1.0,0.002,1.3553018421363365,1e-10,0.0020942889292048746,3.639989741114561e-11,1.0,1.0471444646024373,0.06101830442896272,9.428896560477202e-05,0.9999874993539218,0.9999874993539218,0.0,0.0882695405229029,1.1034400792726708e-06,0.0,0.0,0.0,1600350.0700779404,266.831470002445,0.0,1.0,1283760.6173084772,2601.154923071574,,,,,,,,,,,,,,,,,8.0,15561.403508771931
3420.0,-37.20196917400818,3.7499452867227685,34.625105119217146,23.04938662508505,4.949351324040572,-32.98472514958709,-46.22977143209425,0.8202241482780789,-6.318529997555004,-6.318529997541575,37.61574561358948,37664.15831981685,20741.059085584544,20741.059085584544,58405.217405401396,73900.09374228772,74234.69962553597,20741.059085584544,94975.75871112052,94975.75871112052,94975.75871112052,119726.8029214518,119726.8029214518,0.0,0.0,90758.78378844981,54882.6180161124,39862.40641370824,24751.044210331274,64613.45062403951,18727.159656525837,1450.0,0.0,0.888862805403867,2.7472604741345976,0.0014957518510113484,1.0,1.0,-6.318529997555004,336793.3734521923,1454272.4620244517,4.317996067196629,1454272.4620244517,4.317996067196629,0.7566209933360701,0.08827064396298216,4.062989703281963,101325.0,128351.07116782667,1.2667265844345095,1.0,0.0,4.062989703281963,1.288169004013471,1.2883079090379244,3.1540812506923777,6683.119690841834,15561.403508771931,6436.845275051281,0.0002789821237980219,22337.931035153135,2277.835044092849,19240.161280814085,1961.9504398356305,0.8613224407639142,0.8613224407639142,35837.93501703687,32395.05729023726,1.134567350391844,0.8,4743.6068149182875,4287.898129693729,1.134567350391844,0.8,17904.69674963203,17904.69674963203,1.0,0.8,3099.015535412006,3099.015535412006,6.692789645156483,3.7499452867227685,-2.146588923820101,5.896534210542869,3.5,3.5,1.0,0.6,0.00010782575334355193,1.0,0.00010782575334355193,205.03541398642918,0.0,0.0,0.0,0.02533665427321852,3.821983333132586e-05,6.960592001222608e-05,0.0002828081362971425,0.088322818927081,0.088322818927081,0.088322818927081,0.0882695417810562,0.0,0.0,0.0,0.0,0.0,0.0,1.0,1.0,0.0,1.0,1.0,524373.1540845761,583.4393485165349,0.0,0.088322818927081,0.08827064396298218,0.08827064396298215,0.375,0.375,0.5,1e-10,-1.3415046851150692e-11,-1.3415046851150692e-11,-1.3415046851150692e-11,-1.3415046851150692e-11,-1.3415046851150692e-11,-1.3415046851150692e-11,24751.044210331274,18727.159656525837,0.7566209933360701,0.9448541046148324,3.8237236386321154,0.9039173243546238,0.5829151354099614,37569.03399132045,20600.0,0.0,0.0,0.0,0.0,0.0,0.0,0.0,0.0,0.0,0.0,0.0,0.0,0.0,0.0,0.0,0.0,0.0,0.0,0.0,0.0,37569.03399132045,20600.0,1.0,0.0,0.0,6.0,0.9,152975.75209065224,25495.958681775373,257.0237604081419,257.0237604081419,-16.126239591858052,238.05579954663438,275.9917234300195,154903.8362858738,154906.19323855385,-2.3569526800348015,0.0,nan,275.9917234300195,2.841723430019499,268.40453897677173,-4.745461023228245,260.81735230419696,-12.332647695803018,253.23016626332878,-19.919833736671194,245.6429819279003,-27.50701807209967,238.05579954663438,-35.0942004533656,1.0,1.0,25762.5980482374,25762.5980482374,275.48777402137387,2.337774021373889,275.48777402137387,275.48777402137387,74217.63264568067,74234.69962553597,-17.066979855298996,0.0,8575.796259387458,8575.796259387458,0.8775692548128057,4083.304651798373,275.48777402137387,2.337774021373889,1.0,0.002,1.3553018421363365,1e-10,0.0020942889292048746,3.639989741114561e-11,1.0,1.0471444646024373,0.06101830442896272,9.428896560477202e-05,0.9999874993539218,0.9999874993539218,0.0,0.0882695405229029,1.1034400792726708e-06,0.0,0.0,0.0,1600350.0700779404,266.831470002445,0.0,1.0,1283760.6173084772,2601.154923071574,,,,,,,,,,,,,,,,,8.0,15561.403508771931
3450.0,-37.20196917400818,3.7499452867227685,34.625105119217146,23.04938662508505,4.949351324040572,-32.98472514958709,-46.22977143209425,0.8202241482780789,-6.318529997555004,-6.318529997541575,37.61574561358948,37664.15831981685,20741.059085584544,20741.059085584544,58405.217405401396,73900.09374228772,74234.69962553597,20741.059085584544,94975.75871112052,94975.75871112052,94975.75871112052,119726.8029214518,119726.8029214518,0.0,0.0,90758.78378844981,54882.6180161124,39862.40641370824,24751.044210331274,64613.45062403951,18727.159656525837,1450.0,0.0,0.888862805403867,2.7472604741345976,0.0014957518510113484,1.0,1.0,-6.318529997555004,336793.3734521923,1454272.4620244517,4.317996067196629,1454272.4620244517,4.317996067196629,0.7566209933360701,0.08827064396298216,4.062989703281963,101325.0,128351.07116782667,1.2667265844345095,1.0,0.0,4.062989703281963,1.288169004013471,1.2883079090379244,3.1540812506923777,6683.119690841834,15561.403508771931,6436.845275051281,0.0002789821237980219,22337.931035153135,2277.835044092849,19240.161280814085,1961.9504398356305,0.8613224407639142,0.8613224407639142,35837.93501703687,32395.05729023726,1.134567350391844,0.8,4743.6068149182875,4287.898129693729,1.134567350391844,0.8,17904.69674963203,17904.69674963203,1.0,0.8,3099.015535412006,3099.015535412006,6.692789645156483,3.7499452867227685,-2.146588923820101,5.896534210542869,3.5,3.5,1.0,0.6,0.00010782575334355193,1.0,0.00010782575334355193,205.03541398642918,0.0,0.0,0.0,0.02533665427321852,3.821983333132586e-05,6.960592001222608e-05,0.0002828081362971425,0.088322818927081,0.088322818927081,0.088322818927081,0.0882695417810562,0.0,0.0,0.0,0.0,0.0,0.0,1.0,1.0,0.0,1.0,1.0,524373.1540845761,583.4393485165349,0.0,0.088322818927081,0.08827064396298218,0.08827064396298215,0.375,0.375,0.5,1e-10,-1.3415046851150692e-11,-1.3415046851150692e-11,-1.3415046851150692e-11,-1.3415046851150692e-11,-1.3415046851150692e-11,-1.3415046851150692e-11,24751.044210331274,18727.159656525837,0.7566209933360701,0.9448541046148324,3.8237236386321154,0.9039173243546238,0.5829151354099614,37569.03399132045,20600.0,0.0,0.0,0.0,0.0,0.0,0.0,0.0,0.0,0.0,0.0,0.0,0.0,0.0,0.0,0.0,0.0,0.0,0.0,0.0,0.0,37569.03399132045,20600.0,1.0,0.0,0.0,6.0,0.9,152975.75209065224,25495.958681775373,257.0237604081419,257.0237604081419,-16.126239591858052,238.05579954663438,275.9917234300195,154903.8362858738,154906.19323855385,-2.3569526800348015,0.0,nan,275.9917234300195,2.841723430019499,268.40453897677173,-4.745461023228245,260.81735230419696,-12.332647695803018,253.23016626332878,-19.919833736671194,245.6429819279003,-27.50701807209967,238.05579954663438,-35.0942004533656,1.0,1.0,25762.5980482374,25762.5980482374,275.48777402137387,2.337774021373889,275.48777402137387,275.48777402137387,74217.63264568067,74234.69962553597,-17.066979855298996,0.0,8575.796259387458,8575.796259387458,0.8775692548128057,4083.304651798373,275.48777402137387,2.337774021373889,1.0,0.002,1.3553018421363365,1e-10,0.0020942889292048746,3.639989741114561e-11,1.0,1.0471444646024373,0.06101830442896272,9.428896560477202e-05,0.9999874993539218,0.9999874993539218,0.0,0.0882695405229029,1.1034400792726708e-06,0.0,0.0,0.0,1600350.0700779404,266.831470002445,0.0,1.0,1283760.6173084772,2601.154923071574,,,,,,,,,,,,,,,,,8.0,15561.403508771931
3480.0,-37.20196917400818,3.7499452867227685,34.625105119217146,23.04938662508505,4.949351324040572,-32.98472514958709,-46.22977143209425,0.8202241482780789,-6.318529997555004,-6.318529997541575,37.61574561358948,37664.15831981685,20741.059085584544,20741.059085584544,58405.217405401396,73900.09374228772,74234.69962553597,20741.059085584544,94975.75871112052,94975.75871112052,94975.75871112052,119726.8029214518,119726.8029214518,0.0,0.0,90758.78378844981,54882.6180161124,39862.40641370824,24751.044210331274,64613.45062403951,18727.159656525837,1450.0,0.0,0.888862805403867,2.7472604741345976,0.0014957518510113484,1.0,1.0,-6.318529997555004,336793.3734521923,1454272.4620244517,4.317996067196629,1454272.4620244517,4.317996067196629,0.7566209933360701,0.08827064396298216,4.062989703281963,101325.0,128351.07116782667,1.2667265844345095,1.0,0.0,4.062989703281963,1.288169004013471,1.2883079090379244,3.1540812506923777,6683.119690841834,15561.403508771931,6436.845275051281,0.0002789821237980219,22337.931035153135,2277.835044092849,19240.161280814085,1961.9504398356305,0.8613224407639142,0.8613224407639142,35837.93501703687,32395.05729023726,1.134567350391844,0.8,4743.6068149182875,4287.898129693729,1.134567350391844,0.8,17904.69674963203,17904.69674963203,1.0,0.8,3099.015535412006,3099.015535412006,6.692789645156483,3.7499452867227685,-2.146588923820101,5.896534210542869,3.5,3.5,1.0,0.6,0.00010782575334355193,1.0,0.00010782575334355193,205.03541398642918,0.0,0.0,0.0,0.02533665427321852,3.821983333132586e-05,6.960592001222608e-05,0.0002828081362971425,0.088322818927081,0.088322818927081,0.088322818927081,0.0882695417810562,0.0,0.0,0.0,0.0,0.0,0.0,1.0,1.0,0.0,1.0,1.0,524373.1540845761,583.4393485165349,0.0,0.088322818927081,0.08827064396298218,0.08827064396298215,0.375,0.375,0.5,1e-10,-1.3415046851150692e-11,-1.3415046851150692e-11,-1.3415046851150692e-11,-1.3415046851150692e-11,-1.3415046851150692e-11,-1.3415046851150692e-11,24751.044210331274,18727.159656525837,0.7566209933360701,0.9448541046148324,3.8237236386321154,0.9039173243546238,0.5829151354099614,37569.03399132045,20600.0,0.0,0.0,0.0,0.0,0.0,0.0,0.0,0.0,0.0,0.0,0.0,0.0,0.0,0.0,0.0,0.0,0.0,0.0,0.0,0.0,37569.03399132045,20600.0,1.0,0.0,0.0,6.0,0.9,152975.75209065224,25495.958681775373,257.0237604081419,257.0237604081419,-16.126239591858052,238.05579954663438,275.9917234300195,154903.8362858738,154906.19323855385,-2.3569526800348015,0.0,nan,275.9917234300195,2.841723430019499,268.40453897677173,-4.745461023228245,260.81735230419696,-12.332647695803018,253.23016626332878,-19.919833736671194,245.6429819279003,-27.50701807209967,238.05579954663438,-35.0942004533656,1.0,1.0,25762.5980482374,25762.5980482374,275.48777402137387,2.337774021373889,275.48777402137387,275.48777402137387,74217.63264568067,74234.69962553597,-17.066979855298996,0.0,8575.796259387458,8575.796259387458,0.8775692548128057,4083.304651798373,275.48777402137387,2.337774021373889,1.0,0.002,1.3553018421363365,1e-10,0.0020942889292048746,3.639989741114561e-11,1.0,1.0471444646024373,0.06101830442896272,9.428896560477202e-05,0.9999874993539218,0.9999874993539218,0.0,0.0882695405229029,1.1034400792726708e-06,0.0,0.0,0.0,1600350.0700779404,266.831470002445,0.0,1.0,1283760.6173084772,2601.154923071574,,,,,,,,,,,,,,,,,8.0,15561.403508771931
3510.0,-37.20196917400818,3.7499452867227685,34.625105119217146,23.04938662508505,4.949351324040572,-32.98472514958709,-46.22977143209425,0.8202241482780789,-6.318529997555004,-6.318529997541575,37.61574561358948,37664.15831981685,20741.059085584544,20741.059085584544,58405.217405401396,73900.09374228772,74234.69962553597,20741.059085584544,94975.75871112052,94975.75871112052,94975.75871112052,119726.8029214518,119726.8029214518,0.0,0.0,90758.78378844981,54882.6180161124,39862.40641370824,24751.044210331274,64613.45062403951,18727.159656525837,1450.0,0.0,0.888862805403867,2.7472604741345976,0.0014957518510113484,1.0,1.0,-6.318529997555004,336793.3734521923,1454272.4620244517,4.317996067196629,1454272.4620244517,4.317996067196629,0.7566209933360701,0.08827064396298216,4.062989703281963,101325.0,128351.07116782667,1.2667265844345095,1.0,0.0,4.062989703281963,1.288169004013471,1.2883079090379244,3.1540812506923777,6683.119690841834,15561.403508771931,6436.845275051281,0.0002789821237980219,22337.931035153135,2277.835044092849,19240.161280814085,1961.9504398356305,0.8613224407639142,0.8613224407639142,35837.93501703687,32395.05729023726,1.134567350391844,0.8,4743.6068149182875,4287.898129693729,1.134567350391844,0.8,17904.69674963203,17904.69674963203,1.0,0.8,3099.015535412006,3099.015535412006,6.692789645156483,3.7499452867227685,-2.146588923820101,5.896534210542869,3.5,3.5,1.0,0.6,0.00010782575334355193,1.0,0.00010782575334355193,205.03541398642918,0.0,0.0,0.0,0.02533665427321852,3.821983333132586e-05,6.960592001222608e-05,0.0002828081362971425,0.088322818927081,0.088322818927081,0.088322818927081,0.0882695417810562,0.0,0.0,0.0,0.0,0.0,0.0,1.0,1.0,0.0,1.0,1.0,524373.1540845761,583.4393485165349,0.0,0.088322818927081,0.08827064396298218,0.08827064396298215,0.375,0.375,0.5,1e-10,-1.3415046851150692e-11,-1.3415046851150692e-11,-1.3415046851150692e-11,-1.3415046851150692e-11,-1.3415046851150692e-11,-1.3415046851150692e-11,24751.044210331274,18727.159656525837,0.7566209933360701,0.9448541046148324,3.8237236386321154,0.9039173243546238,0.5829151354099614,37569.03399132045,20600.0,0.0,0.0,0.0,0.0,0.0,0.0,0.0,0.0,0.0,0.0,0.0,0.0,0.0,0.0,0.0,0.0,0.0,0.0,0.0,0.0,37569.03399132045,20600.0,1.0,0.0,0.0,6.0,0.9,152975.75209065224,25495.958681775373,257.0237604081419,257.0237604081419,-16.126239591858052,238.05579954663438,275.9917234300195,154903.8362858738,154906.19323855385,-2.3569526800348015,0.0,nan,275.9917234300195,2.841723430019499,268.40453897677173,-4.745461023228245,260.81735230419696,-12.332647695803018,253.23016626332878,-19.919833736671194,245.6429819279003,-27.50701807209967,238.05579954663438,-35.0942004533656,1.0,1.0,25762.5980482374,25762.5980482374,275.48777402137387,2.337774021373889,275.48777402137387,275.48777402137387,74217.63264568067,74234.69962553597,-17.066979855298996,0.0,8575.796259387458,8575.796259387458,0.8775692548128057,4083.304651798373,275.48777402137387,2.337774021373889,1.0,0.002,1.3553018421363365,1e-10,0.0020942889292048746,3.639989741114561e-11,1.0,1.0471444646024373,0.06101830442896272,9.428896560477202e-05,0.9999874993539218,0.9999874993539218,0.0,0.0882695405229029,1.1034400792726708e-06,0.0,0.0,0.0,1600350.0700779404,266.831470002445,0.0,1.0,1283760.6173084772,2601.154923071574,,,,,,,,,,,,,,,,,8.0,15561.403508771931
3540.0,-37.20196917400818,3.7499452867227685,34.625105119217146,23.04938662508505,4.949351324040572,-32.98472514958709,-46.22977143209425,0.8202241482780789,-6.318529997555004,-6.318529997541575,37.61574561358948,37664.15831981685,20741.059085584544,20741.059085584544,58405.217405401396,73900.09374228772,74234.69962553597,20741.059085584544,94975.75871112052,94975.75871112052,94975.75871112052,119726.8029214518,119726.8029214518,0.0,0.0,90758.78378844981,54882.6180161124,39862.40641370824,24751.044210331274,64613.45062403951,18727.159656525837,1450.0,0.0,0.888862805403867,2.7472604741345976,0.0014957518510113484,1.0,1.0,-6.318529997555004,336793.3734521923,1454272.4620244517,4.317996067196629,1454272.4620244517,4.317996067196629,0.7566209933360701,0.08827064396298216,4.062989703281963,101325.0,128351.07116782667,1.2667265844345095,1.0,0.0,4.062989703281963,1.288169004013471,1.2883079090379244,3.1540812506923777,6683.119690841834,15561.403508771931,6436.845275051281,0.0002789821237980219,22337.931035153135,2277.835044092849,19240.161280814085,1961.9504398356305,0.8613224407639142,0.8613224407639142,35837.93501703687,32395.05729023726,1.134567350391844,0.8,4743.6068149182875,4287.898129693729,1.134567350391844,0.8,17904.69674963203,17904.69674963203,1.0,0.8,3099.015535412006,3099.015535412006,6.692789645156483,3.7499452867227685,-2.146588923820101,5.896534210542869,3.5,3.5,1.0,0.6,0.00010782575334355193,1.0,0.00010782575334355193,205.03541398642918,0.0,0.0,0.0,0.02533665427321852,3.821983333132586e-05,6.960592001222608e-05,0.0002828081362971425,0.088322818927081,0.088322818927081,0.088322818927081,0.0882695417810562,0.0,0.0,0.0,0.0,0.0,0.0,1.0,1.0,0.0,1.0,1.0,524373.1540845761,583.4393485165349,0.0,0.088322818927081,0.08827064396298218,0.08827064396298215,0.375,0.375,0.5,1e-10,-1.3415046851150692e-11,-1.3415046851150692e-11,-1.3415046851150692e-11,-1.3415046851150692e-11,-1.3415046851150692e-11,-1.3415046851150692e-11,24751.044210331274,18727.159656525837,0.7566209933360701,0.9448541046148324,3.8237236386321154,0.9039173243546238,0.5829151354099614,37569.03399132045,20600.0,0.0,0.0,0.0,0.0,0.0,0.0,0.0,0.0,0.0,0.0,0.0,0.0,0.0,0.0,0.0,0.0,0.0,0.0,0.0,0.0,37569.03399132045,20600.0,1.0,0.0,0.0,6.0,0.9,152975.75209065224,25495.958681775373,257.0237604081419,257.0237604081419,-16.126239591858052,238.05579954663438,275.9917234300195,154903.8362858738,154906.19323855385,-2.3569526800348015,0.0,nan,275.9917234300195,2.841723430019499,268.40453897677173,-4.745461023228245,260.81735230419696,-12.332647695803018,253.23016626332878,-19.919833736671194,245.6429819279003,-27.50701807209967,238.05579954663438,-35.0942004533656,1.0,1.0,25762.5980482374,25762.5980482374,275.48777402137387,2.337774021373889,275.48777402137387,275.48777402137387,74217.63264568067,74234.69962553597,-17.066979855298996,0.0,8575.796259387458,8575.796259387458,0.8775692548128057,4083.304651798373,275.48777402137387,2.337774021373889,1.0,0.002,1.3553018421363365,1e-10,0.0020942889292048746,3.639989741114561e-11,1.0,1.0471444646024373,0.06101830442896272,9.428896560477202e-05,0.9999874993539218,0.9999874993539218,0.0,0.0882695405229029,1.1034400792726708e-06,0.0,0.0,0.0,1600350.0700779404,266.831470002445,0.0,1.0,1283760.6173084772,2601.154923071574,,,,,,,,,,,,,,,,,8.0,15561.403508771931
3570.0,-37.20196917400818,3.7499452867227685,34.625105119217146,23.04938662508505,4.949351324040572,-32.98472514958709,-46.22977143209425,0.8202241482780789,-6.318529997555004,-6.318529997541575,37.61574561358948,37664.15831981685,20741.059085584544,20741.059085584544,58405.217405401396,73900.09374228772,74234.69962553597,20741.059085584544,94975.75871112052,94975.75871112052,94975.75871112052,119726.8029214518,119726.8029214518,0.0,0.0,90758.78378844981,54882.6180161124,39862.40641370824,24751.044210331274,64613.45062403951,18727.159656525837,1450.0,0.0,0.888862805403867,2.7472604741345976,0.0014957518510113484,1.0,1.0,-6.318529997555004,336793.3734521923,1454272.4620244517,4.317996067196629,1454272.4620244517,4.317996067196629,0.7566209933360701,0.08827064396298216,4.062989703281963,101325.0,128351.07116782667,1.2667265844345095,1.0,0.0,4.062989703281963,1.288169004013471,1.2883079090379244,3.1540812506923777,6683.119690841834,15561.403508771931,6436.845275051281,0.0002789821237980219,22337.931035153135,2277.835044092849,19240.161280814085,1961.9504398356305,0.8613224407639142,0.8613224407639142,35837.93501703687,32395.05729023726,1.134567350391844,0.8,4743.6068149182875,4287.898129693729,1.134567350391844,0.8,17904.69674963203,17904.69674963203,1.0,0.8,3099.015535412006,3099.015535412006,6.692789645156483,3.7499452867227685,-2.146588923820101,5.896534210542869,3.5,3.5,1.0,0.6,0.00010782575334355193,1.0,0.00010782575334355193,205.03541398642918,0.0,0.0,0.0,0.02533665427321852,3.821983333132586e-05,6.960592001222608e-05,0.0002828081362971425,0.088322818927081,0.088322818927081,0.088322818927081,0.0882695417810562,0.0,0.0,0.0,0.0,0.0,0.0,1.0,1.0,0.0,1.0,1.0,524373.1540845761,583.4393485165349,0.0,0.088322818927081,0.08827064396298218,0.08827064396298215,0.375,0.375,0.5,1e-10,-1.3415046851150692e-11,-1.3415046851150692e-11,-1.3415046851150692e-11,-1.3415046851150692e-11,-1.3415046851150692e-11,-1.3415046851150692e-11,24751.044210331274,18727.159656525837,0.7566209933360701,0.9448541046148324,3.8237236386321154,0.9039173243546238,0.5829151354099614,37569.03399132045,20600.0,0.0,0.0,0.0,0.0,0.0,0.0,0.0,0.0,0.0,0.0,0.0,0.0,0.0,0.0,0.0,0.0,0.0,0.0,0.0,0.0,37569.03399132045,20600.0,1.0,0.0,0.0,6.0,0.9,152975.75209065224,25495.958681775373,257.0237604081419,257.0237604081419,-16.126239591858052,238.05579954663438,275.9917234300195,154903.8362858738,154906.19323855385,-2.3569526800348015,0.0,nan,275.9917234300195,2.841723430019499,268.40453897677173,-4.745461023228245,260.81735230419696,-12.332647695803018,253.23016626332878,-19.919833736671194,245.6429819279003,-27.50701807209967,238.05579954663438,-35.0942004533656,1.0,1.0,25762.5980482374,25762.5980482374,275.48777402137387,2.337774021373889,275.48777402137387,275.48777402137387,74217.63264568067,74234.69962553597,-17.066979855298996,0.0,8575.796259387458,8575.796259387458,0.8775692548128057,4083.304651798373,275.48777402137387,2.337774021373889,1.0,0.002,1.3553018421363365,1e-10,0.0020942889292048746,3.639989741114561e-11,1.0,1.0471444646024373,0.06101830442896272,9.428896560477202e-05,0.9999874993539218,0.9999874993539218,0.0,0.0882695405229029,1.1034400792726708e-06,0.0,0.0,0.0,1600350.0700779404,266.831470002445,0.0,1.0,1283760.6173084772,2601.154923071574,,,,,,,,,,,,,,,,,8.0,15561.403508771931
3600.0,-37.20196917400818,3.7499452867227685,34.625105119217146,23.04938662508505,4.949351324040572,-32.98472514958709,-46.22977143209425,0.8202241482780789,-6.318529997555004,-6.318529997541575,37.61574561358948,37664.15831981685,20741.059085584544,20741.059085584544,58405.217405401396,73900.09374228772,74234.69962553597,20741.059085584544,94975.75871112052,94975.75871112052,94975.75871112052,119726.8029214518,119726.8029214518,0.0,0.0,90758.78378844981,54882.6180161124,39862.40641370824,24751.044210331274,64613.45062403951,18727.159656525837,1450.0,0.0,0.888862805403867,2.7472604741345976,0.0014957518510113484,1.0,1.0,-6.318529997555004,336793.3734521923,1454272.4620244517,4.317996067196629,1454272.4620244517,4.317996067196629,0.7566209933360701,0.08827064396298216,4.062989703281963,101325.0,128351.07116782667,1.2667265844345095,1.0,0.0,4.062989703281963,1.288169004013471,1.2883079090379244,3.1540812506923777,6683.119690841834,15561.403508771931,6436.845275051281,0.0002789821237980219,22337.931035153135,2277.835044092849,19240.161280814085,1961.9504398356305,0.8613224407639142,0.8613224407639142,35837.93501703687,32395.05729023726,1.134567350391844,0.8,4743.6068149182875,4287.898129693729,1.134567350391844,0.8,17904.69674963203,17904.69674963203,1.0,0.8,3099.015535412006,3099.015535412006,6.692789645156483,3.7499452867227685,-2.146588923820101,5.896534210542869,3.5,3.5,1.0,0.6,0.00010782575334355193,1.0,0.00010782575334355193,205.03541398642918,0.0,0.0,0.0,0.02533665427321852,3.821983333132586e-05,6.960592001222608e-05,0.0002828081362971425,0.088322818927081,0.088322818927081,0.088322818927081,0.0882695417810562,0.0,0.0,0.0,0.0,0.0,0.0,1.0,1.0,0.0,1.0,1.0,524373.1540845761,583.4393485165349,0.0,0.088322818927081,0.08827064396298218,0.08827064396298215,0.375,0.375,0.5,1e-10,-1.3415046851150692e-11,-1.3415046851150692e-11,-1.3415046851150692e-11,-1.3415046851150692e-11,-1.3415046851150692e-11,-1.3415046851150692e-11,24751.044210331274,18727.159656525837,0.7566209933360701,0.9448541046148324,3.8237236386321154,0.9039173243546238,0.5829151354099614,37569.03399132045,20600.0,0.0,0.0,0.0,0.0,0.0,0.0,0.0,0.0,0.0,0.0,0.0,0.0,0.0,0.0,0.0,0.0,0.0,0.0,0.0,0.0,37569.03399132045,20600.0,1.0,0.0,0.0,6.0,0.9,152975.75209065224,25495.958681775373,257.0237604081419,257.0237604081419,-16.126239591858052,238.05579954663438,275.9917234300195,154903.8362858738,154906.19323855385,-2.3569526800348015,0.0,nan,275.9917234300195,2.841723430019499,268.40453897677173,-4.745461023228245,260.81735230419696,-12.332647695803018,253.23016626332878,-19.919833736671194,245.6429819279003,-27.50701807209967,238.05579954663438,-35.0942004533656,1.0,1.0,25762.5980482374,25762.5980482374,275.48777402137387,2.337774021373889,275.48777402137387,275.48777402137387,74217.63264568067,74234.69962553597,-17.066979855298996,0.0,8575.796259387458,8575.796259387458,0.8775692548128057,4083.304651798373,275.48777402137387,2.337774021373889,1.0,0.002,1.3553018421363365,1e-10,0.0020942889292048746,3.639989741114561e-11,1.0,1.0471444646024373,0.06101830442896272,9.428896560477202e-05,0.9999874993539218,0.9999874993539218,0.0,0.0882695405229029,1.1034400792726708e-06,0.0,0.0,0.0,1600350.0700779404,266.831470002445,0.0,1.0,1283760.6173084772,2601.154923071574,,,,,,,,,,,,,,,,,8.0,15561.403508771931
