{
  "cache_version": 3,
  "cost": 1.2594591577999403e-21,
  "free_parameter_values": {
    "air_cycle.compressor_mass_flow.speed_rpm": 10991.571949739093,
    "air_cycle.pressure_ratio": 1.238052782723955,
    "boundary_conditions.load_before_w": 44003.31315373842,
    "vcc_cycle.cascade_ua_w_k": 5853.508039674263,
    "vcc_cycle.condenser_ua_w_k": 17963.602331102487,
    "vcc_cycle.expansion_valve.opening": 0.5022468946452655
  },
  "iterations": 45,
  "signature": "39cd4e71d3c8c2b21edc7ea0b315afe762b13b64b034470d8c3115ac416e7884",
  "snapshot": {
    "air_compressor_isentropic_head_j_kg": 17145.941265344794,
    "air_compressor_isentropic_head_m": 1748.399429503938,
    "m_air_kg_s": 4.376035226058048,
    "m_ref_kg_s": 0.09539103345998717,
    "refrigerant_superheat_k": 3.979039320256561e-13,
    "room_c": -19.999999999996053,
    "sink_c": 35.0,
    "startup_solved_air_cycle_compressor_mass_flow_speed_rpm": 10991.571949739093,
    "startup_solved_air_cycle_pressure_ratio": 1.238052782723955,
    "startup_solved_boundary_conditions_load_before_w": 44003.31315373842,
    "startup_solved_vcc_cycle_cascade_ua_w_k": 5853.508039674263,
    "startup_solved_vcc_cycle_condenser_ua_w_k": 17963.602331102487,
    "startup_solved_vcc_cycle_expansion_valve_opening": 0.5022468946452655,
    "t2_c": 18.37828684807596,
    "t3_c": 1.187792171706282,
    "t4_c": -17.068758344340875,
    "t5_c": -30.00000000000753,
    "t6_c": -1.7337000554384914,
    "t7_c": -4.999999999999602,
    "tcond_c": 40.0,
    "tevap_c": -5.0
  },
  "unknowns": [
    -19.999999999996053,
    35.0,
    1.187792171706282,
    -17.068758344340875,
    -1.7337000554384914,
    -5.0,
    40.0,
    0.09539103345998717
  ]
}