{
  "cache_version": 12,
  "cost": 0.0,
  "free_parameter_values": {
    "air_cycle.compressor_mass_flow.speed_rpm": 15000.0,
    "air_cycle.regenerator_ua_w_k": 30305.74552684194,
    "boundary_conditions.load_after_w": 35145.97560679735,
    "boundary_conditions.load_before_w": 35145.97560679735,
    "boundary_conditions.sink_m_dot_kg_s": 5.46216747039376,
    "vcc_cycle.cascade_ua_w_k": 3594.530645962312,
    "vcc_cycle.compressor.speed_rpm": 1318.030044555664,
    "vcc_cycle.condenser_ua_w_k": 15825.839404131677,
    "vcc_cycle.expansion_valve.opening": 0.438698237423438
  },
  "iterations": 24,
  "signature": "4b963a5577969374dc5a2799bd39a10896803c4cd62cfe7face2185de615027b",
  "snapshot": {
    "air_compressor_isentropic_head_j_kg": 19291.75404867007,
    "air_compressor_isentropic_head_m": 1967.211438021146,
    "air_compressor_map_mass_flow_kg_s": 3.3501300000082463,
    "air_pressure_ratio": 1.26672625196632,
    "dock_c": 5.0,
    "humidity_ratio_room_kg_kg_da": 0.0002334323654385558,
    "humidity_ratio_supply_ice_kg_kg_da": 0.0001545766846632791,
    "humidity_ratio_supply_vapor_kg_kg_da": 7.885568077527669e-05,
    "ice_mass_flow_kg_s": 0.0005178519885909912,
    "infiltration_dock_w": 0.0,
    "infiltration_room_w": 0.0,
    "m_air_kg_s": 3.35013,
    "m_ref_kg_s": 0.0833213279983613,
    "q_dock_w": 25750.0,
    "refrigerant_compressor_eta_is_effective": 0.7621056987494007,
    "refrigerant_compressor_eta_is_target": 0.85,
    "refrigerant_compressor_isentropic_work_w": 18412.252823217455,
    "refrigerant_compressor_map_capacity_w": 89999.58970437465,
    "refrigerant_compressor_speed_rpm": 1318.030044555664,
    "refrigerant_compressor_work_w": 24159.710199558373,
    "refrigerant_superheat_k": 5.5602041592719615,
    "room_c": -30.0,
    "sink_c": 35.0,
    "startup_paper_regenerator_effectiveness": 0.9,
    "startup_paper_t5_target_c": -40.0,
    "startup_paper_target_vcc_cooling_capacity_w": 103000.0,
    "startup_solved_air_cycle_compressor_mass_flow_speed_rpm": 15000.0,
    "startup_solved_air_cycle_regenerator_ua_w_k": 30305.74552684194,
    "startup_solved_boundary_conditions_load_after_w": 35145.97560679735,
    "startup_solved_boundary_conditions_load_before_w": 35145.97560679735,
    "startup_solved_boundary_conditions_sink_m_dot_kg_s": 5.46216747039376,
    "startup_solved_vcc_cycle_cascade_ua_w_k": 3594.530645962312,
    "startup_solved_vcc_cycle_compressor_speed_rpm": 1318.030044555664,
    "startup_solved_vcc_cycle_condenser_ua_w_k": 15825.839404131677,
    "startup_solved_vcc_cycle_expansion_valve_opening": 0.438698237423438,
    "t2_c": 24.080418550316267,
    "t3_c": 5.0,
    "t4_c": -26.5,
    "t5_c": -39.99999960707498,
    "t6_c": 1.5,
    "t7_c": 0.5602041592719615,
    "tcond_c": 40.0,
    "tevap_c": -5.0
  },
  "unknowns": [
    -30.0,
    35.0,
    5.0,
    -26.5,
    1.5,
    -5.0,
    40.0,
    0.0833213279983613,
    5.0
  ]
}