{
  "cache_version": 13,
  "cost": 0.0,
  "free_parameter_values": {
    "air_cycle.compressor_mass_flow.damper_opening": 0.5,
    "air_cycle.compressor_mass_flow.damper_resistance_head_coefficient": 49.53814192213652,
    "air_cycle.compressor_mass_flow.speed_rpm": 15415.663181390977,
    "air_cycle.compressor_mass_flow.system_static_head_m": 19.843140688648734,
    "air_cycle.regenerator_ua_w_k": 36434.55433446042,
    "boundary_conditions.load_after_w": 42257.71455919335,
    "boundary_conditions.load_before_w": 42257.71455919335,
    "boundary_conditions.sink_m_dot_kg_s": 6.274091197953397,
    "vcc_cycle.cascade_ua_w_k": 4321.70561104643,
    "vcc_cycle.compressor.eta_is": 0.7474542924481272,
    "vcc_cycle.condenser_ua_w_k": 18178.270850148194,
    "vcc_cycle.expansion_valve.opening": 0.5022468948227622
  },
  "iterations": 812,
  "signature": "4e8782f1fd9c83fdf6abe5a073f6f4a1343d4ec7912c36d583ecefcd389d2a81",
  "snapshot": {
    "air_compressor_isentropic_head_j_kg": 19293.25030638875,
    "air_compressor_isentropic_head_m": 1967.364013846599,
    "air_compressor_map_mass_flow_kg_s": 4.0276354001717705,
    "air_damper_opening": 0.5,
    "air_damper_resistance_head_coefficient": 49.53814192213652,
    "air_pressure_ratio": 1.2667487812088805,
    "dock_c": 5.0,
    "humidity_ratio_room_kg_kg_da": 0.0002334323654385558,
    "humidity_ratio_supply_ice_kg_kg_da": 0.0001545854514004476,
    "humidity_ratio_supply_vapor_kg_kg_da": 7.88469140381082e-05,
    "ice_mass_flow_kg_s": 0.0006226138364119755,
    "infiltration_dock_w": 0.0,
    "infiltration_room_w": 0.0,
    "m_air_kg_s": 4.0276354001717705,
    "m_ref_kg_s": 0.09539103345998717,
    "q_dock_w": 25750.0,
    "q_evap_load_requested_w": 103000.03949287007,
    "q_evap_total_w": 103000.03949287007,
    "q_map_capacity_balance_error_w": -36.650861416739644,
    "refrigerant_compressor_eta_is_effective": 0.7474542922234406,
    "refrigerant_compressor_eta_is_target": 0.7474542924481272,
    "refrigerant_compressor_isentropic_work_w": 21024.7430522423,
    "refrigerant_compressor_map_capacity_w": 103036.69035428681,
    "refrigerant_compressor_speed_rpm": 1533.0,
    "refrigerant_compressor_work_w": 28128.466544355942,
    "refrigerant_condensing_pressure_from_tcond_pa": 1554533.227914083,
    "refrigerant_condensing_pressure_pa": 1550804.7311754609,
    "refrigerant_evaporating_pressure_pa": 354655.9902153604,
    "refrigerant_pressure_ratio": 4.372701361208517,
    "refrigerant_pressure_ratio_from_tcond": 4.383214356453171,
    "refrigerant_superheat_k": 5.409939752451464,
    "room_c": -30.0,
    "sink_c": 35.0,
    "startup_fixed_vcc_compressor_speed_rpm": 1533.0,
    "startup_paper_regenerator_effectiveness": 0.9,
    "startup_paper_t5_target_c": -40.0,
    "startup_paper_target_vcc_cooling_capacity_w": 103000.0,
    "startup_solved_air_cycle_compressor_mass_flow_damper_opening": 0.5,
    "startup_solved_air_cycle_compressor_mass_flow_damper_resistance_head_coefficient": 49.53814192213652,
    "startup_solved_air_cycle_compressor_mass_flow_speed_rpm": 15415.663181390977,
    "startup_solved_air_cycle_compressor_mass_flow_system_static_head_m": 19.843140688648734,
    "startup_solved_air_cycle_regenerator_ua_w_k": 36434.55433446042,
    "startup_solved_boundary_conditions_load_after_w": 42257.71455919335,
    "startup_solved_boundary_conditions_load_before_w": 42257.71455919335,
    "startup_solved_boundary_conditions_sink_m_dot_kg_s": 6.274091197953397,
    "startup_solved_vcc_cycle_cascade_ua_w_k": 4321.70561104643,
    "startup_solved_vcc_cycle_compressor_eta_is": 0.7474542924481272,
    "startup_solved_vcc_cycle_condenser_ua_w_k": 18178.270850148194,
    "startup_solved_vcc_cycle_expansion_valve_opening": 0.5022468948227622,
    "t2_c": 24.082169879134767,
    "t3_c": 5.0,
    "t4_c": -26.5,
    "t5_c": -40.00098207090048,
    "t6_c": 1.5,
    "t7_c": 0.4099397524514643,
    "tcond_c": 40.0,
    "tevap_c": -5.0
  },
  "unknowns": [
    -30.0,
    35.0,
    5.0,
    -26.5,
    1.5,
    -5.0,
    40.0,
    0.09539103345998717,
    5.0
  ]
}