{
  "cache_version": 3,
  "cost": 6.77423984969504e-05,
  "free_parameter_values": {
    "air_cycle.compressor_mass_flow.speed_rpm": 11381.465517636821,
    "air_cycle.pressure_ratio": 1.2355720449600667,
    "boundary_conditions.load_before_w": 44645.743347513875,
    "vcc_cycle.cascade_ua_w_k": 6600.818524141548,
    "vcc_cycle.condenser_ua_w_k": 18026.409726970258,
    "vcc_cycle.expansion_valve.opening": 0.4973888334356723
  },
  "iterations": 44,
  "signature": "80e60033db53c12eca3507fc8e92da748846e9cb935dd9f3192f6e16e9608011",
  "snapshot": {
    "air_compressor_isentropic_head_j_kg": 16915.69686823641,
    "air_compressor_isentropic_head_m": 1724.9210350360634,
    "m_air_kg_s": 4.439923532625856,
    "m_ref_kg_s": 0.0944683488512621,
    "refrigerant_superheat_k": 4.999909431751405,
    "room_c": -20.00000000006924,
    "sink_c": 35.0,
    "startup_solved_air_cycle_compressor_mass_flow_speed_rpm": 11381.465517636821,
    "startup_solved_air_cycle_pressure_ratio": 1.2355720449600667,
    "startup_solved_boundary_conditions_load_before_w": 44645.743347513875,
    "startup_solved_vcc_cycle_cascade_ua_w_k": 6600.818524141548,
    "startup_solved_vcc_cycle_condenser_ua_w_k": 18026.409726970258,
    "startup_solved_vcc_cycle_expansion_valve_opening": 0.4973888334356723,
    "t2_c": 17.085589505505027,
    "t3_c": 0.04059172377329637,
    "t4_c": -17.19277538353442,
    "t5_c": -30.000000000167887,
    "t6_c": -2.7575098571161956,
    "t7_c": -9.056824859499102e-05,
    "tcond_c": 40.0,
    "tevap_c": -5.0
  },
  "unknowns": [
    -20.00000000006924,
    35.0,
    0.04059172377329637,
    -17.19277538353442,
    -2.7575098571161956,
    -5.0,
    40.0,
    0.0944683488512621
  ]
}