{
  "cache_version": 6,
  "cost": 2.3221159383004752,
  "free_parameter_values": {
    "air_cycle.compressor_mass_flow.speed_rpm": 14970.183906048118,
    "air_cycle.pressure_ratio": 1.2646888170032962,
    "boundary_conditions.load_before_w": 50827.77923141586,
    "vcc_cycle.cascade_ua_w_k": 6439.585638855455,
    "vcc_cycle.condenser_ua_w_k": 24188.169537347883,
    "vcc_cycle.expansion_valve.opening": 0.707534672324541
  },
  "iterations": 297,
  "signature": "8bd32dcbe2865fc48388eb86eebd4fa67659177dd498180bbccf0eae6dada182",
  "snapshot": {
    "air_compressor_isentropic_head_j_kg": 19490.45054924312,
    "air_compressor_isentropic_head_m": 1987.4728423307777,
    "dock_c": 5.0,
    "humidity_ratio_room_kg_kg_da": 0.0011484243270895452,
    "humidity_ratio_supply_ice_kg_kg_da": 0.0006251323986720402,
    "humidity_ratio_supply_vapor_kg_kg_da": 0.000523291928417505,
    "ice_mass_flow_kg_s": 0.0030537931739444296,
    "m_air_kg_s": 4.885034243036449,
    "m_ref_kg_s": 0.1352043518748407,
    "q_dock_w": 25750.0,
    "refrigerant_superheat_k": 5.005830000630738,
    "room_c": -13.670776251859698,
    "sink_c": 35.0,
    "startup_solved_air_cycle_compressor_mass_flow_speed_rpm": 14970.183906048118,
    "startup_solved_air_cycle_pressure_ratio": 1.2646888170032962,
    "startup_solved_boundary_conditions_load_before_w": 50827.77923141586,
    "startup_solved_vcc_cycle_cascade_ua_w_k": 6439.585638855455,
    "startup_solved_vcc_cycle_condenser_ua_w_k": 24188.169537347883,
    "startup_solved_vcc_cycle_expansion_valve_opening": 0.707534672324541,
    "t2_c": 28.662073134351544,
    "t3_c": 4.2436751714934315,
    "t4_c": -8.037232019623026,
    "t5_c": -21.989778837282188,
    "t6_c": 5.887648047709468,
    "t7_c": 0.005830000630737686,
    "tcond_c": 40.0,
    "tevap_c": -5.0
  },
  "unknowns": [
    -13.670776251859698,
    35.0,
    4.2436751714934315,
    -8.037232019623026,
    5.887648047709468,
    -5.0,
    40.0,
    0.1352043518748407,
    5.0
  ]
}