{
  "cache_version": 11,
  "cost": 0.0,
  "free_parameter_values": {
    "air_cycle.pressure_ratio": 1.2667262077331545,
    "air_cycle.regenerator_ua_w_k": 30305.747989315863,
    "boundary_conditions.load_after_w": 35145.97846256106,
    "boundary_conditions.load_before_w": 35145.97846256106,
    "boundary_conditions.sink_m_dot_kg_s": 5.462166705174188,
    "vcc_cycle.cascade_ua_w_k": 3594.530327560383,
    "vcc_cycle.compressor.speed_rpm": 1318.0298614501953,
    "vcc_cycle.condenser_ua_w_k": 15825.837187018758,
    "vcc_cycle.expansion_valve.opening": 0.43869818229915847
  },
  "iterations": 42,
  "signature": "ae07eb2b6f4c1204c4da3f7f497663fef74f1a9a2daaa3fe3d3de7e8dbe3e1e0",
  "snapshot": {
    "air_compressor_isentropic_head_j_kg": 19291.74955540365,
    "air_compressor_isentropic_head_m": 1967.2109798354843,
    "dock_c": 5.0,
    "humidity_ratio_room_kg_kg_da": 0.0002334323654385558,
    "humidity_ratio_supply_ice_kg_kg_da": 0.0001545766846632791,
    "humidity_ratio_supply_vapor_kg_kg_da": 7.885568077527669e-05,
    "ice_mass_flow_kg_s": 0.0005178520306687225,
    "infiltration_dock_w": 0.0,
    "infiltration_room_w": 0.0,
    "m_air_kg_s": 3.3501302722126653,
    "m_ref_kg_s": 0.08332131752868582,
    "q_dock_w": 25750.0,
    "refrigerant_compressor_eta_is_effective": 0.7621056940051013,
    "refrigerant_compressor_eta_is_target": 0.85,
    "refrigerant_compressor_isentropic_work_w": 18412.250038022914,
    "refrigerant_compressor_map_capacity_w": 89999.57839554745,
    "refrigerant_compressor_speed_rpm": 1318.0298614501953,
    "refrigerant_compressor_work_w": 24159.706695354605,
    "refrigerant_superheat_k": 5.56019861859545,
    "room_c": -30.0,
    "sink_c": 35.0,
    "startup_paper_regenerator_effectiveness": 0.9,
    "startup_paper_t5_target_c": -40.0,
    "startup_paper_target_vcc_cooling_capacity_w": 103000.0,
    "startup_solved_air_cycle_pressure_ratio": 1.2667262077331545,
    "startup_solved_air_cycle_regenerator_ua_w_k": 30305.747989315863,
    "startup_solved_boundary_conditions_load_after_w": 35145.97846256106,
    "startup_solved_boundary_conditions_load_before_w": 35145.97846256106,
    "startup_solved_boundary_conditions_sink_m_dot_kg_s": 5.462166705174188,
    "startup_solved_vcc_cycle_cascade_ua_w_k": 3594.530327560383,
    "startup_solved_vcc_cycle_compressor_speed_rpm": 1318.0298614501953,
    "startup_solved_vcc_cycle_condenser_ua_w_k": 15825.837187018758,
    "startup_solved_vcc_cycle_expansion_valve_opening": 0.43869818229915847,
    "t2_c": 24.080413311626785,
    "t3_c": 5.0,
    "t4_c": -26.5,
    "t5_c": -39.99999960707498,
    "t6_c": 1.5,
    "t7_c": 0.5601986185954502,
    "tcond_c": 40.0,
    "tevap_c": -5.0
  },
  "unknowns": [
    -30.0,
    35.0,
    5.0,
    -26.5,
    1.5,
    -5.0,
    40.0,
    0.08332131752868582,
    5.0
  ]
}