{
  "cache_version": 5,
  "cost": 6.77423984969692e-05,
  "free_parameter_values": {
    "air_cycle.compressor_mass_flow.speed_rpm": 11378.459050434272,
    "air_cycle.pressure_ratio": 1.2356175971708252,
    "boundary_conditions.load_before_w": 44639.19518881848,
    "vcc_cycle.cascade_ua_w_k": 6587.535372516745,
    "vcc_cycle.condenser_ua_w_k": 18026.40974869721,
    "vcc_cycle.expansion_valve.opening": 0.4973888341691461
  },
  "iterations": 46,
  "signature": "dbb5e74f5c8bf042ab1bae7501e285d9ae2cb4cf43a3582f264be91b8fa3ff33",
  "snapshot": {
    "air_compressor_isentropic_head_j_kg": 16919.772413479746,
    "air_compressor_isentropic_head_m": 1725.336624992199,
    "dock_c": 5.0,
    "m_air_kg_s": 4.439272331651228,
    "m_ref_kg_s": 0.09446834899769463,
    "q_dock_w": 25750.0,
    "refrigerant_superheat_k": 4.999909431201502,
    "room_c": -20.00000000089772,
    "sink_c": 35.0,
    "startup_solved_air_cycle_compressor_mass_flow_speed_rpm": 11378.459050434272,
    "startup_solved_air_cycle_pressure_ratio": 1.2356175971708252,
    "startup_solved_boundary_conditions_load_before_w": 44639.19518881848,
    "startup_solved_vcc_cycle_cascade_ua_w_k": 6587.535372516745,
    "startup_solved_vcc_cycle_condenser_ua_w_k": 18026.40974869721,
    "startup_solved_vcc_cycle_expansion_valve_opening": 0.4973888341691461,
    "t2_c": 17.10687098887638,
    "t3_c": 0.05938045016871337,
    "t4_c": -17.190496333981475,
    "t5_c": -30.000000000289475,
    "t6_c": -2.7409899891338556,
    "t7_c": -9.056879849822508e-05,
    "tcond_c": 40.0,
    "tevap_c": -5.0
  },
  "unknowns": [
    -20.00000000089772,
    35.0,
    0.05938045016871337,
    -17.190496333981475,
    -2.7409899891338556,
    -5.0,
    40.0,
    0.09446834899769463,
    5.0
  ]
}