{
  "cache_version": 8,
  "cost": 0.0,
  "free_parameter_values": {
    "air_cycle.compressor_mass_flow.speed_rpm": 15415.460599567634,
    "air_cycle.pressure_ratio": 1.2667262077331545,
    "air_cycle.regenerator_ua_w_k": 36437.88994957908,
    "boundary_conditions.load_after_w": 42257.50494066543,
    "boundary_conditions.load_before_w": 42257.50494066543,
    "boundary_conditions.sink_m_dot_kg_s": 6.274089308330614,
    "vcc_cycle.cascade_ua_w_k": 4321.8567164963215,
    "vcc_cycle.compressor.speed_rpm": 1533.0,
    "vcc_cycle.condenser_ua_w_k": 18178.265375239767,
    "vcc_cycle.expansion_valve.opening": 0.5022468946452655
  },
  "iterations": 24,
  "signature": "f6d1d0bfdf343bdc0278ecf131ee132fe06d195d198460cebad11cba7af36e5f",
  "snapshot": {
    "air_compressor_isentropic_head_j_kg": 19291.74955540365,
    "air_compressor_isentropic_head_m": 1967.2109798354843,
    "dock_c": 5.0,
    "humidity_ratio_room_kg_kg_da": 0.0002334323654385558,
    "humidity_ratio_supply_ice_kg_kg_da": 0.0001545766846632791,
    "humidity_ratio_supply_vapor_kg_kg_da": 7.885568077527669e-05,
    "ice_mass_flow_kg_s": 0.0006226355247963285,
    "infiltration_dock_w": 0.0,
    "infiltration_room_w": 0.0,
    "m_air_kg_s": 4.028004133693524,
    "m_ref_kg_s": 0.09539103345998717,
    "q_dock_w": 25750.0,
    "refrigerant_superheat_k": 5.409777888264102,
    "room_c": -30.0,
    "sink_c": 35.0,
    "startup_paper_regenerator_effectiveness": 0.9,
    "startup_paper_t5_target_c": -40.0,
    "startup_paper_target_vcc_cooling_capacity_w": 103000.0,
    "startup_solved_air_cycle_compressor_mass_flow_speed_rpm": 15415.460599567634,
    "startup_solved_air_cycle_pressure_ratio": 1.2667262077331545,
    "startup_solved_air_cycle_regenerator_ua_w_k": 36437.88994957908,
    "startup_solved_boundary_conditions_load_after_w": 42257.50494066543,
    "startup_solved_boundary_conditions_load_before_w": 42257.50494066543,
    "startup_solved_boundary_conditions_sink_m_dot_kg_s": 6.274089308330614,
    "startup_solved_vcc_cycle_cascade_ua_w_k": 4321.8567164963215,
    "startup_solved_vcc_cycle_compressor_speed_rpm": 1533.0,
    "startup_solved_vcc_cycle_condenser_ua_w_k": 18178.265375239767,
    "startup_solved_vcc_cycle_expansion_valve_opening": 0.5022468946452655,
    "t2_c": 24.080413311626785,
    "t3_c": 5.0,
    "t4_c": -26.5,
    "t5_c": -39.99999960707498,
    "t6_c": 1.5,
    "t7_c": 0.40977788826410233,
    "tcond_c": 40.0,
    "tevap_c": -5.0
  },
  "unknowns": [
    -30.0,
    35.0,
    5.0,
    -26.5,
    1.5,
    -5.0,
    40.0,
    0.09539103345998717,
    5.0
  ]
}